{
  "code": "106886269",
  "epsg": 32639,
  "bbox_utm": {
    "minx": 708526.3533901565,
    "miny": 3148100.8177397377,
    "maxx": 708795.4828101562,
    "maxy": 3148369.947159738
  },
  "polygon_utm": [
    [
      [
        708744.486900157,
        3148296.3103997377,
        0.0
      ],
      [
        708744.1165001562,
        3148293.717499737,
        0.0
      ],
      [
        708743.7461001568,
        3148291.680199737,
        0.0
      ],
      [
        708748.9319001568,
        3148288.1612997376,
        0.0
      ],
      [
        708738.5603001569,
        3148265.5657997383,
        0.0
      ],
      [
        708721.3358001565,
        3148237.784499737,
        0.0
      ],
      [
        708693.1841001564,
        3148193.334399738,
        0.0
      ],
      [
        708662.624700156,
        3148151.4771997374,
        0.0
      ],
      [
        708654.1189001569,
        3148139.264799738,
        0.0
      ],
      [
        708650.7713001568,
        3148143.327999738,
        0.0
      ],
      [
        708607.2473001564,
        3148191.297099738,
        0.0
      ],
      [
        708572.9043001559,
        3148231.7511997386,
        0.0
      ],
      [
        708575.7618001564,
        3148234.635899739,
        0.0
      ],
      [
        708583.355400156,
        3148240.1921997378,
        0.0
      ],
      [
        708588.7264001563,
        3148242.2294997373,
        0.0
      ],
      [
        708594.6531001558,
        3148244.2667997377,
        0.0
      ],
      [
        708601.3206001561,
        3148246.6744997385,
        0.0
      ],
      [
        708606.5065001564,
        3148249.6377997375,
        0.0
      ],
      [
        708611.6923001563,
        3148252.7863997375,
        0.0
      ],
      [
        708615.7669001566,
        3148255.379299738,
        0.0
      ],
      [
        708619.1006001562,
        3148257.2313997378,
        0.0
      ],
      [
        708622.804800156,
        3148258.34269974,
        0.0
      ],
      [
        708628.1759001564,
        3148259.453899739,
        0.0
      ],
      [
        708635.3990001566,
        3148259.4538997374,
        0.0
      ],
      [
        708643.1778001561,
        3148258.7130997377,
        0.0
      ],
      [
        708651.1417001567,
        3148257.231399738,
        0.0
      ],
      [
        708657.9945001565,
        3148256.8609997374,
        0.0
      ],
      [
        708662.4395001568,
        3148257.2313997373,
        0.0
      ],
      [
        708664.6620001558,
        3148257.7869997374,
        0.0
      ],
      [
        708671.5147001565,
        3148261.1207997375,
        0.0
      ],
      [
        708677.811800157,
        3148265.195399738,
        0.0
      ],
      [
        708682.9976001568,
        3148272.6036997386,
        0.0
      ],
      [
        708695.9623001574,
        3148297.977299738,
        0.0
      ],
      [
        708711.1494001583,
        3148331.5000997377,
        0.0
      ],
      [
        708746.9815001565,
        3148301.0427997373,
        0.0
      ],
      [
        708744.486900157,
        3148296.3103997377,
        0.0
      ]
    ]
  ]
}