{
  "code": "106889659",
  "epsg": 32639,
  "bbox_utm": {
    "minx": 708581.4809701589,
    "miny": 3147359.7241197377,
    "maxx": 709085.0678301568,
    "maxy": 3147863.310979735
  },
  "polygon_utm": [
    [
      [
        708881.1403001584,
        3147789.6048997375,
        0.0
      ],
      [
        708898.3647001563,
        3147769.046799738,
        0.0
      ],
      [
        708907.9956001578,
        3147753.4891997348,
        0.0
      ],
      [
        708888.7339001575,
        3147689.777399736,
        0.0
      ],
      [
        708875.8219001568,
        3147638.276199737,
        0.0
      ],
      [
        708867.9905001584,
        3147632.362699737,
        0.0
      ],
      [
        708860.2117001576,
        3147629.3993997364,
        0.0
      ],
      [
        708856.3223001574,
        3147627.5472997366,
        0.0
      ],
      [
        708853.3590001573,
        3147625.3247997365,
        0.0
      ],
      [
        708840.2092001576,
        3147600.8772997367,
        0.0
      ],
      [
        708834.282500158,
        3147587.3569997363,
        0.0
      ],
      [
        708825.3925001577,
        3147569.5769997356,
        0.0
      ],
      [
        708811.8722001581,
        3147527.5345997387,
        0.0
      ],
      [
        708796.6851001575,
        3147468.8234997382,
        0.0
      ],
      [
        708788.1703001567,
        3147431.6650997372,
        0.0
      ],
      [
        708778.5347001569,
        3147432.3372997376,
        0.0
      ],
      [
        708758.5532001579,
        3147435.4364997377,
        0.0
      ],
      [
        708759.7578808601,
        3147440.730407168,
        0.0
      ],
      [
        708761.1645819928,
        3147446.9120829995,
        0.0
      ],
      [
        708772.9784001574,
        3147498.8272997346,
        0.0
      ],
      [
        708793.3514001572,
        3147571.6142997365,
        0.0
      ],
      [
        708812.0574001567,
        3147620.8797997357,
        0.0
      ],
      [
        708840.2092001577,
        3147702.186399738,
        0.0
      ],
      [
        708872.0651001576,
        3147776.2698997357,
        0.0
      ],
      [
        708879.9047001569,
        3147791.3699997356,
        0.0
      ],
      [
        708881.1403001584,
        3147789.6048997375,
        0.0
      ]
    ]
  ]
}