{
  "code": "106887776",
  "epsg": 32639,
  "bbox_utm": {
    "minx": 707991.9587759142,
    "miny": 3147739.0930597414,
    "maxx": 708286.9894559145,
    "maxy": 3148034.1237397413
  },
  "polygon_utm": [
    [
      [
        708095.5754001541,
        3147794.2048997427,
        0.0
      ],
      [
        708103.3542001538,
        3147803.8357997416,
        0.0
      ],
      [
        708112.2442001533,
        3147828.098099741,
        0.0
      ],
      [
        708126.1349001535,
        3147868.4735997426,
        0.0
      ],
      [
        708139.6551001549,
        3147908.293499742,
        0.0
      ],
      [
        708155.2126001542,
        3147946.631699741,
        0.0
      ],
      [
        708162.8062001561,
        3147971.0791997397,
        0.0
      ],
      [
        708166.059500156,
        3147991.9764997414,
        0.0
      ],
      [
        708169.2885001538,
        3147983.6733997413,
        0.0
      ],
      [
        708175.0300001559,
        3147960.1518997424,
        0.0
      ],
      [
        708179.8454001544,
        3147926.999599742,
        0.0
      ],
      [
        708183.3728316745,
        3147918.5436913567,
        0.0
      ],
      [
        708181.3271001555,
        3147910.7011997416,
        0.0
      ],
      [
        708175.400400154,
        3147903.47809974,
        0.0
      ],
      [
        708168.5477001552,
        3147894.58799974,
        0.0
      ],
      [
        708162.2506001549,
        3147876.622799741,
        0.0
      ],
      [
        708154.2866001547,
        3147852.360399742,
        0.0
      ],
      [
        708147.2486001546,
        3147828.2832997413,
        0.0
      ],
      [
        708133.1728001558,
        3147781.2402997413,
        0.0
      ],
      [
        708095.5754001541,
        3147794.2048997427,
        0.0
      ]
    ]
  ]
}