{
  "code": "106890189",
  "epsg": 32639,
  "bbox_utm": {
    "minx": 709519.5541001612,
    "miny": 3147582.978799732,
    "maxx": 709714.0232001604,
    "maxy": 3147777.4478997313
  },
  "polygon_utm": [
    [
      [
        709625.6787001605,
        3147697.2524997313,
        0.0
      ],
      [
        709647.9037001607,
        3147680.583799731,
        0.0
      ],
      [
        709659.5719001604,
        3147672.804999731,
        0.0
      ],
      [
        709676.4259001609,
        3147662.8036997314,
        0.0
      ],
      [
        709686.2419001604,
        3147656.876999731,
        0.0
      ],
      [
        709681.9821001613,
        3147651.135599732,
        0.0
      ],
      [
        709668.8323001607,
        3147633.17029973,
        0.0
      ],
      [
        709665.8690001606,
        3147630.021799732,
        0.0
      ],
      [
        709663.276100161,
        3147628.910499731,
        0.0
      ],
      [
        709660.4979001605,
        3147628.354899732,
        0.0
      ],
      [
        709654.0156001605,
        3147628.354899732,
        0.0
      ],
      [
        709624.3822001608,
        3147636.8744997317,
        0.0
      ],
      [
        709611.4176001608,
        3147643.1715997304,
        0.0
      ],
      [
        709598.0826001607,
        3147652.4319997313,
        0.0
      ],
      [
        709574.9315001604,
        3147673.7309997324,
        0.0
      ],
      [
        709562.8929001606,
        3147685.0287997318,
        0.0
      ],
      [
        709547.7058001596,
        3147697.0672997315,
        0.0
      ],
      [
        709547.3354001611,
        3147697.808199732,
        0.0
      ],
      [
        709568.0788001603,
        3147718.3662997317,
        0.0
      ],
      [
        709577.5244001608,
        3147727.811999732,
        0.0
      ],
      [
        709581.7842001612,
        3147732.071799731,
        0.0
      ],
      [
        709589.3778001611,
        3147726.700699732,
        0.0
      ],
      [
        709625.6787001605,
        3147697.2524997313,
        0.0
      ]
    ]
  ]
}