{
  "code": "106887785",
  "epsg": 32639,
  "bbox_utm": {
    "minx": 707632.4245401531,
    "miny": 3147692.294839745,
    "maxx": 707979.1594601531,
    "maxy": 3148039.0297597446
  },
  "polygon_utm": [
    [
      [
        707789.2329673044,
        3147865.328879453,
        0.0
      ],
      [
        707789.6975001536,
        3147866.1334997443,
        0.0
      ],
      [
        707789.7836672375,
        3147866.3986578607,
        0.0
      ],
      [
        707799.3985183529,
        3147895.9860094413,
        0.0
      ],
      [
        707809.2625001533,
        3147926.3399997433,
        0.0
      ],
      [
        707817.3850090731,
        3147953.7066709567,
        0.0
      ],
      [
        707820.9378001526,
        3147965.676899743,
        0.0
      ],
      [
        707821.0313001527,
        3147966.073599743,
        0.0
      ],
      [
        707821.0857001521,
        3147966.694699745,
        0.0
      ],
      [
        707821.0313001527,
        3147967.315799745,
        0.0
      ],
      [
        707820.8700001538,
        3147967.918099743,
        0.0
      ],
      [
        707820.8074001546,
        3147968.077999743,
        0.0
      ],
      [
        707818.8933001518,
        3147972.6421997426,
        0.0
      ],
      [
        707820.9306001524,
        3147977.272399742,
        0.0
      ],
      [
        707822.4667001521,
        3147988.8891997435,
        0.0
      ],
      [
        707826.3017001529,
        3147989.4961997448,
        0.0
      ],
      [
        707831.133700153,
        3147986.8932997445,
        0.0
      ],
      [
        707835.0065001535,
        3147985.236399744,
        0.0
      ],
      [
        707839.0811001541,
        3147984.4955997434,
        0.0
      ],
      [
        707841.6740001525,
        3147983.384299742,
        0.0
      ],
      [
        707844.0817001531,
        3147980.6061997437,
        0.0
      ],
      [
        707844.822600153,
        3147978.198499744,
        0.0
      ],
      [
        707845.3782001527,
        3147975.975999743,
        0.0
      ],
      [
        707846.4894001535,
        3147973.382999744,
        0.0
      ],
      [
        707847.4155001526,
        3147968.937999741,
        0.0
      ],
      [
        707846.4894001541,
        3147964.1225997447,
        0.0
      ],
      [
        707845.0078001529,
        3147956.8994997395,
        0.0
      ],
      [
        707842.600100153,
        3147944.4904997447,
        0.0
      ],
      [
        707839.3177001539,
        3147935.357099743,
        0.0
      ],
      [
        707839.182700154,
        3147934.848899743,
        0.0
      ],
      [
        707839.1358001534,
        3147934.312599743,
        0.0
      ],
      [
        707839.1827001526,
        3147933.7762997434,
        0.0
      ],
      [
        707839.3220001525,
        3147933.2563997433,
        0.0
      ],
      [
        707839.5495001533,
        3147932.768499744,
        0.0
      ],
      [
        707839.8583001543,
        3147932.327499744,
        0.0
      ],
      [
        707840.2389001538,
        3147931.9468997456,
        0.0
      ],
      [
        707840.6799001526,
        3147931.6380997445,
        0.0
      ],
      [
        707840.9896001522,
        3147931.4817997427,
        0.0
      ],
      [
        707862.4213001544,
        3147922.1355997445,
        0.0
      ],
      [
        707863.1347001535,
        3147921.775499744,
        0.0
      ],
      [
        707863.4765001524,
        3147921.5651997416,
        0.0
      ],
      [
        707867.9182001534,
        3147918.6550997426,
        0.0
      ],
      [
        707868.6488001549,
        3147918.282799744,
        0.0
      ],
      [
        707868.8287001535,
        3147918.219699736,
        0.0
      ],
      [
        707879.2128001538,
        3147914.870099741,
        0.0
      ],
      [
        707878.9010001535,
        3147914.4866997437,
        0.0
      ],
      [
        707867.973600154,
        3147896.521399745,
        0.0
      ],
      [
        707855.9351001533,
        3147883.9271997456,
        0.0
      ],
      [
        707848.3415001538,
        3147877.630099744,
        0.0
      ],
      [
        707841.1184001532,
        3147867.9992997437,
        0.0
      ],
      [
        707834.2657001534,
        3147856.5163997426,
        0.0
      ],
      [
        707820.0046001532,
        3147828.179399743,
        0.0
      ],
      [
        707815.9640001537,
        3147821.7927997424,
        0.0
      ],
      [
        707808.651500154,
        3147825.7302997443,
        0.0
      ],
      [
        707808.0716001528,
        3147825.990299744,
        0.0
      ],
      [
        707807.3324001526,
        3147826.188399744,
        0.0
      ],
      [
        707806.5700001529,
        3147826.2550997436,
        0.0
      ],
      [
        707805.8076001534,
        3147826.1883997447,
        0.0
      ],
      [
        707805.068400153,
        3147825.9902997427,
        0.0
      ],
      [
        707804.3748001525,
        3147825.6668997435,
        0.0
      ],
      [
        707803.7479001528,
        3147825.2278997446,
        0.0
      ],
      [
        707803.2068001528,
        3147824.6867997427,
        0.0
      ],
      [
        707802.7678001524,
        3147824.0598997427,
        0.0
      ],
      [
        707802.5435001528,
        3147823.614799744,
        0.0
      ],
      [
        707777.9622001535,
        3147767.0605997434,
        0.0
      ],
      [
        707765.0908001536,
        3147741.828399745,
        0.0
      ],
      [
        707732.3712001524,
        3147755.613299742,
        0.0
      ],
      [
        707747.9584001518,
        3147791.1376997465,
        0.0
      ],
      [
        707756.7766309541,
        3147819.1955439523,
        0.0
      ],
      [
        707766.1680001523,
        3147849.0769997383,
        0.0
      ],
      [
        707766.4382001535,
        3147851.9246997405,
        0.0
      ],
      [
        707766.3355001527,
        3147856.696499745,
        0.0
      ],
      [
        707766.4737483205,
        3147857.480339355,
        0.0
      ],
      [
        707766.6120001518,
        3147858.2641997444,
        0.0
      ],
      [
        707767.009917236,
        3147858.953442727,
        0.0
      ],
      [
        707767.4079001525,
        3147859.6427997435,
        0.0
      ],
      [
        707767.6888452993,
        3147859.9269760996,
        0.0
      ],
      [
        707769.5555001533,
        3147861.8150997427,
        0.0
      ],
      [
        707769.9581719832,
        3147862.1240944457,
        0.0
      ],
      [
        707770.7651001528,
        3147862.7432997455,
        0.0
      ],
      [
        707771.7180326215,
        3147863.0901251663,
        0.0
      ],
      [
        707772.6711001543,
        3147863.4369997457,
        0.0
      ],
      [
        707773.6852001529,
        3147863.52569974,
        0.0
      ],
      [
        707774.1893366408,
        3147863.48291767,
        0.0
      ],
      [
        707784.2058001519,
        3147862.632899743,
        0.0
      ],
      [
        707784.6676336683,
        3147862.6531942887,
        0.0
      ],
      [
        707785.598500154,
        3147862.694099743,
        0.0
      ],
      [
        707786.499500153,
        3147862.9354997436,
        0.0
