{
  "code": "106895124",
  "epsg": 32639,
  "bbox_utm": {
    "minx": 707446.4605601507,
    "miny": 3147328.6043597423,
    "maxx": 707761.2634401531,
    "maxy": 3147643.4072397444
  },
  "polygon_utm": [
    [
      [
        707561.4835001512,
        3147403.370099746,
        0.0
      ],
      [
        707556.3526001519,
        3147406.8249997445,
        0.0
      ],
      [
        707513.3492001519,
        3147436.6549997446,
        0.0
      ],
      [
        707520.1910001528,
        3147450.286699745,
        0.0
      ],
      [
        707520.5429001506,
        3147452.9258997445,
        0.0
      ],
      [
        707523.0061001508,
        3147455.565199745,
        0.0
      ],
      [
        707552.7414001521,
        3147513.100199744,
        0.0
      ],
      [
        707574.7349001517,
        3147557.615199745,
        0.0
      ],
      [
        707587.0513001528,
        3147582.423899746,
        0.0
      ],
      [
        707587.9311001524,
        3147586.822599745,
        0.0
      ],
      [
        707590.2184001518,
        3147594.740199746,
        0.0
      ],
      [
        707592.6818001516,
        3147598.435399744,
        0.0
      ],
      [
        707612.4214001517,
        3147586.9959997446,
        0.0
      ],
      [
        707652.5376001525,
        3147559.7826997456,
        0.0
      ],
      [
        707694.3748001519,
        3147532.880499745,
        0.0
      ],
      [
        707690.0732001535,
        3147524.1237997445,
        0.0
      ],
      [
        707679.2818001523,
        3147506.763599744,
        0.0
      ],
      [
        707662.625300153,
        3147482.130799744,
        0.0
      ],
      [
        707641.5115001523,
        3147440.137799747,
        0.0
      ],
      [
        707621.101500152,
        3147404.948199746,
        0.0
      ],
      [
        707605.7314001513,
        3147373.5761997425,
        0.0
      ],
      [
        707561.4835001512,
        3147403.370099746,
        0.0
      ]
    ]
  ]
}