{
  "code": "106889271",
  "epsg": 32639,
  "bbox_utm": {
    "minx": 707670.9661901535,
    "miny": 3147636.122539745,
    "maxx": 707892.7875101522,
    "maxy": 3147857.9438597434
  },
  "polygon_utm": [
    [
      [
        707814.263100153,
        3147819.1041997434,
        0.0
      ],
      [
        707813.8927001527,
        3147817.066899744,
        0.0
      ],
      [
        707814.448300154,
        3147815.770399744,
        0.0
      ],
      [
        707826.1165001525,
        3147804.472699743,
        0.0
      ],
      [
        707826.857300153,
        3147799.8424997428,
        0.0
      ],
      [
        707824.634800154,
        3147791.6932997433,
        0.0
      ],
      [
        707822.5975001534,
        3147784.099799743,
        0.0
      ],
      [
        707822.597500154,
        3147778.173099744,
        0.0
      ],
      [
        707822.5975001534,
        3147771.135099744,
        0.0
      ],
      [
        707820.0046001523,
        3147765.393699743,
        0.0
      ],
      [
        707809.4477001531,
        3147750.0213997443,
        0.0
      ],
      [
        707803.150600153,
        3147745.7615997437,
        0.0
      ],
      [
        707799.8168001533,
        3147741.6869997447,
        0.0
      ],
      [
        707796.8535001529,
        3147735.9454997424,
        0.0
      ],
      [
        707787.2227001527,
        3147715.7576997443,
        0.0
      ],
      [
        707758.6625001521,
        3147667.811299745,
        0.0
      ],
      [
        707738.5102001529,
        3147680.263899745,
        0.0
      ],
      [
        707738.1117001532,
        3147680.5518997433,
        0.0
      ],
      [
        707737.6923001532,
        3147680.9712997437,
        0.0
      ],
      [
        707737.3522001519,
        3147681.457099745,
        0.0
      ],
      [
        707737.101500154,
        3147681.994499745,
        0.0
      ],
      [
        707736.9481001531,
        3147682.567399744,
        0.0
      ],
      [
        707736.8964001528,
        3147683.1581997434,
        0.0
      ],
      [
        707736.9481001522,
        3147683.7489997437,
        0.0
      ],
      [
        707737.1015001524,
        3147684.3217997435,
        0.0
      ],
      [
        707737.2245001529,
        3147684.6158997444,
        0.0
      ],
      [
        707754.6259001532,
        3147721.3139997427,
        0.0
      ],
      [
        707765.0908001536,
        3147741.8283997453,
        0.0
      ],
      [
        707777.9622001529,
        3147767.0605997434,
        0.0
      ],
      [
        707802.5435001528,
        3147823.614799744,
        0.0
      ],
      [
        707802.7678001524,
        3147824.059899744,
        0.0
      ],
      [
        707803.2068001528,
        3147824.686799743,
        0.0
      ],
      [
        707803.7479001528,
        3147825.2278997446,
        0.0
      ],
      [
        707804.3748001531,
        3147825.6668997435,
        0.0
      ],
      [
        707805.068400153,
        3147825.9902997427,
        0.0
      ],
      [
        707805.8076001527,
        3147826.1883997447,
        0.0
      ],
      [
        707806.5700001535,
        3147826.255099744,
        0.0
      ],
      [
        707807.3324001526,
        3147826.188399744,
        0.0
      ],
      [
        707808.0716001533,
        3147825.990299744,
        0.0
      ],
      [
        707808.651500154,
        3147825.7302997443,
        0.0
      ],
      [
        707815.9640001537,
        3147821.792799743,
        0.0
      ],
      [
        707814.263100153,
        3147819.1041997434,
        0.0
      ]
    ]
  ]
}