{
  "code": "106886346",
  "epsg": 32639,
  "bbox_utm": {
    "minx": 708574.6529601569,
    "miny": 3148067.226759738,
    "maxx": 708847.4383401565,
    "maxy": 3148340.012139737
  },
  "polygon_utm": [
    [
      [
        708755.5995001569,
        3148293.717499733,
        0.0
      ],
      [
        708767.9724001564,
        3148281.8265997344,
        0.0
      ],
      [
        708759.4888001579,
        3148250.1934997365,
        0.0
      ],
      [
        708749.1172001569,
        3148212.0404997375,
        0.0
      ],
      [
        708744.1165001573,
        3148197.223799737,
        0.0
      ],
      [
        708740.0419001563,
        3148188.1485997373,
        0.0
      ],
      [
        708731.3371001575,
        3148173.146699738,
        0.0
      ],
      [
        708707.6304001561,
        3148139.438699738,
        0.0
      ],
      [
        708690.0356001569,
        3148116.2875997378,
        0.0
      ],
      [
        708680.6393001571,
        3148106.1960997377,
        0.0
      ],
      [
        708677.9107001566,
        3148110.303599738,
        0.0
      ],
      [
        708677.626600157,
        3148110.731299739,
        0.0
      ],
      [
        708654.1189001569,
        3148139.264799737,
        0.0
      ],
      [
        708662.624700156,
        3148151.4771997374,
        0.0
      ],
      [
        708693.1841001564,
        3148193.334399738,
        0.0
      ],
      [
        708721.3358001565,
        3148237.784499736,
        0.0
      ],
      [
        708738.5603001569,
        3148265.5657997383,
        0.0
      ],
      [
        708748.9319001568,
        3148288.1612997386,
        0.0
      ],
      [
        708743.7461001568,
        3148291.680199737,
        0.0
      ],
      [
        708744.1165001562,
        3148293.717499737,
        0.0
      ],
      [
        708744.4869001565,
        3148296.3103997367,
        0.0
      ],
      [
        708746.9815001583,
        3148301.0427997373,
        0.0
      ],
      [
        708755.5995001569,
        3148293.717499733,
        0.0
      ]
    ]
  ]
}