{
  "code": "106885969",
  "epsg": 32639,
  "bbox_utm": {
    "minx": 684367.2391200807,
    "miny": 3147527.2983198594,
    "maxx": 685696.4143800781,
    "maxy": 3148856.4735798575
  },
  "polygon_utm": [
    [
      [
        685211.6615000804,
        3148156.7302998565,
        0.0
      ],
      [
        685191.4834000799,
        3148137.5922998576,
        0.0
      ],
      [
        685171.0972000806,
        3148114.2938998584,
        0.0
      ],
      [
        685154.0395000796,
        3148091.8274998586,
        0.0
      ],
      [
        685143.84640008,
        3148076.6419998584,
        0.0
      ],
      [
        685125.9565000802,
        3148049.1830998585,
        0.0
      ],
      [
        685112.01910008,
        3148027.9648998575,
        0.0
      ],
      [
        685088.5126000794,
        3147983.6562998584,
        0.0
      ],
      [
        685082.8961000792,
        3147972.215099857,
        0.0
      ],
      [
        685069.79070008,
        3147937.4754998577,
        0.0
      ],
      [
        685062.9260000796,
        3147919.377599858,
        0.0
      ],
      [
        685052.9409000807,
        3147887.1341998572,
        0.0
      ],
      [
        685046.7003000802,
        3147873.820799859,
        0.0
      ],
      [
        685035.2591000797,
        3147849.898299857,
        0.0
      ],
      [
        685013.4168000794,
        3147812.454399857,
        0.0
      ],
      [
        684990.1184000795,
        3147766.8976998585,
        0.0
      ],
      [
        684968.9002000791,
        3147719.676799857,
        0.0
      ],
      [
        684967.301600079,
        3147718.7774998583,
        0.0
      ],
      [
        684965.5718000792,
        3147717.8045998593,
        0.0
      ],
      [
        684963.0756000793,
        3147717.1804998596,
        0.0
      ],
      [
        684961.2034000793,
        3147717.5964998575,
        0.0
      ],
      [
        684959.9552000794,
        3147720.0927998587,
        0.0
      ],
      [
        684957.0429000801,
        3147756.9125998584,
        0.0
      ],
      [
        684953.9226000799,
        3147783.3313998585,
        0.0
      ],
      [
        684951.2183000788,
        3147818.695099858,
        0.0
      ],
      [
        684945.3937000806,
        3147873.6127998587,
        0.0
      ],
      [
        684938.9451000796,
        3147931.234799858,
        0.0
      ],
      [
        684930.2081000796,
        3147975.127399859,
        0.0
      ],
      [
        684918.5589000788,
        3148020.0600998593,
        0.0
      ],
      [
        684911.6942000794,
        3148048.350999859,
        0.0
      ],
      [
        684899.0049000802,
        3148100.772499859,
        0.0
      ],
      [
        684885.8995000793,
        3148134.2639998593,
        0.0
      ],
      [
        684881.3230000796,
        3148145.0810998585,
        0.0
      ],
      [
        684869.8819000791,
        3148176.284299859,
        0.0
      ],
      [
        684850.535800079,
        3148224.7533998583,
        0.0
      ],
      [
        684832.8540000793,
        3148259.9090998587,
        0.0
      ],
      [
        684817.2524000783,
        3148294.64869986,
        0.0
      ],
      [
        684808.9315000795,
        3148313.370599859,
        0.0
      ],
      [
        684807.475400079,
        3148316.074899858,
        0.0
      ],
      [
        684807.4754000789,
        3148317.5310998587,
        0.0
      ],
      [
        684811.6358000806,
        3148322.5235998603,
        0.0
      ],
      [
        684828.9016000791,
        3148347.694199859,
        0.0
      ],
      [
        684849.2877000791,
        3148378.89749986,
        0.0
      ],
      [
        684864.0572000784,
        3148402.611899859,
        0.0
      ],
      [
        684864.6813000793,
        3148405.7322998606,
        0.0
      ],
      [
        684862.3931000797,
        3148408.852599859,
        0.0
      ],
      [
        684864.0572000784,
        3148412.8049998586,
        0.0
      ],
      [
        684861.1449000791,
        3148415.5092998585,
        0.0
      ],
      [
        684868.2177000792,
        3148427.782599859,
        0.0
      ],
      [
        684869.8819000797,
        3148429.2386998595,
        0.0
      ],
      [
        684871.546000079,
        3148430.902899858,
        0.0
      ],
      [
        684886.107500079,
        3148453.3691998585,
        0.0
      ],
      [
        684896.092600079,
        3148469.594899859,
        0.0
      ],
      [
        684913.1504000787,
        3148496.429699859,
        0.0
      ],
      [
        684921.4712000787,
        3148508.286899859,
        0.0
      ],
      [
        684931.0402000787,
        3148541.986499859,
        0.0
      ],
      [
        684948.9301000794,
        3148601.0645998595,
        0.0
      ],
      [
        684957.2510000793,
        3148631.435799857,
        0.0
      ],
      [
        684962.2435000793,
        3148651.8218998583,
        0.0
      ],
      [
        684965.9879000792,
        3148666.591399858,
        0.0
      ],
      [
        684990.1184000792,
        3148657.4384998586,
        0.0
      ],
      [
        685031.93070008,
        3148642.252899858,
        0.0
      ],
      [
        685062.3019000802,
        3148630.187699857,
        0.0
      ],
      [
        685089.5771000797,
        3148617.6381998584,
        0.0
      ],
      [
        685097.9435000797,
        3148613.3054998578,
        0.0
      ],
      [
        685111.0488000795,
        3148603.5934998575,
        0.0
      ],
      [
        685113.3891000808,
        3148606.401699858,
        0.0
      ],
      [
        685121.8139000799,
        3148601.3701998577,
        0.0
      ],
      [
        685123.4521000799,
        3148600.2000998575,
        0.0
      ],
      [
        685126.8455000793,
        3148597.9768998576,
        0.0
      ],
      [
        685132.9301000801,
        3148591.1901998576,
        0.0
      ],
      [
        685135.8554000803,
        3148587.679799859,
        0.0
      ],
      [
        685146.3865000803,
        3148571.415099859,
        0.0
      ],
      [
        685161.2926000815,
        3148547.3495998587,
        0.0
      ],
      [
        685180.6386000797,
        3148516.354399857,
        0.0
      ],
      [
        685182.7188000794,
        3148511.777899857,
        0.0
      ],
      [
        685193.3279000806,
        3148473.5018998575,
        0.0
      ],
      [
        685206.3553000797,
        3148430.181399857,
        0.0
      ],
      [
        685211.1918000798,
        3148414.111699857,
        0.0
      ],
      [
        685215.56020008,
        3148397.7299998566,
        0.0
      ],
      [
        685220.5527000795,
        3148372.9233998572,
        0.0
      ],
      [
        685229.6017000804,
        3148325.9624998583,
        0.0
      ],
      [
        685239.2747000798,
        3148276.505399858,
        0.0
      ],
      [
        685248.1676000804,
        3148231.260699858,
        0.0
      ],
      [
        685256.17810008,
        3148190.8458998576,
        0.0
      ],
      [
        685232.6717000796,
        3148173.7880998575,
        0.0
      ],
      [
        685221.1363000802,
        3148164.4226998584,
        0.0
      ],
      [
        685211.6615000804,
        3148156.7302998565,
        0.0
      ]
