{
  "code": "106897159",
  "epsg": 32639,
  "bbox_utm": {
    "minx": 707264.767980154,
    "miny": 3147079.061079749,
    "maxx": 707615.6081201487,
    "maxy": 3147429.9012197433
  },
  "polygon_utm": [
    [
      [
        707516.437700152,
        3147333.4875997463,
        0.0
      ],
      [
        707514.7843001522,
        3147328.4996997467,
        0.0
      ],
      [
        707504.6431001525,
        3147307.555899746,
        0.0
      ],
      [
        707491.6359001519,
        3147278.0141997454,
        0.0
      ],
      [
        707480.8333001515,
        3147243.181299746,
        0.0
      ],
      [
        707475.1482001516,
        3147227.3602997456,
        0.0
      ],
      [
        707467.9343001514,
        3147226.304599746,
        0.0
      ],
      [
        707463.1837001513,
        3147224.369099747,
        0.0
      ],
      [
        707459.3993001516,
        3147222.2666997463,
        0.0
      ],
      [
        707459.3419001517,
        3147222.234199747,
        0.0
      ],
      [
        707458.7711001512,
        3147221.834499747,
        0.0
      ],
      [
        707458.2784001528,
        3147221.3417997467,
        0.0
      ],
      [
        707457.8799001526,
        3147220.7729997463,
        0.0
      ],
      [
        707451.9230001519,
        3147210.4691997464,
        0.0
      ],
      [
        707445.4130001512,
        3147199.384499747,
        0.0
      ],
      [
        707436.9674001515,
        3147186.364299746,
        0.0
      ],
      [
        707422.3637001518,
        3147169.825199747,
        0.0
      ],
      [
        707394.7399001514,
        3147140.7936997465,
        0.0
      ],
      [
        707385.4146001512,
        3147135.5152997463,
        0.0
      ],
      [
        707373.9780001519,
        3147129.708999747,
        0.0
      ],
      [
        707370.2830001507,
        3147129.181099748,
        0.0
      ],
      [
        707365.8843001523,
        3147130.4127997467,
        0.0
      ],
      [
        707364.6527001515,
        3147131.9962997483,
        0.0
      ],
      [
        707363.773000151,
        3147134.4595997464,
        0.0
      ],
      [
        707366.5881001512,
        3147138.506399747,
        0.0
      ],
      [
        707380.3121001506,
        3147164.370799746,
        0.0
      ],
      [
        707417.0853001516,
        3147241.260199746,
        0.0
      ],
      [
        707461.6002001516,
        3147329.2342997477,
        0.0
      ],
      [
        707485.5059001524,
        3147379.781199744,
        0.0
      ],
      [
        707499.2418001515,
        3147369.532999745,
        0.0
      ],
      [
        707507.6744001522,
        3147361.430999746,
        0.0
      ],
      [
        707512.4694001526,
        3147356.470699745,
        0.0
      ],
      [
        707514.6189001529,
        3147353.6597997462,
        0.0
      ],
      [
        707516.6031001518,
        3147352.502399745,
        0.0
      ],
      [
        707516.437700152,
        3147333.4875997463,
        0.0
      ]
    ]
  ]
}