{
  "code": "106886571",
  "epsg": 32639,
  "bbox_utm": {
    "minx": 707773.8292041778,
    "miny": 3147901.3601151784,
    "maxx": 708131.7775961306,
    "maxy": 3148259.308507131
  },
  "polygon_utm": [
    [
      [
        708001.9363001537,
        3148191.7580997413,
        0.0
      ],
      [
        707998.8493001538,
        3148181.292399744,
        0.0
      ],
      [
        707992.5985001543,
        3148155.455699744,
        0.0
      ],
      [
        707983.430600153,
        3148120.7290997426,
        0.0
      ],
      [
        707973.2905001545,
        3148088.224999742,
        0.0
      ],
      [
        707962.1779001537,
        3148058.0822997424,
        0.0
      ],
      [
        707951.713600154,
        3148023.425099744,
        0.0
      ],
      [
        707941.3420001531,
        3147989.5318997414,
        0.0
      ],
      [
        707936.5265001529,
        3147970.270199742,
        0.0
      ],
      [
        707930.3697001529,
        3147967.49159974,
        0.0
      ],
      [
        707928.9131001527,
        3147966.6456997423,
        0.0
      ],
      [
        707928.5662001546,
        3147966.379399745,
        0.0
      ],
      [
        707924.2565001535,
        3147962.8849997427,
        0.0
      ],
      [
        707911.472900154,
        3147953.204199744,
        0.0
      ],
      [
        707911.110500154,
        3147952.963699744,
        0.0
      ],
      [
        707910.558500153,
        3147952.7062997427,
        0.0
      ],
      [
        707909.9702001546,
        3147952.548699742,
        0.0
      ],
      [
        707909.3635001527,
        3147952.495599743,
        0.0
      ],
      [
        707908.7567001535,
        3147952.54869974,
        0.0
      ],
      [
        707908.1684001533,
        3147952.706299742,
        0.0
      ],
      [
        707904.6706001528,
        3147953.9949997426,
        0.0
      ],
      [
        707901.0624001542,
        3147956.332399741,
        0.0
      ],
      [
        707907.1710001533,
        3147970.7100997437,
        0.0
      ],
      [
        707910.0880001542,
        3147975.155099741,
        0.0
      ],
      [
        707914.8108001526,
        3147980.4334997428,
        0.0
      ],
      [
        707916.7555001533,
        3147983.906199744,
        0.0
      ],
      [
        707917.6947001533,
        3147985.4429997434,
        0.0
      ],
      [
        707918.2064001535,
        3147986.4781997437,
        0.0
      ],
      [
        707918.5106001534,
        3147987.5125997425,
        0.0
      ],
      [
        707924.6732001534,
        3148017.5215997417,
        0.0
      ],
      [
        707929.2571001528,
        3148045.025099742,
        0.0
      ],
      [
        707934.5355001537,
        3148066.694499742,
        0.0
      ],
      [
        707943.5645001538,
        3148090.864199741,
        0.0
      ],
      [
        707951.2043001539,
        3148119.617899742,
        0.0
      ],
      [
        707952.8712001534,
        3148132.8139997427,
        0.0
      ],
      [
        707954.2603001537,
        3148151.5663997424,
        0.0
      ],
      [
        707959.3998001534,
        3148173.5135997427,
        0.0
      ],
      [
        707964.5393001545,
        3148188.237699741,
        0.0
      ],
      [
        707969.1232540847,
        3148197.7528023603,
        0.0
      ],
      [
        707973.7072001552,
        3148207.2678997414,
        0.0
      ],
      [
        707987.4490586794,
        3148208.1730225664,
        0.0
      ],
      [
        707993.5888584135,
        3148202.7909818334,
        0.0
      ],
      [
        708004.5444001541,
        3148200.6003997424,
        0.0
      ],
      [
        708001.9363001537,
        3148191.7580997413,
        0.0
      ]
    ]
  ]
}