{
  "code": "106887624",
  "epsg": 32639,
  "bbox_utm": {
    "minx": 708362.7385430139,
    "miny": 3147601.1327446373,
    "maxx": 708849.1087572986,
    "maxy": 3148087.5029589226
  },
  "polygon_utm": [
    [
      [
        708604.4368001581,
        3148004.155499739,
        0.0
      ],
      [
        708626.291400157,
        3147970.8178997375,
        0.0
      ],
      [
        708639.0708001556,
        3147957.668099737,
        0.0
      ],
      [
        708643.1454001558,
        3147953.593499737,
        0.0
      ],
      [
        708644.0714001566,
        3147950.6301997383,
        0.0
      ],
      [
        708643.330600156,
        3147947.4198997375,
        0.0
      ],
      [
        708641.4785001562,
        3147942.04879974,
        0.0
      ],
      [
        708636.9301001588,
        3147932.4606997385,
        0.0
      ],
      [
        708631.5488001567,
        3147924.6619997383,
        0.0
      ],
      [
        708622.7976001573,
        3147909.9378997353,
        0.0
      ],
      [
        708619.6028001574,
        3147903.131499738,
        0.0
      ],
      [
        708619.4639001559,
        3147899.380999739,
        0.0
      ],
      [
        708619.0683001566,
        3147893.688799737,
        0.0
      ],
      [
        708621.105600157,
        3147890.54019974,
        0.0
      ],
      [
        708622.2168001563,
        3147884.2431997387,
        0.0
      ],
      [
        708622.957600156,
        3147876.279199739,
        0.0
      ],
      [
        708623.3281001557,
        3147865.1666997387,
        0.0
      ],
      [
        708623.8837001564,
        3147849.979499736,
        0.0
      ],
      [
        708623.1429001566,
        3147840.533899738,
        0.0
      ],
      [
        708621.2908001561,
        3147830.7177997394,
        0.0
      ],
      [
        708621.2908001561,
        3147825.531999738,
        0.0
      ],
      [
        708622.5872001566,
        3147820.160899739,
        0.0
      ],
      [
        708624.8097001569,
        3147813.3081997368,
        0.0
      ],
      [
        708624.4393001567,
        3147808.1223997385,
        0.0
      ],
      [
        708621.8464001584,
        3147801.454899739,
        0.0
      ],
      [
        708611.4747001561,
        3147781.0818997393,
        0.0
      ],
      [
        708606.3958365953,
        3147771.3753656764,
        0.0
      ],
      [
        708608.6321912204,
        3147769.388641406,
        0.0
      ],
      [
        708643.5408742896,
        3147760.921205515,
        0.0
      ],
      [
        708641.0964003333,
        3147735.7120366646,
        0.0
      ],
      [
        708638.0699980226,
        3147709.969578158,
        0.0
      ],
      [
        708634.1020076455,
        3147670.6142038214,
        0.0
      ],
      [
        708627.5814043742,
        3147675.2050651386,
        0.0
      ],
      [
        708614.7601308787,
        3147686.8092371416,
        0.0
      ],
      [
        708608.4099812434,
        3147692.9065423575,
        0.0
      ],
      [
        708602.8009047719,
        3147697.971115501,
        0.0
      ],
      [
        708583.1529869776,
        3147724.031000811,
        0.0
      ],
      [
        708582.4072943407,
        3147725.3251132797,
        0.0
      ],
      [
        708581.7501525457,
        3147729.0393343023,
        0.0
      ],
      [
        708582.0172436673,
        3147732.5084595303,
        0.0
      ],
      [
        708583.3766911225,
        3147737.3696146784,
        0.0
      ],
      [
        708584.6878117063,
        3147741.249423972,
        0.0
      ],
      [
        708587.5453008158,
        3147746.8561330847,
        0.0
      ],
      [
        708584.6733568795,
        3147749.485266401,
        0.0
      ],
      [
        708587.229907129,
        3147757.243713208,
        0.0
      ],
      [
        708585.8082717778,
        3147767.0233992296,
        0.0
      ],
      [
        708585.1751001554,
        3147771.265799738,
        0.0
      ],
      [
        708584.2490001564,
        3147775.5255997404,
        0.0
      ],
      [
        708584.2490001563,
        3147782.193199738,
        0.0
      ],
      [
        708584.249000157,
        3147792.379599736,
        0.0
      ],
      [
        708584.2490001565,
        3147800.5287997387,
        0.0
      ],
      [
        708584.2490001572,
        3147805.89989974,
        0.0
      ],
      [
        708583.8786001573,
        3147809.048399739,
        0.0
      ],
      [
        708581.1005001566,
        3147813.122999737,
        0.0
      ],
      [
        708578.3223001554,
        3147817.0123997363,
        0.0
      ],
      [
        708570.9140001555,
        3147821.8277997393,
        0.0
      ],
      [
        708567.775900156,
        3147823.149099739,
        0.0
      ],
      [
        708570.914000156,
        3147854.0540997386,
        0.0
      ],
      [
        708575.3590001557,
        3147905.72739974,
        0.0
      ],
      [
        708582.0265001558,
        3147962.7715997393,
        0.0
      ],
      [
        708596.1995001554,
        3148018.021499739,
        0.0
      ],
      [
        708604.4368001581,
        3148004.155499739,
        0.0
      ]
    ]
  ]
}