{
  "code": "106917846",
  "epsg": 32639,
  "bbox_utm": {
    "minx": 707511.0968401518,
    "miny": 3145690.849039746,
    "maxx": 707660.781760152,
    "maxy": 3145840.533959746
  },
  "polygon_utm": [
    [
      [
        707589.2548001516,
        3145732.447799746,
        0.0
      ],
      [
        707532.4804001518,
        3145757.0633997456,
        0.0
      ],
      [
        707545.0086001513,
        3145773.6447997466,
        0.0
      ],
      [
        707549.1849001525,
        3145778.0995997465,
        0.0
      ],
      [
        707553.7789001528,
        3145780.7445997456,
        0.0
      ],
      [
        707559.3474001532,
        3145784.364099747,
        0.0
      ],
      [
        707564.7766001519,
        3145790.489399744,
        0.0
      ],
      [
        707574.2430001518,
        3145802.043899746,
        0.0
      ],
      [
        707580.6467001524,
        3145808.0299997465,
        0.0
      ],
      [
        707585.6583001522,
        3145811.6494997456,
        0.0
      ],
      [
        707599.7187001524,
        3145802.4615997467,
        0.0
      ],
      [
        707610.437900152,
        3145798.0067997454,
        0.0
      ],
      [
        707627.9786001521,
        3145791.1853997465,
        0.0
      ],
      [
        707639.2547001534,
        3145786.869899746,
        0.0
      ],
      [
        707639.398200152,
        3145786.8148997445,
        0.0
      ],
      [
        707635.9572629194,
        3145776.161230542,
        0.0
      ],
      [
        707632.2232001538,
        3145764.599999746,
        0.0
      ],
      [
        707618.8110001516,
        3145719.7334997463,
        0.0
      ],
      [
        707589.2548001516,
        3145732.447799746,
        0.0
      ]
    ]
  ]
}