{
  "code": "106930885",
  "epsg": 32639,
  "bbox_utm": {
    "minx": 707598.0504801539,
    "miny": 3144280.533779745,
    "maxx": 708113.7651201519,
    "maxy": 3144796.248419743
  },
  "polygon_utm": [
    [
      [
        707956.5475001542,
        3144674.8636997454,
        0.0
      ],
      [
        707923.7932001537,
        3144636.462099744,
        0.0
      ],
      [
        707890.1354001532,
        3144597.608799744,
        0.0
      ],
      [
        707859.1883001529,
        3144565.080499744,
        0.0
      ],
      [
        707819.883200153,
        3144519.2244997458,
        0.0
      ],
      [
        707800.4566001546,
        3144495.505899744,
        0.0
      ],
      [
        707787.3549001528,
        3144473.368599745,
        0.0
      ],
      [
        707778.9969001528,
        3144454.167799745,
        0.0
      ],
      [
        707762.7327001523,
        3144414.636799746,
        0.0
      ],
      [
        707757.5372001533,
        3144398.146799746,
        0.0
      ],
      [
        707753.6970001524,
        3144383.915599746,
        0.0
      ],
      [
        707749.6310001529,
        3144368.1031997455,
        0.0
      ],
      [
        707748.0498001531,
        3144359.0675997464,
        0.0
      ],
      [
        707748.4467001533,
        3144356.0907997466,
        0.0
      ],
      [
        707747.7390001527,
        3144354.9885997465,
        0.0
      ],
      [
        707746.6974001533,
        3144354.207299746,
        0.0
      ],
      [
        707746.0464001533,
        3144354.2072997447,
        0.0
      ],
      [
        707744.8746001534,
        3144355.248999746,
        0.0
      ],
      [
        707743.8330001525,
        3144359.5455997474,
        0.0
      ],
      [
        707743.4424001529,
        3144367.4879997466,
        0.0
      ],
      [
        707741.7497001523,
        3144388.320299745,
        0.0
      ],
      [
        707742.6612001532,
        3144426.729899747,
        0.0
      ],
      [
        707745.5256001528,
        3144453.0307997456,
        0.0
      ],
      [
        707750.9941001523,
        3144484.149099745,
        0.0
      ],
      [
        707753.8585001531,
        3144506.804299746,
        0.0
      ],
      [
        707754.7966001526,
        3144511.7757997466,
        0.0
      ],
      [
        707786.6772001525,
        3144549.493999747,
        0.0
      ],
      [
        707834.7920001543,
        3144604.611499746,
        0.0
      ],
      [
        707902.559500154,
        3144683.2216997445,
        0.0
      ],
      [
        707932.6030001539,
        3144718.2347997436,
        0.0
      ],
      [
        707936.3231001535,
        3144722.5748997433,
        0.0
      ],
      [
        707940.177900153,
        3144717.7317997436,
        0.0
      ],
      [
        707947.4692001538,
        3144709.6592997434,
        0.0
      ],
      [
        707965.4371001536,
        3144692.602799744,
        0.0
      ],
      [
        707970.0659001535,
        3144688.6024997425,
        0.0
      ],
      [
        707956.5475001542,
        3144674.8636997454,
        0.0
      ]
    ]
  ]
}