{
  "code": "106913901",
  "epsg": 32639,
  "bbox_utm": {
    "minx": 706846.6689601493,
    "miny": 3146022.8798597483,
    "maxx": 707009.4017401509,
    "maxy": 3146185.6126397504
  },
  "polygon_utm": [
    [
      [
        706986.1542001506,
        3146107.4708997495,
        0.0
      ],
      [
        706976.7514001509,
        3146066.937499751,
        0.0
      ],
      [
        706973.6548001503,
        3146058.5700997496,
        0.0
      ],
      [
        706958.1530001501,
        3146060.7301997496,
        0.0
      ],
      [
        706950.1480001496,
        3146062.890299751,
        0.0
      ],
      [
        706934.2650001494,
        3146068.0998997507,
        0.0
      ],
      [
        706902.4991001489,
        3146079.1544997515,
        0.0
      ],
      [
        706879.2464001486,
        3146087.54069975,
        0.0
      ],
      [
        706869.9165001495,
        3146091.4418997513,
        0.0
      ],
      [
        706870.0780001495,
        3146091.753199751,
        0.0
      ],
      [
        706892.4676001495,
        3146139.0808997513,
        0.0
      ],
      [
        706897.820200149,
        3146149.9223997495,
        0.0
      ],
      [
        706956.9295001491,
        3146120.5584997493,
        0.0
      ],
      [
        706986.0009001512,
        3146107.5394997504,
        0.0
      ],
      [
        706986.1542001506,
        3146107.4708997495,
        0.0
      ]
    ]
  ]
}