{
  "code": "106908639",
  "epsg": 32639,
  "bbox_utm": {
    "minx": 707649.2688143232,
    "miny": 3146412.5999704367,
    "maxx": 707951.0278194717,
    "maxy": 3146714.3589755856
  },
  "polygon_utm": [
    [
      [
        707827.0045001522,
        3146606.7187997447,
        0.0
      ],
      [
        707815.9264001525,
        3146564.886299744,
        0.0
      ],
      [
        707808.4858001525,
        3146530.659799745,
        0.0
      ],
      [
        707804.8482001527,
        3146504.2044997467,
        0.0
      ],
      [
        707796.2503001533,
        3146463.860099744,
        0.0
      ],
      [
        707793.6027001534,
        3146455.708399744,
        0.0
      ],
      [
        707766.3823001528,
        3146476.8895997447,
        0.0
      ],
      [
        707766.5583001522,
        3146478.121199745,
        0.0
      ],
      [
        707765.2581165391,
        3146481.7208681256,
        0.0
      ],
      [
        707763.9579336405,
        3146485.3205354996,
        0.0
      ],
      [
        707764.1331235215,
        3146490.2919205716,
        0.0
      ],
      [
        707764.2622178759,
        3146497.877381424,
        0.0
      ],
      [
        707764.686348538,
        3146503.637617759,
        0.0
      ],
      [
        707766.5303721876,
        3146518.3135047997,
        0.0
      ],
      [
        707767.8672895172,
        3146531.9344790485,
        0.0
      ],
      [
        707768.2176612195,
        3146541.8772087255,
        0.0
      ],
      [
        707767.8119922633,
        3146549.9761828757,
        0.0
      ],
      [
        707769.4900357437,
        3146559.1578469854,
        0.0
      ],
      [
        707773.1780290811,
        3146573.6046982515,
        0.0
      ],
      [
        707775.8748678009,
        3146584.634722345,
        0.0
      ],
      [
        707779.5628430642,
        3146599.0815459564,
        0.0
      ],
      [
        707785.5742257717,
        3146615.922708245,
        0.0
      ],
      [
        707790.2072093845,
        3146636.4003465394,
        0.0
      ],
      [
        707795.7114622102,
        3146652.186577673,
        0.0
      ],
      [
        707794.3238346475,
        3146671.2505462784,
        0.0
      ],
      [
        707836.3387001543,
        3146635.2120997417,
        0.0
      ],
      [
        707827.0045001522,
        3146606.7187997447,
        0.0
      ]
    ]
  ]
}