{
  "code": "106913145",
  "epsg": 32639,
  "bbox_utm": {
    "minx": 708374.8168101548,
    "miny": 3145969.050059738,
    "maxx": 708722.916590157,
    "maxy": 3146317.1498397407
  },
  "polygon_utm": [
    [
      [
        708568.441300157,
        3146113.7144997404,
        0.0
      ],
      [
        708566.000700156,
        3146108.961699739,
        0.0
      ],
      [
        708558.317300156,
        3146080.9599997406,
        0.0
      ],
      [
        708548.2435001555,
        3146042.3722997396,
        0.0
      ],
      [
        708544.8287001558,
        3146026.834799738,
        0.0
      ],
      [
        708544.1457001563,
        3146024.444399739,
        0.0
      ],
      [
        708542.7798001552,
        3146022.5661997385,
        0.0
      ],
      [
        708541.0724001566,
        3146020.68809974,
        0.0
      ],
      [
        708538.3405001574,
        3146020.175899739,
        0.0
      ],
      [
        708531.5108001563,
        3146020.1758997384,
        0.0
      ],
      [
        708521.9493001562,
        3146022.0539997397,
        0.0
      ],
      [
        708514.2659001562,
        3146022.566199739,
        0.0
      ],
      [
        708511.021800156,
        3146022.5661997376,
        0.0
      ],
      [
        708507.6070001558,
        3146021.0295997374,
        0.0
      ],
      [
        708505.6776001558,
        3146018.7785997386,
        0.0
      ],
      [
        708502.7289001556,
        3146025.86929974,
        0.0
      ],
      [
        708500.4843001548,
        3146032.9483997403,
        0.0
      ],
      [
        708499.4483001581,
        3146041.063399742,
        0.0
      ],
      [
        708500.6570001559,
        3146047.279199741,
        0.0
      ],
      [
        708502.7289001577,
        3146056.08489974,
        0.0
      ],
      [
        708504.1102001554,
        3146064.372599741,
        0.0
      ],
      [
        708503.7648001557,
        3146067.8257997404,
        0.0
      ],
      [
        708502.0382001564,
        3146071.7969997404,
        0.0
      ],
      [
        708501.6929001566,
        3146074.3868997386,
        0.0
      ],
      [
        708502.8651001563,
        3146078.1965997387,
        0.0
      ],
      [
        708505.1461001554,
        3146085.6097997394,
        0.0
      ],
      [
        708517.405000156,
        3146131.8827997404,
        0.0
      ],
      [
        708524.6568001572,
        3146161.5803997405,
        0.0
      ],
      [
        708532.081200156,
        3146189.7240997385,
        0.0
      ],
      [
        708531.9085001568,
        3146194.0405997396,
        0.0
      ],
      [
        708530.181900157,
        3146197.493799739,
        0.0
      ],
      [
        708528.1100001562,
        3146198.8750997344,
        0.0
      ],
      [
        708521.2035001549,
        3146201.8102997397,
        0.0
      ],
      [
        708504.4555001559,
        3146206.81749974,
        0.0
      ],
      [
        708485.6355001559,
        3146212.3425997407,
        0.0
      ],
      [
        708465.4590001547,
        3146215.099599742,
        0.0
      ],
      [
        708476.6827001566,
        3146245.3206997416,
        0.0
      ],
      [
        708478.2367001553,
        3146250.673199742,
        0.0
      ],
      [
        708479.4453001566,
        3146253.60839974,
        0.0
      ],
      [
        708480.4813001564,
        3146255.1623997404,
        0.0
      ],
      [
        708483.0712001559,
        3146254.98969974,
        0.0
      ],
      [
        708490.6682001554,
        3146252.5724997385,
        0.0
      ],
      [
        708530.0348001558,
        3146241.5221997392,
        0.0
      ],
      [
        708533.4154001558,
        3146239.890199738,
        0.0
      ],
      [
        708535.0420001574,
        3146239.10499974,
        0.0
      ],
      [
        708536.4232001561,
        3146236.169699741,
        0.0
      ],
      [
        708537.8045001562,
        3146229.2632997367,
        0.0
      ],
      [
        708538.495200156,
        3146220.630299739,
        0.0
      ],
      [
        708540.3944001548,
        3146213.20589974,
        0.0
      ],
      [
        708543.3297001566,
        3146212.16989974,
        0.0
      ],
      [
        708570.7827001564,
        3146210.27069974,
        0.0
      ],
      [
        708574.5812001555,
        3146210.2706997395,
        0.0
      ],
      [
        708576.1351001551,
        3146211.6518997387,
        0.0
      ],
      [
        708577.1711001552,
        3146214.9324997393,
        0.0
      ],
      [
        708578.7251001566,
        3146235.133799739,
        0.0
      ],
      [
        708579.5913050241,
        3146240.6461866754,
        0.0
      ],
      [
        708580.6243001563,
        3146247.2199997394,
        0.0
      ],
      [
        708582.5236001574,
        3146253.6083997395,
        0.0
      ],
      [
        708586.1239477876,
        3146264.7642909936,
        0.0
      ],
      [
        708591.6746001573,
        3146267.42129974,
        0.0
      ],
      [
        708598.2357001561,
        3146265.003999739,
        0.0
      ],
      [
        708631.8774001568,
        3146251.683899742,
        0.0
      ],
      [
        708632.082400157,
        3146239.3862997387,
        0.0
      ],
      [
        708632.2744001572,
        3146239.3580997395,
        0.0
      ],
      [
        708631.6462001561,
        3146231.192299739,
        0.0
      ],
      [
        708629.5973001554,
        3146206.7335997396,
        0.0
      ],
      [
        708628.8290001566,
        3146204.3004997396,
        0.0
      ],
      [
        708627.8045001561,
        3146203.6601997376,
        0.0
      ],
      [
        708626.1398001565,
        3146203.788299739,
        0.0
      ],
      [
        708623.8348001572,
        3146204.044399738,
        0.0
      ],
      [
        708621.1456001572,
        3146204.9407997346,
        0.0
      ],
      [
        708610.9011001562,
        3146207.117699739,
        0.0
      ],
      [
        708606.8033001554,
        3146207.373799738,
        0.0
      ],
      [
        708604.2422001571,
        3146207.2457997384,
        0.0
      ],
      [
        708603.2177001562,
        3146206.093299738,
        0.0
      ],
      [
        708601.809100156,
        3146203.7882997394,
        0.0
      ],
      [
        708601.6810001571,
        3146201.995499741,
        0.0
      ],
      [
        708597.967400158,
        3146173.3107997384,
        0.0
      ],
      [
        708596.8307001555,
        3146165.429999739,
        0.0
      ],
      [
        708576.4890607415,
        3146128.3746884903,
        0.0
      ],
      [
        708573.5134001564,
        3146123.64549974,
        0.0
      ],
      [
        708569.2873655809,
        3146115.2557333154,
        0.0
      ],
      [
        708568.441300157,
        3146113.7144997404,
        0.0
      ]
    ]
  ]
}