{
  "code": "106913084",
  "epsg": 32639,
  "bbox_utm": {
    "minx": 708184.7915685066,
    "miny": 3146105.7317359224,
    "maxx": 708340.9274596298,
    "maxy": 3146261.867627045
  },
  "polygon_utm": [
    [
      [
        708294.4649143154,
        3146154.221964031,
        0.0
      ],
      [
        708285.07046551,
        3146128.0368632255,
        0.0
      ],
      [
        708265.202900155,
        3146134.1554997414,
        0.0
      ],
      [
        708249.3982001548,
        3146145.3812997416,
        0.0
      ],
      [
        708244.0644001552,
        3146149.1696997425,
        0.0
      ],
      [
        708236.1622001561,
        3146154.7012997433,
        0.0
      ],
      [
        708231.0104001553,
        3146157.0790997418,
        0.0
      ],
      [
        708225.8893001562,
        3146159.442699743,
        0.0
      ],
      [
        708218.1846001551,
        3146162.2083997405,
        0.0
      ],
      [
        708215.7663001561,
        3146162.9249997432,
        0.0
      ],
      [
        708215.5746001557,
        3146162.9881997406,
        0.0
      ],
      [
        708215.0519001549,
        3146163.2318997416,
        0.0
      ],
      [
        708214.5795001539,
        3146163.562699742,
        0.0
      ],
      [
        708214.1717001554,
        3146163.9704997437,
        0.0
      ],
      [
        708213.8409001549,
        3146164.442999742,
        0.0
      ],
      [
        708213.5971001547,
        3146164.965699744,
        0.0
      ],
      [
        708213.4479001537,
        3146165.522799744,
        0.0
      ],
      [
        708213.3976001558,
        3146166.097299742,
        0.0
      ],
      [
        708213.4479001542,
        3146166.6718997383,
        0.0
      ],
      [
        708218.974800155,
        3146193.4222997404,
        0.0
      ],
      [
        708222.3333001556,
        3146203.102499741,
        0.0
      ],
      [
        708226.4820001547,
        3146210.609599741,
        0.0
      ],
      [
        708231.4209001545,
        3146216.733899741,
        0.0
      ],
      [
        708239.7182001553,
        3146225.623899742,
        0.0
      ],
      [
        708252.8965001549,
        3146239.562499742,
        0.0
      ],
      [
        708255.6965001551,
        3146237.9730997407,
        0.0
      ],
      [
        708263.2936001571,
        3146233.4838997377,
        0.0
      ],
      [
        708312.3214279807,
        3146207.0758475857,
        0.0
      ],
      [
        708294.4649143154,
        3146154.221964031,
        0.0
      ]
    ]
  ]
}