{
  "code": "106914474",
  "epsg": 32639,
  "bbox_utm": {
    "minx": 706983.8022801518,
    "miny": 3145339.5030797482,
    "maxx": 707862.0273201508,
    "maxy": 3146217.7281197472
  },
  "polygon_utm": [
    [
      [
        707585.4980001517,
        3146026.861199745,
        0.0
      ],
      [
        707585.3208001523,
        3146026.7507997463,
        0.0
      ],
      [
        707585.1785001527,
        3146026.5920997458,
        0.0
      ],
      [
        707584.8551001525,
        3146026.1302997456,
        0.0
      ],
      [
        707584.6169001521,
        3146025.6192997466,
        0.0
      ],
      [
        707584.470900153,
        3146025.0746997455,
        0.0
      ],
      [
        707584.4218001515,
        3146024.513099747,
        0.0
      ],
      [
        707584.4709001523,
        3146023.9513997464,
        0.0
      ],
      [
        707584.6169001533,
        3146023.4067997457,
        0.0
      ],
      [
        707584.8551001535,
        3146022.8958997466,
        0.0
      ],
      [
        707585.1785001525,
        3146022.4339997466,
        0.0
      ],
      [
        707585.5195001524,
        3146022.0849997466,
        0.0
      ],
      [
        707597.6488001521,
        3146011.4110997473,
        0.0
      ],
      [
        707611.761500152,
        3145997.178899747,
        0.0
      ],
      [
        707619.2962001523,
        3145988.9264997463,
        0.0
      ],
      [
        707621.3294001526,
        3145985.9365997463,
        0.0
      ],
      [
        707621.3294001524,
        3145984.022999746,
        0.0
      ],
      [
        707620.1334001536,
        3145982.5877997475,
        0.0
      ],
      [
        707615.3494001519,
        3145979.358599746,
        0.0
      ],
      [
        707603.0307001522,
        3145973.7374997474,
        0.0
      ],
      [
        707592.8648001517,
        3145969.910299745,
        0.0
      ],
      [
        707582.6989001525,
        3145965.0067997454,
        0.0
      ],
      [
        707573.4898001518,
        3145962.6147997463,
        0.0
      ],
      [
        707553.9952001531,
        3145958.1895997464,
        0.0
      ],
      [
        707545.3442001522,
        3145955.3989997464,
        0.0
      ],
      [
        707534.660000152,
        3145952.0501997466,
        0.0
      ],
      [
        707517.1189001519,
        3145940.728199746,
        0.0
      ],
      [
        707496.3884001512,
        3145927.6519997474,
        0.0
      ],
      [
        707471.9902001529,
        3145912.3433997463,
        0.0
      ],
      [
        707451.7381001512,
        3145896.5562997465,
        0.0
      ],
      [
        707439.1404001513,
        3145880.131399748,
        0.0
      ],
      [
        707423.3533001508,
        3145861.7928997464,
        0.0
      ],
      [
        707418.7288001513,
        3145855.2547997464,
        0.0
      ],
      [
        707410.9150001515,
        3145846.643699747,
        0.0
      ],
      [
        707401.5066001512,
        3145834.0459997472,
        0.0
      ],
      [
        707393.6928001519,
        3145822.723899747,
        0.0
      ],
      [
        707384.922200151,
        3145805.9800997484,
        0.0
      ],
      [
        707375.0354001517,
        3145784.611799748,
        0.0
      ],
      [
        707364.829600151,
        3145762.924499748,
        0.0
      ],
      [
        707356.3779001515,
        3145742.991299748,
        0.0
      ],
      [
        707349.3615001508,
        3145722.739299747,
        0.0
      ],
      [
        707344.5775001508,
        3145706.6332997493,
        0.0
      ],
      [
        707336.2853001507,
        3145685.264899748,
        0.0
      ],
      [
        707329.2689001508,
        3145669.477899747,
        0.0
      ],
      [
        707324.9633001513,
        3145649.863699749,
        0.0
      ],
      [
        707324.6444001514,
        3145643.1660997462,
        0.0
      ],
      [
        707323.6876001507,
        3145636.9469997496,
        0.0
      ],
      [
        707322.2524001505,
        3145631.5251997486,
        0.0
      ],
      [
        707313.6014001523,
        3145609.7979997485,
        0.0
      ],
      [
        707304.631500151,
        3145586.7153997477,
        0.0
      ],
      [
        707297.0968001514,
        3145568.655999748,
        0.0
      ],
      [
        707292.3128001514,
        3145553.586499749,
        0.0
      ],
      [
        707290.9972001514,
        3145543.3009997495,
        0.0
      ],
      [
        707288.2464001508,
        3145533.0154997483,
        0.0
      ],
      [
        707285.3761001509,
        3145523.6867997474,
        0.0
      ],
      [
        707283.3429001503,
        3145518.1852997486,
        0.0
      ],
      [
        707279.9941001504,
        3145512.8032997474,
        0.0
      ],
      [
        707278.3197001505,
        3145508.8565997486,
        0.0
      ],
      [
        707273.2966001511,
        3145494.624299747,
        0.0
      ],
      [
        707266.5990001513,
        3145483.2623997475,
        0.0
      ],
      [
        707260.8583001513,
        3145476.206099748,
        0.0
      ],
      [
        707249.7356001511,
        3145469.5084997495,
        0.0
      ],
      [
        707242.559700151,
        3145466.757699749,
        0.0
      ],
      [
        707236.5797001516,
        3145464.963799748,
        0.0
      ],
      [
        707230.7194001502,
        3145465.3225997486,
        0.0
      ],
      [
        707227.251000151,
        3145466.2792997495,
        0.0
      ],
      [
        707225.2178001504,
        3145467.236099748,
        0.0
      ],
      [
        707224.5002001501,
        3145469.269299749,
        0.0
      ],
      [
        707226.4138001513,
        3145472.259299747,
        0.0
      ],
      [
        707228.3274001502,
        3145476.3255997486,
        0.0
      ],
      [
        707231.317400152,
        3145481.4683997487,
        0.0
      ],
      [
        707233.3505001504,
        3145488.5246997494,
        0.0
      ],
      [
        707234.0681001502,
        3145494.145899749,
        0.0
      ],
      [
        707235.8621001502,
        3145505.746999748,
        0.0
      ],
      [
        707236.5797001506,
        3145519.500899749,
        0.0
      ],
      [
        707235.8621001502,
        3145532.4174997485,
        0.0
      ],
      [
        707234.9053001511,
        3145541.3874997473,
        0.0
      ],
      [
        707232.7525001524,
        3145553.4668997494,
        0.0
      ],
      [
        707230.8390001504,
        3145564.2307997467,
        0.0
      ],
      [
        707229.6430001506,
        3145573.320399747,
        0.0
      ],
      [
        707229.4038001508,
        3145613.5055997483,
        0.0
      ],
      [
        707230.9586001503,
        3145631.0865997486,
        0.0
      ],
      [
        707232.6329001503,
        3145639.458599749,
        0.0
      ],
      [
        707244.7124001505,
        3145683.470899748,
        0.0
      ],
      [
        707257.0311001521,
        3145721.9817997483,
        0.0
      ],
      [
        707277.0041001507,
        3145783.575199749,
        0.0
      ],
      [
        707288.2464001502,
        3145819.4548997493,
        0.0
      ],
      [
        707299.9671001518,
        3145842.4178997474,
