{
  "code": "106914711",
  "epsg": 32639,
  "bbox_utm": {
    "minx": 684783.3159400789,
    "miny": 3145519.525939857,
    "maxx": 685471.4527600821,
    "maxy": 3146207.6627598596
  },
  "polygon_utm": [
    [
      [
        685045.7637000795,
        3146063.0712998584,
        0.0
      ],
      [
        685047.2032000794,
        3146066.3151998585,
        0.0
      ],
      [
        685047.4709000804,
        3146066.9186998587,
        0.0
      ],
      [
        685052.7788000818,
        3146064.826199856,
        0.0
      ],
      [
        685078.7757000803,
        3146057.5681998585,
        0.0
      ],
      [
        685098.9018000804,
        3146050.8594998578,
        0.0
      ],
      [
        685124.4885000805,
        3146040.8744998593,
        0.0
      ],
      [
        685142.430400081,
        3146032.7615998597,
        0.0
      ],
      [
        685158.5001000792,
        3146026.520999858,
        0.0
      ],
      [
        685165.6768000814,
        3146024.4927998576,
        0.0
      ],
      [
        685173.3216000798,
        3146023.088599858,
        0.0
      ],
      [
        685183.4627000794,
        3146022.308599857,
        0.0
      ],
      [
        685192.3556000802,
        3146021.8404998593,
        0.0
      ],
      [
        685208.4253000795,
        3146018.0960998586,
        0.0
      ],
      [
        685227.6153000789,
        3146009.6711998577,
        0.0
      ],
      [
        685237.2883000807,
        3146004.6786998585,
        0.0
      ],
      [
        685239.6285000799,
        3146003.2745998576,
        0.0
      ],
      [
        685242.9048000806,
        3146001.090299858,
        0.0
      ],
      [
        685245.0891000798,
        3145999.5301998598,
        0.0
      ],
      [
        685247.8974000801,
        3145997.969999858,
        0.0
      ],
      [
        685249.9256000797,
        3145997.189899858,
        0.0
      ],
      [
        685253.2019000803,
        3145996.409899858,
        0.0
      ],
      [
        685255.8542000796,
        3145995.6297998554,
        0.0
      ],
      [
        685260.0666000795,
        3145993.289499858,
        0.0
      ],
      [
        685262.5629000801,
        3145991.4172998546,
        0.0
      ],
      [
        685265.8392000801,
        3145990.0131998574,
        0.0
      ],
      [
        685270.0517000798,
        3145988.9210998574,
        0.0
      ],
      [
        685272.1172000802,
        3145988.7680998556,
        0.0
      ],
      [
        685260.89670008,
        3145959.3993998584,
        0.0
      ],
      [
        685266.0972000802,
        3145954.6148998514,
        0.0
      ],
      [
        685350.1380000804,
        3145881.8072998575,
        0.0
      ],
      [
        685373.1475000817,
        3145861.4873998584,
        0.0
      ],
      [
        685368.6540000807,
        3145855.9951998577,
        0.0
      ],
      [
        685339.32290008,
        3145816.367099858,
        0.0
      ],
      [
        685323.7213000815,
        3145793.900699857,
        0.0
      ],
      [
        685321.0690000812,
        3145791.872499858,
        0.0
      ],
      [
        685318.4167000805,
        3145791.4044998586,
        0.0
      ],
      [
        685314.672300081,
        3145792.184599855,
        0.0
      ],
      [
        685313.4242000803,
        3145791.560499858,
        0.0
      ],
      [
        685310.6159000796,
        3145787.035999858,
        0.0
      ],
      [
        685312.3321000813,
        3145785.007799857,
        0.0
      ],
      [
        685313.2682000803,
        3145783.2915998567,
        0.0
      ],
      [
        685313.2682000793,
        3145780.171299857,
        0.0
      ],
      [
        685311.3960000807,
        3145776.8949998575,
        0.0
      ],
      [
        685307.495600081,
        3145772.0584998582,
        0.0
      ],
      [
        685300.0068000806,
        3145762.073399857,
        0.0
      ],
      [
        685292.3620000801,
        3145750.840299858,
        0.0
      ],
      [
        685284.71720008,
        3145736.6427998585,
        0.0
      ],
      [
        685266.7753000803,
        3145713.240299855,
        0.0
      ],
      [
        685252.2768000815,
        3145690.733099859,
        0.0
      ],
      [
        685225.5294000809,
        3145701.817999856,
        0.0
      ],
      [
        685198.2656000792,
        3145712.3490998554,
        0.0
      ],
      [
        685192.2767000806,
        3145714.272199857,
        0.0
      ],
      [
        685185.511200079,
        3145716.4445998576,
        0.0
      ],
      [
        685167.4913000795,
        3145721.4760998576,
        0.0
      ],
      [
        685153.566900079,
        3145723.348299857,
        0.0
      ],
      [
        685138.4723000801,
        3145724.869399858,
        0.0
      ],
      [
        685134.2599000789,
        3145725.805499858,
        0.0
      ],
      [
        685109.3363000805,
        3145733.8793998575,
        0.0
      ],
      [
        685089.9123000804,
        3145739.6129998574,
        0.0
      ],
      [
        685082.8915000797,
        3145742.0701998593,
        0.0
      ],
      [
        685081.9554000807,
        3145742.4212998585,
        0.0
      ],
      [
        685077.5090000795,
        3145737.0386998584,
        0.0
      ],
      [
        685059.2226000798,
        3145709.571199859,
        0.0
      ],
      [
        685034.5720000785,
        3145675.24759986,
        0.0
      ],
      [
        685023.1024000801,
        3145660.566599859,
        0.0
      ],
      [
        685022.8708000795,
        3145660.2699998575,
        0.0
      ],
      [
        685016.4741000806,
        3145664.638499858,
        0.0
      ],
      [
        685004.4609000804,
        3145674.311499859,
        0.0
      ],
      [
        684976.6900000803,
        3145700.0541998586,
        0.0
      ],
      [
        684958.2800000795,
        3145714.5636998587,
        0.0
      ],
      [
        684918.8079000809,
        3145742.6465998595,
        0.0
      ],
      [
        684892.7532000794,
        3145760.9004998584,
        0.0
      ],
      [
        684883.0802000794,
        3145767.765199858,
        0.0
      ],
      [
        684881.6212000794,
        3145768.911599856,
        0.0
      ],
      [
        684911.7978000792,
        3145823.222299859,
        0.0
      ],
      [
        684927.8155000801,
        3145851.0971998596,
        0.0
      ],
      [
        684939.8701625412,
        3145872.585987614,
        0.0
      ],
      [
        684975.66040008,
        3145936.3860998587,
        0.0
      ],
      [
        685045.4482000795,
        3146062.5010998584,
        0.0
      ],
      [
        685045.7637000795,
        3146063.0712998584,
        0.0
      ]
    ]
  ]
}