{
  "code": "106904866",
  "epsg": 32639,
  "bbox_utm": {
    "minx": 707310.4017901514,
    "miny": 3146834.1299397456,
    "maxx": 707485.892210152,
    "maxy": 3147009.620359747
  },
  "polygon_utm": [
    [
      [
        707420.0629001518,
        3146916.8672997463,
        0.0
      ],
      [
        707407.8407001515,
        3146879.6983997463,
        0.0
      ],
      [
        707404.4222001514,
        3146859.1999997464,
        0.0
      ],
      [
        707380.0477001527,
        3146868.2504997463,
        0.0
      ],
      [
        707377.2851001511,
        3146868.5015997463,
        0.0
      ],
      [
        707373.5180001515,
        3146867.497099747,
        0.0
      ],
      [
        707372.2623001507,
        3146865.8645997485,
        0.0
      ],
      [
        707369.2486001508,
        3146865.3623997485,
        0.0
      ],
      [
        707367.4906001511,
        3146867.1203997475,
        0.0
      ],
      [
        707362.5037001515,
        3146871.9406997473,
        0.0
      ],
      [
        707364.6077001508,
        3146875.8142997473,
        0.0
      ],
      [
        707365.3115001513,
        3146878.9813997475,
        0.0
      ],
      [
        707367.2469001508,
        3146883.7319997475,
        0.0
      ],
      [
        707370.7659001513,
        3146891.6495997477,
        0.0
      ],
      [
        707376.9241001516,
        3146911.531799748,
        0.0
      ],
      [
        707385.8974001522,
        3146935.2847997476,
        0.0
      ],
      [
        707392.7594001507,
        3146952.7036997476,
        0.0
      ],
      [
        707398.741700151,
        3146974.521299747,
        0.0
      ],
      [
        707401.3809001516,
        3146981.0313997474,
        0.0
      ],
      [
        707401.9087001506,
        3146982.2629997465,
        0.0
      ],
      [
        707402.4366001517,
        3146983.318699748,
        0.0
      ],
      [
        707403.1404001515,
        3146984.1983997473,
        0.0
      ],
      [
        707404.0201001521,
        3146984.550299747,
        0.0
      ],
      [
        707425.8377001511,
        3146966.251699748,
        0.0
      ],
      [
        707433.790300152,
        3146959.224599748,
        0.0
      ],
      [
        707420.0629001518,
        3146916.8672997463,
        0.0
      ]
    ]
  ]
}