{
  "code": "106924839",
  "epsg": 32639,
  "bbox_utm": {
    "minx": 685800.9926200814,
    "miny": 3144951.3264198555,
    "maxx": 686094.1356800823,
    "maxy": 3145244.469479856
  },
  "polygon_utm": [
    [
      [
        686033.5157000823,
        3145076.085999855,
        0.0
      ],
      [
        686011.2054000823,
        3145059.860299857,
        0.0
      ],
      [
        685965.1806000813,
        3145026.004699855,
        0.0
      ],
      [
        685951.7632000815,
        3145015.863699856,
        0.0
      ],
      [
        685923.3172000821,
        3144995.3843998564,
        0.0
      ],
      [
        685922.7892000822,
        3144996.0388998557,
        0.0
      ],
      [
        685908.279700082,
        3145015.3848998556,
        0.0
      ],
      [
        685842.8702000815,
        3145104.762399855,
        0.0
      ],
      [
        685858.7144000818,
        3145116.645999856,
        0.0
      ],
      [
        685929.6511000823,
        3145167.2816998563,
        0.0
      ],
      [
        685977.7135000816,
        3145200.4114998556,
        0.0
      ],
      [
        685981.9170000821,
        3145195.0520998565,
        0.0
      ],
      [
        685984.1402000824,
        3145190.488599856,
        0.0
      ],
      [
        685986.0124000838,
        3145185.106099855,
        0.0
      ],
      [
        685987.0655000815,
        3145181.244699855,
        0.0
      ],
      [
        685989.9908000819,
        3145175.5110998545,
        0.0
      ],
      [
        685992.2140000815,
        3145171.5326998564,
        0.0
      ],
      [
        685994.5543000817,
        3145169.4263998554,
        0.0
      ],
      [
        685998.7667000813,
        3145166.150099855,
        0.0
      ],
      [
        686003.0962000815,
        3145160.2994998554,
        0.0
      ],
      [
        686004.5003000838,
        3145156.4380998565,
        0.0
      ],
      [
        686008.712700082,
        3145149.417399856,
        0.0
      ],
      [
        686009.8829000813,
        3145146.374999856,
        0.0
      ],
      [
        686011.6380000823,
        3145141.2264998564,
        0.0
      ],
      [
        686013.8613000817,
        3145137.833199856,
        0.0
      ],
      [
        686021.7011000821,
        3145126.3659998556,
        0.0
      ],
      [
        686032.4662000814,
        3145112.7924998575,
        0.0
      ],
      [
        686046.1566000825,
        3145097.9319998547,
        0.0
      ],
      [
        686052.2581000822,
        3145092.0207998552,
        0.0
      ],
      [
        686033.5157000823,
        3145076.085999855,
        0.0
      ]
    ]
  ]
}