{
  "code": "106920059",
  "epsg": 32639,
  "bbox_utm": {
    "minx": 707929.3132300137,
    "miny": 3145474.919342605,
    "maxx": 708090.0105299747,
    "maxy": 3145635.616642565
  },
  "polygon_utm": [
    [
      [
        708025.3212001548,
        3145610.763599734,
        0.0
      ],
      [
        708028.8417001537,
        3145610.059499743,
        0.0
      ],
      [
        708032.2214001549,
        3145608.2287997436,
        0.0
      ],
      [
        708034.8970001553,
        3145606.8205997427,
        0.0
      ],
      [
        708036.5868001538,
        3145605.5531997452,
        0.0
      ],
      [
        708037.0093001537,
        3145603.5817997446,
        0.0
      ],
      [
        708037.2909001553,
        3145600.624599744,
        0.0
      ],
      [
        708038.2766001542,
        3145595.9774997425,
        0.0
      ],
      [
        708039.825700154,
        3145583.8669997444,
        0.0
      ],
      [
        708043.0645001552,
        3145571.193299744,
        0.0
      ],
      [
        708048.5565001538,
        3145559.082799744,
        0.0
      ],
      [
        708055.0342001559,
        3145547.958099743,
        0.0
      ],
      [
        708058.1322001537,
        3145542.6068997425,
        0.0
      ],
      [
        708061.1901001544,
        3145539.8708997425,
        0.0
      ],
      [
        708060.6940001557,
        3145537.189799741,
        0.0
      ],
      [
        708060.6940001552,
        3145535.6092997426,
        0.0
      ],
      [
        708060.8915001538,
        3145533.8312997445,
        0.0
      ],
      [
        708061.2866001549,
        3145532.053299744,
        0.0
      ],
      [
        708061.6818001549,
        3145530.670399743,
        0.0
      ],
      [
        708061.6818001538,
        3145528.4972997406,
        0.0
      ],
      [
        708059.1135001559,
        3145520.792599742,
        0.0
      ],
      [
        708057.335500154,
        3145514.273299742,
        0.0
      ],
      [
        708054.9649001543,
        3145508.3465997437,
        0.0
      ],
      [
        708053.1869001543,
        3145502.814999743,
        0.0
      ],
      [
        708051.0137001541,
        3145499.456599743,
        0.0
      ],
      [
        708049.4259422026,
        3145499.0936685503,
        0.0
      ],
      [
        708044.0993001545,
        3145497.876099742,
        0.0
      ],
      [
        708036.3946001559,
        3145498.0736997407,
        0.0
      ],
      [
        708027.3070001553,
        3145498.6663997443,
        0.0
      ],
      [
        708019.2072001542,
        3145501.629699744,
        0.0
      ],
      [
        708009.5270001554,
        3145505.580799743,
        0.0
      ],
      [
        708002.6125001528,
        3145509.531899741,
        0.0
      ],
      [
        707998.4639001538,
        3145514.865899744,
        0.0
      ],
      [
        707994.907800154,
        3145520.3974997434,
        0.0
      ],
      [
        707987.7958001548,
        3145525.7314997436,
        0.0
      ],
      [
        707972.9791001547,
        3145535.6092997417,
        0.0
      ],
      [
        707957.8687001544,
        3145546.672399744,
        0.0
      ],
      [
        707957.8687001548,
        3145552.9218997434,
        0.0
      ],
      [
        707957.8687001546,
        3145557.2520997445,
        0.0
      ],
      [
        707957.7630083569,
        3145560.8074829457,
        0.0
      ],
      [
        707957.6419598334,
        3145563.943466489,
        0.0
      ],
      [
        707958.024552733,
        3145572.057021176,
        0.0
      ],
      [
        707959.0041581322,
        3145583.5807277225,
        0.0
      ],
      [
        707963.1095046202,
        3145604.1816397635,
        0.0
      ],
      [
        707965.0308110154,
        3145610.753264404,
        0.0
      ],
      [
        707969.2792422017,
        3145612.070394277,
        0.0
      ],
      [
        707976.5106260804,
        3145608.209982841,
        0.0
      ],
      [
        707982.9985818706,
        3145605.513246296,
        0.0
      ],
      [
        707988.4572501467,
        3145605.2826853897,
        0.0
      ],
      [
        707992.5132019662,
        3145606.334918636,
        0.0
      ],
      [
        708000.2101571035,
        3145609.6088569346,
        0.0
      ],
      [
        708003.91169041,
        3145610.2625758555,
        0.0
      ],
      [
        708008.7156644021,
        3145611.752967647,
        0.0
      ],
      [
        708011.9578904229,
        3145612.3658944694,
        0.0
      ],
      [
        708015.2393090754,
        3145612.6199390674,
        0.0
      ],
      [
        708018.0654585587,
        3145612.6044405126,
        0.0
      ],
      [
        708023.05905159,
        3145612.6598854284,
        0.0
      ],
      [
        708025.3212001548,
        3145610.763599734,
        0.0
      ]
    ]
  ]
}