{
  "code": "106911930",
  "epsg": 32639,
  "bbox_utm": {
    "minx": 707858.5670845493,
    "miny": 3146267.0932804337,
    "maxx": 707985.4559860892,
    "maxy": 3146393.982181973
  },
  "polygon_utm": [
    [
      [
        707960.7892209083,
        3146286.823196274,
        0.0
      ],
      [
        707947.5824143448,
        3146290.4471570454,
        0.0
      ],
      [
        707931.5876483164,
        3146295.656269715,
        0.0
      ],
      [
        707912.8158885059,
        3146301.8296886533,
        0.0
      ],
      [
        707903.387096545,
        3146303.62452575,
        0.0
      ],
      [
        707893.0028525989,
        3146307.4290873143,
        0.0
      ],
      [
        707880.704276698,
        3146311.722869903,
        0.0
      ],
      [
        707876.6940704836,
        3146313.6786954585,
        0.0
      ],
      [
        707879.5275185124,
        3146316.9646621873,
        0.0
      ],
      [
        707882.6911492723,
        3146322.021532857,
        0.0
      ],
      [
        707894.3141807482,
        3146337.3931897115,
        0.0
      ],
      [
        707902.8404323839,
        3146345.7806467926,
        0.0
      ],
      [
        707911.838057291,
        3146353.5226914124,
        0.0
      ],
      [
        707918.2148547098,
        3146360.826254064,
        0.0
      ],
      [
        707924.8175141856,
        3146370.225739628,
        0.0
      ],
      [
        707926.7041274325,
        3146375.031262663,
        0.0
      ],
      [
        707951.2623001524,
        3146364.690799743,
        0.0
      ],
      [
        707951.6445001558,
        3146364.423099744,
        0.0
      ],
      [
        707952.067500154,
        3146364.225899744,
        0.0
      ],
      [
        707952.4581001537,
        3146364.1163997436,
        0.0
      ],
      [
        707954.2927001534,
        3146363.7494997433,
        0.0
      ],
      [
        707958.1199001551,
        3146362.4338997444,
        0.0
      ],
      [
        707960.2727001534,
        3146360.879099745,
        0.0
      ],
      [
        707961.7079001528,
        3146358.726399741,
        0.0
      ],
      [
        707962.5451001527,
        3146356.9323997432,
        0.0
      ],
      [
        707963.3822001541,
        3146354.42079974,
        0.0
      ],
      [
        707964.8174001533,
        3146352.507199744,
        0.0
      ],
      [
        707965.7742001539,
        3146349.9955997434,
        0.0
      ],
      [
        707966.7310001526,
        3146345.6900997427,
        0.0
      ],
      [
        707967.3290001549,
        3146342.4608997423,
        0.0
      ],
      [
        707967.0898001547,
        3146331.816599743,
        0.0
      ],
      [
        707964.697800154,
        3146300.9600997446,
        0.0
      ],
      [
        707964.3011001535,
        3146286.044199744,
        0.0
      ],
      [
        707960.7892209083,
        3146286.823196274,
        0.0
      ]
    ]
  ]
}