{
  "code": "106921920",
  "epsg": 32639,
  "bbox_utm": {
    "minx": 685951.5511700836,
    "miny": 3144837.7716198554,
    "maxx": 686674.5376300822,
    "maxy": 3145560.758079854
  },
  "polygon_utm": [
    [
      [
        686444.952800084,
        3145334.1629998535,
        0.0
      ],
      [
        686415.7522000829,
        3145287.320499853,
        0.0
      ],
      [
        686450.0223000835,
        3145270.4895998547,
        0.0
      ],
      [
        686478.2590000828,
        3145254.241999854,
        0.0
      ],
      [
        686470.3505000831,
        3145151.837299854,
        0.0
      ],
      [
        686468.7283000825,
        3145128.1117998534,
        0.0
      ],
      [
        686468.728300083,
        3145124.8672998534,
        0.0
      ],
      [
        686467.0195000845,
        3145124.1442998545,
        0.0
      ],
      [
        686466.193100083,
        3145123.4012998533,
        0.0
      ],
      [
        686467.1265000832,
        3145119.434399853,
        0.0
      ],
      [
        686467.3598000827,
        3145115.4675998515,
        0.0
      ],
      [
        686463.8596000834,
        3145078.1323998547,
        0.0
      ],
      [
        686460.1261000829,
        3145023.5297998525,
        0.0
      ],
      [
        686455.2259000828,
        3145020.7296998533,
        0.0
      ],
      [
        686454.059200083,
        3145016.7627998553,
        0.0
      ],
      [
        686459.1928000837,
        3145012.329299854,
        0.0
      ],
      [
        686458.8004000834,
        3144986.947199854,
        0.0
      ],
      [
        686454.3627000833,
        3144948.960199854,
        0.0
      ],
      [
        686453.114600083,
        3144942.0954998536,
        0.0
      ],
      [
        686451.8664000828,
        3144941.263399854,
        0.0
      ],
      [
        686449.7862000831,
        3144941.055399855,
        0.0
      ],
      [
        686447.0819000829,
        3144941.055399855,
        0.0
      ],
      [
        686443.9616000833,
        3144942.303499854,
        0.0
      ],
      [
        686439.3851000827,
        3144944.383699854,
        0.0
      ],
      [
        686433.5605000827,
        3144946.8799998546,
        0.0
      ],
      [
        686426.695800083,
        3144949.168199853,
        0.0
      ],
      [
        686421.7033000835,
        3144950.2082998534,
        0.0
      ],
      [
        686378.8508000845,
        3144962.2735998547,
        0.0
      ],
      [
        686353.0561000824,
        3144969.554299854,
        0.0
      ],
      [
        686317.4844000832,
        3144977.2511998536,
        0.0
      ],
      [
        686293.353900084,
        3144982.2436998547,
        0.0
      ],
      [
        686282.3288000829,
        3144982.451699855,
        0.0
      ],
      [
        686272.9678000825,
        3144984.7398998546,
        0.0
      ],
      [
        686257.5742000829,
        3144991.8126998534,
        0.0
      ],
      [
        686243.4287000828,
        3145003.8778998544,
        0.0
      ],
      [
        686233.4437000824,
        3145011.3666998534,
        0.0
      ],
      [
        686212.0174000838,
        3145021.9757998553,
        0.0
      ],
      [
        686194.5436000832,
        3145033.000999856,
        0.0
      ],
      [
        686178.3179000823,
        3145041.9458998544,
        0.0
      ],
      [
        686161.4682000827,
        3145057.131499855,
        0.0
      ],
      [
        686137.3377000832,
        3145078.5576998545,
        0.0
      ],
      [
        686135.6735000821,
        3145081.6779998546,
        0.0
      ],
      [
        686135.8815000833,
        3145085.838499855,
        0.0
      ],
      [
        686137.1874000825,
        3145098.050099856,
        0.0
      ],
      [
        686135.642700082,
        3145125.5490998547,
        0.0
      ],
      [
        686138.8512000827,
        3145150.2299998556,
        0.0
      ],
      [
        686141.5661000828,
        3145186.5108998553,
        0.0
      ],
      [
        686141.8129000827,
        3145208.7236998556,
        0.0
      ],
      [
        686138.6044000823,
        3145228.9619998545,
        0.0
      ],
      [
        686131.9406000831,
        3145257.3449998563,
        0.0
      ],
      [
        686126.5322000829,
        3145285.395599856,
        0.0
      ],
      [
        686139.9094000823,
        3145288.739899855,
        0.0
      ],
      [
        686169.2404000822,
        3145293.8883998543,
        0.0
      ],
      [
        686189.5225000822,
        3145296.6966998545,
        0.0
      ],
      [
        686214.953200083,
        3145299.816999854,
        0.0
      ],
      [
        686229.6187000829,
        3145302.001199854,
        0.0
      ],
      [
        686236.6394000822,
        3145305.277599856,
        0.0
      ],
      [
        686256.0495000824,
        3145315.7573998543,
        0.0
      ],
      [
        686256.1004000825,
        3145315.932699855,
        0.0
      ],
      [
        686265.6312000823,
        3145321.002299854,
        0.0
      ],
      [
        686272.7285000827,
        3145321.2049998543,
        0.0
      ],
      [
        686280.0287000836,
        3145321.204999855,
        0.0
      ],
      [
        686292.6011000825,
        3145319.9882998546,
        0.0
      ],
      [
        686298.6846000829,
        3145318.771699854,
        0.0
      ],
      [
        686304.1597000832,
        3145317.554999855,
        0.0
      ],
      [
        686309.2292000826,
        3145316.3382998556,
        0.0
      ],
      [
        686317.1377000824,
        3145314.107699854,
        0.0
      ],
      [
        686321.8017000823,
        3145313.296499853,
        0.0
      ],
      [
        686325.6545000827,
        3145312.282599854,
        0.0
      ],
      [
        686348.771700083,
        3145310.254799853,
        0.0
      ],
      [
        686355.666200083,
        3145310.6603998533,
        0.0
      ],
      [
        686360.5330000824,
        3145312.0798998545,
        0.0
      ],
      [
        686366.6164000826,
        3145319.7855998524,
        0.0
      ],
      [
        686414.0674000832,
        3145395.423099855,
        0.0
      ],
      [
        686450.6421000832,
        3145455.9196998538,
        0.0
      ],
      [
        686451.5820000835,
        3145457.474299854,
        0.0
      ],
      [
        686458.6793000832,
        3145455.243699854,
        0.0
      ],
      [
        686469.0212000834,
        3145449.9713998535,
        0.0
      ],
      [
        686480.1742000835,
        3145441.657399854,
        0.0
      ],
      [
        686493.1522000837,
        3145429.895999853,
        0.0
      ],
      [
        686499.5566000829,
        3145424.7332998547,
        0.0
      ],
      [
        686444.952800084,
        3145334.1629998535,
        0.0
      ]
    ]
  ]
}