{
  "code": "106914249",
  "epsg": 32639,
  "bbox_utm": {
    "minx": 707235.2495201502,
    "miny": 3145957.0030204784,
    "maxx": 707428.8819801523,
    "maxy": 3146150.6354804803
  },
  "polygon_utm": [
    [
      [
        707393.5937001513,
        3146065.3476997465,
        0.0
      ],
      [
        707381.0337001507,
        3146051.6954997475,
        0.0
      ],
      [
        707372.8424001521,
        3146040.7737997477,
        0.0
      ],
      [
        707369.2018001513,
        3146032.218399748,
        0.0
      ],
      [
        707366.2893001524,
        3146023.662999746,
        0.0
      ],
      [
        707363.0128001517,
        3146013.833399749,
        0.0
      ],
      [
        707359.0082001514,
        3146006.370199749,
        0.0
      ],
      [
        707355.5496001509,
        3146001.819499748,
        0.0
      ],
      [
        707350.4528001504,
        3145996.904699748,
        0.0
      ],
      [
        707349.7133001513,
        3145997.308099747,
        0.0
      ],
      [
        707338.43880015,
        3146003.4577997485,
        0.0
      ],
      [
        707314.9570001506,
        3146013.287299747,
        0.0
      ],
      [
        707298.3924001512,
        3146018.5661997474,
        0.0
      ],
      [
        707275.8207001514,
        3146023.480999749,
        0.0
      ],
      [
        707275.6955884476,
        3146023.5109744286,
        0.0
      ],
      [
        707272.2435001525,
        3146025.286999748,
        0.0
      ],
      [
        707270.337500151,
        3146025.4140997487,
        0.0
      ],
      [
        707268.812700151,
        3146025.159999748,
        0.0
      ],
      [
        707265.1985001503,
        3146027.9694997487,
        0.0
      ],
      [
        707263.0384001504,
        3146032.0354997474,
        0.0
      ],
      [
        707262.9113001506,
        3146036.990999749,
        0.0
      ],
      [
        707263.9278001514,
        3146040.6758997478,
        0.0
      ],
      [
        707267.485600152,
        3146046.6478997474,
        0.0
      ],
      [
        707270.4081001508,
        3146053.890499746,
        0.0
      ],
      [
        707272.69530015,
        3146059.608399747,
        0.0
      ],
      [
        707275.2365001506,
        3146071.0441997475,
        0.0
      ],
      [
        707285.5287001523,
        3146095.948699748,
        0.0
      ],
      [
        707290.5850958753,
        3146110.733801211,
        0.0
      ],
      [
        707295.4256001505,
        3146109.4032997484,
        0.0
      ],
      [
        707308.132000153,
        3146105.676099748,
        0.0
      ],
      [
        707340.1521001516,
        3146095.8498997483,
        0.0
      ],
      [
        707364.0401001512,
        3146089.5813997467,
        0.0
      ],
      [
        707380.9819001514,
        3146084.8376997462,
        0.0
      ],
      [
        707390.6388001519,
        3146080.6021997468,
        0.0
      ],
      [
        707395.8908001506,
        3146077.5526997475,
        0.0
      ],
      [
        707401.220200152,
        3146072.4000997483,
        0.0
      ],
      [
        707393.5937001513,
        3146065.3476997465,
        0.0
      ]
    ]
  ]
}