{
  "code": "106924149",
  "epsg": 32639,
  "bbox_utm": {
    "minx": 707190.1048701515,
    "miny": 3145122.1186197475,
    "maxx": 707350.4607301517,
    "maxy": 3145282.474479748
  },
  "polygon_utm": [
    [
      [
        707235.5841795094,
        3145167.408621341,
        0.0
      ],
      [
        707225.8343001511,
        3145176.307299748,
        0.0
      ],
      [
        707219.8849001513,
        3145180.4879997494,
        0.0
      ],
      [
        707218.1722001506,
        3145181.6914997487,
        0.0
      ],
      [
        707221.0104001508,
        3145185.6334997504,
        0.0
      ],
      [
        707226.369300151,
        3145194.8175997483,
        0.0
      ],
      [
        707238.9635001506,
        3145212.153099749,
        0.0
      ],
      [
        707253.9283001504,
        3145233.340999749,
        0.0
      ],
      [
        707271.8877001512,
        3145259.396899749,
        0.0
      ],
      [
        707272.0047001517,
        3145259.566499748,
        0.0
      ],
      [
        707293.6371001506,
        3145233.9336997494,
        0.0
      ],
      [
        707322.3934001527,
        3145201.7749997447,
        0.0
      ],
      [
        707318.4441001518,
        3145194.420999749,
        0.0
      ],
      [
        707316.6661001509,
        3145189.0869997432,
        0.0
      ],
      [
        707313.7027001526,
        3145180.4932997474,
        0.0
      ],
      [
        707311.9247001524,
        3145169.528999747,
        0.0
      ],
      [
        707311.7765001501,
        3145161.0833997475,
        0.0
      ],
      [
        707311.9604001525,
        3145157.773599746,
        0.0
      ],
      [
        707303.534600151,
        3145155.403799746,
        0.0
      ],
      [
        707294.3871001507,
        3145152.831099747,
        0.0
      ],
      [
        707269.5173001506,
        3145148.2572997496,
        0.0
      ],
      [
        707255.4406001512,
        3145145.0265997476,
        0.0
      ],
      [
        707252.2049001514,
        3145150.5798997493,
        0.0
      ],
      [
        707246.0946001518,
        3145157.815799749,
        0.0
      ],
      [
        707235.5841795094,
        3145167.408621341,
        0.0
      ]
    ]
  ]
}