{
  "code": "106910111",
  "epsg": 32639,
  "bbox_utm": {
    "minx": 708392.0231601562,
    "miny": 3146376.8574097394,
    "maxx": 708636.3612401566,
    "maxy": 3146621.1954897395
  },
  "polygon_utm": [
    [
      [
        708600.3199001558,
        3146512.25089974,
        0.0
      ],
      [
        708594.8377001563,
        3146505.5833997396,
        0.0
      ],
      [
        708589.3555001556,
        3146500.545699739,
        0.0
      ],
      [
        708571.8718001575,
        3146485.72909974,
        0.0
      ],
      [
        708566.3897001566,
        3146480.098699739,
        0.0
      ],
      [
        708559.8703001565,
        3146475.2091997406,
        0.0
      ],
      [
        708558.0923001557,
        3146473.875699741,
        0.0
      ],
      [
        708556.1661001563,
        3146471.949499739,
        0.0
      ],
      [
        708555.4253001583,
        3146470.7641997393,
        0.0
      ],
      [
        708555.1290001562,
        3146469.1343997405,
        0.0
      ],
      [
        708556.0180001567,
        3146467.652699739,
        0.0
      ],
      [
        708558.2405001556,
        3146464.8374997345,
        0.0
      ],
      [
        708559.1295001556,
        3146450.61349974,
        0.0
      ],
      [
        708560.3792001581,
        3146435.4913997413,
        0.0
      ],
      [
        708560.3855001559,
        3146435.3393997406,
        0.0
      ],
      [
        708560.3575001563,
        3146435.0190997403,
        0.0
      ],
      [
        708560.2743001558,
        3146434.7084997385,
        0.0
      ],
      [
        708560.1384001573,
        3146434.417099736,
        0.0
      ],
      [
        708559.9539001578,
        3146434.153699739,
        0.0
      ],
      [
        708559.7265001565,
        3146433.9262997396,
        0.0
      ],
      [
        708559.4631001563,
        3146433.7417997406,
        0.0
      ],
      [
        708559.1717001558,
        3146433.605899741,
        0.0
      ],
      [
        708558.8611001581,
        3146433.5226997407,
        0.0
      ],
      [
        708558.5408001556,
        3146433.494699739,
        0.0
      ],
      [
        708558.2204001562,
        3146433.522699736,
        0.0
      ],
      [
        708555.8565001561,
        3146434.0186997377,
        0.0
      ],
      [
        708530.876700156,
        3146438.426899739,
        0.0
      ],
      [
        708503.8259001557,
        3146445.0248997402,
        0.0
      ],
      [
        708503.842800155,
        3146445.3396997405,
        0.0
      ],
      [
        708503.7982001568,
        3146445.849999739,
        0.0
      ],
      [
        708503.6656001563,
        3146446.3447997402,
        0.0
      ],
      [
        708503.4491001554,
        3146446.80899974,
        0.0
      ],
      [
        708503.1553001555,
        3146447.2285997374,
        0.0
      ],
      [
        708502.7931001555,
        3146447.590799729,
        0.0
      ],
      [
        708502.373500156,
        3146447.88459974,
        0.0
      ],
      [
        708502.1123001552,
        3146448.0184997404,
        0.0
      ],
      [
        708497.3438001564,
        3146450.1689997404,
        0.0
      ],
      [
        708488.602000155,
        3146452.539699739,
        0.0
      ],
      [
        708472.4518001558,
        3146455.2066997364,
        0.0
      ],
      [
        708464.1544001553,
        3146455.206699741,
        0.0
      ],
      [
        708461.0429001563,
        3146453.87319974,
        0.0
      ],
      [
        708458.6723001561,
        3146452.2432997404,
        0.0
      ],
      [
        708457.0424001559,
        3146450.761599741,
        0.0
      ],
      [
        708455.5608001556,
        3146449.279999739,
        0.0
      ],
      [
        708454.5236001563,
        3146447.5019997405,
        0.0
      ],
      [
        708453.4864001552,
        3146445.72399974,
        0.0
      ],
      [
        708452.0634001553,
        3146444.870199742,
        0.0
      ],
      [
        708449.6341001571,
        3146443.94599974,
        0.0
      ],
      [
        708447.4116001555,
        3146443.7977997414,
        0.0
      ],
      [
        708444.0037001567,
        3146443.353299741,
        0.0
      ],
      [
        708426.9286001563,
        3146442.3316997425,
        0.0
      ],
      [
        708426.9856001551,
        3146443.1493997388,
        0.0
      ],
      [
        708428.5180001559,
        3146453.66669974,
        0.0
      ],
      [
        708429.0143001552,
        3146457.0735997423,
        0.0
      ],
      [
        708433.8657001553,
        3146472.1522997404,
        0.0
      ],
      [
        708459.8393001566,
        3146470.68459974,
        0.0
      ],
      [
        708477.7204001567,
        3146469.750599741,
        0.0
      ],
      [
        708482.7912001559,
        3146469.75059974,
        0.0
      ],
      [
        708484.1256001554,
        3146470.284299739,
        0.0
      ],
      [
        708485.0597001557,
        3146472.152499739,
        0.0
      ],
      [
        708485.4600001562,
        3146474.0206997385,
        0.0
      ],
      [
        708485.5935001571,
        3146477.4901997396,
        0.0
      ],
      [
        708484.2591001571,
        3146490.96769974,
        0.0
      ],
      [
        708482.9748978592,
        3146512.2640625928,
        0.0
      ],
      [
        708482.6578001563,
        3146517.5225997395,
        0.0
      ],
      [
        708481.9531216442,
        3146537.942417508,
        0.0
      ],
      [
        708481.9202001553,
        3146538.896399741,
        0.0
      ],
      [
        708482.6578001565,
        3146550.0821997398,
        0.0
      ],
      [
        708483.1915001557,
        3146555.019599739,
        0.0
      ],
      [
        708485.5935001555,
        3146563.0259997407,
        0.0
      ],
      [
        708486.0694001566,
        3146564.55819974,
        0.0
      ],
      [
        708512.5557001577,
        3146553.6882997397,
        0.0
      ],
      [
        708563.0922001561,
        3146530.6886997395,
        0.0
      ],
      [
        708576.3662001571,
        3146524.6475997404,
        0.0
      ],
      [
        708601.4558001566,
        3146513.781999739,
        0.0
      ],
      [
        708600.3199001558,
        3146512.25089974,
        0.0
      ]
    ]
  ]
}