{
  "code": "106918119",
  "epsg": 32639,
  "bbox_utm": {
    "minx": 707085.2767001494,
    "miny": 3145630.004399749,
    "maxx": 707278.2709001502,
    "maxy": 3145822.9985997505
  },
  "polygon_utm": [
    [
      [
        707214.4623001504,
        3145752.099699748,
        0.0
      ],
      [
        707250.7003001502,
        3145736.832799749,
        0.0
      ],
      [
        707248.0324001503,
        3145729.0554997497,
        0.0
      ],
      [
        707242.9947001506,
        3145714.831499747,
        0.0
      ],
      [
        707232.3267001507,
        3145685.3461997495,
        0.0
      ],
      [
        707230.1042001504,
        3145677.0488997498,
        0.0
      ],
      [
        707228.178000151,
        3145674.826399749,
        0.0
      ],
      [
        707224.7702001513,
        3145673.49289975,
        0.0
      ],
      [
        707222.3995001509,
        3145673.4928997494,
        0.0
      ],
      [
        707219.1094001508,
        3145673.0358997495,
        0.0
      ],
      [
        707214.8435001513,
        3145675.0565997493,
        0.0
      ],
      [
        707209.7610001503,
        3145676.835499749,
        0.0
      ],
      [
        707204.297200151,
        3145678.8684997484,
        0.0
      ],
      [
        707200.231200152,
        3145681.028599749,
        0.0
      ],
      [
        707196.2922001503,
        3145683.6969997496,
        0.0
      ],
      [
        707191.3367001502,
        3145686.7464997484,
        0.0
      ],
      [
        707181.2563001512,
        3145690.431299748,
        0.0
      ],
      [
        707141.1041001503,
        3145702.12119975,
        0.0
      ],
      [
        707112.8473001495,
        3145710.465499749,
        0.0
      ],
      [
        707114.8460001515,
        3145716.6899997476,
        0.0
      ],
      [
        707116.6326001503,
        3145722.2537997486,
        0.0
      ],
      [
        707124.3835001504,
        3145747.5394997494,
        0.0
      ],
      [
        707127.6871001511,
        3145762.405999748,
        0.0
      ],
      [
        707129.3389001508,
        3145770.6650997503,
        0.0
      ],
      [
        707131.499000151,
        3145779.559599749,
        0.0
      ],
      [
        707131.6113001502,
        3145779.9670997495,
        0.0
      ],
      [
        707144.3231001496,
        3145776.66539975,
        0.0
      ],
      [
        707154.9964001507,
        3145774.1240997487,
        0.0
      ],
      [
        707160.9261001504,
        3145771.7521997495,
        0.0
      ],
      [
        707166.3475001502,
        3145769.8885997483,
        0.0
      ],
      [
        707173.6325001521,
        3145768.1943997485,
        0.0
      ],
      [
        707187.5248001502,
        3145762.6035997476,
        0.0
      ],
      [
        707190.0747001504,
        3145761.609299749,
        0.0
      ],
      [
        707214.4623001504,
        3145752.099699748,
        0.0
      ]
    ]
  ]
}