{
  "code": "106921689",
  "epsg": 32639,
  "bbox_utm": {
    "minx": 707678.6359601542,
    "miny": 3145331.775659744,
    "maxx": 707845.8844401538,
    "maxy": 3145499.024139743
  },
  "polygon_utm": [
    [
      [
        707799.2616001533,
        3145457.3551997454,
        0.0
      ],
      [
        707795.3105001521,
        3145440.7604997465,
        0.0
      ],
      [
        707790.7667001534,
        3145411.522199745,
        0.0
      ],
      [
        707788.9887001521,
        3145402.6321997438,
        0.0
      ],
      [
        707788.0009001533,
        3145397.2981997454,
        0.0
      ],
      [
        707786.6180001525,
        3145392.161699744,
        0.0
      ],
      [
        707785.0376001527,
        3145389.3959997455,
        0.0
      ],
      [
        707783.2596001534,
        3145387.420399744,
        0.0
      ],
      [
        707780.8889001524,
        3145387.2227997463,
        0.0
      ],
      [
        707776.1476001525,
        3145387.0252997456,
        0.0
      ],
      [
        707772.3940001527,
        3145387.025299744,
        0.0
      ],
      [
        707766.8624001542,
        3145386.235099744,
        0.0
      ],
      [
        707764.294200153,
        3145383.6667997465,
        0.0
      ],
      [
        707762.9113001525,
        3145376.949899745,
        0.0
      ],
      [
        707758.5740001525,
        3145355.668299744,
        0.0
      ],
      [
        707752.9018001535,
        3145356.6016997457,
        0.0
      ],
      [
        707728.668300153,
        3145361.606399746,
        0.0
      ],
      [
        707724.4538001532,
        3145363.450299746,
        0.0
      ],
      [
        707722.6099001523,
        3145366.6111997445,
        0.0
      ],
      [
        707722.0831001545,
        3145370.5622997466,
        0.0
      ],
      [
        707722.3465001532,
        3145375.5669997456,
        0.0
      ],
      [
        707722.6099001514,
        3145385.839999747,
        0.0
      ],
      [
        707724.9806001533,
        3145415.605099746,
        0.0
      ],
      [
        707729.9853001535,
        3145466.7061997456,
        0.0
      ],
      [
        707730.5121001529,
        3145469.8670997457,
        0.0
      ],
      [
        707731.3024001536,
        3145473.027999746,
        0.0
      ],
      [
        707733.1462001536,
        3145474.538899744,
        0.0
      ],
      [
        707738.892500152,
        3145474.538899744,
        0.0
      ],
      [
        707756.0799001533,
        3145475.1314997436,
        0.0
      ],
      [
        707776.0824001539,
        3145474.538899744,
        0.0
      ],
      [
        707789.1211001535,
        3145473.353499745,
        0.0
      ],
      [
        707802.4373001535,
        3145470.6646997444,
        0.0
      ],
      [
        707799.2616001533,
        3145457.3551997454,
        0.0
      ]
    ]
  ]
}