{
  "code": "106924521",
  "epsg": 32639,
  "bbox_utm": {
    "minx": 707264.8044001489,
    "miny": 3145025.5549997464,
    "maxx": 707503.5023001538,
    "maxy": 3145264.252899751
  },
  "polygon_utm": [
    [
      [
        707399.3645001524,
        3145128.183099746,
        0.0
      ],
      [
        707397.9816001505,
        3145116.1321997475,
        0.0
      ],
      [
        707396.7962001511,
        3145102.895899747,
        0.0
      ],
      [
        707396.0060001514,
        3145091.635199746,
        0.0
      ],
      [
        707393.394500153,
        3145063.9080997463,
        0.0
      ],
      [
        707390.4516001511,
        3145062.914399748,
        0.0
      ],
      [
        707380.2281001522,
        3145059.950999747,
        0.0
      ],
      [
        707368.3747001502,
        3145059.654699747,
        0.0
      ],
      [
        707360.2495083554,
        3145062.682523821,
        0.0
      ],
      [
        707358.1135001513,
        3145063.4784997483,
        0.0
      ],
      [
        707359.2606001517,
        3145080.769699748,
        0.0
      ],
      [
        707358.8655001512,
        3145102.8958997484,
        0.0
      ],
      [
        707357.4826001509,
        3145125.417299747,
        0.0
      ],
      [
        707355.7046001509,
        3145137.8632997475,
        0.0
      ],
      [
        707353.7290001514,
        3145145.963099748,
        0.0
      ],
      [
        707351.5559001522,
        3145152.482499748,
        0.0
      ],
      [
        707349.3828001507,
        3145157.421399749,
        0.0
      ],
      [
        707347.4072001507,
        3145162.952899749,
        0.0
      ],
      [
        707346.0244001517,
        3145167.694299748,
        0.0
      ],
      [
        707345.6292001508,
        3145172.0404997463,
        0.0
      ],
      [
        707346.4195001508,
        3145176.5842997488,
        0.0
      ],
      [
        707357.2850001532,
        3145202.8591997484,
        0.0
      ],
      [
        707361.0386001513,
        3145211.3540997477,
        0.0
      ],
      [
        707373.4349001513,
        3145228.9883997464,
        0.0
      ],
      [
        707373.5776001525,
        3145229.173899749,
        0.0
      ],
      [
        707373.9155001508,
        3145229.511799747,
        0.0
      ],
      [
        707374.3069001512,
        3145229.785899747,
        0.0
      ],
      [
        707374.7400001523,
        3145229.9878997477,
        0.0
      ],
      [
        707375.2016001518,
        3145230.1114997487,
        0.0
      ],
      [
        707375.6776001507,
        3145230.1531997505,
        0.0
      ],
      [
        707376.1536001511,
        3145230.1114997477,
        0.0
      ],
      [
        707376.615200152,
        3145229.987899746,
        0.0
      ],
      [
        707377.0483001508,
        3145229.7858997486,
        0.0
      ],
      [
        707377.3282001518,
        3145229.600599747,
        0.0
      ],
      [
        707397.302500151,
        3145214.391599747,
        0.0
      ],
      [
        707398.3767001529,
        3145213.724799748,
        0.0
      ],
      [
        707422.6775001519,
        3145195.9467997435,
        0.0
      ],
      [
        707406.8716001518,
        3145155.248299747,
        0.0
      ],
      [
        707403.4239001529,
        3145142.818499747,
        0.0
      ],
      [
        707399.3645001524,
        3145128.183099746,
        0.0
      ]
    ]
  ]
}