{
  "code": "106930634",
  "epsg": 32639,
  "bbox_utm": {
    "minx": 707492.2569601518,
    "miny": 3144505.556159746,
    "maxx": 707773.156740154,
    "maxy": 3144786.4559397483
  },
  "polygon_utm": [
    [
      [
        707712.7632001538,
        3144675.997599746,
        0.0
      ],
      [
        707710.5127001525,
        3144665.543799747,
        0.0
      ],
      [
        707706.6390001532,
        3144647.5495997462,
        0.0
      ],
      [
        707704.2644001527,
        3144618.4572997456,
        0.0
      ],
      [
        707702.8366001527,
        3144618.5656997454,
        0.0
      ],
      [
        707695.1313001525,
        3144619.1508997465,
        0.0
      ],
      [
        707687.5748001524,
        3144617.521099745,
        0.0
      ],
      [
        707679.8701001527,
        3144614.2613997455,
        0.0
      ],
      [
        707664.4608001534,
        3144607.297599745,
        0.0
      ],
      [
        707647.4216001523,
        3144599.000199747,
        0.0
      ],
      [
        707642.235700153,
        3144594.703399747,
        0.0
      ],
      [
        707634.0865001525,
        3144583.146299746,
        0.0
      ],
      [
        707623.1222001526,
        3144568.1814997476,
        0.0
      ],
      [
        707608.4537001525,
        3144548.771599747,
        0.0
      ],
      [
        707607.3479001528,
        3144545.6846997463,
        0.0
      ],
      [
        707599.7118001519,
        3144550.994099746,
        0.0
      ],
      [
        707592.155300152,
        3144556.3280997463,
        0.0
      ],
      [
        707585.4878001523,
        3144563.8845997476,
        0.0
      ],
      [
        707577.4868001523,
        3144573.219199747,
        0.0
      ],
      [
        707572.0046001516,
        3144582.2572997464,
        0.0
      ],
      [
        707565.7816001523,
        3144593.073499747,
        0.0
      ],
      [
        707561.7811001524,
        3144600.6299997484,
        0.0
      ],
      [
        707557.3361001528,
        3144608.7791997483,
        0.0
      ],
      [
        707554.0764001531,
        3144616.4838997456,
        0.0
      ],
      [
        707552.298400152,
        3144619.7435997464,
        0.0
      ],
      [
        707550.2895001522,
        3144622.3132997476,
        0.0
      ],
      [
        707551.2612001516,
        3144623.892299748,
        0.0
      ],
      [
        707552.0020001521,
        3144625.818399746,
        0.0
      ],
      [
        707552.4465001519,
        3144627.448299747,
        0.0
      ],
      [
        707552.7429001534,
        3144630.5597997485,
        0.0
      ],
      [
        707552.9236001521,
        3144632.185999747,
        0.0
      ],
      [
        707559.8549001521,
        3144638.857099747,
        0.0
      ],
      [
        707568.3004001523,
        3144648.932499747,
        0.0
      ],
      [
        707586.5249001519,
        3144670.8611997464,
        0.0
      ],
      [
        707594.6741001534,
        3144685.5296997456,
        0.0
      ],
      [
        707599.7118001527,
        3144696.0495997453,
        0.0
      ],
      [
        707603.2678001521,
        3144704.0505997455,
        0.0
      ],
      [
        707606.9720001523,
        3144709.977299746,
        0.0
      ],
      [
        707610.6762001521,
        3144715.1630997476,
        0.0
      ],
      [
        707614.6767001519,
        3144720.348999745,
        0.0
      ],
      [
        707617.3437001534,
        3144723.3122997466,
        0.0
      ],
      [
        707625.4929001521,
        3144731.6095997468,
        0.0
      ],
      [
        707630.382400152,
        3144737.3881997466,
        0.0
      ],
      [
        707638.7584001522,
        3144746.327399748,
        0.0
      ],
      [
        707638.6329001521,
        3144746.1500997464,
        0.0
      ],
      [
        707668.266300153,
        3144725.5548997456,
        0.0
      ],
      [
        707694.3436001528,
        3144704.366999746,
        0.0
      ],
      [
        707706.7897001522,
        3144692.217299745,
        0.0
      ],
      [
        707709.1603001526,
        3144689.8465997456,
        0.0
      ],
      [
        707711.8273001536,
        3144688.068599746,
        0.0
      ],
      [
        707714.3462001525,
        3144687.179599747,
        0.0
      ],
      [
        707715.1242001537,
        3144687.0150997466,
        0.0
      ],
      [
        707712.7632001538,
        3144675.997599746,
        0.0
      ]
    ]
  ]
}