{
  "code": "106911419",
  "epsg": 32639,
  "bbox_utm": {
    "minx": 708868.8004801583,
    "miny": 3146311.7618157268,
    "maxx": 709022.7775201581,
    "maxy": 3146465.738855727
  },
  "polygon_utm": [
    [
      [
        709000.6474001579,
        3146349.6088997363,
        0.0
      ],
      [
        709000.7808001582,
        3146348.007599736,
        0.0
      ],
      [
        709000.2470001582,
        3146346.139399736,
        0.0
      ],
      [
        709000.2139001588,
        3146346.0155997355,
        0.0
      ],
      [
        708989.6903001578,
        3146349.653399737,
        0.0
      ],
      [
        708965.1371001584,
        3146356.0584997362,
        0.0
      ],
      [
        708951.125800159,
        3146359.7948997365,
        0.0
      ],
      [
        708925.5051001569,
        3146367.801399737,
        0.0
      ],
      [
        708896.2814001576,
        3146377.9428997394,
        0.0
      ],
      [
        708892.8119001582,
        3146379.5441997377,
        0.0
      ],
      [
        708890.810300157,
        3146379.410799738,
        0.0
      ],
      [
        708890.7972001584,
        3146389.3954997375,
        0.0
      ],
      [
        708901.0885001573,
        3146413.837199738,
        0.0
      ],
      [
        708911.8734822727,
        3146431.4850717187,
        0.0
      ],
      [
        708951.4591001566,
        3146418.947799735,
        0.0
      ],
      [
        708971.1572323896,
        3146413.4203371545,
        0.0
      ],
      [
        708990.2011001573,
        3146408.076499738,
        0.0
      ],
      [
        708990.3724001575,
        3146402.8519997327,
        0.0
      ],
      [
        708991.4399001591,
        3146391.1090997355,
        0.0
      ],
      [
        708993.1746001575,
        3146375.6298997337,
        0.0
      ],
      [
        708995.1763001581,
        3146365.2214997364,
        0.0
      ],
      [
        708996.036700159,
        3146362.437699735,
        0.0
      ],
      [
        708997.444800158,
        3146357.882199737,
        0.0
      ],
      [
        708999.5798001586,
        3146352.8114997367,
        0.0
      ],
      [
        709000.6474001579,
        3146349.6088997363,
        0.0
      ]
    ]
  ]
}