{
  "code": "106918005",
  "epsg": 32639,
  "bbox_utm": {
    "minx": 707485.6016721671,
    "miny": 3145494.130148893,
    "maxx": 707838.4258281369,
    "maxy": 3145846.954304863
  },
  "polygon_utm": [
    [
      [
        707714.2200001535,
        3145773.470799743,
        0.0
      ],
      [
        707717.0043001531,
        3145753.841999745,
        0.0
      ],
      [
        707719.2316001541,
        3145743.679499746,
        0.0
      ],
      [
        707720.0669001546,
        3145734.6307997457,
        0.0
      ],
      [
        707720.2061001526,
        3145721.266499745,
        0.0
      ],
      [
        707718.2572001521,
        3145700.663199744,
        0.0
      ],
      [
        707717.0043001531,
        3145670.1758997445,
        0.0
      ],
      [
        707717.421900154,
        3145653.7489997456,
        0.0
      ],
      [
        707716.7258001536,
        3145644.7001997465,
        0.0
      ],
      [
        707717.0043001524,
        3145638.5748997466,
        0.0
      ],
      [
        707717.2827001534,
        3145635.094699744,
        0.0
      ],
      [
        707717.5611001521,
        3145631.196699745,
        0.0
      ],
      [
        707715.8906001516,
        3145627.159599746,
        0.0
      ],
      [
        707712.8279001518,
        3145622.147999745,
        0.0
      ],
      [
        707710.4613001527,
        3145614.769799745,
        0.0
      ],
      [
        707705.449700153,
        3145597.6467997464,
        0.0
      ],
      [
        707699.7420001521,
        3145589.0156997466,
        0.0
      ],
      [
        707694.8696001526,
        3145580.802199747,
        0.0
      ],
      [
        707693.4775001542,
        3145577.0434997464,
        0.0
      ],
      [
        707693.4775001527,
        3145573.722499746,
        0.0
      ],
      [
        707682.2323001522,
        3145582.316199745,
        0.0
      ],
      [
        707661.785300152,
        3145544.533599746,
        0.0
      ],
      [
        707603.8214001514,
        3145572.6938997484,
        0.0
      ],
      [
        707605.5440001525,
        3145578.818699746,
        0.0
      ],
      [
        707612.9524001518,
        3145600.3028997467,
        0.0
      ],
      [
        707615.1749001532,
        3145605.044299743,
        0.0
      ],
      [
        707617.3974001517,
        3145608.1557997456,
        0.0
      ],
      [
        707621.9906001529,
        3145609.933799747,
        0.0
      ],
      [
        707626.8801001513,
        3145612.7489997456,
        0.0
      ],
      [
        707633.5476001541,
        3145617.4902997455,
        0.0
      ],
      [
        707636.955400152,
        3145622.0834997436,
        0.0
      ],
      [
        707640.807800152,
        3145633.936799746,
        0.0
      ],
      [
        707643.9193001527,
        3145646.5309997443,
        0.0
      ],
      [
        707646.7344001536,
        3145654.680199745,
        0.0
      ],
      [
        707649.1051001512,
        3145660.3105997453,
        0.0
      ],
      [
        707650.7349001528,
        3145666.3853997453,
        0.0
      ],
      [
        707651.9203001525,
        3145676.608899743,
        0.0
      ],
      [
        707653.8465001526,
        3145693.9444997436,
        0.0
      ],
      [
        707654.735500153,
        3145698.8339997455,
        0.0
      ],
      [
        707655.1800001542,
        3145702.389999747,
        0.0
      ],
      [
        707655.772600152,
        3145704.6124997474,
        0.0
      ],
      [
        707656.2393001519,
        3145705.6234997446,
        0.0
      ],
      [
        707656.6616001524,
        3145706.538699746,
        0.0
      ],
      [
        707659.2104338902,
        3145709.7715451545,
        0.0
      ],
      [
        707660.96764306,
        3145712.000323562,
        0.0
      ],
      [
        707662.2782993406,
        3145713.662710979,
        0.0
      ],
      [
        707662.4659023958,
        3145713.9308118154,
        0.0
      ],
      [
        707663.98566236,
        3145719.022934655,
        0.0
      ],
      [
        707665.9031607243,
        3145725.4477280914,
        0.0
      ],
      [
        707668.2037846539,
        3145733.1562363803,
        0.0
      ],
      [
        707669.3743131153,
        3145737.078226017,
        0.0
      ],
      [
        707670.8988051232,
        3145740.933488391,
        0.0
      ],
      [
        707672.3941705432,
        3145744.7150947307,
        0.0
      ],
      [
        707676.9870685369,
        3145750.902827815,
        0.0
      ],
      [
        707681.6379853408,
        3145757.168726124,
        0.0
      ],
      [
        707682.9585871786,
        3145762.597369092,
        0.0
      ],
      [
        707684.8247675039,
        3145770.268746141,
        0.0
      ],
      [
        707688.0109042893,
        3145783.3661336936,
        0.0
      ],
      [
        707691.2570821082,
        3145789.957030829,
        0.0
      ],
      [
        707694.5046984468,
        3145796.55085401,
        0.0
      ],
      [
        707696.5504001535,
        3145790.4611997455,
        0.0
      ],
      [
        707697.7039001526,
        3145790.8456997434,
        0.0
      ],
      [
        707700.370900153,
        3145790.549299745,
        0.0
      ],
      [
        707702.8897001521,
        3145789.8084997456,
        0.0
      ],
      [
        707709.2609001527,
        3145786.993299745,
        0.0
      ],
      [
        707711.9279001529,
        3145784.7707997463,
        0.0
      ],
      [
        707713.6760001534,
        3145782.9910997455,
        0.0
      ],
      [
        707714.2200001535,
        3145773.470799743,
        0.0
      ]
    ]
  ]
}