{
  "code": "106908880",
  "epsg": 32639,
  "bbox_utm": {
    "minx": 707683.103750155,
    "miny": 3146377.935699744,
    "maxx": 707983.2595501522,
    "maxy": 3146678.091499741
  },
  "polygon_utm": [
    [
      [
        707796.2503001533,
        3146463.860099744,
        0.0
      ],
      [
        707804.8482001527,
        3146504.2044997467,
        0.0
      ],
      [
        707808.4858001525,
        3146530.659799745,
        0.0
      ],
      [
        707815.9264001525,
        3146564.886299744,
        0.0
      ],
      [
        707827.0045001522,
        3146606.7187997447,
        0.0
      ],
      [
        707836.3387001543,
        3146635.2120997417,
        0.0
      ],
      [
        707837.8173001554,
        3146634.011399744,
        0.0
      ],
      [
        707872.7606001539,
        3146604.522399741,
        0.0
      ],
      [
        707866.8529001534,
        3146594.428099742,
        0.0
      ],
      [
        707859.577600154,
        3146572.106399744,
        0.0
      ],
      [
        707856.9321001539,
        3146561.5242997413,
        0.0
      ],
      [
        707857.0975001538,
        3146559.2094997438,
        0.0
      ],
      [
        707857.9242001527,
        3146557.5559997438,
        0.0
      ],
      [
        707859.5776001533,
        3146556.894599749,
        0.0
      ],
      [
        707865.695400153,
        3146552.760999741,
        0.0
      ],
      [
        707870.1598001536,
        3146549.9500997425,
        0.0
      ],
      [
        707871.2790473026,
        3146547.9913467197,
        0.0
      ],
      [
        707872.1439001538,
        3146546.4777997453,
        0.0
      ],
      [
        707871.6653347963,
        3146544.7950996384,
        0.0
      ],
      [
        707861.8925001529,
        3146510.432499743,
        0.0
      ],
      [
        707851.6411001522,
        3146467.1118997443,
        0.0
      ],
      [
        707840.3975001544,
        3146420.8150997437,
        0.0
      ],
      [
        707804.0215001547,
        3146447.6010997435,
        0.0
      ],
      [
        707793.6027001534,
        3146455.708399744,
        0.0
      ],
      [
        707796.2503001533,
        3146463.860099744,
        0.0
      ]
    ]
  ]
}