{
  "code": "106911189",
  "epsg": 32639,
  "bbox_utm": {
    "minx": 708440.4198001571,
    "miny": 3146266.3090997394,
    "maxx": 708669.7650001574,
    "maxy": 3146495.6542997397
  },
  "polygon_utm": [
    [
      [
        708530.876700156,
        3146438.426899739,
        0.0
      ],
      [
        708555.8565001561,
        3146434.0186997377,
        0.0
      ],
      [
        708558.2204001562,
        3146433.522699736,
        0.0
      ],
      [
        708558.5408001556,
        3146433.494699739,
        0.0
      ],
      [
        708558.8611001581,
        3146433.5226997407,
        0.0
      ],
      [
        708584.4210001561,
        3146428.871199741,
        0.0
      ],
      [
        708630.7118001562,
        3146421.34839974,
        0.0
      ],
      [
        708631.794800158,
        3146421.0581997377,
        0.0
      ],
      [
        708632.8110001567,
        3146420.584399738,
        0.0
      ],
      [
        708633.7294001563,
        3146419.9411997376,
        0.0
      ],
      [
        708634.5223001575,
        3146419.1483997386,
        0.0
      ],
      [
        708635.165400157,
        3146418.2299997406,
        0.0
      ],
      [
        708635.6392001581,
        3146417.2137997407,
        0.0
      ],
      [
        708635.9294001565,
        3146416.1306997393,
        0.0
      ],
      [
        708636.024600157,
        3146415.193799742,
        0.0
      ],
      [
        708637.0014001573,
        3146380.3107997403,
        0.0
      ],
      [
        708636.840600157,
        3146343.4884997397,
        0.0
      ],
      [
        708635.6346001566,
        3146316.9384997394,
        0.0
      ],
      [
        708635.3630001565,
        3146317.520999739,
        0.0
      ],
      [
        708634.9944001567,
        3146318.047499739,
        0.0
      ],
      [
        708634.5399001568,
        3146318.5018997393,
        0.0
      ],
      [
        708634.0134001581,
        3146318.8705997393,
        0.0
      ],
      [
        708633.4309001585,
        3146319.142199738,
        0.0
      ],
      [
        708633.3113001582,
        3146319.183399739,
        0.0
      ],
      [
        708613.0892001573,
        3146325.76739974,
        0.0
      ],
      [
        708564.8020001568,
        3146343.168199739,
        0.0
      ],
      [
        708553.8030585971,
        3146347.1425896697,
        0.0
      ],
      [
        708553.8678001566,
        3146347.2433997393,
        0.0
      ],
      [
        708555.306500156,
        3146354.0443997383,
        0.0
      ],
      [
        708555.3669001557,
        3146354.62149974,
        0.0
      ],
      [
        708555.3245001573,
        3146355.1056997394,
        0.0
      ],
      [
        708555.1987001558,
        3146355.5751997386,
        0.0
      ],
      [
        708554.9933001557,
        3146356.0157997385,
        0.0
      ],
      [
        708554.7145001573,
        3146356.4138997393,
        0.0
      ],
      [
        708554.370800156,
        3146356.7575997394,
        0.0
      ],
      [
        708553.9726001554,
        3146357.036399739,
        0.0
      ],
      [
        708553.5802001555,
        3146357.223799738,
        0.0
      ],
      [
        708552.447600157,
        3146357.65979974,
        0.0
      ],
      [
        708538.9700001555,
        3146363.264399739,
        0.0
      ],
      [
        708506.9441001562,
        3146377.675999737,
        0.0
      ],
      [
        708475.3185001574,
        3146391.4204997392,
        0.0
      ],
      [
        708473.7172001549,
        3146392.754899739,
        0.0
      ],
      [
        708473.1834001571,
        3146394.22279974,
        0.0
      ],
      [
        708473.450300156,
        3146396.357799739,
        0.0
      ],
      [
        708474.1175001576,
        3146398.8931997367,
        0.0
      ],
      [
        708474.6513001563,
        3146401.161699737,
        0.0
      ],
      [
        708474.5843001556,
        3146401.3962997426,
        0.0
      ],
      [
        708481.6382001562,
        3146411.4973997385,
        0.0
      ],
      [
        708495.4177001581,
        3146430.46279974,
        0.0
      ],
      [
        708501.3444001566,
        3146439.6490997397,
        0.0
      ],
      [
        708503.5326001556,
        3146444.0254997397,
        0.0
      ],
      [
        708503.6656001564,
        3146444.3346997406,
        0.0
      ],
      [
        708503.7982001562,
        3146444.8293997394,
        0.0
      ],
      [
        708503.8259001557,
        3146445.0248997402,
        0.0
      ],
      [
        708530.876700156,
        3146438.426899739,
        0.0
      ]
    ]
  ]
}