{
  "code": "106916430",
  "epsg": 32639,
  "bbox_utm": {
    "minx": 708375.7974140584,
    "miny": 3145837.623552145,
    "maxx": 708735.0578862536,
    "maxy": 3146196.884024341
  },
  "polygon_utm": [
    [
      [
        708602.8092001565,
        3146139.04689974,
        0.0
      ],
      [
        708626.697200157,
        3146128.754699739,
        0.0
      ],
      [
        708638.0962001564,
        3146123.2120997384,
        0.0
      ],
      [
        708638.3227001568,
        3146123.0918997396,
        0.0
      ],
      [
        708638.8384001554,
        3146122.7307997383,
        0.0
      ],
      [
        708639.2835001562,
        3146122.2855997384,
        0.0
      ],
      [
        708639.6446001576,
        3146121.7698997385,
        0.0
      ],
      [
        708639.9107001561,
        3146121.1992997397,
        0.0
      ],
      [
        708640.0736001559,
        3146120.591199737,
        0.0
      ],
      [
        708640.1285001563,
        3146119.9640997304,
        0.0
      ],
      [
        708640.073500156,
        3146119.3363997373,
        0.0
      ],
      [
        708639.4036001561,
        3146115.540099741,
        0.0
      ],
      [
        708638.5141001566,
        3146111.601099738,
        0.0
      ],
      [
        708638.1329001567,
        3146108.5515997433,
        0.0
      ],
      [
        708638.1329001564,
        3146106.264399738,
        0.0
      ],
      [
        708639.1495001569,
        3146104.6125997393,
        0.0
      ],
      [
        708639.8135001564,
        3146104.193199739,
        0.0
      ],
      [
        708638.7683001569,
        3146103.0877997396,
        0.0
      ],
      [
        708627.7137001574,
        3146091.3979997397,
        0.0
      ],
      [
        708619.7087001578,
        3146080.7245997395,
        0.0
      ],
      [
        708610.814200156,
        3146067.2557997387,
        0.0
      ],
      [
        708605.2234001568,
        3146055.9470997397,
        0.0
      ],
      [
        708600.0138001555,
        3146047.942099738,
        0.0
      ],
      [
        708595.3124001573,
        3146037.7769997395,
        0.0
      ],
      [
        708592.389900156,
        3146032.059099741,
        0.0
      ],
      [
        708591.9671001568,
        3146030.8843997396,
        0.0
      ],
      [
        708591.6364001571,
        3146029.6416997383,
        0.0
      ],
      [
        708591.5220001562,
        3146028.3342997395,
        0.0
      ],
      [
        708591.636400157,
        3146027.0269997404,
        0.0
      ],
      [
        708591.9761001565,
        3146025.7593997405,
        0.0
      ],
      [
        708593.152300156,
        3146022.65639974,
        0.0
      ],
      [
        708595.6936001561,
        3146016.938499741,
        0.0
      ],
      [
        708598.032100157,
        3146012.261499737,
        0.0
      ],
      [
        708598.2568001569,
        3146011.739399738,
        0.0
      ],
      [
        708598.4807001569,
        3146010.9037997387,
        0.0
      ],
      [
        708598.5561001559,
        3146010.0419997377,
        0.0
      ],
      [
        708598.4807001571,
        3146009.1800997364,
        0.0
      ],
      [
        708598.256800156,
        3146008.3444997384,
        0.0
      ],
      [
        708597.8911001553,
        3146007.560399739,
        0.0
      ],
      [
        708597.563400157,
        3146007.064099738,
        0.0
      ],
      [
        708596.9642001565,
        3146006.265099738,
        0.0
      ],
      [
        708595.1854001572,
        3146004.486299741,
        0.0
      ],
      [
        708591.3734001559,
        3146000.5472997385,
        0.0
      ],
      [
        708584.0037001566,
        3145990.636299739,
        0.0
      ],
      [
        708581.5895001562,
        3145986.0619997396,
        0.0
      ],
      [
        708580.5730001577,
        3145984.2830997384,
        0.0
      ],
      [
        708630.8609001564,
        3145965.3409997397,
        0.0
      ],
      [
        708623.6477001552,
        3145931.805699739,
        0.0
      ],
      [
        708620.089900156,
        3145910.077799739,
        0.0
      ],
      [
        708620.2206001555,
        3145909.2935997387,
        0.0
      ],
      [
        708618.0957001562,
        3145902.3480997393,
        0.0
      ],
      [
        708617.047400156,
        3145898.631399737,
        0.0
      ],
      [
        708615.808500157,
        3145895.67719974,
        0.0
      ],
      [
        708614.1198001574,
        3145894.3100997405,
        0.0
      ],
      [
        708613.8073001573,
        3145894.05709974,
        0.0
      ],
      [
        708610.3765001565,
        3145893.0088997385,
        0.0
      ],
      [
        708606.1834001571,
        3145892.24649974,
        0.0
      ],
      [
        708601.8950001567,
        3145892.3417997416,
        0.0
      ],
      [
        708596.3678001561,
        3145893.1041997387,
        0.0
      ],
      [
        708584.5508001575,
        3145896.6301997406,
        0.0
      ],
      [
        708568.3502001564,
        3145901.4903997392,
        0.0
      ],
      [
        708536.9732001552,
        3145915.9082997385,
        0.0
      ],
      [
        708536.1006001551,
        3145915.1602997384,
        0.0
      ],
      [
        708532.7970001565,
        3145912.36489974,
        0.0
      ],
      [
        708530.3828001558,
        3145908.6800997397,
        0.0
      ],
      [
        708528.7309001571,
        3145903.9786997405,
        0.0
      ],
      [
        708527.5704001565,
        3145900.292399741,
        0.0
      ],
      [
        708524.907400156,
        3145895.17659974,
        0.0
      ],
      [
        708520.2528014579,
        3145888.9464767445,
        0.0
      ],
      [
        708497.9607549439,
        3145891.874270692,
        0.0
      ],
      [
        708486.2298361191,
        3145893.758767769,
        0.0
      ],
      [
        708473.1660001554,
        3145895.90949974,
        0.0
      ],
      [
        708472.788427797,
        3145896.09393887,
        0.0
      ],
      [
        708472.3053695853,
        3145896.329906449,
        0.0
      ],
      [
        708471.8284001556,
        3145896.56289974,
        0.0
      ],
      [
        708471.524739929,
        3145896.9966005683,
        0.0
      ],
      [
        708471.2164892764,
        3145897.436857641,
        0.0
      ],
      [
        708470.9128001552,
        3145897.87059974,
        0.0
      ],
      [
        708470.773600156,
        3145898.389799739,
        0.0
      ],
      [
        708470.7268001557,
        3145898.9253997393,
        0.0
      ],
      [
        708470.7736001557,
        3145899.460899738,
        0.0
      ],
      [
        708470.9128001563,
        3145899.98009974,
        0.0
      ],
      [
        708474.4404001548,
        3145909.5220997403,
        0.0
      ],
      [
        708475.4963001551,
        3145912.3782997434,
        0.0
      ],
      [
        708478.8749001562,
        3145923.472699741,
        0.0
      ],
      [
        708482.9727001558,
        3145934.9123997395,
        0.0
      ],
      [
        708490.2719001563,
        3145951.3889997415,
        0.0
      ],
      [
        708508.9682001566,
        3146012.343899741,
        0.0
      ],
      [
