{
  "code": "106929159",
  "epsg": 32639,
  "bbox_utm": {
    "minx": 707594.199090153,
    "miny": 3144439.9584397464,
    "maxx": 708096.9206101531,
    "maxy": 3144942.6799597465
  },
  "polygon_utm": [
    [
      [
        707894.2165001534,
        3144775.281199743,
        0.0
      ],
      [
        707904.8931001535,
        3144763.562999744,
        0.0
      ],
      [
        707919.6059001533,
        3144747.5480997446,
        0.0
      ],
      [
        707927.9389001541,
        3144735.0486997436,
        0.0
      ],
      [
        707935.1000001533,
        3144724.1116997455,
        0.0
      ],
      [
        707936.3231001535,
        3144722.5748997433,
        0.0
      ],
      [
        707932.6030001539,
        3144718.2347997436,
        0.0
      ],
      [
        707902.559500154,
        3144683.2216997445,
        0.0
      ],
      [
        707834.7920001543,
        3144604.611499746,
        0.0
      ],
      [
        707786.6772001525,
        3144549.493999747,
        0.0
      ],
      [
        707754.7966001526,
        3144511.7757997466,
        0.0
      ],
      [
        707755.1606001529,
        3144513.7049997468,
        0.0
      ],
      [
        707755.0304001522,
        3144519.4338997467,
        0.0
      ],
      [
        707760.6291001525,
        3144561.749599747,
        0.0
      ],
      [
        707765.7069001524,
        3144580.368499746,
        0.0
      ],
      [
        707769.2224001533,
        3144596.904199748,
        0.0
      ],
      [
        707771.956600153,
        3144604.455899746,
        0.0
      ],
      [
        707774.6909001529,
        3144613.960699745,
        0.0
      ],
      [
        707778.2064001537,
        3144624.5069997455,
        0.0
      ],
      [
        707779.8990001532,
        3144630.886999745,
        0.0
      ],
      [
        707781.070800153,
        3144642.474899745,
        0.0
      ],
      [
        707786.0185001541,
        3144669.426799745,
        0.0
      ],
      [
        707789.4037001526,
        3144682.8375997446,
        0.0
      ],
      [
        707798.7783001537,
        3144715.2579997443,
        0.0
      ],
      [
        707802.5542001532,
        3144732.835299745,
        0.0
      ],
      [
        707805.028000153,
        3144745.334699745,
        0.0
      ],
      [
        707806.4602001528,
        3144751.584399745,
        0.0
      ],
      [
        707807.7622001527,
        3144758.094499745,
        0.0
      ],
      [
        707808.5435001525,
        3144769.0314997467,
        0.0
      ],
      [
        707810.2361001548,
        3144785.8274997463,
        0.0
      ],
      [
        707814.0120001535,
        3144823.325799744,
        0.0
      ],
      [
        707817.397200153,
        3144857.829299744,
        0.0
      ],
      [
        707818.316600153,
        3144870.862599747,
        0.0
      ],
      [
        707847.6070001532,
        3144835.939399746,
        0.0
      ],
      [
        707858.5909001535,
        3144821.4349997467,
        0.0
      ],
      [
        707870.1381001533,
        3144805.8039997444,
        0.0
      ],
      [
        707886.8957001538,
        3144787.497499744,
        0.0
      ],
      [
        707895.2040001533,
        3144778.062599745,
        0.0
      ],
      [
        707895.9369001538,
        3144777.2309997454,
        0.0
      ],
      [
        707894.2165001534,
        3144775.281199743,
        0.0
      ]
    ]
  ]
}