{
  "code": "106906631",
  "epsg": 32639,
  "bbox_utm": {
    "minx": 707243.2397401505,
    "miny": 3146659.5769397463,
    "maxx": 707436.4429601529,
    "maxy": 3146852.7801597486
  },
  "polygon_utm": [
    [
      [
        707374.145900151,
        3146710.6591997473,
        0.0
      ],
      [
        707361.4632001526,
        3146687.1773997466,
        0.0
      ],
      [
        707350.0040001508,
        3146692.300199748,
        0.0
      ],
      [
        707341.7344001515,
        3146703.912799747,
        0.0
      ],
      [
        707320.7966001509,
        3146726.7860997478,
        0.0
      ],
      [
        707304.4334001516,
        3146748.0757997464,
        0.0
      ],
      [
        707311.647300151,
        3146776.2275997475,
        0.0
      ],
      [
        707320.4447001512,
        3146792.414799747,
        0.0
      ],
      [
        707330.8256001513,
        3146815.9918997483,
        0.0
      ],
      [
        707333.9090001513,
        3146820.654499747,
        0.0
      ],
      [
        707341.3719001513,
        3146825.1796997483,
        0.0
      ],
      [
        707341.1207001514,
        3146813.2504997468,
        0.0
      ],
      [
        707336.4746001516,
        3146791.149999748,
        0.0
      ],
      [
        707336.474600151,
        3146788.638599746,
        0.0
      ],
      [
        707337.9815001508,
        3146785.750499746,
        0.0
      ],
      [
        707339.6139001513,
        3146782.2344997474,
        0.0
      ],
      [
        707341.9997001505,
        3146773.6956997467,
        0.0
      ],
      [
        707335.2189001507,
        3146769.1750997477,
        0.0
      ],
      [
        707340.7440001508,
        3146754.357799747,
        0.0
      ],
      [
        707343.6322001509,
        3146748.0792997465,
        0.0
      ],
      [
        707350.413000151,
        3146738.7869997476,
        0.0
      ],
      [
        707359.3285001508,
        3146728.615799748,
        0.0
      ],
      [
        707370.0020001514,
        3146717.942299747,
        0.0
      ],
      [
        707375.2493001517,
        3146713.307299746,
        0.0
      ],
      [
        707374.145900151,
        3146710.6591997473,
        0.0
      ]
    ]
  ]
}