{
  "code": "106921821",
  "epsg": 32639,
  "bbox_utm": {
    "minx": 707804.471180153,
    "miny": 3145315.0047297445,
    "maxx": 707979.1304201541,
    "maxy": 3145489.6639697454
  },
  "polygon_utm": [
    [
      [
        707953.5864001544,
        3145453.6472997433,
        0.0
      ],
      [
        707950.6231001553,
        3145441.7939997427,
        0.0
      ],
      [
        707947.0671001533,
        3145433.4965997445,
        0.0
      ],
      [
        707945.1409001533,
        3145426.0882997448,
        0.0
      ],
      [
        707944.844600154,
        3145417.3463997445,
        0.0
      ],
      [
        707942.9184001535,
        3145407.271099744,
        0.0
      ],
      [
        707939.5106001535,
        3145396.158599744,
        0.0
      ],
      [
        707935.658200155,
        3145385.638699743,
        0.0
      ],
      [
        707925.138400153,
        3145363.858199745,
        0.0
      ],
      [
        707919.5080001543,
        3145347.2634997447,
        0.0
      ],
      [
        707916.544700154,
        3145341.484899744,
        0.0
      ],
      [
        707915.2112001539,
        3145340.8922997443,
        0.0
      ],
      [
        707897.1348001543,
        3145345.633599743,
        0.0
      ],
      [
        707862.3156001535,
        3145354.671799745,
        0.0
      ],
      [
        707831.647500153,
        3145364.606499744,
        0.0
      ],
      [
        707829.4225001532,
        3145365.7842997434,
        0.0
      ],
      [
        707829.4225001544,
        3145367.710499745,
        0.0
      ],
      [
        707830.3115001533,
        3145373.4889997444,
        0.0
      ],
      [
        707835.0529001526,
        3145398.9736997453,
        0.0
      ],
      [
        707840.6832001533,
        3145431.4222997436,
        0.0
      ],
      [
        707845.2764001528,
        3145442.2384997457,
        0.0
      ],
      [
        707855.4050001533,
        3145463.776399745,
        0.0
      ],
      [
        707861.266500154,
        3145461.5748997442,
        0.0
      ],
      [
        707870.1880001533,
        3145459.572199745,
        0.0
      ],
      [
        707880.5660001531,
        3145457.9334997446,
        0.0
      ],
      [
        707891.1262001533,
        3145457.205199744,
        0.0
      ],
      [
        707903.507000154,
        3145458.2976997443,
        0.0
      ],
      [
        707912.423500154,
        3145459.084399745,
        0.0
      ],
      [
        707925.1734001532,
        3145459.9362997455,
        0.0
      ],
      [
        707939.5570001533,
        3145461.210799743,
        0.0
      ],
      [
        707947.7502001534,
        3145461.392899743,
        0.0
      ],
      [
        707954.179100154,
        3145461.6483997437,
        0.0
      ],
      [
        707953.5864001544,
        3145453.6472997433,
        0.0
      ]
    ]
  ]
}