{
  "code": "106905531",
  "epsg": 32639,
  "bbox_utm": {
    "minx": 708803.7198938775,
    "miny": 3146371.542803253,
    "maxx": 709431.9777064397,
    "maxy": 3146999.8006158145
  },
  "polygon_utm": [
    [
      [
        709086.7852001588,
        3146909.1233997378,
        0.0
      ],
      [
        709113.8257001583,
        3146901.1593997353,
        0.0
      ],
      [
        709138.96110016,
        3146894.0401997366,
        0.0
      ],
      [
        709137.8205001595,
        3146890.046899736,
        0.0
      ],
      [
        709137.07960016,
        3146883.934999737,
        0.0
      ],
      [
        709137.0796001579,
        3146880.601299733,
        0.0
      ],
      [
        709137.0796001591,
        3146874.4893997344,
        0.0
      ],
      [
        709138.1909001597,
        3146870.229599735,
        0.0
      ],
      [
        709138.1909001595,
        3146866.1549997353,
        0.0
      ],
      [
        709136.5240001586,
        3146861.5247997367,
        0.0
      ],
      [
        709134.4867001583,
        3146856.894599739,
        0.0
      ],
      [
        709132.4494001587,
        3146852.634799736,
        0.0
      ],
      [
        709131.5234001589,
        3146849.300999737,
        0.0
      ],
      [
        709131.3382001583,
        3146845.967299733,
        0.0
      ],
      [
        709139.4874001585,
        3146835.2251997343,
        0.0
      ],
      [
        709141.1016001583,
        3146833.308199735,
        0.0
      ],
      [
        709154.6578001603,
        3146830.225199735,
        0.0
      ],
      [
        709153.9242001608,
        3146826.9229997355,
        0.0
      ],
      [
        709152.8129001589,
        3146823.033599736,
        0.0
      ],
      [
        709151.5165001596,
        3146819.8849997357,
        0.0
      ],
      [
        709149.4792001583,
        3146818.4033997348,
        0.0
      ],
      [
        709145.7750001592,
        3146817.847699735,
        0.0
      ],
      [
        709143.1821001583,
        3146817.662499735,
        0.0
      ],
      [
        709142.0708001575,
        3146815.9956997377,
        0.0
      ],
      [
        709142.0708001592,
        3146812.8470997363,
        0.0
      ],
      [
        709139.848300158,
        3146804.512699737,
        0.0
      ],
      [
        709138.7371001586,
        3146800.438099736,
        0.0
      ],
      [
        709135.9589001585,
        3146797.1043997346,
        0.0
      ],
      [
        709133.3660001587,
        3146794.326199732,
        0.0
      ],
      [
        709130.5879001594,
        3146789.325599736,
        0.0
      ],
      [
        709126.883700159,
        3146779.8799997363,
        0.0
      ],
      [
        709120.717100159,
        3146761.973399737,
        0.0
      ],
      [
        709116.8919001584,
        3146746.3249997334,
        0.0
      ],
      [
        709113.0025001605,
        3146727.8040997344,
        0.0
      ],
      [
        709111.7061001589,
        3146703.912199738,
        0.0
      ],
      [
        709112.0765001589,
        3146684.917999735,
        0.0
      ],
      [
        709111.0887001585,
        3146684.9179997365,
        0.0
      ],
      [
        709113.1260001588,
        3146661.5816997364,
        0.0
      ],
      [
        709114.237200159,
        3146652.6916997344,
        0.0
      ],
      [
        709116.2745001587,
        3146647.5057997364,
        0.0
      ],
      [
        709118.8675001577,
        3146644.172099735,
        0.0
      ],
      [
        709129.7948001595,
        3146638.0601997324,
        0.0
      ],
      [
        709143.1298001583,
        3146631.9482997353,
        0.0
      ],
      [
        709151.279000159,
        3146629.355399735,
        0.0
      ],
      [
        709159.0577001586,
        3146628.244099735,
        0.0
      ],
      [
        709166.8365001583,
        3146631.7630997356,
        0.0
      ],
      [
        709172.7632001586,
        3146632.503899737,
        0.0
      ],
      [
        709177.3934001608,
        3146632.6890997346,
        0.0
      ],
      [
        709183.8757001585,
        3146631.763099735,
        0.0
      ],
      [
        709191.2841001595,
        3146629.5405997355,
        0.0
      ],
      [
        709197.9516001585,
        3146628.9849997335,
        0.0
      ],
      [
        709217.2133001585,
        3146628.9849997335,
        0.0
      ],
      [
        709227.7702001595,
        3146628.614599735,
        0.0
      ],
      [
        709237.4010001587,
        3146627.6884997347,
        0.0
      ],
      [
        709242.957300159,
        3146626.577299734,
        0.0
      ],
      [
        709247.0319001597,
        3146625.651199735,
        0.0
      ],
      [
        709251.1065001588,
        3146624.354799733,
        0.0
      ],
      [
        709252.0325001585,
        3146622.873099732,
        0.0
      ],
      [
        709218.5097001592,
        3146566.3843997344,
        0.0
      ],
      [
        709176.4674001598,
        3146495.0790997334,
        0.0
      ],
      [
        709169.74970016,
        3146483.9347997354,
        0.0
      ],
      [
        709143.7677001581,
        3146493.782599735,
        0.0
      ],
      [
        709102.0958001593,
        3146506.0063997363,
        0.0
      ],
      [
        709095.7987001598,
        3146506.7471997347,
        0.0
      ],
      [
        709088.3903001585,
        3146507.488099736,
        0.0
      ],
      [
        709082.2784001591,
        3146508.969699732,
        0.0
      ],
      [
        709078.5743001583,
        3146511.377399735,
        0.0
      ],
      [
        709077.27780016,
        3146516.007699737,
        0.0
      ],
      [
        709075.0553001582,
        3146518.9709997373,
        0.0
      ],
      [
        709070.0547001588,
        3146521.0082997386,
        0.0
      ],
      [
        709064.6836001577,
        3146521.3786997367,
        0.0
      ],
      [
        709061.7203001583,
        3146521.008299736,
        0.0
      ],
      [
        709056.5344001582,
        3146519.5265997355,
        0.0
      ],
      [
        709052.8303001581,
        3146517.8596997363,
        0.0
      ],
      [
        709049.8669001583,
        3146515.0815997366,
        0.0
      ],
      [
        709048.2000001586,
        3146511.5626997342,
        0.0
      ],
      [
        709037.1212421719,
        3146461.293919333,
        0.0
      ],
      [
        709024.0406001596,
        3146469.3350997367,
        0.0
      ],
      [
        709012.7429001582,
        3146477.484199737,
        0.0
      ],
      [
        709027.3744001582,
        3146520.267499738,
        0.0
      ],
      [
        709032.1898001583,
        3146534.8988997363,
        0.0
      ],
      [
        709017.3731001592,
        3146544.1593997376,
        0.0
      ],
      [
        708989.2214001584,
        3146563.4210997354,
        0.0
      ],
      [
        708983.6651001588,
        3146567.495699734,
        0.0
      ],
      [
        708985.7024001582,
        3146572.1258997363,
        0.0
      ],
      [
        708991.2587001572,
        3146576.2004997376,
        0.0
      ],
      [
        708994.962800158,
        3146580.4602997354,
        0.0
      ],
      [
        708996.4445001581,
        3146584.349699738,
        0.0
      ],
