{
  "code": "106924509",
  "epsg": 32639,
  "bbox_utm": {
    "minx": 707858.1142448604,
    "miny": 3144961.4022839447,
    "maxx": 708175.7190554466,
    "maxy": 3145279.00709453
  },
  "polygon_utm": [
    [
      [
        708007.0538001528,
        3145160.0288997437,
        0.0
      ],
      [
        708011.6169001558,
        3145163.722699742,
        0.0
      ],
      [
        708015.6829001543,
        3145169.1440997426,
        0.0
      ],
      [
        708018.6195001539,
        3145175.9208997446,
        0.0
      ],
      [
        708025.848000154,
        3145201.672499743,
        0.0
      ],
      [
        708030.2514747342,
        3145215.2051266455,
        0.0
      ],
      [
        708030.5354918754,
        3145216.064713865,
        0.0
      ],
      [
        708034.8342049345,
        3145229.3543807636,
        0.0
      ],
      [
        708035.0881017244,
        3145230.1393142375,
        0.0
      ],
      [
        708035.9893801883,
        3145233.6349787326,
        0.0
      ],
      [
        708046.517100154,
        3145232.111299745,
        0.0
      ],
      [
        708056.343400154,
        3145230.0782997413,
        0.0
      ],
      [
        708064.8143001539,
        3145228.553599744,
        0.0
      ],
      [
        708068.8706001542,
        3145228.2530997437,
        0.0
      ],
      [
        708069.5580001542,
        3145226.351099742,
        0.0
      ],
      [
        708069.3886001541,
        3145224.487499744,
        0.0
      ],
      [
        708068.5415001537,
        3145217.8801997444,
        0.0
      ],
      [
        708063.9672001537,
        3145202.2936997404,
        0.0
      ],
      [
        708062.3368055888,
        3145196.89276735,
        0.0
      ],
      [
        708055.4963001546,
        3145175.5255997437,
        0.0
      ],
      [
        708040.9263001556,
        3145143.844299744,
        0.0
      ],
      [
        708028.0505001552,
        3145113.8571997443,
        0.0
      ],
      [
        708022.120800154,
        3145094.035199741,
        0.0
      ],
      [
        708014.4970001556,
        3145064.5563997426,
        0.0
      ],
      [
        708012.972200154,
        3145046.0897997413,
        0.0
      ],
      [
        708013.141600154,
        3145039.651899744,
        0.0
      ],
      [
        708013.8397001541,
        3145032.492699743,
        0.0
      ],
      [
        708003.7094001547,
        3145027.7588997427,
        0.0
      ],
      [
        707964.2753001528,
        3145006.7743997425,
        0.0
      ],
      [
        707964.5227923843,
        3145009.5213528397,
        0.0
      ],
      [
        707979.6392640797,
        3145082.5868388317,
        0.0
      ],
      [
        707985.1209001543,
        3145102.9220997426,
        0.0
      ],
      [
        707989.0277001542,
        3145117.4149997435,
        0.0
      ],
      [
        707996.2563001525,
        3145139.1005997453,
        0.0
      ],
      [
        707999.8705001539,
        3145148.813899743,
        0.0
      ],
      [
        708003.6592987289,
        3145154.8026004983,
        0.0
      ],
      [
        708006.8732001536,
        3145159.8825997435,
        0.0
      ],
      [
        708007.0538001528,
        3145160.0288997437,
        0.0
      ]
    ]
  ]
}