{
  "code": "106907485",
  "epsg": 32639,
  "bbox_utm": {
    "minx": 707762.5666501536,
    "miny": 3146581.294099744,
    "maxx": 707996.1293501533,
    "maxy": 3146814.8567997427
  },
  "polygon_utm": [
    [
      [
        707909.4025001549,
        3146699.670999744,
        0.0
      ],
      [
        707906.2539001532,
        3146686.5210997425,
        0.0
      ],
      [
        707899.5864001536,
        3146673.0008997433,
        0.0
      ],
      [
        707891.6225001526,
        3146658.369399743,
        0.0
      ],
      [
        707885.1401001535,
        3146644.2935997453,
        0.0
      ],
      [
        707879.954300153,
        3146629.847299743,
        0.0
      ],
      [
        707874.0276001538,
        3146614.6601997437,
        0.0
      ],
      [
        707842.626000153,
        3146639.2481997423,
        0.0
      ],
      [
        707847.1299001537,
        3146646.916999744,
        0.0
      ],
      [
        707860.8354001527,
        3146678.217299744,
        0.0
      ],
      [
        707865.8859136607,
        3146690.2221370162,
        0.0
      ],
      [
        707866.043200153,
        3146690.5959997447,
        0.0
      ],
      [
        707866.6193001538,
        3146691.8921997417,
        0.0
      ],
      [
        707867.3601001535,
        3146693.744299745,
        0.0
      ],
      [
        707868.8418001531,
        3146697.448499744,
        0.0
      ],
      [
        707881.8064001525,
        3146740.416899743,
        0.0
      ],
      [
        707884.6955001531,
        3146752.3977997424,
        0.0
      ],
      [
        707891.7111001542,
        3146781.4906997434,
        0.0
      ],
      [
        707897.3639001545,
        3146774.4952997444,
        0.0
      ],
      [
        707903.0018154153,
        3146766.916512589,
        0.0
      ],
      [
        707908.6617001543,
        3146759.308199744,
        0.0
      ],
      [
        707910.3028150769,
        3146756.5729863266,
        0.0
      ],
      [
        707913.6623001532,
        3146750.9737997437,
        0.0
      ],
      [
        707915.5144001534,
        3146740.6020997437,
        0.0
      ],
      [
        707915.8154001529,
        3146731.371299744,
        0.0
      ],
      [
        707916.0700001538,
        3146723.5628997427,
        0.0
      ],
      [
        707914.4031001523,
        3146711.3390997434,
        0.0
      ],
      [
        707911.6250001541,
        3146708.190599742,
        0.0
      ],
      [
        707910.6989001537,
        3146705.2271997435,
        0.0
      ],
      [
        707910.1734805715,
        3146702.6264304607,
        0.0
      ],
      [
        707909.4025001549,
        3146699.670999744,
        0.0
      ]
    ]
  ]
}