{
  "code": "106931204",
  "epsg": 32639,
  "bbox_utm": {
    "minx": 707643.6457601571,
    "miny": 3144289.5884597474,
    "maxx": 708109.1621401515,
    "maxy": 3144755.1048397417
  },
  "polygon_utm": [
    [
      [
        707748.0498001531,
        3144359.0675997464,
        0.0
      ],
      [
        707749.6310001529,
        3144368.1031997455,
        0.0
      ],
      [
        707753.6970001524,
        3144383.915599746,
        0.0
      ],
      [
        707757.5372001533,
        3144398.146799746,
        0.0
      ],
      [
        707762.7327001523,
        3144414.636799746,
        0.0
      ],
      [
        707778.9969001528,
        3144454.167799745,
        0.0
      ],
      [
        707787.3549001528,
        3144473.368599745,
        0.0
      ],
      [
        707800.4566001546,
        3144495.505899744,
        0.0
      ],
      [
        707819.883200153,
        3144519.2244997458,
        0.0
      ],
      [
        707859.1883001529,
        3144565.080499744,
        0.0
      ],
      [
        707890.1354001532,
        3144597.608799744,
        0.0
      ],
      [
        707923.7932001537,
        3144636.462099744,
        0.0
      ],
      [
        707956.5475001542,
        3144674.8636997454,
        0.0
      ],
      [
        707970.0659001535,
        3144688.6024997425,
        0.0
      ],
      [
        707975.9835001538,
        3144683.488599745,
        0.0
      ],
      [
        707998.5084001536,
        3144665.2602997436,
        0.0
      ],
      [
        708003.8467001548,
        3144660.7032997436,
        0.0
      ],
      [
        708004.497700154,
        3144659.661599744,
        0.0
      ],
      [
        708004.6279001536,
        3144658.489799745,
        0.0
      ],
      [
        708004.7581001555,
        3144656.1461997433,
        0.0
      ],
      [
        707997.3366001537,
        3144646.901799743,
        0.0
      ],
      [
        707985.097600154,
        3144631.9285997436,
        0.0
      ],
      [
        707958.2760001544,
        3144603.1538997428,
        0.0
      ],
      [
        707943.5631001542,
        3144586.748399745,
        0.0
      ],
      [
        707908.9293001533,
        3144550.161599744,
        0.0
      ],
      [
        707871.6915001529,
        3144509.7988997446,
        0.0
      ],
      [
        707838.4900001535,
        3144475.555799745,
        0.0
      ],
      [
        707798.9085001532,
        3144426.599699746,
        0.0
      ],
      [
        707761.2801001533,
        3144376.081299745,
        0.0
      ],
      [
        707748.4467001533,
        3144356.0907997466,
        0.0
      ],
      [
        707748.0498001531,
        3144359.0675997464,
        0.0
      ]
    ]
  ]
}