{
  "code": "106904804",
  "epsg": 32639,
  "bbox_utm": {
    "minx": 708961.8389701574,
    "miny": 3146905.424819735,
    "maxx": 709064.1739301597,
    "maxy": 3147007.7597797373
  },
  "polygon_utm": [
    [
      [
        709005.9685001582,
        3146986.3487997367,
        0.0
      ],
      [
        709011.8952001582,
        3146986.9044997366,
        0.0
      ],
      [
        709019.3035001585,
        3146989.126999737,
        0.0
      ],
      [
        709025.0450001579,
        3146989.4973997357,
        0.0
      ],
      [
        709028.1936001589,
        3146989.312199736,
        0.0
      ],
      [
        709031.8977001575,
        3146986.3487997367,
        0.0
      ],
      [
        709035.0463001576,
        3146981.3481997373,
        0.0
      ],
      [
        709038.5653001579,
        3146969.3095997367,
        0.0
      ],
      [
        709042.2694001577,
        3146958.197099737,
        0.0
      ],
      [
        709043.1955001588,
        3146952.826099735,
        0.0
      ],
      [
        709042.6398001581,
        3146947.8253997373,
        0.0
      ],
      [
        709040.0469001587,
        3146941.7134997374,
        0.0
      ],
      [
        709033.5646001582,
        3146926.7115997355,
        0.0
      ],
      [
        709031.8977001577,
        3146923.3778997376,
        0.0
      ],
      [
        709029.4900001582,
        3146920.2292997357,
        0.0
      ],
      [
        709026.3415001582,
        3146920.044099735,
        0.0
      ],
      [
        709017.6367001577,
        3146924.4890997363,
        0.0
      ],
      [
        709005.5981001587,
        3146935.2311997362,
        0.0
      ],
      [
        708995.0412001578,
        3146947.6401997367,
        0.0
      ],
      [
        708987.4477001585,
        3146958.7526997365,
        0.0
      ],
      [
        708984.8547001579,
        3146963.753399736,
        0.0
      ],
      [
        708983.187900158,
        3146968.013199736,
        0.0
      ],
      [
        708982.8174001582,
        3146975.2362997374,
        0.0
      ],
      [
        708983.1879001581,
        3146980.0517997355,
        0.0
      ],
      [
        708984.6695001579,
        3146985.0523997378,
        0.0
      ],
      [
        708987.4477001581,
        3146988.756599736,
        0.0
      ],
      [
        708992.9248001591,
        3146993.1404997366,
        0.0
      ],
      [
        708996.0154001578,
        3146990.4023997365,
        0.0
      ],
      [
        709000.7827001584,
        3146987.089699736,
        0.0
      ],
      [
        709005.9685001582,
        3146986.3487997367,
        0.0
      ]
    ]
  ]
}