{
  "code": "106905946",
  "epsg": 32639,
  "bbox_utm": {
    "minx": 708847.5236145554,
    "miny": 3146762.1353081344,
    "maxx": 709039.0743977604,
    "maxy": 3146953.686091339
  },
  "polygon_utm": [
    [
      [
        709003.7460001591,
        3146882.6319997343,
        0.0
      ],
      [
        709009.6727001579,
        3146877.075699736,
        0.0
      ],
      [
        709010.5987001583,
        3146874.297599736,
        0.0
      ],
      [
        709011.3396001573,
        3146869.8525997372,
        0.0
      ],
      [
        709011.7100001577,
        3146865.592799736,
        0.0
      ],
      [
        709011.7100001597,
        3146859.8512997334,
        0.0
      ],
      [
        709009.3023001589,
        3146853.9245997355,
        0.0
      ],
      [
        709003.9312001589,
        3146847.071899737,
        0.0
      ],
      [
        708994.8560001579,
        3146840.2191997357,
        0.0
      ],
      [
        708981.3358001589,
        3146833.736899736,
        0.0
      ],
      [
        708965.7782001576,
        3146829.106699736,
        0.0
      ],
      [
        708949.4799001579,
        3146825.7728997367,
        0.0
      ],
      [
        708941.5159001579,
        3146825.2172997375,
        0.0
      ],
      [
        708935.4816001565,
        3146825.755799736,
        0.0
      ],
      [
        708932.7034001584,
        3146826.6818997366,
        0.0
      ],
      [
        708929.1845001578,
        3146828.1634997358,
        0.0
      ],
      [
        708920.9162979887,
        3146833.1610714034,
        0.0
      ],
      [
        708914.3487780137,
        3146840.366159808,
        0.0
      ],
      [
        708903.1960787517,
        3146854.157774648,
        0.0
      ],
      [
        708891.3872130427,
        3146860.48546968,
        0.0
      ],
      [
        708883.905400834,
        3146859.960583334,
        0.0
      ],
      [
        708874.8880121561,
        3146864.5074024796,
        0.0
      ],
      [
        708886.6197687555,
        3146869.570612247,
        0.0
      ],
      [
        708888.2534001574,
        3146870.2058997354,
        0.0
      ],
      [
        708900.6623001585,
        3146876.317799737,
        0.0
      ],
      [
        708909.0883001573,
        3146881.350299735,
        0.0
      ],
      [
        708911.2343001573,
        3146882.631999734,
        0.0
      ],
      [
        708914.568000158,
        3146885.2248997362,
        0.0
      ],
      [
        708917.1609001567,
        3146890.0402997383,
        0.0
      ],
      [
        708917.316500159,
        3146890.604099736,
        0.0
      ],
      [
        708933.2741001575,
        3146886.3360997383,
        0.0
      ],
      [
        708937.3561001582,
        3146885.6557997367,
        0.0
      ],
      [
        708943.2754001586,
        3146884.6692997343,
        0.0
      ],
      [
        708971.9827001572,
        3146883.3727997364,
        0.0
      ],
      [
        709004.0290001587,
        3146882.808899735,
        0.0
      ],
      [
        709003.7460001591,
        3146882.6319997343,
        0.0
      ]
    ]
  ]
}