{
  "code": "106918016",
  "epsg": 32639,
  "bbox_utm": {
    "minx": 706731.246540151,
    "miny": 3145474.5792397517,
    "maxx": 707099.956560149,
    "maxy": 3145843.28925975
  },
  "polygon_utm": [
    [
      [
        706997.8154001493,
        3145762.6893997504,
        0.0
      ],
      [
        706994.2594001493,
        3145753.0584997493,
        0.0
      ],
      [
        706979.7391001498,
        3145726.092099751,
        0.0
      ],
      [
        706960.7737001494,
        3145690.53209975,
        0.0
      ],
      [
        706920.3241001507,
        3145618.078399752,
        0.0
      ],
      [
        706884.0232001492,
        3145543.846799751,
        0.0
      ],
      [
        706877.2075001487,
        3145530.808099751,
        0.0
      ],
      [
        706875.4295001491,
        3145528.1410997515,
        0.0
      ],
      [
        706873.3552001502,
        3145527.2520997515,
        0.0
      ],
      [
        706871.7253001494,
        3145527.4002997503,
        0.0
      ],
      [
        706869.2065001496,
        3145528.4373997506,
        0.0
      ],
      [
        706867.2309001492,
        3145530.2153997505,
        0.0
      ],
      [
        706865.3048001505,
        3145532.586099753,
        0.0
      ],
      [
        706864.4158001486,
        3145534.067799752,
        0.0
      ],
      [
        706864.2676001491,
        3145536.586599752,
        0.0
      ],
      [
        706864.2676001491,
        3145539.5498997527,
        0.0
      ],
      [
        706863.082300149,
        3145542.8095997497,
        0.0
      ],
      [
        706847.5247001492,
        3145563.1084997505,
        0.0
      ],
      [
        706832.4757001493,
        3145581.115199751,
        0.0
      ],
      [
        706863.3728001493,
        3145630.0918997517,
        0.0
      ],
      [
        706887.5432001505,
        3145666.008599752,
        0.0
      ],
      [
        706907.8734001501,
        3145705.7654997506,
        0.0
      ],
      [
        706934.9803001498,
        3145756.81689975,
        0.0
      ],
      [
        706953.2457001491,
        3145790.61639975,
        0.0
      ],
      [
        706965.9275001502,
        3145785.10979975,
        0.0
      ],
      [
        706975.4149001499,
        3145780.36609975,
        0.0
      ],
      [
        706987.7825001492,
        3145773.08109975,
        0.0
      ],
      [
        706995.7451001494,
        3145768.3373997514,
        0.0
      ],
      [
        706998.7274001505,
        3145766.61079975,
        0.0
      ],
      [
        706997.8154001493,
        3145762.6893997504,
        0.0
      ]
    ]
  ]
}