{
  "code": "106932209",
  "epsg": 32639,
  "bbox_utm": {
    "minx": 707481.4283137098,
    "miny": 3144305.088270648,
    "maxx": 707818.1296309903,
    "maxy": 3144641.7895879294
  },
  "polygon_utm": [
    [
      [
        707721.505000154,
        3144566.6997997416,
        0.0
      ],
      [
        707730.6914001545,
        3144543.1412997465,
        0.0
      ],
      [
        707731.580400153,
        3144540.0297997445,
        0.0
      ],
      [
        707732.4694001527,
        3144535.4365997454,
        0.0
      ],
      [
        707732.765700154,
        3144532.0286997436,
        0.0
      ],
      [
        707733.9511001545,
        3144526.9910997464,
        0.0
      ],
      [
        707735.4327001525,
        3144522.5460997466,
        0.0
      ],
      [
        707738.3961001516,
        3144517.656499746,
        0.0
      ],
      [
        707742.3175001544,
        3144511.1488997457,
        0.0
      ],
      [
        707739.8309001527,
        3144494.2661997452,
        0.0
      ],
      [
        707734.0524001534,
        3144457.668999745,
        0.0
      ],
      [
        707730.3482001533,
        3144413.515299746,
        0.0
      ],
      [
        707729.7555001529,
        3144400.0320997434,
        0.0
      ],
      [
        707729.0147001528,
        3144394.6980997464,
        0.0
      ],
      [
        707728.8665001523,
        3144388.474999746,
        0.0
      ],
      [
        707728.1257001522,
        3144384.1781997466,
        0.0
      ],
      [
        707727.8294001529,
        3144379.288699746,
        0.0
      ],
      [
        707727.2367001546,
        3144376.4734997465,
        0.0
      ],
      [
        707725.7550001533,
        3144373.3619997464,
        0.0
      ],
      [
        707724.2734001538,
        3144373.0656997445,
        0.0
      ],
      [
        707718.5913647367,
        3144368.493014771,
        0.0
      ],
      [
        707711.1782794199,
        3144367.7085931017,
        0.0
      ],
      [
        707705.1115975527,
        3144368.844024871,
        0.0
      ],
      [
        707698.7163148351,
        3144366.2467901073,
        0.0
      ],
      [
        707694.4465151916,
        3144358.652433317,
        0.0
      ],
      [
        707688.6275152743,
        3144353.1884588315,
        0.0
      ],
      [
        707666.3575997435,
        3144371.2345038666,
        0.0
      ],
      [
        707649.761341956,
        3144388.0727926833,
        0.0
      ],
      [
        707642.3241944371,
        3144392.3879225315,
        0.0
      ],
      [
        707615.8445458908,
        3144403.1676606364,
        0.0
      ],
      [
        707600.0713792566,
        3144418.058948665,
        0.0
      ],
      [
        707577.7140435989,
        3144433.6189276166,
        0.0
      ],
      [
        707565.4496175493,
        3144443.3413128825,
        0.0
      ],
      [
        707557.2404445459,
        3144454.1812158725,
        0.0
      ],
      [
        707577.0734001524,
        3144471.036899747,
        0.0
      ],
      [
        707579.3167001533,
        3144473.144199748,
        0.0
      ],
      [
        707583.7203001529,
        3144478.0815997454,
        0.0
      ],
      [
        707584.0023001521,
        3144478.3551997473,
        0.0
      ],
      [
        707584.391300152,
        3144478.6275997465,
        0.0
      ],
      [
        707584.8217001528,
        3144478.828299746,
        0.0
      ],
      [
        707585.2805001533,
        3144478.951199746,
        0.0
      ],
      [
        707585.7536001517,
        3144478.9925997453,
        0.0
      ],
      [
        707586.2267001533,
        3144478.9511997458,
        0.0
      ],
      [
        707586.6854001518,
        3144478.8282997464,
        0.0
      ],
      [
        707587.1159001518,
        3144478.6275997465,
        0.0
      ],
      [
        707587.504900153,
        3144478.3551997454,
        0.0
      ],
      [
        707587.856700153,
        3144478.000099747,
        0.0
      ],
      [
        707588.601800153,
        3144477.095299747,
        0.0
      ],
      [
        707590.5774001534,
        3144473.9343997464,
        0.0
      ],
      [
        707601.8381001544,
        3144461.2908997457,
        0.0
      ],
      [
        707607.3696001525,
        3144457.339699748,
        0.0
      ],
      [
        707610.3330001517,
        3144457.5372997453,
        0.0
      ],
      [
        707611.9134001515,
        3144458.722599746,
        0.0
      ],
      [
        707629.1008001537,
        3144474.1319997464,
        0.0
      ],
      [
        707624.4557001516,
        3144480.4665997475,
        0.0
      ],
      [
        707612.1578001524,
        3144496.4686997454,
        0.0
      ],
      [
        707607.8610001518,
        3144502.3953997465,
        0.0
      ],
      [
        707605.1940001532,
        3144507.877499744,
        0.0
      ],
      [
        707603.7123001511,
        3144513.063399745,
        0.0
      ],
      [
        707602.0825001528,
        3144520.471699745,
        0.0
      ],
      [
        707602.0825001526,
        3144524.6203997466,
        0.0
      ],
      [
        707618.0845001517,
        3144533.5103997453,
        0.0
      ],
      [
        707635.2719001524,
        3144544.030299748,
        0.0
      ],
      [
        707652.7556001527,
        3144556.4762997464,
        0.0
      ],
      [
        707677.4995001517,
        3144573.0709997453,
        0.0
      ],
      [
        707697.9465001523,
        3144587.591399746,
        0.0
      ],
      [
        707704.7622001534,
        3144591.4436997473,
        0.0
      ],
      [
        707707.7255001527,
        3144592.628999747,
        0.0
      ],
      [
        707711.7905001538,
        3144593.6893997462,
        0.0
      ],
      [
        707721.505000154,
        3144566.6997997416,
        0.0
      ]
    ]
  ]
}