{
  "code": "107005791",
  "epsg": 32639,
  "bbox_utm": {
    "minx": 690663.2659800929,
    "miny": 3137632.2664298355,
    "maxx": 691367.5571200977,
    "maxy": 3138336.5575698395
  },
  "polygon_utm": [
    [
      [
        690987.0778000965,
        3138202.573699837,
        0.0
      ],
      [
        690997.4495000961,
        3138193.1897998364,
        0.0
      ],
      [
        691014.2418000959,
        3138181.583399838,
        0.0
      ],
      [
        691019.4276000957,
        3138177.3852998363,
        0.0
      ],
      [
        691021.6501000955,
        3138169.7299998375,
        0.0
      ],
      [
        691023.3787000949,
        3138162.0746998372,
        0.0
      ],
      [
        691025.1073000956,
        3138155.1602998367,
        0.0
      ],
      [
        691028.3176000963,
        3138149.974399838,
        0.0
      ],
      [
        691034.7382000947,
        3138143.8007998364,
        0.0
      ],
      [
        691042.8874000963,
        3138136.639399837,
        0.0
      ],
      [
        691079.6822000947,
        3138109.9693998373,
        0.0
      ],
      [
        691133.5672000967,
        3138069.673499836,
        0.0
      ],
      [
        691130.065800095,
        3138065.5946998377,
        0.0
      ],
      [
        691104.0543000954,
        3138034.644299836,
        0.0
      ],
      [
        691082.652400095,
        3138005.998699837,
        0.0
      ],
      [
        691065.8601000953,
        3137978.340799838,
        0.0
      ],
      [
        691051.7019000952,
        3137957.268199838,
        0.0
      ],
      [
        691041.824100096,
        3137940.475999837,
        0.0
      ],
      [
        691038.2023000963,
        3137930.9273998383,
        0.0
      ],
      [
        691035.5682000959,
        3137917.098499838,
        0.0
      ],
      [
        691041.1656000951,
        3137913.8058998385,
        0.0
      ],
      [
        691042.1225000956,
        3137919.876599836,
        0.0
      ],
      [
        691042.3077000955,
        3137925.4328998392,
        0.0
      ],
      [
        691043.4190000948,
        3137930.4334998373,
        0.0
      ],
      [
        691046.9380000959,
        3137938.397499838,
        0.0
      ],
      [
        691055.0871000965,
        3137955.066299837,
        0.0
      ],
      [
        691061.7547000956,
        3137966.919599838,
        0.0
      ],
      [
        691073.9784000962,
        3137984.6996998345,
        0.0
      ],
      [
        691084.7205000953,
        3138001.1832998362,
        0.0
      ],
      [
        691098.6112000966,
        3138020.074499837,
        0.0
      ],
      [
        691101.7899000959,
        3138023.7300998373,
        0.0
      ],
      [
        691110.2485000959,
        3138018.7368998365,
        0.0
      ],
      [
        691116.4221000953,
        3138015.032699836,
        0.0
      ],
      [
        691122.3488000961,
        3138012.563299837,
        0.0
      ],
      [
        691132.2266000964,
        3138011.575499835,
        0.0
      ],
      [
        691143.3391000965,
        3138013.304099837,
        0.0
      ],
      [
        691154.2047000953,
        3138016.267499837,
        0.0
      ],
      [
        691169.2683000959,
        3138019.971599837,
        0.0
      ],
      [
        691183.8381000964,
        3138022.6879998366,
        0.0
      ],
      [
        691200.1364000966,
        3138024.910499836,
        0.0
      ],
      [
        691211.0020000957,
        3138024.910499836,
        0.0
      ],
      [
        691221.8676000962,
        3138020.712499835,
        0.0
      ],
      [
        691232.4862000966,
        3138014.5388998347,
        0.0
      ],
      [
        691240.3885000951,
        3138010.587699835,
        0.0
      ],
      [
        691252.2418000959,
        3138011.575499837,
        0.0
      ],
      [
        691263.848200096,
        3138013.5510998354,
        0.0
      ],
      [
        691266.9441000969,
        3138014.381899836,
        0.0
      ],
      [
        691250.8649000963,
        3137993.9521998363,
        0.0
      ],
      [
        691233.2258000982,
        3137972.7852998376,
        0.0
      ],
      [
        691200.0055000964,
        3137930.4514998356,
        0.0
      ],
      [
        691168.5492000963,
        3137892.8214998366,
        0.0
      ],
      [
        691139.4447000958,
        3137863.4229998384,
        0.0
      ],
      [
        691116.5138000954,
        3137838.7281998363,
        0.0
      ],
      [
        691089.7612000944,
        3137814.033499839,
        0.0
      ],
      [
        691064.8400000946,
        3137791.0292998375,
        0.0
      ],
      [
        691041.5477000959,
        3137770.229799838,
        0.0
      ],
      [
        691021.9902000956,
        3137752.765299837,
        0.0
      ],
      [
        691009.5560000952,
        3137769.344199838,
        0.0
      ],
      [
        690949.452400096,
        3137854.011799838,
        0.0
      ],
      [
        690902.1572000955,
        3137915.4065998383,
        0.0
      ],
      [
        690883.9733000954,
        3137898.2617998384,
        0.0
      ],
      [
        690852.7641000955,
        3137931.3624998396,
        0.0
      ],
      [
        690818.2698000942,
        3137967.947299837,
        0.0
      ],
      [
        690796.8416000952,
        3137985.7169998367,
        0.0
      ],
      [
        690776.4587000953,
        3138009.235799837,
        0.0
      ],
      [
        690763.8790000936,
        3138029.0838998393,
        0.0
      ],
      [
        690800.8044000939,
        3138058.918399837,
        0.0
      ],
      [
        690840.670600095,
        3138094.2006998365,
        0.0
      ],
      [
        690858.7284000964,
        3138113.508699837,
        0.0
      ],
      [
        690885.3985000955,
        3138137.2616998386,
        0.0
      ],
      [
        690927.2093000974,
        3138174.9053998385,
        0.0
      ],
      [
        690973.6097000951,
        3138216.0586998384,
        0.0
      ],
      [
        690987.0778000965,
        3138202.573699837,
        0.0
      ]
    ]
  ]
}