{
  "code": "109046516",
  "epsg": 32639,
  "bbox_utm": {
    "minx": 657129.7860500297,
    "miny": 3245380.957499915,
    "maxx": 657242.6295500303,
    "maxy": 3245493.800999916
  },
  "polygon_utm": [
    [
      [
        657191.1261000304,
        3245405.9679999137,
        0.0
      ],
      [
        657171.0773000298,
        3245397.1928999145,
        0.0
      ],
      [
        657170.814900031,
        3245397.077999915,
        0.0
      ],
      [
        657165.0734000299,
        3245408.560999915,
        0.0
      ],
      [
        657157.2946000297,
        3245429.119099916,
        0.0
      ],
      [
        657149.1454000296,
        3245453.9370999155,
        0.0
      ],
      [
        657148.7644000294,
        3245454.8583999155,
        0.0
      ],
      [
        657164.5687000296,
        3245461.6315999134,
        0.0
      ],
      [
        657202.0161000293,
        3245477.6804999155,
        0.0
      ],
      [
        657205.4412000305,
        3245467.7445999132,
        0.0
      ],
      [
        657210.9664000301,
        3245450.708599914,
        0.0
      ],
      [
        657215.9998000303,
        3245437.3432999146,
        0.0
      ],
      [
        657219.5611000294,
        3245428.7614999143,
        0.0
      ],
      [
        657223.6512000305,
        3245418.905099914,
        0.0
      ],
      [
        657191.1261000304,
        3245405.9679999137,
        0.0
      ]
    ]
  ]
}