{
  "code": "109273019",
  "epsg": 32639,
  "bbox_utm": {
    "minx": 674578.5590600566,
    "miny": 3224692.875759874,
    "maxx": 674824.6548400539,
    "maxy": 3224938.9715398713
  },
  "polygon_utm": [
    [
      [
        674785.863600055,
        3224863.7362998757,
        0.0
      ],
      [
        674784.0151000556,
        3224861.283499875,
        0.0
      ],
      [
        674763.2273000556,
        3224837.873799875,
        0.0
      ],
      [
        674711.4871000559,
        3224782.771299873,
        0.0
      ],
      [
        674711.3610000564,
        3224782.635999874,
        0.0
      ],
      [
        674684.9452000555,
        3224754.1605998753,
        0.0
      ],
      [
        674661.2754000549,
        3224728.0322998734,
        0.0
      ],
      [
        674619.8807000549,
        3224759.197299875,
        0.0
      ],
      [
        674617.3503000555,
        3224761.1311998744,
        0.0
      ],
      [
        674625.9826000548,
        3224772.7893998763,
        0.0
      ],
      [
        674639.3392000555,
        3224790.8702998743,
        0.0
      ],
      [
        674689.9809000551,
        3224842.1394998743,
        0.0
      ],
      [
        674747.7677000554,
        3224903.8149998714,
        0.0
      ],
      [
        674750.6797000559,
        3224901.9226998747,
        0.0
      ],
      [
        674771.6548000549,
        3224880.760399874,
        0.0
      ],
      [
        674785.863600055,
        3224863.7362998757,
        0.0
      ]
    ]
  ]
}