{
  "code": "109278546",
  "epsg": 32639,
  "bbox_utm": {
    "minx": 674551.6247200562,
    "miny": 3224727.823119875,
    "maxx": 674784.7812800546,
    "maxy": 3224960.979679873
  },
  "polygon_utm": [
    [
      [
        674689.9809000551,
        3224842.1394998743,
        0.0
      ],
      [
        674639.3392000555,
        3224790.8702998743,
        0.0
      ],
      [
        674625.9826000548,
        3224772.7893998763,
        0.0
      ],
      [
        674617.3503000555,
        3224761.1311998744,
        0.0
      ],
      [
        674588.6383000554,
        3224783.074299874,
        0.0
      ],
      [
        674619.047300055,
        3224821.5662998734,
        0.0
      ],
      [
        674647.2453000547,
        3224854.487199875,
        0.0
      ],
      [
        674689.472900056,
        3224901.993199874,
        0.0
      ],
      [
        674711.0548000556,
        3224927.6715998733,
        0.0
      ],
      [
        674747.7677000554,
        3224903.8149998714,
        0.0
      ],
      [
        674689.9809000551,
        3224842.1394998743,
        0.0
      ]
    ]
  ]
}