{
  "code": "115340769",
  "epsg": 32639,
  "bbox_utm": {
    "minx": 642172.9790800175,
    "miny": 3283713.6489799316,
    "maxx": 642331.539020019,
    "maxy": 3283872.2089199326
  },
  "polygon_utm": [
    [
      [
        642262.2917000196,
        3283736.3003999316,
        0.0
      ],
      [
        642253.0573000192,
        3283747.5074999337,
        0.0
      ],
      [
        642238.796200018,
        3283768.991699931,
        0.0
      ],
      [
        642223.2387000197,
        3283791.9575999323,
        0.0
      ],
      [
        642206.1995000176,
        3283816.4050999354,
        0.0
      ],
      [
        642214.7191000187,
        3283825.1098999307,
        0.0
      ],
      [
        642212.8670000194,
        3283828.073299936,
        0.0
      ],
      [
        642220.2753000199,
        3283838.0744999307,
        0.0
      ],
      [
        642230.6470000207,
        3283849.5574999326,
        0.0
      ],
      [
        642253.7981000197,
        3283822.5169999297,
        0.0
      ],
      [
        642274.1710000186,
        3283797.3285999326,
        0.0
      ],
      [
        642296.0257000197,
        3283771.214199935,
        0.0
      ],
      [
        642298.318600019,
        3283768.1857999344,
        0.0
      ],
      [
        642262.2917000196,
        3283736.3003999316,
        0.0
      ]
    ]
  ]
}