{
  "code": "115339284",
  "epsg": 32639,
  "bbox_utm": {
    "minx": 642479.2175600178,
    "miny": 3284063.658859929,
    "maxx": 642756.8889400215,
    "maxy": 3284341.330239933
  },
  "polygon_utm": [
    [
      [
        642699.6522000198,
        3284121.7647999306,
        0.0
      ],
      [
        642682.2014000184,
        3284134.6058999333,
        0.0
      ],
      [
        642649.2755000205,
        3284116.4965999327,
        0.0
      ],
      [
        642628.5321000195,
        3284103.3261999297,
        0.0
      ],
      [
        642582.4357000191,
        3284162.922299933,
        0.0
      ],
      [
        642576.1798000188,
        3284172.141499932,
        0.0
      ],
      [
        642537.656300019,
        3284145.142199929,
        0.0
      ],
      [
        642518.8885000206,
        3284152.879799932,
        0.0
      ],
      [
        642530.7419000185,
        3284185.147299932,
        0.0
      ],
      [
        642561.3631000193,
        3284260.2185999295,
        0.0
      ],
      [
        642554.44860002,
        3284268.120799931,
        0.0
      ],
      [
        642560.70780002,
        3284279.1812999328,
        0.0
      ],
      [
        642594.6954000185,
        3284283.140199934,
        0.0
      ],
      [
        642628.4565000207,
        3284288.2137999316,
        0.0
      ],
      [
        642667.1409000193,
        3284294.75599993,
        0.0
      ],
      [
        642698.4300000197,
        3284301.6628999324,
        0.0
      ],
      [
        642701.30690002,
        3284273.167499931,
        0.0
      ],
      [
        642713.8188000185,
        3284153.902299933,
        0.0
      ],
      [
        642717.2180000186,
        3284135.739899933,
        0.0
      ],
      [
        642708.2214000204,
        3284126.9028999326,
        0.0
      ],
      [
        642699.6522000198,
        3284121.7647999306,
        0.0
      ]
    ]
  ]
}