{
  "code": "115339756",
  "epsg": 32639,
  "bbox_utm": {
    "minx": 642229.0133600195,
    "miny": 3283575.4238599315,
    "maxx": 642925.1839400197,
    "maxy": 3284271.594439932
  },
  "polygon_utm": [
    [
      [
        642710.1969000183,
        3284111.756999935,
        0.0
      ],
      [
        642719.478700019,
        3284036.196299935,
        0.0
      ],
      [
        642728.5809000204,
        3283909.9030999327,
        0.0
      ],
      [
        642730.003100019,
        3283877.1919999323,
        0.0
      ],
      [
        642733.7009000197,
        3283819.4497999316,
        0.0
      ],
      [
        642740.2431000185,
        3283739.8054999365,
        0.0
      ],
      [
        642743.4123000193,
        3283697.119299932,
        0.0
      ],
      [
        642740.5275000198,
        3283691.165499932,
        0.0
      ],
      [
        642735.6920000197,
        3283682.916599933,
        0.0
      ],
      [
        642723.8940000201,
        3283678.498599933,
        0.0
      ],
      [
        642704.4676000196,
        3283674.8767999317,
        0.0
      ],
      [
        642692.9847000216,
        3283682.490899936,
        0.0
      ],
      [
        642650.5102000204,
        3283724.2245999314,
        0.0
      ],
      [
        642632.9771000193,
        3283739.041299933,
        0.0
      ],
      [
        642609.7643000179,
        3283754.5987999337,
        0.0
      ],
      [
        642566.5489000198,
        3283784.9729999276,
        0.0
      ],
      [
        642509.0107000193,
        3283831.398699936,
        0.0
      ],
      [
        642496.9104000196,
        3283841.2764999326,
        0.0
      ],
      [
        642481.8468000202,
        3283856.5870999317,
        0.0
      ],
      [
        642463.5729000203,
        3283878.812099934,
        0.0
      ],
      [
        642435.1742000192,
        3283918.0763999317,
        0.0
      ],
      [
        642417.3942000185,
        3283941.042199935,
        0.0
      ],
      [
        642410.7850000199,
        3283949.616299933,
        0.0
      ],
      [
        642429.04170002,
        3283971.0871999348,
        0.0
      ],
      [
        642454.7240000183,
        3283999.9797999356,
        0.0
      ],
      [
        642482.3818000169,
        3284037.515399931,
        0.0
      ],
      [
        642513.2911000192,
        3284072.7050999342,
        0.0
      ],
      [
        642532.0589000187,
        3284093.448399936,
        0.0
      ],
      [
        642537.9856000191,
        3284107.6065999274,
        0.0
      ],
      [
        642537.656300019,
        3284145.142199929,
        0.0
      ],
      [
        642576.1798000188,
        3284172.141499932,
        0.0
      ],
      [
        642582.4357000191,
        3284162.922299933,
        0.0
      ],
      [
        642628.5321000195,
        3284103.3261999297,
        0.0
      ],
      [
        642649.2755000205,
        3284116.4965999327,
        0.0
      ],
      [
        642682.2014000184,
        3284134.6058999333,
        0.0
      ],
      [
        642699.6522000198,
        3284121.7647999306,
        0.0
      ],
      [
        642708.2214000204,
        3284126.9028999326,
        0.0
      ],
      [
        642710.1969000183,
        3284111.756999935,
        0.0
      ]
    ]
  ]
}