{
  "code": "115340745",
  "epsg": 32639,
  "bbox_utm": {
    "minx": 642394.4623600194,
    "miny": 3283641.820859935,
    "maxx": 642648.5941400182,
    "maxy": 3283895.9526399337
  },
  "polygon_utm": [
    [
      [
        642583.423500021,
        3283709.277599933,
        0.0
      ],
      [
        642560.0562000187,
        3283683.7365999343,
        0.0
      ],
      [
        642531.0711000204,
        3283711.500099932,
        0.0
      ],
      [
        642491.8066000189,
        3283750.270099931,
        0.0
      ],
      [
        642430.7669000193,
        3283807.641499934,
        0.0
      ],
      [
        642432.1232000196,
        3283809.2128999326,
        0.0
      ],
      [
        642456.8177000193,
        3283834.6481999317,
        0.0
      ],
      [
        642473.6412000206,
        3283854.0368999345,
        0.0
      ],
      [
        642488.0728000198,
        3283839.605299934,
        0.0
      ],
      [
        642542.5076000183,
        3283795.877799933,
        0.0
      ],
      [
        642567.6960000185,
        3283776.3691999316,
        0.0
      ],
      [
        642594.6130000188,
        3283755.8726999313,
        0.0
      ],
      [
        642612.2896000183,
        3283743.0724999304,
        0.0
      ],
      [
        642583.423500021,
        3283709.277599933,
        0.0
      ]
    ]
  ]
}