{
  "code": "115341119",
  "epsg": 32639,
  "bbox_utm": {
    "minx": 642314.5688000175,
    "miny": 3283561.1766999317,
    "maxx": 642540.5547000209,
    "maxy": 3283787.162599935
  },
  "polygon_utm": [
    [
      [
        642482.42300002,
        3283611.4873999367,
        0.0
      ],
      [
        642455.5060000187,
        3283593.460399932,
        0.0
      ],
      [
        642429.2016000202,
        3283632.995299927,
        0.0
      ],
      [
        642409.8002000202,
        3283661.076099932,
        0.0
      ],
      [
        642382.4103000176,
        3283700.1405999316,
        0.0
      ],
      [
        642358.6644000188,
        3283731.0490999334,
        0.0
      ],
      [
        642367.8278000186,
        3283739.9288999327,
        0.0
      ],
      [
        642370.387000019,
        3283736.85799993,
        0.0
      ],
      [
        642386.3642000197,
        3283754.8788999347,
        0.0
      ],
      [
        642406.327400018,
        3283732.305199931,
        0.0
      ],
      [
        642440.6893000186,
        3283695.20169993,
        0.0
      ],
      [
        642455.7529000188,
        3283675.939999933,
        0.0
      ],
      [
        642496.4591000197,
        3283623.3875999334,
        0.0
      ],
      [
        642482.42300002,
        3283611.4873999367,
        0.0
      ]
    ]
  ]
}