{
  "code": "115339936",
  "epsg": 32639,
  "bbox_utm": {
    "minx": 641456.1576700172,
    "miny": 3283294.1680199336,
    "maxx": 641817.5927300189,
    "maxy": 3283655.6030799355
  },
  "polygon_utm": [
    [
      [
        641712.7815000184,
        3283451.9597999337,
        0.0
      ],
      [
        641704.6433000157,
        3283442.0777999335,
        0.0
      ],
      [
        641697.6678000183,
        3283431.033199931,
        0.0
      ],
      [
        641680.6558000182,
        3283397.9199999324,
        0.0
      ],
      [
        641676.4505000194,
        3283390.923799933,
        0.0
      ],
      [
        641667.7311000186,
        3283376.972699934,
        0.0
      ],
      [
        641653.4629000193,
        3283352.7675999342,
        0.0
      ],
      [
        641644.3702000192,
        3283345.9367999346,
        0.0
      ],
      [
        641644.1902000178,
        3283345.8015999338,
        0.0
      ],
      [
        641638.395000018,
        3283351.1439999356,
        0.0
      ],
      [
        641614.1926000188,
        3283373.5462999325,
        0.0
      ],
      [
        641589.7066000195,
        3283395.0802999367,
        0.0
      ],
      [
        641561.3705000181,
        3283419.587199937,
        0.0
      ],
      [
        641542.3853000189,
        3283436.7525999355,
        0.0
      ],
      [
        641541.9459000179,
        3283437.6070999354,
        0.0
      ],
      [
        641594.0906000157,
        3283459.410499932,
        0.0
      ],
      [
        641583.176800018,
        3283483.131899933,
        0.0
      ],
      [
        641572.5279000209,
        3283506.2776999366,
        0.0
      ],
      [
        641596.3469000189,
        3283520.6810999326,
        0.0
      ],
      [
        641610.5705000206,
        3283529.5094999354,
        0.0
      ],
      [
        641607.1919000188,
        3283552.364299934,
        0.0
      ],
      [
        641603.1915000172,
        3283568.7659999337,
        0.0
      ],
      [
        641598.9910000189,
        3283579.166999933,
        0.0
      ],
      [
        641598.1910000192,
        3283581.967299937,
        0.0
      ],
      [
        641599.9911000169,
        3283582.767399936,
        0.0
      ],
      [
        641626.9939000192,
        3283598.568999937,
        0.0
      ],
      [
        641638.3950000185,
        3283603.969499935,
        0.0
      ],
      [
        641649.1961000193,
        3283596.7687999336,
        0.0
      ],
      [
        641657.3969000187,
        3283585.9676999357,
        0.0
      ],
      [
        641670.5983000179,
        3283566.565799937,
        0.0
      ],
      [
        641690.0002000188,
        3283537.3627999327,
        0.0
      ],
      [
        641701.2014000188,
        3283519.961099937,
        0.0
      ],
      [
        641710.4023000203,
        3283504.5594999343,
        0.0
      ],
      [
        641731.8045000184,
        3283471.9561999324,
        0.0
      ],
      [
        641712.7815000184,
        3283451.9597999337,
        0.0
      ]
    ]
  ]
}