{
  "code": "115340589",
  "epsg": 32639,
  "bbox_utm": {
    "minx": 641736.6384200198,
    "miny": 3283787.6255699336,
    "maxx": 641891.7092800182,
    "maxy": 3283942.696429932
  },
  "polygon_utm": [
    [
      [
        641842.2588000192,
        3283844.294199932,
        0.0
      ],
      [
        641809.6621000195,
        3283825.773299933,
        0.0
      ],
      [
        641796.8209000174,
        3283817.6240999345,
        0.0
      ],
      [
        641758.7914000195,
        3283864.2966999365,
        0.0
      ],
      [
        641799.5373000177,
        3283887.756499935,
        0.0
      ],
      [
        641842.7527000181,
        3283912.697899931,
        0.0
      ],
      [
        641854.5153000187,
        3283888.5184999327,
        0.0
      ],
      [
        641869.5563000183,
        3283860.8887999346,
        0.0
      ],
      [
        641842.2588000192,
        3283844.294199932,
        0.0
      ]
    ]
  ]
}