{
  "code": "115341124",
  "epsg": 32639,
  "bbox_utm": {
    "minx": 642194.9717500188,
    "miny": 3283630.4948999323,
    "maxx": 642331.4864500206,
    "maxy": 3283767.0095999334
  },
  "polygon_utm": [
    [
      [
        642277.5898000201,
        3283717.734199934,
        0.0
      ],
      [
        642310.0723000194,
        3283679.7248999304,
        0.0
      ],
      [
        642309.7311000187,
        3283679.350699936,
        0.0
      ],
      [
        642280.64620002,
        3283649.9969999325,
        0.0
      ],
      [
        642238.4362000183,
        3283692.461399937,
        0.0
      ],
      [
        642216.3859000199,
        3283714.3550999328,
        0.0
      ],
      [
        642236.388500019,
        3283732.5055999327,
        0.0
      ],
      [
        642242.3151000169,
        3283738.432299936,
        0.0
      ],
      [
        642253.0573000192,
        3283747.5074999337,
        0.0
      ],
      [
        642262.2917000196,
        3283736.3003999316,
        0.0
      ],
      [
        642277.5898000201,
        3283717.734199934,
        0.0
      ]
    ]
  ]
}