{
  "code": "115332074",
  "epsg": 32639,
  "bbox_utm": {
    "minx": 642167.9885900174,
    "miny": 3286690.9924399345,
    "maxx": 642366.2486100201,
    "maxy": 3286889.2524599363
  },
  "polygon_utm": [
    [
      [
        642306.5207000199,
        3286776.9210999315,
        0.0
      ],
      [
        642285.1185000185,
        3286757.3190999334,
        0.0
      ],
      [
        642270.5170000198,
        3286742.71759993,
        0.0
      ],
      [
        642246.7146000203,
        3286719.3152999342,
        0.0
      ],
      [
        642237.5916000188,
        3286732.353899935,
        0.0
      ],
      [
        642232.5705000192,
        3286739.740499933,
        0.0
      ],
      [
        642223.3705000187,
        3286751.393799933,
        0.0
      ],
      [
        642221.3918000207,
        3286753.7493999302,
        0.0
      ],
      [
        642220.0105000206,
        3286755.393799931,
        0.0
      ],
      [
        642215.0505000198,
        3286763.873799936,
        0.0
      ],
      [
        642210.5705000204,
        3286777.7937999344,
        0.0
      ],
      [
        642209.4505000181,
        3286784.993799933,
        0.0
      ],
      [
        642209.7705000183,
        3286792.9937999323,
        0.0
      ],
      [
        642209.770500018,
        3286798.593799933,
        0.0
      ],
      [
        642210.7110000197,
        3286804.1237999354,
        0.0
      ],
      [
        642212.9112000186,
        3286809.3242999315,
        0.0
      ],
      [
        642226.512600018,
        3286825.9259999366,
        0.0
      ],
      [
        642259.1159000198,
        3286860.929599936,
        0.0
      ],
      [
        642274.8514000194,
        3286846.866899934,
        0.0
      ],
      [
        642291.4374000176,
        3286829.25039993,
        0.0
      ],
      [
        642292.1192000189,
        3286828.526299935,
        0.0
      ],
      [
        642308.7446000179,
        3286812.4180999296,
        0.0
      ],
      [
        642324.7867000194,
        3286794.255199935,
        0.0
      ],
      [
        642306.5207000199,
        3286776.9210999315,
        0.0
      ]
    ]
  ]
}