{
  "code": "115339064",
  "epsg": 32639,
  "bbox_utm": {
    "minx": 642864.393820018,
    "miny": 3284110.624819932,
    "maxx": 643272.3053800196,
    "maxy": 3284518.536379934
  },
  "polygon_utm": [
    [
      [
        643122.3044000197,
        3284285.516299931,
        0.0
      ],
      [
        642970.7179000189,
        3284234.724599934,
        0.0
      ],
      [
        642946.3136000191,
        3284285.1993999328,
        0.0
      ],
      [
        642922.6669000182,
        3284329.7594999317,
        0.0
      ],
      [
        642970.7525000197,
        3284343.1165999346,
        0.0
      ],
      [
        643033.9087000191,
        3284359.600199931,
        0.0
      ],
      [
        643130.217200019,
        3284385.158999933,
        0.0
      ],
      [
        643165.6448000195,
        3284394.436599931,
        0.0
      ],
      [
        643171.174100019,
        3284375.126799935,
        0.0
      ],
      [
        643173.9792000195,
        3284364.1549999337,
        0.0
      ],
      [
        643182.4525000199,
        3284355.820599933,
        0.0
      ],
      [
        643190.5090000192,
        3284349.9864999307,
        0.0
      ],
      [
        643193.9817000211,
        3284344.8469999284,
        0.0
      ],
      [
        643198.98230002,
        3284331.928699932,
        0.0
      ],
      [
        643206.7084000201,
        3284326.44789993,
        0.0
      ],
      [
        643212.7072000208,
        3284320.536599934,
        0.0
      ],
      [
        643214.0323000194,
        3284318.9781999304,
        0.0
      ],
      [
        643122.3044000197,
        3284285.516299931,
        0.0
      ]
    ]
  ]
}