{
  "code": "115330216",
  "epsg": 32639,
  "bbox_utm": {
    "minx": 642318.1227200195,
    "miny": 3287010.310369932,
    "maxx": 642438.7297800191,
    "maxy": 3287130.9174299315
  },
  "polygon_utm": [
    [
      [
        642419.0882000197,
        3287087.75149993,
        0.0
      ],
      [
        642410.8457000188,
        3287080.3806999326,
        0.0
      ],
      [
        642370.8406000162,
        3287047.228399935,
        0.0
      ],
      [
        642351.5789000187,
        3287029.448299931,
        0.0
      ],
      [
        642335.3523000196,
        3287046.8252999354,
        0.0
      ],
      [
        642371.6973000173,
        3287077.7344999355,
        0.0
      ],
      [
        642401.3307000194,
        3287104.404599933,
        0.0
      ],
      [
        642407.3176000179,
        3287109.136599935,
        0.0
      ],
      [
        642410.6614000192,
        3287111.7794999327,
        0.0
      ],
      [
        642418.9090000202,
        3287095.810499934,
        0.0
      ],
      [
        642421.5002000192,
        3287089.9084999315,
        0.0
      ],
      [
        642419.0882000197,
        3287087.75149993,
        0.0
      ]
    ]
  ]
}