{
  "code": "115340639",
  "epsg": 32639,
  "bbox_utm": {
    "minx": 642178.6883100208,
    "miny": 3283678.7128599323,
    "maxx": 642424.9996900195,
    "maxy": 3283925.0242399313
  },
  "polygon_utm": [
    [
      [
        642334.1202000196,
        3283792.9643999375,
        0.0
      ],
      [
        642335.0978000188,
        3283791.6762999347,
        0.0
      ],
      [
        642347.6920000189,
        3283776.859599936,
        0.0
      ],
      [
        642349.1737000201,
        3283778.1560999285,
        0.0
      ],
      [
        642373.0410000196,
        3283748.54429993,
        0.0
      ],
      [
        642366.6828000182,
        3283741.302999933,
        0.0
      ],
      [
        642367.8278000186,
        3283739.9288999327,
        0.0
      ],
      [
        642358.6644000188,
        3283731.0490999334,
        0.0
      ],
      [
        642340.9678000183,
        3283713.9001999325,
        0.0
      ],
      [
        642323.4366000197,
        3283736.7653999296,
        0.0
      ],
      [
        642305.8417000193,
        3283758.249599936,
        0.0
      ],
      [
        642298.318600019,
        3283768.1857999344,
        0.0
      ],
      [
        642296.0257000197,
        3283771.214199935,
        0.0
      ],
      [
        642274.1710000186,
        3283797.3285999326,
        0.0
      ],
      [
        642253.7981000197,
        3283822.5169999297,
        0.0
      ],
      [
        642230.6470000207,
        3283849.5574999326,
        0.0
      ],
      [
        642241.197000018,
        3283865.9449999332,
        0.0
      ],
      [
        642253.0504000189,
        3283882.0581999314,
        0.0
      ],
      [
        642258.2362000197,
        3283889.8368999315,
        0.0
      ],
      [
        642278.4240000194,
        3283867.4266999327,
        0.0
      ],
      [
        642274.7198000198,
        3283864.463399935,
        0.0
      ],
      [
        642301.5751000182,
        3283832.792699934,
        0.0
      ],
      [
        642323.4297000199,
        3283807.048699934,
        0.0
      ],
      [
        642334.1202000196,
        3283792.9643999375,
        0.0
      ]
    ]
  ]
}