{
  "code": "115342536",
  "epsg": 32639,
  "bbox_utm": {
    "minx": 641787.5151800184,
    "miny": 3283222.4688799325,
    "maxx": 641884.6501200198,
    "maxy": 3283319.6038199337
  },
  "polygon_utm": [
    [
      [
        641845.310500018,
        3283245.3849999346,
        0.0
      ],
      [
        641832.5409000203,
        3283237.0629999326,
        0.0
      ],
      [
        641826.0029000173,
        3283247.603899929,
        0.0
      ],
      [
        641817.0141000194,
        3283263.6638999344,
        0.0
      ],
      [
        641811.0013000194,
        3283274.406599934,
        0.0
      ],
      [
        641801.3916000186,
        3283296.349199935,
        0.0
      ],
      [
        641806.5276000177,
        3283297.832999935,
        0.0
      ],
      [
        641832.0035000185,
        3283305.0096999337,
        0.0
      ],
      [
        641837.0040000187,
        3283297.0088999346,
        0.0
      ],
      [
        641847.8051000193,
        3283283.407499936,
        0.0
      ],
      [
        641862.2065000163,
        3283269.2060999325,
        0.0
      ],
      [
        641870.7737000196,
        3283262.328199934,
        0.0
      ],
      [
        641845.310500018,
        3283245.3849999346,
        0.0
      ]
    ]
  ]
}