{
  "code": "115342781",
  "epsg": 32639,
  "bbox_utm": {
    "minx": 641627.5091000197,
    "miny": 3283081.7127499343,
    "maxx": 641779.9082000174,
    "maxy": 3283234.1118499315
  },
  "polygon_utm": [
    [
      [
        641758.0289000183,
        3283170.549899933,
        0.0
      ],
      [
        641699.3123000183,
        3283122.002299935,
        0.0
      ],
      [
        641676.46220002,
        3283104.507699932,
        0.0
      ],
      [
        641654.2707000193,
        3283151.990599937,
        0.0
      ],
      [
        641649.2804000195,
        3283162.8953999346,
        0.0
      ],
      [
        641679.917700019,
        3283180.482299935,
        0.0
      ],
      [
        641717.7917000202,
        3283200.416699932,
        0.0
      ],
      [
        641739.9679000205,
        3283211.316899934,
        0.0
      ],
      [
        641746.7949000193,
        3283196.398699928,
        0.0
      ],
      [
        641756.2069000194,
        3283173.918699935,
        0.0
      ],
      [
        641758.1369000177,
        3283170.639099936,
        0.0
      ],
      [
        641758.0289000183,
        3283170.549899933,
        0.0
      ]
    ]
  ]
}