{
  "code": "115338744",
  "epsg": 32639,
  "bbox_utm": {
    "minx": 642649.9267800206,
    "miny": 3284171.832579933,
    "maxx": 643084.99302002,
    "maxy": 3284606.8988199327
  },
  "polygon_utm": [
    [
      [
        642968.9984000182,
        3284350.19819993,
        0.0
      ],
      [
        642883.7098000189,
        3284327.9731999305,
        0.0
      ],
      [
        642790.3646000195,
        3284303.2477999325,
        0.0
      ],
      [
        642730.5282000194,
        3284286.4146999326,
        0.0
      ],
      [
        642721.3442000196,
        3284369.730599929,
        0.0
      ],
      [
        642720.3018000189,
        3284379.1871999335,
        0.0
      ],
      [
        642712.0791000205,
        3284453.7823999296,
        0.0
      ],
      [
        642785.9196000196,
        3284463.8237999314,
        0.0
      ],
      [
        642877.5979000189,
        3284476.1863999325,
        0.0
      ],
      [
        642994.4183000202,
        3284491.188299933,
        0.0
      ],
      [
        643001.8728000207,
        3284492.3166999333,
        0.0
      ],
      [
        643022.8407000201,
        3284364.6941999313,
        0.0
      ],
      [
        642968.9984000182,
        3284350.19819993,
        0.0
      ]
    ]
  ]
}