{
  "code": "115342286",
  "epsg": 32639,
  "bbox_utm": {
    "minx": 642164.196620018,
    "miny": 3283288.7915199343,
    "maxx": 642287.8976800183,
    "maxy": 3283412.492579934
  },
  "polygon_utm": [
    [
      [
        642245.4831000183,
        3283320.6299999366,
        0.0
      ],
      [
        642232.977000019,
        3283306.463099934,
        0.0
      ],
      [
        642204.665200018,
        3283356.8176999325,
        0.0
      ],
      [
        642192.6257000179,
        3283379.600199935,
        0.0
      ],
      [
        642207.6285000169,
        3283387.1919999346,
        0.0
      ],
      [
        642219.979800018,
        3283392.8512999327,
        0.0
      ],
      [
        642224.2786000177,
        3283394.8209999343,
        0.0
      ],
      [
        642237.07670002,
        3283373.4864999363,
        0.0
      ],
      [
        642259.2564000186,
        3283336.2993999324,
        0.0
      ],
      [
        642259.4686000183,
        3283335.9436999336,
        0.0
      ],
      [
        642245.4831000183,
        3283320.6299999366,
        0.0
      ]
    ]
  ]
}