{
  "code": "115341005",
  "epsg": 32639,
  "bbox_utm": {
    "minx": 641506.2276300204,
    "miny": 3283261.521879937,
    "maxx": 642124.0820700184,
    "maxy": 3283879.376319934
  },
  "polygon_utm": [
    [
      [
        641837.1153000181,
        3283748.109099932,
        0.0
      ],
      [
        641839.8728000178,
        3283743.7875999347,
        0.0
      ],
      [
        641847.2812000198,
        3283746.5039999294,
        0.0
      ],
      [
        641863.0856000199,
        3283723.785099932,
        0.0
      ],
      [
        641866.7770000179,
        3283717.345199935,
        0.0
      ],
      [
        641893.9039000189,
        3283732.5784999332,
        0.0
      ],
      [
        641897.5402000193,
        3283734.6204999327,
        0.0
      ],
      [
        641915.8510000187,
        3283747.481699931,
        0.0
      ],
      [
        641934.7119000191,
        3283761.948899933,
        0.0
      ],
      [
        641934.8182000178,
        3283762.0303999353,
        0.0
      ],
      [
        641939.1984000186,
        3283755.7918999316,
        0.0
      ],
      [
        641955.9907000193,
        3283722.9481999357,
        0.0
      ],
      [
        641984.8832000192,
        3283672.818399935,
        0.0
      ],
      [
        641972.5531000196,
        3283666.9225999345,
        0.0
      ],
      [
        641944.2162000166,
        3283653.772699931,
        0.0
      ],
      [
        641912.915900019,
        3283637.103999933,
        0.0
      ],
      [
        641904.2111000186,
        3283631.7328999303,
        0.0
      ],
      [
        641921.1581000177,
        3283616.2595999325,
        0.0
      ],
      [
        641925.5101000187,
        3283612.2859999365,
        0.0
      ],
      [
        641929.1132000175,
        3283608.386699933,
        0.0
      ],
      [
        641939.0304000184,
        3283597.6544999336,
        0.0
      ],
      [
        641939.2841000195,
        3283597.3392999345,
        0.0
      ],
      [
        641958.8863000193,
        3283572.9896999346,
        0.0
      ],
      [
        641962.7371000175,
        3283568.206299935,
        0.0
      ],
      [
        641971.6363000193,
        3283554.932899935,
        0.0
      ],
      [
        641973.6644000197,
        3283551.907999933,
        0.0
      ],
      [
        641974.0348000182,
        3283535.7947999304,
        0.0
      ],
      [
        641972.3679000176,
        3283483.380699932,
        0.0
      ],
      [
        641971.5602000192,
        3283478.914299932,
        0.0
      ],
      [
        641969.219400018,
        3283465.971099934,
        0.0
      ],
      [
        641961.2554000199,
        3283460.4148999318,
        0.0
      ],
      [
        641945.5127000195,
        3283449.117099936,
        0.0
      ],
      [
        641933.8627000193,
        3283440.8860999322,
        0.0
      ],
      [
        641926.8162000193,
        3283447.125199932,
        0.0
      ],
      [
        641899.5809000198,
        3283423.187899934,
        0.0
      ],
      [
        641877.9212000195,
        3283404.100299935,
        0.0
      ],
      [
        641869.9475000176,
        3283397.0734999366,
        0.0
      ],
      [
        641849.9450000197,
        3283378.36739993,
        0.0
      ],
      [
        641818.1874000188,
        3283349.786799936,
        0.0
      ],
      [
        641816.3707000191,
        3283352.4895999357,
        0.0
      ],
      [
        641808.1639000198,
        3283367.851199932,
        0.0
      ],
      [
        641806.7399000184,
        3283370.5165999345,
        0.0
      ],
      [
        641806.2298000184,
        3283371.325699934,
        0.0
      ],
      [
        641778.5631000175,
        3283415.2108999314,
        0.0
      ],
      [
        641778.0943000175,
        3283415.9544999353,
        0.0
      ],
      [
        641750.6834000192,
        3283461.63929993,
        0.0
      ],
      [
        641747.6625000197,
        3283466.327099936,
        0.0
      ],
      [
        641740.2534000174,
        3283477.8244999335,
        0.0
      ],
      [
        641733.2155000175,
        3283489.1221999335,
        0.0
      ],
      [
        641731.6257000179,
        3283491.6489999346,
        0.0
      ],
      [
        641723.2616000175,
        3283504.9431999335,
        0.0
      ],
      [
        641719.3248000175,
        3283509.680399933,
        0.0
      ],
      [
        641711.2176000194,
        3283518.8359999307,
        0.0
      ],
      [
        641697.9709000187,
        3283537.8982999357,
        0.0
      ],
      [
        641696.4632000163,
        3283537.144399934,
        0.0
      ],
      [
        641677.9394000178,
        3283563.529999933,
        0.0
      ],
      [
        641665.3389000185,
        3283581.299999935,
        0.0
      ],
      [
        641650.4768000196,
        3283600.577599935,
        0.0
      ],
      [
        641648.3229000187,
        3283603.162299932,
        0.0
      ],
      [
        641645.4265000194,
        3283605.4332999308,
        0.0
      ],
      [
        641682.8387000193,
        3283621.7315999353,
        0.0
      ],
      [
        641725.8071000179,
        3283639.1412999346,
        0.0
      ],
      [
        641733.0303000186,
        3283642.4749999363,
        0.0
      ],
      [
        641725.4367000209,
        3283659.3289999324,
        0.0
      ],
      [
        641703.3969000184,
        3283705.4459999315,
        0.0
      ],
      [
        641704.8785000185,
        3283706.9275999297,
        0.0
      ],
      [
        641741.9160000192,
        3283728.123899937,
        0.0
      ],
      [
        641734.033600019,
        3283747.75609993,
        0.0
      ],
      [
        641741.693300018,
        3283753.513999933,
        0.0
      ],
      [
        641753.4032000176,
        3283747.1178999343,
        0.0
      ],
      [
        641758.1227000196,
        3283749.875699935,
        0.0
      ],
      [
        641761.7007000188,
        3283752.3604999385,
        0.0
      ],
      [
        641761.9184000196,
        3283752.5267999345,
        0.0
      ],
      [
        641762.2890000193,
        3283752.8974999324,
        0.0
      ],
      [
        641762.5897000195,
        3283753.326899933,
        0.0
      ],
      [
        641762.8112000198,
        3283753.801899932,
        0.0
      ],
      [
        641762.9469000185,
        3283754.3081999337,
        0.0
      ],
      [
        641762.9926000192,
        3283754.8303999305,
        0.0
      ],
      [
        641762.9837000186,
        3283755.061399933,
        0.0
      ],
      [
        641762.9461000203,
        3283756.0380999334,
        0.0
      ],
      [
        641763.1393000197,
        3283758.245699933,
        0.0
      ],
      [
        641763.7128000201,
        3283760.386199932,
        0.0
      ],
      [
        641764.6493000182,
        3283762.3945999327,
        0.0
      ],
      [
        641765.9204000183,
        3283764.209799935,
        0.0
      ],
      [
        641767.4874000185,
        3283765.7767999345,
        0.0
      ],
      [
        641769.0075000194,
        3283766.872099931,
        0.0
      ],
      [
        641795.8753000193,
        3283783.3676999332,
        0.0
      ],
      [
        641806.7968000192,
        3283789.377499933,
        0.0
