{
  "code": "115332791",
  "epsg": 32639,
  "bbox_utm": {
    "minx": 641773.3543700188,
    "miny": 3286493.3812199333,
    "maxx": 642079.4488300191,
    "maxy": 3286799.4756799336
  },
  "polygon_utm": [
    [
      [
        641968.3680000178,
        3286718.9376999345,
        0.0
      ],
      [
        642010.2845000197,
        3286681.136799934,
        0.0
      ],
      [
        641999.483000018,
        3286666.847699934,
        0.0
      ],
      [
        641968.2291000193,
        3286627.2593999277,
        0.0
      ],
      [
        641931.4188000174,
        3286582.114799932,
        0.0
      ],
      [
        641894.7475000198,
        3286537.1089999336,
        0.0
      ],
      [
        641876.6897000194,
        3286560.306399931,
        0.0
      ],
      [
        641858.6318000192,
        3286584.892899934,
        0.0
      ],
      [
        641852.3810000182,
        3286608.506999931,
        0.0
      ],
      [
        641842.5187000182,
        3286644.6226999327,
        0.0
      ],
      [
        641877.0335000185,
        3286691.6455999347,
        0.0
      ],
      [
        641928.3629000174,
        3286755.7478999337,
        0.0
      ],
      [
        641944.1976000195,
        3286741.177799934,
        0.0
      ],
      [
        641968.3680000178,
        3286718.9376999345,
        0.0
      ]
    ]
  ]
}