{
  "code": "115340459",
  "epsg": 32639,
  "bbox_utm": {
    "minx": 643142.2375900177,
    "miny": 3283757.304139928,
    "maxx": 643380.7203100217,
    "maxy": 3283995.7868599324
  },
  "polygon_utm": [
    [
      [
        643330.4918000201,
        3283856.224099931,
        0.0
      ],
      [
        643324.3452000194,
        3283851.223399932,
        0.0
      ],
      [
        643318.5111000192,
        3283846.5353999324,
        0.0
      ],
      [
        643308.5098000199,
        3283838.409299934,
        0.0
      ],
      [
        643286.7362000196,
        3283820.5945999324,
        0.0
      ],
      [
        643266.3170000198,
        3283807.8845999343,
        0.0
      ],
      [
        643251.6586000191,
        3283798.5403999346,
        0.0
      ],
      [
        643246.6334000189,
        3283794.6499999333,
        0.0
      ],
      [
        643244.3380000197,
        3283791.3730999287,
        0.0
      ],
      [
        643243.5987000208,
        3283792.3004999305,
        0.0
      ],
      [
        643234.0687000194,
        3283804.254999934,
        0.0
      ],
      [
        643225.8634000174,
        3283814.5476999306,
        0.0
      ],
      [
        643220.2445000199,
        3283821.5959999333,
        0.0
      ],
      [
        643218.8365000195,
        3283823.475599931,
        0.0
      ],
      [
        643211.9027000207,
        3283832.7293999307,
        0.0
      ],
      [
        643205.8629000208,
        3283840.790399931,
        0.0
      ],
      [
        643199.59190002,
        3283849.1598999314,
        0.0
      ],
      [
        643192.4269000201,
        3283858.7226999328,
        0.0
      ],
      [
        643184.4458000185,
        3283869.374599932,
        0.0
      ],
      [
        643177.4642000203,
        3283878.6925999313,
        0.0
      ],
      [
        643196.3741000189,
        3283891.0306999306,
        0.0
      ],
      [
        643259.9525000203,
        3283923.711799934,
        0.0
      ],
      [
        643333.8905000207,
        3283961.7178999316,
        0.0
      ],
      [
        643337.1593000178,
        3283956.5492999284,
        0.0
      ],
      [
        643341.3265000194,
        3283948.5274999323,
        0.0
      ],
      [
        643344.243500018,
        3283931.337799932,
        0.0
      ],
      [
        643345.4937000192,
        3283915.085699936,
        0.0
      ],
      [
        643344.2435000177,
        3283905.0844999296,
        0.0
      ],
      [
        643338.2011000194,
        3283891.3326999317,
        0.0
      ],
      [
        643333.513000021,
        3283882.477399932,
        0.0
      ],
      [
        643331.8461000186,
        3283874.7680999306,
        0.0
      ],
      [
        643332.0485000187,
        3283870.4368999307,
        0.0
      ],
      [
        643332.3605000199,
        3283863.7597999317,
        0.0
      ],
      [
        643331.4134000192,
        3283858.875199932,
        0.0
      ],
      [
        643330.7935000187,
        3283857.0919999317,
        0.0
      ],
      [
        643330.4918000201,
        3283856.224099931,
        0.0
      ]
    ]
  ]
}