{
  "code": "115340039",
  "epsg": 32639,
  "bbox_utm": {
    "minx": 642735.0792000201,
    "miny": 3283308.8747999338,
    "maxx": 643089.7279000198,
    "maxy": 3283663.5234999335
  },
  "polygon_utm": [
    [
      [
        642967.1467000216,
        3283485.152499934,
        0.0
      ],
      [
        642926.3057000205,
        3283467.1673999354,
        0.0
      ],
      [
        642921.7243000204,
        3283465.1498999335,
        0.0
      ],
      [
        642918.2744000216,
        3283463.685799935,
        0.0
      ],
      [
        642791.7526000201,
        3283409.9897999354,
        0.0
      ],
      [
        642785.8259000194,
        3283532.227599932,
        0.0
      ],
      [
        642785.74330002,
        3283543.796099932,
        0.0
      ],
      [
        642909.6007000188,
        3283552.259899931,
        0.0
      ],
      [
        642919.4662000191,
        3283552.9339999324,
        0.0
      ],
      [
        642984.2480000192,
        3283558.778999931,
        0.0
      ],
      [
        642985.1535000205,
        3283558.860699933,
        0.0
      ],
      [
        643039.0638000199,
        3283562.408499932,
        0.0
      ],
      [
        643034.9619000203,
        3283554.6786999325,
        0.0
      ],
      [
        643019.7747000181,
        3283526.156499936,
        0.0
      ],
      [
        643007.8229000188,
        3283501.183799932,
        0.0
      ],
      [
        642967.1467000216,
        3283485.152499934,
        0.0
      ]
    ]
  ]
}