{
  "code": "115342024",
  "epsg": 32639,
  "bbox_utm": {
    "minx": 642441.025540018,
    "miny": 3283248.991989931,
    "maxx": 642730.0657600197,
    "maxy": 3283538.032209933
  },
  "polygon_utm": [
    [
      [
        642639.12950002,
        3283395.7324999347,
        0.0
      ],
      [
        642647.1708000193,
        3283390.275799934,
        0.0
      ],
      [
        642657.7969000189,
        3283401.907099931,
        0.0
      ],
      [
        642678.6720000205,
        3283376.957399935,
        0.0
      ],
      [
        642688.7743000195,
        3283365.483699933,
        0.0
      ],
      [
        642595.6303000199,
        3283325.8074999317,
        0.0
      ],
      [
        642553.3350000186,
        3283307.791099931,
        0.0
      ],
      [
        642544.7941000193,
        3283318.688699925,
        0.0
      ],
      [
        642525.7794000205,
        3283343.8770999336,
        0.0
      ],
      [
        642521.581300017,
        3283340.172999932,
        0.0
      ],
      [
        642514.1729000178,
        3283350.0507999314,
        0.0
      ],
      [
        642512.1151000191,
        3283352.8865999365,
        0.0
      ],
      [
        642493.9235000183,
        3283377.9554999345,
        0.0
      ],
      [
        642482.3170000183,
        3283395.4885999337,
        0.0
      ],
      [
        642496.575800021,
        3283415.829599932,
        0.0
      ],
      [
        642498.0159000193,
        3283417.3532999307,
        0.0
      ],
      [
        642517.8131000171,
        3283438.301599934,
        0.0
      ],
      [
        642547.1518000205,
        3283468.4968999317,
        0.0
      ],
      [
        642551.6446000196,
        3283473.120799936,
        0.0
      ],
      [
        642557.5717000195,
        3283479.2330999332,
        0.0
      ],
      [
        642618.3662000203,
        3283413.835399934,
        0.0
      ],
      [
        642639.12950002,
        3283395.7324999347,
        0.0
      ]
    ]
  ]
}