{
  "code": "115341096",
  "epsg": 32639,
  "bbox_utm": {
    "minx": 642239.7071200161,
    "miny": 3283662.0327199297,
    "maxx": 642363.5523800218,
    "maxy": 3283785.877979935
  },
  "polygon_utm": [
    [
      [
        642340.2906000179,
        3283713.243899934,
        0.0
      ],
      [
        642321.2141000199,
        3283691.9448999334,
        0.0
      ],
      [
        642310.0723000194,
        3283679.7248999304,
        0.0
      ],
      [
        642277.5898000201,
        3283717.734199934,
        0.0
      ],
      [
        642262.2917000196,
        3283736.3003999316,
        0.0
      ],
      [
        642298.318600019,
        3283768.1857999344,
        0.0
      ],
      [
        642305.8417000193,
        3283758.249599936,
        0.0
      ],
      [
        642323.4366000197,
        3283736.7653999296,
        0.0
      ],
      [
        642340.9678000183,
        3283713.9001999325,
        0.0
      ],
      [
        642340.2906000179,
        3283713.243899934,
        0.0
      ]
    ]
  ]
}