{
  "code": "115341131",
  "epsg": 32639,
  "bbox_utm": {
    "minx": 642122.7469000195,
    "miny": 3283182.563149932,
    "maxx": 642823.5799000198,
    "maxy": 3283883.3961499324
  },
  "polygon_utm": [
    [
      [
        642605.72550002,
        3283528.1894999286,
        0.0
      ],
      [
        642602.1695000189,
        3283524.604699932,
        0.0
      ],
      [
        642575.3513000191,
        3283497.568299931,
        0.0
      ],
      [
        642557.5717000195,
        3283479.2330999332,
        0.0
      ],
      [
        642551.6446000196,
        3283473.120799936,
        0.0
      ],
      [
        642547.1518000205,
        3283468.4968999317,
        0.0
      ],
      [
        642517.8131000171,
        3283438.301599934,
        0.0
      ],
      [
        642498.0159000193,
        3283417.3532999307,
        0.0
      ],
      [
        642496.575800021,
        3283415.829599932,
        0.0
      ],
      [
        642482.3170000183,
        3283395.4885999337,
        0.0
      ],
      [
        642475.1556000193,
        3283384.8699999345,
        0.0
      ],
      [
        642465.1702000187,
        3283367.578099931,
        0.0
      ],
      [
        642465.0309000198,
        3283367.336899931,
        0.0
      ],
      [
        642454.6592000192,
        3283355.4834999354,
        0.0
      ],
      [
        642450.2088000199,
        3283351.291199936,
        0.0
      ],
      [
        642437.62000002,
        3283339.4320999337,
        0.0
      ],
      [
        642427.9892000193,
        3283332.5176999327,
        0.0
      ],
      [
        642427.6871000192,
        3283332.3820999293,
        0.0
      ],
      [
        642410.9647000203,
        3283324.876199932,
        0.0
      ],
      [
        642402.5538000193,
        3283322.8867999334,
        0.0
      ],
      [
        642401.8835000201,
        3283323.2602999327,
        0.0
      ],
      [
        642385.2677000193,
        3283332.5176999327,
        0.0
      ],
      [
        642373.4143000201,
        3283340.6667999304,
        0.0
      ],
      [
        642358.1037000194,
        3283353.754899933,
        0.0
      ],
      [
        642345.0157000202,
        3283365.6082999352,
        0.0
      ],
      [
        642338.3162000196,
        3283359.5241999305,
        0.0
      ],
      [
        642334.3970000179,
        3283362.644899933,
        0.0
      ],
      [
        642330.4459000186,
        3283366.102199936,
        0.0
      ],
      [
        642323.2845000194,
        3283371.7818999323,
        0.0
      ],
      [
        642292.6633000183,
        3283396.970299933,
        0.0
      ],
      [
        642282.9168000179,
        3283385.7356999354,
        0.0
      ],
      [
        642278.5154000187,
        3283390.2779999324,
        0.0
      ],
      [
        642259.1848000195,
        3283410.227199935,
        0.0
      ],
      [
        642250.8542000175,
        3283418.605399933,
        0.0
      ],
      [
        642247.2340000186,
        3283422.320799934,
        0.0
      ],
      [
        642255.3106000185,
        3283433.115699935,
        0.0
      ],
      [
        642251.1126000187,
        3283456.5754999346,
        0.0
      ],
      [
        642246.6676000184,
        3283471.3921999326,
        0.0
      ],
      [
        642241.2348000195,
        3283479.54139993,
        0.0
      ],
      [
        642234.0734000185,
        3283492.8763999348,
        0.0
      ],
      [
        642225.9272000191,
        3283503.737899935,
        0.0
      ],
      [
        642224.9166000193,
        3283505.2685999335,
        0.0
      ],
      [
        642223.7890000202,
        3283507.686699934,
        0.0
      ],
      [
        642223.0984000186,
        3283510.2638999317,
        0.0
      ],
      [
        642222.8659000195,
        3283512.9217999373,
        0.0
      ],
      [
        642223.0984000183,
        3283515.579799934,
        0.0
      ],
      [
        642223.7890000201,
        3283518.156999934,
        0.0
      ],
      [
        642224.9166000201,
        3283520.575099933,
        0.0
      ],
      [
        642226.4468000177,
        3283522.7605999336,
        0.0
      ],
      [
        642240.7409000159,
        3283539.7958999304,
        0.0
      ],
      [
        642256.8968000201,
        3283560.391899934,
        0.0
      ],
      [
        642252.594200019,
        3283565.478199935,
        0.0
      ],
      [
        642238.518400018,
        3283581.5295999367,
        0.0
      ],
      [
        642225.6772000183,
        3283598.568799932,
        0.0
      ],
      [
        642227.65280002,
        3283600.5443999316,
        0.0
      ],
      [
        642245.6798000181,
        3283615.8549999357,
        0.0
      ],
      [
        642262.9659000188,
        3283632.153299934,
        0.0
      ],
      [
        642280.64620002,
        3283649.9969999325,
        0.0
      ],
      [
        642309.7311000187,
        3283679.350699936,
        0.0
      ],
      [
        642310.0723000194,
        3283679.7248999304,
        0.0
      ],
      [
        642321.2141000199,
        3283691.9448999334,
        0.0
      ],
      [
        642340.2906000179,
        3283713.243899934,
        0.0
      ],
      [
        642340.9678000183,
        3283713.9001999325,
        0.0
      ],
      [
        642358.6644000188,
        3283731.0490999334,
        0.0
      ],
      [
        642382.4103000176,
        3283700.1405999316,
        0.0
      ],
      [
        642409.8002000202,
        3283661.076099932,
        0.0
      ],
      [
        642429.2016000202,
        3283632.995299927,
        0.0
      ],
      [
        642455.5060000187,
        3283593.460399932,
        0.0
      ],
      [
        642482.42300002,
        3283611.4873999367,
        0.0
      ],
      [
        642496.4591000197,
        3283623.3875999334,
        0.0
      ],
      [
        642527.8609000184,
        3283650.0107999337,
        0.0
      ],
      [
        642551.5676000202,
        3283674.4582999353,
        0.0
      ],
      [
        642560.0562000187,
        3283683.7365999343,
        0.0
      ],
      [
        642583.423500021,
        3283709.277599933,
        0.0
      ],
      [
        642612.2896000183,
        3283743.0724999304,
        0.0
      ],
      [
        642623.2586000182,
        3283735.129399932,
        0.0
      ],
      [
        642643.7550000187,
        3283715.620699931,
        0.0
      ],
      [
        642678.3273000187,
        3283681.2953999313,
        0.0
      ],
      [
        642701.5401000199,
        3283661.539799933,
        0.0
      ],
      [
        642709.689300018,
        3283658.3294999334,
        0.0
      ],
      [
        642712.9098000197,
        3283659.4588999324,
        0.0
      ],
      [
        642715.7898000209,
        3283660.578899933,
        0.0
      ],
      [
        642723.4609000197,
        3283649.9210999324,
        0.0
      ],
      [
        642713.2578000195,
        3283639.804999934,
        0.0
      ],
      [
        642671.90670002,
        3283596.8401999315,
        0.0
      ],
      [
        642642.9079000193,
        3283566.7592999297,
        0.0
      ],
      [
        642605.72550002,
        3283528.1894999286,
        0.0
      ]
    ]
  ]
}