{
  "code": "115340330",
  "epsg": 32639,
  "bbox_utm": {
    "minx": 642718.9450800192,
    "miny": 3283767.4392299326,
    "maxx": 643037.6062200199,
    "maxy": 3284086.100369933
  },
  "polygon_utm": [
    [
      [
        642978.5370000198,
        3283963.4075999316,
        0.0
      ],
      [
        642931.1571000195,
        3283903.4874999337,
        0.0
      ],
      [
        642860.8825000186,
        3283868.7143999343,
        0.0
      ],
      [
        642770.6429000203,
        3283826.034499933,
        0.0
      ],
      [
        642770.7470000207,
        3283869.9563999334,
        0.0
      ],
      [
        642769.2653000193,
        3283871.2528999336,
        0.0
      ],
      [
        642764.4681000194,
        3283924.022199932,
        0.0
      ],
      [
        642890.2123000186,
        3283995.402299928,
        0.0
      ],
      [
        642950.4669000197,
        3284027.505099932,
        0.0
      ],
      [
        642992.0832000198,
        3283979.5800999305,
        0.0
      ],
      [
        642978.5370000198,
        3283963.4075999316,
        0.0
      ]
    ]
  ]
}