{
  "code": "115341861",
  "epsg": 32639,
  "bbox_utm": {
    "minx": 641914.0920900177,
    "miny": 3283355.177039933,
    "maxx": 642147.1631100188,
    "maxy": 3283588.2480599335
  },
  "polygon_utm": [
    [
      [
        642084.9122000198,
        3283521.348499936,
        0.0
      ],
      [
        642062.5020000198,
        3283496.1600999353,
        0.0
      ],
      [
        642060.025400019,
        3283493.412699933,
        0.0
      ],
      [
        642038.7952000173,
        3283469.8604999385,
        0.0
      ],
      [
        642018.6075000201,
        3283444.857299934,
        0.0
      ],
      [
        642003.2978000196,
        3283426.151199933,
        0.0
      ],
      [
        641999.8868000201,
        3283422.5484999334,
        0.0
      ],
      [
        642009.0392000208,
        3283408.3711999324,
        0.0
      ],
      [
        641995.2549000197,
        3283391.3010999365,
        0.0
      ],
      [
        641992.2607000197,
        3283388.472899933,
        0.0
      ],
      [
        641965.6514000178,
        3283420.6759999353,
        0.0
      ],
      [
        641968.478500018,
        3283427.6328999326,
        0.0
      ],
      [
        641976.9981000187,
        3283447.0797999348,
        0.0
      ],
      [
        641979.591100018,
        3283453.562099935,
        0.0
      ],
      [
        641977.1247000182,
        3283456.5128999357,
        0.0
      ],
      [
        641986.6599000199,
        3283468.039299933,
        0.0
      ],
      [
        642012.095200018,
        3283487.0539999334,
        0.0
      ],
      [
        642015.7994000192,
        3283491.992899932,
        0.0
      ],
      [
        642023.3488000194,
        3283505.381699931,
        0.0
      ],
      [
        642044.2090000189,
        3283527.8460999327,
        0.0
      ],
      [
        642070.0318000184,
        3283554.9521999336,
        0.0
      ],
      [
        642074.7712000196,
        3283551.0744999317,
        0.0
      ],
      [
        642095.6038000188,
        3283534.0863999347,
        0.0
      ],
      [
        642084.9122000198,
        3283521.348499936,
        0.0
      ]
    ]
  ]
}