{
  "code": "115337730",
  "epsg": 32639,
  "bbox_utm": {
    "minx": 642707.2310800186,
    "miny": 3284800.5685799313,
    "maxx": 642851.8239200189,
    "maxy": 3284945.1614199313
  },
  "polygon_utm": [
    [
      [
        642730.7973000195,
        3284879.287899932,
        0.0
      ],
      [
        642727.8872000186,
        3284902.843499932,
        0.0
      ],
      [
        642747.1883000189,
        3284905.124599932,
        0.0
      ],
      [
        642769.6911000196,
        3284907.7637999323,
        0.0
      ],
      [
        642795.5529000182,
        3284912.2811999307,
        0.0
      ],
      [
        642816.3386000196,
        3284873.4506999296,
        0.0
      ],
      [
        642831.1678000188,
        3284847.077499932,
        0.0
      ],
      [
        642736.6314000197,
        3284833.4487999314,
        0.0
      ],
      [
        642730.7973000195,
        3284879.287899932,
        0.0
      ]
    ]
  ]
}