{
  "code": "115335831",
  "epsg": 32639,
  "bbox_utm": {
    "minx": 642518.2868500191,
    "miny": 3285844.489799934,
    "maxx": 642772.2209500212,
    "maxy": 3286098.423899937
  },
  "polygon_utm": [
    [
      [
        642682.7701000189,
        3285933.936799933,
        0.0
      ],
      [
        642653.3837000183,
        3285880.7660999345,
        0.0
      ],
      [
        642562.73160002,
        3285930.1865999317,
        0.0
      ],
      [
        642572.0616000198,
        3285948.1052999333,
        0.0
      ],
      [
        642593.8699000191,
        3285990.74959993,
        0.0
      ],
      [
        642630.5412000191,
        3286062.147599936,
        0.0
      ],
      [
        642727.7762000202,
        3286009.8991999305,
        0.0
      ],
      [
        642682.7701000189,
        3285933.936799933,
        0.0
      ]
    ]
  ]
}