{
  "code": "115331521",
  "epsg": 32639,
  "bbox_utm": {
    "minx": 642643.9278800195,
    "miny": 3286824.060329931,
    "maxx": 642820.3952200193,
    "maxy": 3287000.527669931
  },
  "polygon_utm": [
    [
      [
        642773.0990000205,
        3286950.689299933,
        0.0
      ],
      [
        642781.485600021,
        3286942.6191999265,
        0.0
      ],
      [
        642783.2957000195,
        3286940.3336999305,
        0.0
      ],
      [
        642795.1856000193,
        3286925.321199929,
        0.0
      ],
      [
        642783.1213000184,
        3286917.887599931,
        0.0
      ],
      [
        642781.1252000185,
        3286916.657599932,
        0.0
      ],
      [
        642761.7148000186,
        3286905.2645999296,
        0.0
      ],
      [
        642749.0394000192,
        3286898.1202999344,
        0.0
      ],
      [
        642738.5067000194,
        3286892.183699933,
        0.0
      ],
      [
        642728.1686000205,
        3286885.643199933,
        0.0
      ],
      [
        642719.9403000197,
        3286880.7905999287,
        0.0
      ],
      [
        642717.622400018,
        3286877.2919999324,
        0.0
      ],
      [
        642709.6086000192,
        3286865.1956999316,
        0.0
      ],
      [
        642686.7545000185,
        3286880.80139993,
        0.0
      ],
      [
        642675.5197000183,
        3286888.8714999305,
        0.0
      ],
      [
        642669.1375000195,
        3286896.255799933,
        0.0
      ],
      [
        642673.2232000194,
        3286899.627399934,
        0.0
      ],
      [
        642687.971100019,
        3286909.5996999345,
        0.0
      ],
      [
        642710.1208000199,
        3286924.7384999315,
        0.0
      ],
      [
        642724.5203000193,
        3286934.865599927,
        0.0
      ],
      [
        642736.7046000208,
        3286943.2521999343,
        0.0
      ],
      [
        642752.7016000205,
        3286953.910899936,
        0.0
      ],
      [
        642760.4401000168,
        3286959.39229993,
        0.0
      ],
      [
        642767.430300022,
        3286954.5864999285,
        0.0
      ],
      [
        642773.0990000205,
        3286950.689299933,
        0.0
      ]
    ]
  ]
}