{
  "code": "115341465",
  "epsg": 32639,
  "bbox_utm": {
    "minx": 642986.5798400199,
    "miny": 3283466.8290899307,
    "maxx": 643178.3263600214,
    "maxy": 3283658.575609933
  },
  "polygon_utm": [
    [
      [
        643092.4543000201,
        3283538.532599935,
        0.0
      ],
      [
        643013.9722000201,
        3283504.2226999323,
        0.0
      ],
      [
        643035.6416000187,
        3283546.7280999334,
        0.0
      ],
      [
        643058.561200021,
        3283588.399999931,
        0.0
      ],
      [
        643074.8132000184,
        3283621.1819999316,
        0.0
      ],
      [
        643089.8904000199,
        3283610.752399931,
        0.0
      ],
      [
        643124.5418000184,
        3283584.3717999333,
        0.0
      ],
      [
        643150.9340000212,
        3283563.2579999324,
        0.0
      ],
      [
        643092.4543000201,
        3283538.532599935,
        0.0
      ]
    ]
  ]
}