{
  "code": "115338654",
  "epsg": 32639,
  "bbox_utm": {
    "minx": 642503.7317300211,
    "miny": 3284360.322779937,
    "maxx": 642682.5965700173,
    "maxy": 3284539.1876199334
  },
  "polygon_utm": [
    [
      [
        642594.6767000201,
        3284386.445999935,
        0.0
      ],
      [
        642566.0127000164,
        3284408.7876999318,
        0.0
      ],
      [
        642534.7438000204,
        3284433.159699933,
        0.0
      ],
      [
        642538.5309000195,
        3284438.996399935,
        0.0
      ],
      [
        642560.0824000187,
        3284469.870799934,
        0.0
      ],
      [
        642586.1296000193,
        3284513.6354999337,
        0.0
      ],
      [
        642605.001700018,
        3284511.604999933,
        0.0
      ],
      [
        642590.0190000215,
        3284487.7062999336,
        0.0
      ],
      [
        642604.2800000204,
        3284475.8529999317,
        0.0
      ],
      [
        642599.0942000183,
        3284467.5185999316,
        0.0
      ],
      [
        642611.8086000194,
        3284456.8514999337,
        0.0
      ],
      [
        642607.6444000179,
        3284451.394899931,
        0.0
      ],
      [
        642616.4037000202,
        3284443.784399934,
        0.0
      ],
      [
        642614.8241000188,
        3284440.7688999353,
        0.0
      ],
      [
        642631.4812000211,
        3284424.829799932,
        0.0
      ],
      [
        642628.465700018,
        3284421.814299934,
        0.0
      ],
      [
        642640.9721000185,
        3284410.2402999317,
        0.0
      ],
      [
        642651.5845000179,
        3284400.5621999344,
        0.0
      ],
      [
        642633.3479000197,
        3284395.8235999322,
        0.0
      ],
      [
        642595.4095000197,
        3284385.8748999364,
        0.0
      ],
      [
        642594.6767000201,
        3284386.445999935,
        0.0
      ]
    ]
  ]
}