{
  "code": "115342176",
  "epsg": 32639,
  "bbox_utm": {
    "minx": 641850.0207700188,
    "miny": 3283295.147319935,
    "maxx": 642002.7746300175,
    "maxy": 3283447.9011799344
  },
  "polygon_utm": [
    [
      [
        641970.490400018,
        3283403.050599932,
        0.0
      ],
      [
        641955.4007000193,
        3283386.074099936,
        0.0
      ],
      [
        641947.8530000197,
        3283379.0952999354,
        0.0
      ],
      [
        641945.5642000193,
        3283375.988999936,
        0.0
      ],
      [
        641942.6214000202,
        3283369.1223999355,
        0.0
      ],
      [
        641934.4104000183,
        3283359.8979999316,
        0.0
      ],
      [
        641926.7551000179,
        3283353.230499932,
        0.0
      ],
      [
        641936.1390000198,
        3283343.105699933,
        0.0
      ],
      [
        641933.4226000195,
        3283331.746299935,
        0.0
      ],
      [
        641934.4104000179,
        3283325.5725999335,
        0.0
      ],
      [
        641923.6566000192,
        3283316.969299935,
        0.0
      ],
      [
        641896.1904000188,
        3283347.0512999333,
        0.0
      ],
      [
        641882.3050000182,
        3283363.355199933,
        0.0
      ],
      [
        641907.9616000191,
        3283391.356999935,
        0.0
      ],
      [
        641937.7167000197,
        3283423.400899936,
        0.0
      ],
      [
        641941.0779000197,
        3283426.079199934,
        0.0
      ],
      [
        641957.719300019,
        3283417.4772999315,
        0.0
      ],
      [
        641970.490400018,
        3283403.050599932,
        0.0
      ]
    ]
  ]
}