{
  "code": "115342590",
  "epsg": 32639,
  "bbox_utm": {
    "minx": 641592.6443400182,
    "miny": 3282835.438739935,
    "maxx": 642173.3444600204,
    "maxy": 3283416.138859937
  },
  "polygon_utm": [
    [
      [
        641734.79370002,
        3282968.1756999367,
        0.0
      ],
      [
        641722.3924000189,
        3282982.7771999366,
        0.0
      ],
      [
        641714.4304000171,
        3282989.146799938,
        0.0
      ],
      [
        641712.9347000188,
        3282990.1681999327,
        0.0
      ],
      [
        641710.0419000178,
        3282991.3664999353,
        0.0
      ],
      [
        641707.98000002,
        3282991.729799937,
        0.0
      ],
      [
        641707.3911000183,
        3282991.771399932,
        0.0
      ],
      [
        641703.5119000189,
        3282991.561099935,
        0.0
      ],
      [
        641699.7685000179,
        3282990.5216999357,
        0.0
      ],
      [
        641696.9774000195,
        3282989.1171999373,
        0.0
      ],
      [
        641693.1894000189,
        3282986.7775999354,
        0.0
      ],
      [
        641681.588300017,
        3282978.776799935,
        0.0
      ],
      [
        641675.6015000184,
        3282987.0583999334,
        0.0
      ],
      [
        641699.312300018,
        3283005.0126999347,
        0.0
      ],
      [
        641731.8428000205,
        3283030.28829993,
        0.0
      ],
      [
        641776.7721000193,
        3283065.7722999337,
        0.0
      ],
      [
        641800.3003000187,
        3283083.2428999348,
        0.0
      ],
      [
        641804.2007000181,
        3283085.3874999327,
        0.0
      ],
      [
        641800.2003000182,
        3283096.9886999372,
        0.0
      ],
      [
        641795.799800018,
        3283110.390099933,
        0.0
      ],
      [
        641789.79920002,
        3283125.191599932,
        0.0
      ],
      [
        641783.9986000182,
        3283137.792799934,
        0.0
      ],
      [
        641778.4501000193,
        3283148.002599936,
        0.0
      ],
      [
        641770.0426000195,
        3283161.477499934,
        0.0
      ],
      [
        641765.8305000203,
        3283168.9444999313,
        0.0
      ],
      [
        641760.1962000182,
        3283180.397099929,
        0.0
      ],
      [
        641749.5951000168,
        3283202.5993999364,
        0.0
      ],
      [
        641737.994000019,
        3283226.8017999358,
        0.0
      ],
      [
        641725.792700017,
        3283252.204399937,
        0.0
      ],
      [
        641716.1918000169,
        3283271.4062999343,
        0.0
      ],
      [
        641714.0006000185,
        3283276.8003999377,
        0.0
      ],
      [
        641719.4572000181,
        3283277.5183999343,
        0.0
      ],
      [
        641728.3601000209,
        3283278.2363999346,
        0.0
      ],
      [
        641744.8736000173,
        3283281.1082999306,
        0.0
      ],
      [
        641769.7156000199,
        3283285.7032999317,
        0.0
      ],
      [
        641773.7362000189,
        3283289.0059999316,
        0.0
      ],
      [
        641782.352100018,
        3283291.2606999325,
        0.0
      ],
      [
        641788.7991000196,
        3283276.2067999314,
        0.0
      ],
      [
        641799.3016000186,
        3283255.051799929,
        0.0
      ],
      [
        641816.801900019,
        3283219.8010999346,
        0.0
      ],
      [
        641817.2532000201,
        3283218.667499937,
        0.0
      ],
      [
        641825.0028000205,
        3283199.198999933,
        0.0
      ],
      [
        641825.2104000176,
        3283198.6981999343,
        0.0
      ],
      [
        641831.8034000187,
        3283182.797399937,
        0.0
      ],
      [
        641857.4060000194,
        3283200.599199932,
        0.0
      ],
      [
        641864.1025000189,
        3283206.3215999343,
        0.0
      ],
      [
        641868.4071000187,
        3283210.0000999346,
        0.0
      ],
      [
        641893.8097000179,
        3283230.2021999327,
        0.0
      ],
      [
        641906.7791000197,
        3283240.142599934,
        0.0
      ],
      [
        641918.8122000187,
        3283233.802499936,
        0.0
      ],
      [
        641941.6145000181,
        3283224.601599934,
        0.0
      ],
      [
        641951.8156000187,
        3283222.4013999277,
        0.0
      ],
      [
        641959.0278000203,
        3283222.8100999347,
        0.0
      ],
      [
        641962.21660002,
        3283223.0013999315,
        0.0
      ],
      [
        641970.8175000203,
        3283223.0013999343,
        0.0
      ],
      [
        641975.6180000182,
        3283223.6014999365,
        0.0
      ],
      [
        641981.4186000186,
        3283225.00159993,
        0.0
      ],
      [
        641994.8199000173,
        3283216.20069993,
        0.0
      ],
      [
        642005.821000019,
        3283208.7999999337,
        0.0
      ],
      [
        642027.8232000199,
        3283186.1976999324,
        0.0
      ],
      [
        642047.2252000185,
        3283163.7953999336,
        0.0
      ],
      [
        642063.6269000187,
        3283142.7932999283,
        0.0
      ],
      [
        642077.0282000187,
        3283125.5915999366,
        0.0
      ],
      [
        642090.3873000201,
        3283109.6885999297,
        0.0
      ],
      [
        642021.5477000198,
        3283080.2250999277,
        0.0
      ],
      [
        642018.6286000196,
        3283078.9722999358,
        0.0
      ],
      [
        641742.1335000182,
        3282960.3168999394,
        0.0
      ],
      [
        641734.79370002,
        3282968.1756999367,
        0.0
      ]
    ]
  ]
}