{
  "code": "115329979",
  "epsg": 32639,
  "bbox_utm": {
    "minx": 642469.6035000195,
    "miny": 3286926.170949931,
    "maxx": 642764.9790000201,
    "maxy": 3287221.546449931
  },
  "polygon_utm": [
    [
      [
        642671.364500021,
        3287098.218699929,
        0.0
      ],
      [
        642608.8610000181,
        3287062.457199926,
        0.0
      ],
      [
        642562.4976000177,
        3287035.556999933,
        0.0
      ],
      [
        642525.0543000198,
        3287014.2993999342,
        0.0
      ],
      [
        642511.8000000196,
        3287038.7738999343,
        0.0
      ],
      [
        642531.0084000195,
        3287050.114799934,
        0.0
      ],
      [
        642591.4549000193,
        3287083.819199934,
        0.0
      ],
      [
        642645.25540002,
        3287114.517099931,
        0.0
      ],
      [
        642677.5442000191,
        3287133.4179999274,
        0.0
      ],
      [
        642691.3434000198,
        3287131.764999935,
        0.0
      ],
      [
        642722.7825000199,
        3287128.0493999324,
        0.0
      ],
      [
        642671.364500021,
        3287098.218699929,
        0.0
      ]
    ]
  ]
}