{
  "code": "115339026",
  "epsg": 32639,
  "bbox_utm": {
    "minx": 642492.3678200191,
    "miny": 3284264.3781199306,
    "maxx": 642721.8367800207,
    "maxy": 3284493.8470799327
  },
  "polygon_utm": [
    [
      [
        642595.4007000194,
        3284385.872599932,
        0.0
      ],
      [
        642586.9786000183,
        3284383.3745999318,
        0.0
      ],
      [
        642588.8932000186,
        3284375.907699934,
        0.0
      ],
      [
        642598.8492000166,
        3284378.5880999328,
        0.0
      ],
      [
        642617.2293000204,
        3284384.140499936,
        0.0
      ],
      [
        642639.3011000197,
        3284390.231299934,
        0.0
      ],
      [
        642688.00690002,
        3284404.9005999262,
        0.0
      ],
      [
        642689.0555000205,
        3284394.515199933,
        0.0
      ],
      [
        642646.8008000205,
        3284383.1528999303,
        0.0
      ],
      [
        642555.9250000191,
        3284358.4584999327,
        0.0
      ],
      [
        642525.1491000192,
        3284349.4374999315,
        0.0
      ],
      [
        642539.8736000197,
        3284369.0770999314,
        0.0
      ],
      [
        642566.0127000164,
        3284408.7876999318,
        0.0
      ],
      [
        642594.6767000201,
        3284386.445999935,
        0.0
      ],
      [
        642595.4095000197,
        3284385.8748999364,
        0.0
      ],
      [
        642595.4007000194,
        3284385.872599932,
        0.0
      ]
    ]
  ]
}