{
  "code": "115342604",
  "epsg": 32639,
  "bbox_utm": {
    "minx": 641598.3475600189,
    "miny": 3283180.8850099365,
    "maxx": 641720.8933400187,
    "maxy": 3283303.430789937
  },
  "polygon_utm": [
    [
      [
        641703.3868000187,
        3283242.8885999313,
        0.0
      ],
      [
        641632.568200017,
        3283202.6528999363,
        0.0
      ],
      [
        641615.8541000189,
        3283260.822599935,
        0.0
      ],
      [
        641650.2407000188,
        3283281.6628999365,
        0.0
      ],
      [
        641663.3976000181,
        3283274.5510999365,
        0.0
      ],
      [
        641675.1599000196,
        3283268.1936999336,
        0.0
      ],
      [
        641685.1180000189,
        3283260.174699935,
        0.0
      ],
      [
        641686.6871000177,
        3283259.0993999373,
        0.0
      ],
      [
        641689.662500019,
        3283257.8668999346,
        0.0
      ],
      [
        641690.6868000182,
        3283257.6386999325,
        0.0
      ],
      [
        641697.5343000198,
        3283256.4158999324,
        0.0
      ],
      [
        641703.3868000187,
        3283242.8885999313,
        0.0
      ]
    ]
  ]
}