{
  "code": "115340015",
  "epsg": 32639,
  "bbox_utm": {
    "minx": 642526.5247200228,
    "miny": 3283383.250619935,
    "maxx": 642740.6181800166,
    "maxy": 3283597.3440799285
  },
  "polygon_utm": [
    [
      [
        642557.5717000195,
        3283479.2330999332,
        0.0
      ],
      [
        642575.3513000191,
        3283497.568299931,
        0.0
      ],
      [
        642602.1695000189,
        3283524.604699932,
        0.0
      ],
      [
        642605.72550002,
        3283528.1894999286,
        0.0
      ],
      [
        642642.9079000193,
        3283566.7592999297,
        0.0
      ],
      [
        642687.1815000204,
        3283518.539999932,
        0.0
      ],
      [
        642709.5712000199,
        3283490.5528999325,
        0.0
      ],
      [
        642679.2793000161,
        3283465.8583999337,
        0.0
      ],
      [
        642657.5481000196,
        3283448.0783999357,
        0.0
      ],
      [
        642618.3662000203,
        3283413.835399934,
        0.0
      ],
      [
        642557.5717000195,
        3283479.2330999332,
        0.0
      ]
    ]
  ]
}