{
  "code": "115329924",
  "epsg": 32639,
  "bbox_utm": {
    "minx": 642466.83272002,
    "miny": 3286965.0925199343,
    "maxx": 642712.6627800189,
    "maxy": 3287210.922579934
  },
  "polygon_utm": [
    [
      [
        642645.25540002,
        3287114.517099931,
        0.0
      ],
      [
        642591.4549000193,
        3287083.819199934,
        0.0
      ],
      [
        642531.0084000195,
        3287050.114799934,
        0.0
      ],
      [
        642511.8000000196,
        3287038.7738999343,
        0.0
      ],
      [
        642509.1718000182,
        3287043.626999934,
        0.0
      ],
      [
        642501.9513000199,
        3287056.8644999308,
        0.0
      ],
      [
        642538.920300019,
        3287077.489699932,
        0.0
      ],
      [
        642589.2396000192,
        3287105.181199931,
        0.0
      ],
      [
        642646.2168000198,
        3287137.2411999335,
        0.0
      ],
      [
        642660.9619000199,
        3287135.4043999314,
        0.0
      ],
      [
        642677.5442000191,
        3287133.4179999274,
        0.0
      ],
      [
        642645.25540002,
        3287114.517099931,
        0.0
      ]
    ]
  ]
}