{
  "code": "115341140",
  "epsg": 32639,
  "bbox_utm": {
    "minx": 642120.4259700159,
    "miny": 3283571.108519932,
    "maxx": 642312.6479300222,
    "maxy": 3283763.330479937
  },
  "polygon_utm": [
    [
      [
        642238.4362000183,
        3283692.461399937,
        0.0
      ],
      [
        642280.64620002,
        3283649.9969999325,
        0.0
      ],
      [
        642262.9659000188,
        3283632.153299934,
        0.0
      ],
      [
        642245.6798000181,
        3283615.8549999357,
        0.0
      ],
      [
        642227.65280002,
        3283600.5443999316,
        0.0
      ],
      [
        642225.6772000183,
        3283598.568799932,
        0.0
      ],
      [
        642203.299000018,
        3283628.826699933,
        0.0
      ],
      [
        642190.6111000193,
        3283645.9822999346,
        0.0
      ],
      [
        642152.4277000182,
        3283696.486299934,
        0.0
      ],
      [
        642159.2490000201,
        3283701.79179993,
        0.0
      ],
      [
        642178.0169000193,
        3283718.090199936,
        0.0
      ],
      [
        642188.1416000179,
        3283727.9679999333,
        0.0
      ],
      [
        642196.784700019,
        3283735.8701999364,
        0.0
      ],
      [
        642207.4959000206,
        3283723.4303999334,
        0.0
      ],
      [
        642216.3859000199,
        3283714.3550999328,
        0.0
      ],
      [
        642238.4362000183,
        3283692.461399937,
        0.0
      ]
    ]
  ]
}