{
  "code": "115339116",
  "epsg": 32639,
  "bbox_utm": {
    "minx": 642490.299540018,
    "miny": 3284220.428189932,
    "maxx": 642727.2121600208,
    "maxy": 3284457.3408099352
  },
  "polygon_utm": [
    [
      [
        642682.4003000197,
        3284348.613999933,
        0.0
      ],
      [
        642646.6610000198,
        3284337.636899929,
        0.0
      ],
      [
        642591.0099000186,
        3284322.8305999306,
        0.0
      ],
      [
        642541.4812000208,
        3284308.7039999333,
        0.0
      ],
      [
        642527.1200000189,
        3284322.777999934,
        0.0
      ],
      [
        642524.1442000184,
        3284325.451399933,
        0.0
      ],
      [
        642588.349900018,
        3284341.120399934,
        0.0
      ],
      [
        642655.7632000184,
        3284359.609299927,
        0.0
      ],
      [
        642691.6249000186,
        3284369.0649999334,
        0.0
      ],
      [
        642693.3675000204,
        3284351.8051999295,
        0.0
      ],
      [
        642682.4003000197,
        3284348.613999933,
        0.0
      ]
    ]
  ]
}