{
  "code": "115342916",
  "epsg": 32639,
  "bbox_utm": {
    "minx": 641321.0588600194,
    "miny": 3283028.8942599357,
    "maxx": 641451.1471400192,
    "maxy": 3283158.9825399355
  },
  "polygon_utm": [
    [
      [
        641418.7617000176,
        3283083.387299934,
        0.0
      ],
      [
        641407.5606000195,
        3283074.5863999394,
        0.0
      ],
      [
        641397.959600019,
        3283068.585799937,
        0.0
      ],
      [
        641388.5587000175,
        3283062.5851999363,
        0.0
      ],
      [
        641380.220600019,
        3283058.617299933,
        0.0
      ],
      [
        641375.5373000194,
        3283055.0359999365,
        0.0
      ],
      [
        641374.6620000184,
        3283054.366599935,
        0.0
      ],
      [
        641369.4251000185,
        3283049.784399934,
        0.0
      ],
      [
        641368.9967000178,
        3283050.331399934,
        0.0
      ],
      [
        641367.4150000184,
        3283052.3508999352,
        0.0
      ],
      [
        641363.527500019,
        3283057.3142999327,
        0.0
      ],
      [
        641363.4607000186,
        3283057.396799935,
        0.0
      ],
      [
        641363.0725000174,
        3283057.784899935,
        0.0
      ],
      [
        641362.6228000188,
        3283058.099799933,
        0.0
      ],
      [
        641362.1253000182,
        3283058.331799934,
        0.0
      ],
      [
        641361.5950000178,
        3283058.4738999335,
        0.0
      ],
      [
        641361.0481000198,
        3283058.5217999336,
        0.0
      ],
      [
        641360.8386000178,
        3283058.514799935,
        0.0
      ],
      [
        641358.4188000192,
        3283058.353499936,
        0.0
      ],
      [
        641358.2280000184,
        3283058.347099937,
        0.0
      ],
      [
        641357.7299000195,
        3283058.390699935,
        0.0
      ],
      [
        641357.2470000193,
        3283058.5200999323,
        0.0
      ],
      [
        641356.7939000201,
        3283058.7313999366,
        0.0
      ],
      [
        641356.3843000203,
        3283059.0181999356,
        0.0
      ],
      [
        641356.0308000173,
        3283059.371699936,
        0.0
      ],
      [
        641355.7440000172,
        3283059.781199934,
        0.0
      ],
      [
        641355.6529000184,
        3283059.9520999333,
        0.0
      ],
      [
        641351.478700018,
        3283068.460999933,
        0.0
      ],
      [
        641351.4009000191,
        3283068.6437999313,
        0.0
      ],
      [
        641351.317100019,
        3283068.956499935,
        0.0
      ],
      [
        641351.289400019,
        3283069.233699934,
        0.0
      ],
      [
        641351.1128000204,
        3283076.476199933,
        0.0
      ],
      [
        641351.069200017,
        3283076.9126999355,
        0.0
      ],
      [
        641350.9373000187,
        3283077.4051999343,
        0.0
      ],
      [
        641350.8861000185,
        3283077.5358999344,
        0.0
      ],
      [
        641348.4991000178,
        3283083.228099935,
        0.0
      ],
      [
        641339.6429000194,
        3283099.5097999335,
        0.0
      ],
      [
        641351.69940002,
        3283107.8304999312,
        0.0
      ],
      [
        641366.3009000196,
        3283114.0311999326,
        0.0
      ],
      [
        641388.5031000185,
        3283128.2325999336,
        0.0
      ],
      [
        641396.3039000179,
        3283133.633099934,
        0.0
      ],
      [
        641403.3813000179,
        3283138.092399937,
        0.0
      ],
      [
        641403.9602000171,
        3283137.392799932,
        0.0
      ],
      [
        641419.8145000179,
        3283113.0932999346,
        0.0
      ],
      [
        641432.5631000192,
        3283092.588299932,
        0.0
      ],
      [
        641418.7617000176,
        3283083.387299934,
        0.0
      ]
    ]
  ]
}