{
  "code": "115340756",
  "epsg": 32639,
  "bbox_utm": {
    "minx": 641814.0749700167,
    "miny": 3283760.5060199327,
    "maxx": 641921.2231300217,
    "maxy": 3283867.6541799367
  },
  "polygon_utm": [
    [
      [
        641885.3024000186,
        3283794.1850999333,
        0.0
      ],
      [
        641864.1620000184,
        3283777.564399936,
        0.0
      ],
      [
        641861.9341000189,
        3283775.8128999327,
        0.0
      ],
      [
        641841.4603000195,
        3283810.3515999336,
        0.0
      ],
      [
        641831.8264000192,
        3283827.314699935,
        0.0
      ],
      [
        641840.4204000185,
        3283832.5916999374,
        0.0
      ],
      [
        641858.5032000181,
        3283842.310499933,
        0.0
      ],
      [
        641874.7458000183,
        3283852.347299936,
        0.0
      ],
      [
        641894.0075000194,
        3283822.4669999364,
        0.0
      ],
      [
        641903.4717000192,
        3283807.9325999357,
        0.0
      ],
      [
        641885.3024000186,
        3283794.1850999333,
        0.0
      ]
    ]
  ]
}