{
  "code": "115342259",
  "epsg": 32639,
  "bbox_utm": {
    "minx": 641435.3958000196,
    "miny": 3283216.348249934,
    "maxx": 641671.4043000173,
    "maxy": 3283452.356749932
  },
  "polygon_utm": [
    [
      [
        641525.8980000177,
        3283279.2782999384,
        0.0
      ],
      [
        641521.3029000177,
        3283281.958799933,
        0.0
      ],
      [
        641518.545500018,
        3283283.6259999364,
        0.0
      ],
      [
        641516.2620000194,
        3283287.4663999323,
        0.0
      ],
      [
        641510.591000018,
        3283295.2332999343,
        0.0
      ],
      [
        641510.3146000181,
        3283295.586199936,
        0.0
      ],
      [
        641508.5462000184,
        3283297.0699999332,
        0.0
      ],
      [
        641508.2456000196,
        3283297.2333999374,
        0.0
      ],
      [
        641502.9077000183,
        3283299.959199933,
        0.0
      ],
      [
        641494.2920000197,
        3283306.708099937,
        0.0
      ],
      [
        641484.1128000194,
        3283316.051599932,
        0.0
      ],
      [
        641474.1118000195,
        3283329.452899936,
        0.0
      ],
      [
        641469.1113000193,
        3283337.653699934,
        0.0
      ],
      [
        641477.7121000177,
        3283343.654399934,
        0.0
      ],
      [
        641478.8504000186,
        3283344.3548999354,
        0.0
      ],
      [
        641493.3137000174,
        3283353.255299932,
        0.0
      ],
      [
        641509.7154000185,
        3283361.656199937,
        0.0
      ],
      [
        641519.9164000184,
        3283365.2564999373,
        0.0
      ],
      [
        641531.7176000198,
        3283370.457099935,
        0.0
      ],
      [
        641552.5197000183,
        3283379.257999933,
        0.0
      ],
      [
        641570.7700000191,
        3283389.136299932,
        0.0
      ],
      [
        641578.8725000172,
        3283397.756499933,
        0.0
      ],
      [
        641603.424800019,
        3283375.757599934,
        0.0
      ],
      [
        641617.3301000189,
        3283363.01139993,
        0.0
      ],
      [
        641633.496700018,
        3283344.223199932,
        0.0
      ],
      [
        641635.86420002,
        3283339.826299933,
        0.0
      ],
      [
        641636.065100018,
        3283339.440099934,
        0.0
      ],
      [
        641637.2773000199,
        3283336.109599933,
        0.0
      ],
      [
        641637.6888000176,
        3283332.58939993,
        0.0
      ],
      [
        641637.2773000187,
        3283329.0691999327,
        0.0
      ],
      [
        641636.0651000192,
        3283325.738799935,
        0.0
      ],
      [
        641634.1176000189,
        3283322.77769993,
        0.0
      ],
      [
        641633.9668000184,
        3283322.600799934,
        0.0
      ],
      [
        641628.8026000181,
        3283316.633099932,
        0.0
      ],
      [
        641618.46370002,
        3283309.3097999347,
        0.0
      ],
      [
        641606.6252000172,
        3283302.350199934,
        0.0
      ],
      [
        641592.8238000185,
        3283296.749599936,
        0.0
      ],
      [
        641571.0773000196,
        3283287.7704999326,
        0.0
      ],
      [
        641551.548300017,
        3283278.580399936,
        0.0
      ],
      [
        641536.0803000174,
        3283270.9484999324,
        0.0
      ],
      [
        641525.8980000177,
        3283279.2782999384,
        0.0
      ]
    ]
  ]
}