{
  "code": "115339059",
  "epsg": 32639,
  "bbox_utm": {
    "minx": 642478.4739400182,
    "miny": 3284235.645239933,
    "maxx": 642727.1500600186,
    "maxy": 3284484.321359934
  },
  "polygon_utm": [
    [
      [
        642655.7632000184,
        3284359.609299927,
        0.0
      ],
      [
        642588.349900018,
        3284341.120399934,
        0.0
      ],
      [
        642524.1442000184,
        3284325.451399933,
        0.0
      ],
      [
        642513.9991000183,
        3284334.565699938,
        0.0
      ],
      [
        642525.1491000192,
        3284349.4374999315,
        0.0
      ],
      [
        642555.9250000191,
        3284358.4584999327,
        0.0
      ],
      [
        642646.8008000205,
        3284383.1528999303,
        0.0
      ],
      [
        642689.0555000205,
        3284394.515199933,
        0.0
      ],
      [
        642691.6249000186,
        3284369.0649999334,
        0.0
      ],
      [
        642655.7632000184,
        3284359.609299927,
        0.0
      ]
    ]
  ]
}