{
  "code": "115339945",
  "epsg": 32639,
  "bbox_utm": {
    "minx": 641921.6506600206,
    "miny": 3283428.520059936,
    "maxx": 642117.6005400157,
    "maxy": 3283624.4699399318
  },
  "polygon_utm": [
    [
      [
        642044.2090000189,
        3283527.8460999327,
        0.0
      ],
      [
        642023.3488000194,
        3283505.381699931,
        0.0
      ],
      [
        642015.7994000192,
        3283491.992899932,
        0.0
      ],
      [
        642012.095200018,
        3283487.0539999334,
        0.0
      ],
      [
        641986.6599000199,
        3283468.039299933,
        0.0
      ],
      [
        641977.1247000182,
        3283456.5128999357,
        0.0
      ],
      [
        641969.219400018,
        3283465.971099934,
        0.0
      ],
      [
        641971.5602000192,
        3283478.914299932,
        0.0
      ],
      [
        641972.3679000176,
        3283483.380699932,
        0.0
      ],
      [
        641974.0348000182,
        3283535.7947999304,
        0.0
      ],
      [
        641973.6644000197,
        3283551.907999933,
        0.0
      ],
      [
        641971.6363000193,
        3283554.932899935,
        0.0
      ],
      [
        641971.8123000182,
        3283555.05649993,
        0.0
      ],
      [
        641996.0746000191,
        3283572.095699935,
        0.0
      ],
      [
        642029.5053000193,
        3283596.4770999323,
        0.0
      ],
      [
        642039.951900018,
        3283581.9425999336,
        0.0
      ],
      [
        642047.7087000195,
        3283574.2106999336,
        0.0
      ],
      [
        642061.1892000192,
        3283562.1869999333,
        0.0
      ],
      [
        642070.0318000184,
        3283554.9521999336,
        0.0
      ],
      [
        642044.2090000189,
        3283527.8460999327,
        0.0
      ]
    ]
  ]
}