{
  "code": "115342899",
  "epsg": 32639,
  "bbox_utm": {
    "minx": 641584.0368600168,
    "miny": 3282950.342259933,
    "maxx": 641841.0498400204,
    "maxy": 3283207.3552399366
  },
  "polygon_utm": [
    [
      [
        641776.7721000186,
        3283065.7722999337,
        0.0
      ],
      [
        641731.8428000198,
        3283030.288299932,
        0.0
      ],
      [
        641699.312300018,
        3283005.0126999337,
        0.0
      ],
      [
        641675.6015000184,
        3282987.0583999334,
        0.0
      ],
      [
        641669.5871000187,
        3282995.3783999393,
        0.0
      ],
      [
        641658.986000018,
        3283011.580099932,
        0.0
      ],
      [
        641647.3848000183,
        3283029.381899934,
        0.0
      ],
      [
        641635.3836000196,
        3283049.7838999345,
        0.0
      ],
      [
        641624.7864000191,
        3283066.623399936,
        0.0
      ],
      [
        641653.7966000192,
        3283087.154399933,
        0.0
      ],
      [
        641676.46220002,
        3283104.507699932,
        0.0
      ],
      [
        641699.3123000183,
        3283122.002299935,
        0.0
      ],
      [
        641758.0289000183,
        3283170.549899933,
        0.0
      ],
      [
        641758.1369000177,
        3283170.639099936,
        0.0
      ],
      [
        641763.2847000184,
        3283161.891599937,
        0.0
      ],
      [
        641770.0422000196,
        3283151.2102999333,
        0.0
      ],
      [
        641774.9801000184,
        3283142.7105999324,
        0.0
      ],
      [
        641779.3398000196,
        3283135.153799933,
        0.0
      ],
      [
        641784.6273000168,
        3283124.1319999346,
        0.0
      ],
      [
        641790.3149000183,
        3283110.228999933,
        0.0
      ],
      [
        641795.3220000175,
        3283095.688599936,
        0.0
      ],
      [
        641800.3003000182,
        3283083.2428999348,
        0.0
      ],
      [
        641776.7721000186,
        3283065.7722999337,
        0.0
      ]
    ]
  ]
}