{
  "code": "115340949",
  "epsg": 32639,
  "bbox_utm": {
    "minx": 642344.2324700189,
    "miny": 3283586.536819933,
    "maxx": 642602.1879300195,
    "maxy": 3283844.4922799338
  },
  "polygon_utm": [
    [
      [
        642551.5676000202,
        3283674.4582999353,
        0.0
      ],
      [
        642527.8609000184,
        3283650.0107999337,
        0.0
      ],
      [
        642496.4591000197,
        3283623.3875999334,
        0.0
      ],
      [
        642455.7529000188,
        3283675.939999933,
        0.0
      ],
      [
        642440.6893000186,
        3283695.20169993,
        0.0
      ],
      [
        642406.327400018,
        3283732.305199931,
        0.0
      ],
      [
        642386.3642000197,
        3283754.8788999347,
        0.0
      ],
      [
        642391.6242000188,
        3283760.811599932,
        0.0
      ],
      [
        642411.873700019,
        3283785.75309993,
        0.0
      ],
      [
        642430.7669000193,
        3283807.641499934,
        0.0
      ],
      [
        642491.8066000189,
        3283750.270099931,
        0.0
      ],
      [
        642531.0711000204,
        3283711.500099932,
        0.0
      ],
      [
        642560.0562000187,
        3283683.7365999343,
        0.0
      ],
      [
        642551.5676000202,
        3283674.4582999353,
        0.0
      ]
    ]
  ]
}