{
  "code": "115329821",
  "epsg": 32639,
  "bbox_utm": {
    "minx": 642458.9766000164,
    "miny": 3286990.749149931,
    "maxx": 642677.4235000204,
    "maxy": 3287209.1960499347
  },
  "polygon_utm": [
    [
      [
        642589.2396000192,
        3287105.181199931,
        0.0
      ],
      [
        642538.920300019,
        3287077.489699932,
        0.0
      ],
      [
        642501.9513000199,
        3287056.8644999308,
        0.0
      ],
      [
        642490.1833000169,
        3287078.4390999293,
        0.0
      ],
      [
        642508.0641000196,
        3287089.990399935,
        0.0
      ],
      [
        642537.6544000201,
        3287106.605299933,
        0.0
      ],
      [
        642565.8205000189,
        3287123.3783999323,
        0.0
      ],
      [
        642599.6935000205,
        3287143.0806999346,
        0.0
      ],
      [
        642615.2314000212,
        3287141.100899933,
        0.0
      ],
      [
        642646.2168000198,
        3287137.2411999335,
        0.0
      ],
      [
        642589.2396000192,
        3287105.181199931,
        0.0
      ]
    ]
  ]
}