{
  "code": "115336764",
  "epsg": 32639,
  "bbox_utm": {
    "minx": 642959.4141600197,
    "miny": 3285109.021659931,
    "maxx": 643145.4191400185,
    "maxy": 3285295.02663993
  },
  "polygon_utm": [
    [
      [
        642985.9863000195,
        3285206.393699933,
        0.0
      ],
      [
        642993.1823000193,
        3285211.36409993,
        0.0
      ],
      [
        643026.4179000193,
        3285230.5291999355,
        0.0
      ],
      [
        643077.1205000193,
        3285262.7943999306,
        0.0
      ],
      [
        643118.8470000187,
        3285196.3231999287,
        0.0
      ],
      [
        643069.3574000193,
        3285165.756099934,
        0.0
      ],
      [
        643033.6958000191,
        3285141.2538999305,
        0.0
      ],
      [
        642985.9863000195,
        3285206.393699933,
        0.0
      ]
    ]
  ]
}