{
  "code": "115342929",
  "epsg": 32639,
  "bbox_utm": {
    "minx": 641348.7247200196,
    "miny": 3282975.625369937,
    "maxx": 641536.412780018,
    "maxy": 3283163.313429936
  },
  "polygon_utm": [
    [
      [
        641481.7371000175,
        3283106.0280999336,
        0.0
      ],
      [
        641489.3689000185,
        3283093.7883999343,
        0.0
      ],
      [
        641498.9698000194,
        3283081.387099936,
        0.0
      ],
      [
        641505.570500019,
        3283074.186399934,
        0.0
      ],
      [
        641507.7757000189,
        3283068.836899933,
        0.0
      ],
      [
        641509.6002000183,
        3283065.7960999343,
        0.0
      ],
      [
        641507.0577000203,
        3283063.8110999363,
        0.0
      ],
      [
        641479.8975000172,
        3283042.6016999367,
        0.0
      ],
      [
        641444.1606000187,
        3283019.132699935,
        0.0
      ],
      [
        641422.6324000172,
        3283006.3842999316,
        0.0
      ],
      [
        641414.7613000192,
        3283017.3806999326,
        0.0
      ],
      [
        641408.5607000204,
        3283012.580199934,
        0.0
      ],
      [
        641408.1237000179,
        3283012.2414999334,
        0.0
      ],
      [
        641385.754700019,
        3283042.3349999343,
        0.0
      ],
      [
        641375.5373000194,
        3283055.0359999365,
        0.0
      ],
      [
        641380.220600019,
        3283058.617299933,
        0.0
      ],
      [
        641388.5587000175,
        3283062.5851999363,
        0.0
      ],
      [
        641397.959600019,
        3283068.585799937,
        0.0
      ],
      [
        641407.5606000195,
        3283074.5863999394,
        0.0
      ],
      [
        641418.7617000176,
        3283083.387299934,
        0.0
      ],
      [
        641432.5631000192,
        3283092.588299932,
        0.0
      ],
      [
        641445.7645000176,
        3283100.789099936,
        0.0
      ],
      [
        641450.7140000177,
        3283107.0850999323,
        0.0
      ],
      [
        641455.5654000186,
        3283113.590399935,
        0.0
      ],
      [
        641467.8251000157,
        3283132.554499941,
        0.0
      ],
      [
        641474.367300018,
        3283119.390999936,
        0.0
      ],
      [
        641474.5038000202,
        3283119.143599936,
        0.0
      ],
      [
        641481.7371000175,
        3283106.0280999336,
        0.0
      ]
    ]
  ]
}