{
  "code": "115342466",
  "epsg": 32639,
  "bbox_utm": {
    "minx": 642369.92422002,
    "miny": 3283200.7668199297,
    "maxx": 642568.9452800187,
    "maxy": 3283399.787879928
  },
  "polygon_utm": [
    [
      [
        642533.4646000199,
        3283299.326999931,
        0.0
      ],
      [
        642455.1651000159,
        3283265.814499931,
        0.0
      ],
      [
        642447.7250000199,
        3283272.6074999343,
        0.0
      ],
      [
        642432.5997000195,
        3283286.392699932,
        0.0
      ],
      [
        642416.8766000188,
        3283299.920899933,
        0.0
      ],
      [
        642398.3558000198,
        3283318.194899932,
        0.0
      ],
      [
        642401.8835000201,
        3283323.2602999327,
        0.0
      ],
      [
        642402.5538000193,
        3283322.8867999334,
        0.0
      ],
      [
        642410.9647000203,
        3283324.876199932,
        0.0
      ],
      [
        642427.6871000192,
        3283332.3820999293,
        0.0
      ],
      [
        642427.6919000198,
        3283332.377299933,
        0.0
      ],
      [
        642451.9428000192,
        3283307.823199929,
        0.0
      ],
      [
        642470.1581000186,
        3283325.5579999313,
        0.0
      ],
      [
        642470.2132000194,
        3283325.599199932,
        0.0
      ],
      [
        642484.062600019,
        3283308.8873999338,
        0.0
      ],
      [
        642487.50290002,
        3283311.0334999333,
        0.0
      ],
      [
        642502.3196000198,
        3283322.639899938,
        0.0
      ],
      [
        642516.6424000203,
        3283334.740199927,
        0.0
      ],
      [
        642540.5137000189,
        3283302.329599934,
        0.0
      ],
      [
        642533.4646000199,
        3283299.326999931,
        0.0
      ]
    ]
  ]
}