{
  "code": "115336179",
  "epsg": 32639,
  "bbox_utm": {
    "minx": 642684.0768400191,
    "miny": 3285439.624939931,
    "maxx": 642952.23816002,
    "maxy": 3285707.786259931
  },
  "polygon_utm": [
    [
      [
        642868.7794000213,
        3285481.7256999295,
        0.0
      ],
      [
        642863.38850002,
        3285477.9336999306,
        0.0
      ],
      [
        642845.8598000183,
        3285503.603399933,
        0.0
      ],
      [
        642833.87910002,
        3285511.6252999306,
        0.0
      ],
      [
        642822.627700019,
        3285518.6052999343,
        0.0
      ],
      [
        642813.251500021,
        3285521.6265999326,
        0.0
      ],
      [
        642806.3756000187,
        3285524.8560999357,
        0.0
      ],
      [
        642802.521000019,
        3285528.398199931,
        0.0
      ],
      [
        642796.6869000196,
        3285533.9197999346,
        0.0
      ],
      [
        642791.7904000203,
        3285541.4206999266,
        0.0
      ],
      [
        642785.7480000195,
        3285553.713999933,
        0.0
      ],
      [
        642778.2471000202,
        3285562.6733999313,
        0.0
      ],
      [
        642774.1840000205,
        3285566.632299931,
        0.0
      ],
      [
        642770.2252000195,
        3285568.924199932,
        0.0
      ],
      [
        642765.7455000186,
        3285575.3833999294,
        0.0
      ],
      [
        642763.1410000203,
        3285584.134499934,
        0.0
      ],
      [
        642763.0368000194,
        3285595.802599935,
        0.0
      ],
      [
        642761.2657000194,
        3285604.032899934,
        0.0
      ],
      [
        642763.0368000192,
        3285610.7003999306,
        0.0
      ],
      [
        642762.4182000188,
        3285622.029499932,
        0.0
      ],
      [
        642787.9084000204,
        3285647.9469999312,
        0.0
      ],
      [
        642811.8004000175,
        3285669.477499931,
        0.0
      ],
      [
        642817.7030000197,
        3285664.9515999323,
        0.0
      ],
      [
        642833.1216000209,
        3285648.560699931,
        0.0
      ],
      [
        642847.2901000197,
        3285631.614099934,
        0.0
      ],
      [
        642857.9859000202,
        3285616.889999935,
        0.0
      ],
      [
        642865.6104000194,
        3285605.1187999328,
        0.0
      ],
      [
        642867.8733000208,
        3285597.66479993,
        0.0
      ],
      [
        642868.5428000194,
        3285587.3028999246,
        0.0
      ],
      [
        642871.8765000191,
        3285573.134399931,
        0.0
      ],
      [
        642875.0493000196,
        3285555.2176999333,
        0.0
      ],
      [
        642874.6810000208,
        3285539.6419999306,
        0.0
      ],
      [
        642873.1267000198,
        3285530.490099935,
        0.0
      ],
      [
        642869.4228000198,
        3285523.192799932,
        0.0
      ],
      [
        642865.6723000185,
        3285516.2473999327,
        0.0
      ],
      [
        642864.428100019,
        3285513.07529993,
        0.0
      ],
      [
        642864.5994000183,
        3285509.6490999325,
        0.0
      ],
      [
        642866.062400019,
        3285504.001799932,
        0.0
      ],
      [
        642870.3599000188,
        3285495.263599933,
        0.0
      ],
      [
        642874.6367000188,
        3285485.5159999346,
        0.0
      ],
      [
        642868.7794000213,
        3285481.7256999295,
        0.0
      ]
    ]
  ]
}