{
  "code": "115343120",
  "epsg": 32639,
  "bbox_utm": {
    "minx": 641290.6861000166,
    "miny": 3282936.077949933,
    "maxx": 641370.5673000196,
    "maxy": 3283015.9591499353
  },
  "polygon_utm": [
    [
      [
        641359.1557000191,
        3282963.375199933,
        0.0
      ],
      [
        641344.7543000183,
        3282954.9743999336,
        0.0
      ],
      [
        641334.4350000188,
        3282954.1987999347,
        0.0
      ],
      [
        641326.010800019,
        3282953.432999928,
        0.0
      ],
      [
        641317.7607000174,
        3282951.9807999386,
        0.0
      ],
      [
        641312.2256000187,
        3282951.1353999344,
        0.0
      ],
      [
        641306.7504000186,
        3282974.9763999307,
        0.0
      ],
      [
        641302.097700017,
        3282994.7753999345,
        0.0
      ],
      [
        641330.6833000182,
        3282999.1071999334,
        0.0
      ],
      [
        641347.505100018,
        3283000.901699933,
        0.0
      ],
      [
        641348.5546000184,
        3282996.1784999347,
        0.0
      ],
      [
        641353.5551000189,
        3282977.376599929,
        0.0
      ],
      [
        641359.1557000191,
        3282963.375199933,
        0.0
      ]
    ]
  ]
}