{
  "code": "115331129",
  "epsg": 32639,
  "bbox_utm": {
    "minx": 642190.6322400199,
    "miny": 3286829.781789933,
    "maxx": 642409.4106600202,
    "maxy": 3287048.560209933
  },
  "polygon_utm": [
    [
      [
        642377.433200019,
        3286980.0158999315,
        0.0
      ],
      [
        642378.1566000201,
        3286979.1981999325,
        0.0
      ],
      [
        642373.4744000192,
        3286974.9109999286,
        0.0
      ],
      [
        642360.9551000216,
        3286964.4631999307,
        0.0
      ],
      [
        642347.897900019,
        3286953.211799931,
        0.0
      ],
      [
        642343.7365000183,
        3286949.7985999323,
        0.0
      ],
      [
        642335.535200018,
        3286943.0715999296,
        0.0
      ],
      [
        642326.0140000199,
        3286935.4910999318,
        0.0
      ],
      [
        642313.7269000185,
        3286925.7082999297,
        0.0
      ],
      [
        642289.5934000182,
        3286905.5066999323,
        0.0
      ],
      [
        642271.348800018,
        3286889.5747999335,
        0.0
      ],
      [
        642260.5562000199,
        3286880.4096999355,
        0.0
      ],
      [
        642252.9745000193,
        3286874.255699933,
        0.0
      ],
      [
        642233.0110000201,
        3286891.7898999336,
        0.0
      ],
      [
        642221.8863000199,
        3286900.183999935,
        0.0
      ],
      [
        642239.9775000208,
        3286914.2863999316,
        0.0
      ],
      [
        642254.2517000185,
        3286924.909599934,
        0.0
      ],
      [
        642285.3668000195,
        3286950.0516999313,
        0.0
      ],
      [
        642332.456100018,
        3286987.6952999304,
        0.0
      ],
      [
        642352.8754000195,
        3287004.0862999335,
        0.0
      ],
      [
        642365.2380000183,
        3286992.0013999334,
        0.0
      ],
      [
        642375.8184000177,
        3286982.429399933,
        0.0
      ],
      [
        642377.433200019,
        3286980.0158999315,
        0.0
      ]
    ]
  ]
}