{
  "code": "115338696",
  "epsg": 32639,
  "bbox_utm": {
    "minx": 642972.8042800209,
    "miny": 3284334.8136299322,
    "maxx": 643176.2839200197,
    "maxy": 3284538.293269931
  },
  "polygon_utm": [
    [
      [
        643001.8728000207,
        3284492.3166999333,
        0.0
      ],
      [
        643076.09530002,
        3284503.5509999334,
        0.0
      ],
      [
        643101.9319000205,
        3284508.4126999318,
        0.0
      ],
      [
        643134.4360000186,
        3284427.1523999334,
        0.0
      ],
      [
        643147.21540002,
        3284397.9820999317,
        0.0
      ],
      [
        643062.8992000194,
        3284375.4791999324,
        0.0
      ],
      [
        643022.8407000201,
        3284364.6941999313,
        0.0
      ],
      [
        643001.8728000207,
        3284492.3166999333,
        0.0
      ]
    ]
  ]
}