{
  "code": "115338894",
  "epsg": 32639,
  "bbox_utm": {
    "minx": 642456.5712500208,
    "miny": 3284314.8468999392,
    "maxx": 642594.6028500136,
    "maxy": 3284452.878499932
  },
  "polygon_utm": [
    [
      [
        642539.8736000197,
        3284369.0770999314,
        0.0
      ],
      [
        642525.1491000192,
        3284349.4374999315,
        0.0
      ],
      [
        642513.9991000183,
        3284334.565699938,
        0.0
      ],
      [
        642485.161400018,
        3284360.4731999333,
        0.0
      ],
      [
        642487.228100019,
        3284362.319999929,
        0.0
      ],
      [
        642503.8969000209,
        3284385.100699933,
        0.0
      ],
      [
        642522.7882000193,
        3284414.734099932,
        0.0
      ],
      [
        642534.7438000204,
        3284433.159699933,
        0.0
      ],
      [
        642566.0127000164,
        3284408.7876999318,
        0.0
      ],
      [
        642539.8736000197,
        3284369.0770999314,
        0.0
      ]
    ]
  ]
}