{
  "code": "115336304",
  "epsg": 32639,
  "bbox_utm": {
    "minx": 642816.0777600175,
    "miny": 3285401.97375993,
    "maxx": 643032.1330400212,
    "maxy": 3285618.029039934
  },
  "polygon_utm": [
    [
      [
        642879.09970002,
        3285475.3441999345,
        0.0
      ],
      [
        642874.6367000188,
        3285485.5159999346,
        0.0
      ],
      [
        642874.770500018,
        3285485.602599934,
        0.0
      ],
      [
        642876.7235000206,
        3285486.268099932,
        0.0
      ],
      [
        642870.3685000197,
        3285499.3947999314,
        0.0
      ],
      [
        642868.1969000192,
        3285504.509699932,
        0.0
      ],
      [
        642866.8759000193,
        3285509.5151999323,
        0.0
      ],
      [
        642867.7094000196,
        3285516.7383999303,
        0.0
      ],
      [
        642871.4598000199,
        3285522.5724999337,
        0.0
      ],
      [
        642875.0714000199,
        3285529.51779993,
        0.0
      ],
      [
        642877.2939000176,
        3285553.5485999337,
        0.0
      ],
      [
        642875.5633000185,
        3285566.695599927,
        0.0
      ],
      [
        642871.0431000191,
        3285583.969099932,
        0.0
      ],
      [
        642871.4598000201,
        3285586.747299932,
        0.0
      ],
      [
        642873.2656000188,
        3285587.1639999333,
        0.0
      ],
      [
        642877.8495000197,
        3285582.996799931,
        0.0
      ],
      [
        642884.9338000176,
        3285577.301599931,
        0.0
      ],
      [
        642901.8804000176,
        3285568.4115999313,
        0.0
      ],
      [
        642917.4379000191,
        3285560.6327999313,
        0.0
      ],
      [
        642929.1060000204,
        3285557.1601999295,
        0.0
      ],
      [
        642949.80310002,
        3285553.8263999354,
        0.0
      ],
      [
        642962.999200021,
        3285551.8816999285,
        0.0
      ],
      [
        642969.8057000194,
        3285549.1035999362,
        0.0
      ],
      [
        642974.3022000215,
        3285545.455499932,
        0.0
      ],
      [
        642974.6102000189,
        3285545.1996999346,
        0.0
      ],
      [
        642977.2510000197,
        3285542.4119999316,
        0.0
      ],
      [
        642978.0318000185,
        3285541.2987999343,
        0.0
      ],
      [
        642979.2307000195,
        3285539.121699931,
        0.0
      ],
      [
        642980.0357000201,
        3285537.050399933,
        0.0
      ],
      [
        642980.4568000213,
        3285535.482699928,
        0.0
      ],
      [
        642980.8336000193,
        3285532.8310999325,
        0.0
      ],
      [
        642981.3349000195,
        3285525.211699934,
        0.0
      ],
      [
        642979.9458000194,
        3285514.376999933,
        0.0
      ],
      [
        642975.5008000195,
        3285504.9312999314,
        0.0
      ],
      [
        642973.3247000192,
        3285492.403799934,
        0.0
      ],
      [
        642957.5819000204,
        3285476.3165999344,
        0.0
      ],
      [
        642911.7427000202,
        3285432.8387999306,
        0.0
      ],
      [
        642879.09970002,
        3285475.3441999345,
        0.0
      ]
    ]
  ]
}