{
  "code": "115468614",
  "epsg": 32639,
  "bbox_utm": {
    "minx": 679061.0024052717,
    "miny": 3271423.10398532,
    "maxx": 679487.1887888868,
    "maxy": 3271849.290368935
  },
  "polygon_utm": [
    [
      [
        679260.1763458729,
        3271483.987754408,
        0.0
      ],
      [
        679240.1682000658,
        3271496.049399846,
        0.0
      ],
      [
        679177.5829000646,
        3271535.020699851,
        0.0
      ],
      [
        679155.4551000657,
        3271549.8826998468,
        0.0
      ],
      [
        679188.9771000645,
        3271613.7890998474,
        0.0
      ],
      [
        679236.039900065,
        3271697.181099847,
        0.0
      ],
      [
        679284.7541000658,
        3271784.7014998486,
        0.0
      ],
      [
        679286.5990000643,
        3271788.406599847,
        0.0
      ],
      [
        679299.9617411277,
        3271781.926089574,
        0.0
      ],
      [
        679315.3311939823,
        3271771.7610179693,
        0.0
      ],
      [
        679330.2128838167,
        3271763.657273115,
        0.0
      ],
      [
        679340.9229593588,
        3271756.3275868515,
        0.0
      ],
      [
        679392.7360940927,
        3271723.65086292,
        0.0
      ],
      [
        679260.1763458729,
        3271483.987754408,
        0.0
      ]
    ]
  ]
}