{
  "code": "115468511",
  "epsg": 32639,
  "bbox_utm": {
    "minx": 678911.7366400666,
    "miny": 3271474.9525398505,
    "maxx": 679454.2433600638,
    "maxy": 3272017.4592598467
  },
  "polygon_utm": [
    [
      [
        679109.7133000655,
        3271578.1203998467,
        0.0
      ],
      [
        679083.4572000643,
        3271595.1290998464,
        0.0
      ],
      [
        679044.9813000644,
        3271619.238399846,
        0.0
      ],
      [
        679035.3190000651,
        3271625.0357998484,
        0.0
      ],
      [
        679100.3109000621,
        3271741.8046998503,
        0.0
      ],
      [
        679112.7808350257,
        3271763.7183852647,
        0.0
      ],
      [
        679152.9876000639,
        3271834.374599843,
        0.0
      ],
      [
        679170.8583000657,
        3271867.2052998506,
        0.0
      ],
      [
        679195.7575000662,
        3271912.9480998474,
        0.0
      ],
      [
        679210.4599000651,
        3271939.9582998473,
        0.0
      ],
      [
        679216.857000066,
        3271936.898799848,
        0.0
      ],
      [
        679231.7227000658,
        3271930.262499847,
        0.0
      ],
      [
        679255.434400066,
        3271915.512699849,
        0.0
      ],
      [
        679268.2407000666,
        3271907.5465998454,
        0.0
      ],
      [
        679279.1462000667,
        3271906.1772998455,
        0.0
      ],
      [
        679311.6331000654,
        3271886.3863998465,
        0.0
      ],
      [
        679330.6610000653,
        3271875.6895998493,
        0.0
      ],
      [
        679296.8087000661,
        3271816.902399849,
        0.0
      ],
      [
        679250.4064000659,
        3271731.3635998466,
        0.0
      ],
      [
        679202.0225000653,
        3271644.1734998478,
        0.0
      ],
      [
        679151.1249000637,
        3271552.4534998494,
        0.0
      ],
      [
        679109.7133000655,
        3271578.1203998467,
        0.0
      ]
    ]
  ]
}