{
  "code": "115479834",
  "epsg": 32639,
  "bbox_utm": {
    "minx": 684551.2209700783,
    "miny": 3268807.8998198253,
    "maxx": 684734.8000300765,
    "maxy": 3268991.478879824
  },
  "polygon_utm": [
    [
      [
        684665.5208000769,
        3268962.365499825,
        0.0
      ],
      [
        684686.0744000784,
        3268960.327799828,
        0.0
      ],
      [
        684687.463200077,
        3268960.190199826,
        0.0
      ],
      [
        684684.3786000797,
        3268924.3102998254,
        0.0
      ],
      [
        684680.8097000762,
        3268890.472299828,
        0.0
      ],
      [
        684679.7915000769,
        3268880.8185998257,
        0.0
      ],
      [
        684674.4373000768,
        3268837.020899826,
        0.0
      ],
      [
        684638.1163000761,
        3268838.218299827,
        0.0
      ],
      [
        684610.8463000768,
        3268837.379199826,
        0.0
      ],
      [
        684601.6424000784,
        3268834.2688998226,
        0.0
      ],
      [
        684598.5578000778,
        3268834.125399825,
        0.0
      ],
      [
        684604.6971000774,
        3268892.676099829,
        0.0
      ],
      [
        684609.8230000767,
        3268965.253299824,
        0.0
      ],
      [
        684616.5927000775,
        3268964.4041998247,
        0.0
      ],
      [
        684625.6044000771,
        3268963.2737998273,
        0.0
      ],
      [
        684665.5208000769,
        3268962.365499825,
        0.0
      ]
    ]
  ]
}