{
  "code": "115479816",
  "epsg": 32639,
  "bbox_utm": {
    "minx": 683422.403262401,
    "miny": 3268622.6632825537,
    "maxx": 683768.5708833381,
    "maxy": 3268968.83090349
  },
  "polygon_utm": [
    [
      [
        683666.4421939779,
        3268810.59984941,
        0.0
      ],
      [
        683645.02196935,
        3268752.8162047165,
        0.0
      ],
      [
        683644.5104786595,
        3268752.290434932,
        0.0
      ],
      [
        683622.5785188507,
        3268693.9807797377,
        0.0
      ],
      [
        683609.9898000732,
        3268672.1157998303,
        0.0
      ],
      [
        683583.6844000733,
        3268673.259499831,
        0.0
      ],
      [
        683570.5317000739,
        3268675.7375998325,
        0.0
      ],
      [
        683567.4818000721,
        3268677.643699832,
        0.0
      ],
      [
        683567.4091000743,
        3268677.9489998315,
        0.0
      ],
      [
        683566.5287000728,
        3268681.646699828,
        0.0
      ],
      [
        683566.5287000731,
        3268683.9341998394,
        0.0
      ],
      [
        683566.5287000727,
        3268688.1320998278,
        0.0
      ],
      [
        683565.0037000735,
        3268691.177699828,
        0.0
      ],
      [
        683561.1914000743,
        3268693.465099833,
        0.0
      ],
      [
        683534.8859000745,
        3268704.5209998293,
        0.0
      ],
      [
        683533.3081000741,
        3268704.987699829,
        0.0
      ],
      [
        683494.9620000758,
        3268716.3294998314,
        0.0
      ],
      [
        683544.2933000742,
        3268823.9614998335,
        0.0
      ],
      [
        683597.0703926758,
        3268919.378386214,
        0.0
      ],
      [
        683653.0747216459,
        3268896.7913026204,
        0.0
      ],
      [
        683696.0121456633,
        3268878.864661027,
        0.0
      ],
      [
        683666.4421939779,
        3268810.59984941,
        0.0
      ]
    ]
  ]
}