{
  "code": "115468759",
  "epsg": 32639,
  "bbox_utm": {
    "minx": 679168.5176688186,
    "miny": 3271354.421827235,
    "maxx": 679599.2848771187,
    "maxy": 3271785.1890355344
  },
  "polygon_utm": [
    [
      [
        679392.7360940927,
        3271723.65086292,
        0.0
      ],
      [
        679400.5054000657,
        3271718.9106998476,
        0.0
      ],
      [
        679507.6262000642,
        3271652.6770998477,
        0.0
      ],
      [
        679477.6291000653,
        3271602.5599998473,
        0.0
      ],
      [
        679434.1992000656,
        3271526.7640998443,
        0.0
      ],
      [
        679391.9252000654,
        3271451.1332998485,
        0.0
      ],
      [
        679370.6231000663,
        3271415.9599998486,
        0.0
      ],
      [
        679360.3849000642,
        3271420.748899849,
        0.0
      ],
      [
        679326.6978000661,
        3271441.060199855,
        0.0
      ],
      [
        679286.7357000669,
        3271467.9767998443,
        0.0
      ],
      [
        679260.1763458729,
        3271483.987754408,
        0.0
      ],
      [
        679392.7360940927,
        3271723.65086292,
        0.0
      ]
    ]
  ]
}