{
  "code": "115590775",
  "epsg": 32639,
  "bbox_utm": {
    "minx": 626490.8878200119,
    "miny": 3267398.6747199506,
    "maxx": 626987.3101800093,
    "maxy": 3267895.097079949
  },
  "polygon_utm": [
    [
      [
        626832.7142000118,
        3267553.491299949,
        0.0
      ],
      [
        626825.1206000113,
        3267552.750399947,
        0.0
      ],
      [
        626816.4158000106,
        3267549.6018999456,
        0.0
      ],
      [
        626809.1927000121,
        3267547.0089999475,
        0.0
      ],
      [
        626802.7055000099,
        3267542.1896499493,
        0.0
      ],
      [
        626771.2249000117,
        3267517.0051999497,
        0.0
      ],
      [
        626749.9259000111,
        3267499.4102999503,
        0.0
      ],
      [
        626727.1452000104,
        3267476.6296999496,
        0.0
      ],
      [
        626720.6888000115,
        3267469.592199951,
        0.0
      ],
      [
        626711.4025000117,
        3267476.814899948,
        0.0
      ],
      [
        626711.2437000093,
        3267477.0392599492,
        0.0
      ],
      [
        626680.1128000098,
        3267498.222399948,
        0.0
      ],
      [
        626688.436600009,
        3267510.7080999506,
        0.0
      ],
      [
        626678.8057000098,
        3267518.116399951,
        0.0
      ],
      [
        626669.9260000124,
        3267525.0761999493,
        0.0
      ],
      [
        626665.100300011,
        3267528.858499953,
        0.0
      ],
      [
        626643.4309000099,
        3267542.193499951,
        0.0
      ],
      [
        626634.1704000112,
        3267546.4532999503,
        0.0
      ],
      [
        626621.3910000105,
        3267550.5278999535,
        0.0
      ],
      [
        626618.4887000099,
        3267551.238699953,
        0.0
      ],
      [
        626612.3158000095,
        3267552.7503999467,
        0.0
      ],
      [
        626608.5138000108,
        3267554.9449999505,
        0.0
      ],
      [
        626604.9075000111,
        3267556.4545999453,
        0.0
      ],
      [
        626601.3885000112,
        3267559.047499953,
        0.0
      ],
      [
        626596.202700011,
        3267565.344599952,
        0.0
      ],
      [
        626580.8303000098,
        3267578.864899949,
        0.0
      ],
      [
        626577.3270000106,
        3267581.3979999484,
        0.0
      ],
      [
        626597.1287000113,
        3267606.83139995,
        0.0
      ],
      [
        626665.2855000128,
        3267702.3990999493,
        0.0
      ],
      [
        626687.8916000101,
        3267730.7923999513,
        0.0
      ],
      [
        626704.1815000122,
        3267728.7894999487,
        0.0
      ],
      [
        626704.9202000095,
        3267728.6986999465,
        0.0
      ],
      [
        626714.3151000112,
        3267739.6309999437,
        0.0
      ],
      [
        626715.2918000132,
        3267738.5147999483,
        0.0
      ],
      [
        626724.9227000097,
        3267748.886399951,
        0.0
      ],
      [
        626740.4802000119,
        3267768.703799949,
        0.0
      ],
      [
        626749.1975000106,
        3267776.98519995,
        0.0
      ],
      [
        626751.5928000116,
        3267779.2606999488,
        0.0
      ],
      [
        626768.4467000108,
        3267795.0033999495,
        0.0
      ],
      [
        626786.226800011,
        3267811.4869999504,
        0.0
      ],
      [
        626795.1168000099,
        3267820.562199944,
        0.0
      ],
      [
        626801.3342000114,
        3267824.179599949,
        0.0
      ],
      [
        626829.195200012,
        3267797.4110999512,
        0.0
      ],
      [
        626836.233100012,
        3267789.2618999486,
        0.0
      ],
      [
        626849.7534000112,
        3267773.1487999526,
        0.0
      ],
      [
        626882.1649000093,
        3267743.1449999483,
        0.0
      ],
      [
        626898.2780000113,
        3267728.513499951,
        0.0
      ],
      [
        626900.8710000106,
        3267726.105799948,
        0.0
      ],
      [
        626897.9076000096,
        3267721.6607999536,
        0.0
      ],
      [
        626880.8684000126,
        3267700.91739995,
        0.0
      ],
      [
        626868.4594000122,
        3267682.952199947,
        0.0
      ],
      [
        626863.0884000105,
        3267676.4697999465,
        0.0
      ],
      [
        626862.6750000108,
        3267676.9164999505,
        0.0
      ],
      [
        626862.1623000115,
        3267675.173399948,
        0.0
      ],
      [
        626860.1251000119,
        3267670.5431999476,
        0.0
      ],
      [
        626856.2357000115,
        3267665.172099952,
        0.0
      ],
      [
        626833.7131000106,
        3267641.3882999425,
        0.0
      ],
      [
        626835.4923000105,
        3267639.9836999457,
        0.0
      ],
      [
        626837.9000000111,
        3267637.761199945,
        0.0
      ],
      [
        626842.715400013,
        3267634.427499951,
        0.0
      ],
      [
        626846.7900000105,
        3267632.0197999524,
        0.0
      ],
      [
        626851.975900011,
        3267627.0190999513,
        0.0
      ],
      [
        626865.3109000116,
        3267617.7586999484,
        0.0
      ],
      [
        626865.4023000124,
        3267617.8662999477,
        0.0
      ],
      [
        626877.6816000115,
        3267608.400499951,
        0.0
      ],
      [
        626865.8417000108,
        3267594.8362999503,
        0.0
      ],
      [
        626859.0138000114,
        3267587.013999947,
        0.0
      ],
      [
        626832.8688000133,
        3267553.4249999593,
        0.0
      ],
      [
        626832.7142000118,
        3267553.491299949,
        0.0
      ]
    ]
  ]
}