{
  "code": "115592261",
  "epsg": 32639,
  "bbox_utm": {
    "minx": 624253.3929400113,
    "miny": 3267559.4521399518,
    "maxx": 624511.782260011,
    "maxy": 3267817.841459951
  },
  "polygon_utm": [
    [
      [
        624393.7560000104,
        3267754.2870999486,
        0.0
      ],
      [
        624407.0851000099,
        3267739.0794999525,
        0.0
      ],
      [
        624423.6331000106,
        3267720.1991999536,
        0.0
      ],
      [
        624433.0698000098,
        3267711.048499948,
        0.0
      ],
      [
        624443.4843000064,
        3267700.949499955,
        0.0
      ],
      [
        624457.7636000097,
        3267686.197399952,
        0.0
      ],
      [
        624473.3849000104,
        3267670.058899954,
        0.0
      ],
      [
        624468.8135000095,
        3267664.64109995,
        0.0
      ],
      [
        624461.1438000093,
        3267657.422399954,
        0.0
      ],
      [
        624452.8724000099,
        3267648.69989995,
        0.0
      ],
      [
        624443.8491000095,
        3267639.2254999527,
        0.0
      ],
      [
        624440.5488000102,
        3267635.09259995,
        0.0
      ],
      [
        624427.1561000105,
        3267618.3215999515,
        0.0
      ],
      [
        624418.5840000107,
        3267606.741699949,
        0.0
      ],
      [
        624409.4103000097,
        3267598.0191999464,
        0.0
      ],
      [
        624407.0041000079,
        3267596.816099951,
        0.0
      ],
      [
        624403.8460000103,
        3267596.3648999515,
        0.0
      ],
      [
        624400.53740001,
        3267596.665699951,
        0.0
      ],
      [
        624395.8754000091,
        3267598.7710999525,
        0.0
      ],
      [
        624393.0180000094,
        3267600.1245999536,
        0.0
      ],
      [
        624390.7622000099,
        3267600.726199956,
        0.0
      ],
      [
        624389.7516000096,
        3267600.810399951,
        0.0
      ],
      [
        624388.9576000109,
        3267600.87659995,
        0.0
      ],
      [
        624386.4010000101,
        3267601.1772999526,
        0.0
      ],
      [
        624386.2842000102,
        3267601.0341999447,
        0.0
      ],
      [
        624366.1462000108,
        3267623.9050999507,
        0.0
      ],
      [
        624318.0221000088,
        3267671.2772999527,
        0.0
      ],
      [
        624291.7903000118,
        3267696.829499952,
        0.0
      ],
      [
        624293.2969000095,
        3267698.3427999555,
        0.0
      ],
      [
        624315.8006000103,
        3267721.464299951,
        0.0
      ],
      [
        624330.9507000089,
        3267737.0302999434,
        0.0
      ],
      [
        624344.4288000116,
        3267750.8782999525,
        0.0
      ],
      [
        624371.4963000107,
        3267780.928699951,
        0.0
      ],
      [
        624393.7560000104,
        3267754.2870999486,
        0.0
      ]
    ]
  ]
}