{
  "code": "115566459",
  "epsg": 32639,
  "bbox_utm": {
    "minx": 613987.3090000072,
    "miny": 3268611.372049955,
    "maxx": 614165.7684000087,
    "maxy": 3268789.831449956
  },
  "polygon_utm": [
    [
      [
        614137.6813000068,
        3268738.384299954,
        0.0
      ],
      [
        614139.7186000072,
        3268734.4949999563,
        0.0
      ],
      [
        614140.2742000085,
        3268731.3463999573,
        0.0
      ],
      [
        614140.089000006,
        3268725.234499956,
        0.0
      ],
      [
        614136.9405000057,
        3268716.7148999604,
        0.0
      ],
      [
        614127.4948000077,
        3268696.3419999555,
        0.0
      ],
      [
        614126.3836000065,
        3268683.9329999583,
        0.0
      ],
      [
        614125.2723000079,
        3268675.228199956,
        0.0
      ],
      [
        614124.9019000089,
        3268666.1528999573,
        0.0
      ],
      [
        614124.849200006,
        3268664.6236999524,
        0.0
      ],
      [
        614115.8267000071,
        3268662.819199954,
        0.0
      ],
      [
        614112.3077000079,
        3268661.7078999574,
        0.0
      ],
      [
        614106.0106000066,
        3268659.670599959,
        0.0
      ],
      [
        614100.8248000053,
        3268659.485399953,
        0.0
      ],
      [
        614090.4531000053,
        3268661.8930999585,
        0.0
      ],
      [
        614058.412000007,
        3268676.524599956,
        0.0
      ],
      [
        614012.8032000074,
        3268682.7118999516,
        0.0
      ],
      [
        614015.8369000077,
        3268686.8451999575,
        0.0
      ],
      [
        614023.8008000063,
        3268707.9589999598,
        0.0
      ],
      [
        614023.027800007,
        3268739.5570999575,
        0.0
      ],
      [
        614108.4183000075,
        3268740.7919999566,
        0.0
      ],
      [
        614121.7534000073,
        3268741.718099958,
        0.0
      ],
      [
        614133.606700008,
        3268740.4215999567,
        0.0
      ],
      [
        614134.7751000063,
        3268739.8374999557,
        0.0
      ],
      [
        614137.6813000068,
        3268738.384299954,
        0.0
      ]
    ]
  ]
}