{
  "code": "115877409",
  "epsg": 32639,
  "bbox_utm": {
    "minx": 603535.8856400049,
    "miny": 3294955.8758899546,
    "maxx": 603989.4853600047,
    "maxy": 3295409.475609955
  },
  "polygon_utm": [
    [
      [
        603907.2012000019,
        3295242.73989996,
        0.0
      ],
      [
        603909.7374000032,
        3295236.726899955,
        0.0
      ],
      [
        603918.6842000057,
        3295215.5141999563,
        0.0
      ],
      [
        603924.2404000043,
        3295186.065999956,
        0.0
      ],
      [
        603924.6854000047,
        3295175.733099957,
        0.0
      ],
      [
        603856.9634000036,
        3295165.867499957,
        0.0
      ],
      [
        603791.1217000048,
        3295157.6719999574,
        0.0
      ],
      [
        603756.8118000047,
        3295148.365299958,
        0.0
      ],
      [
        603730.5584000058,
        3295140.308699957,
        0.0
      ],
      [
        603699.1578000045,
        3295129.103599957,
        0.0
      ],
      [
        603663.5978000049,
        3295112.311299956,
        0.0
      ],
      [
        603627.2969000044,
        3295096.259899951,
        0.0
      ],
      [
        603626.9958000039,
        3295096.1267999522,
        0.0
      ],
      [
        603622.0750000057,
        3295107.5264999587,
        0.0
      ],
      [
        603621.940100005,
        3295107.839199957,
        0.0
      ],
      [
        603605.4102000035,
        3295146.316299959,
        0.0
      ],
      [
        603600.6856000049,
        3295156.4556999593,
        0.0
      ],
      [
        603610.4108000054,
        3295163.9574999586,
        0.0
      ],
      [
        603622.6346000048,
        3295175.06999996,
        0.0
      ],
      [
        603632.3580000035,
        3295184.7934999517,
        0.0
      ],
      [
        603642.9564000047,
        3295192.375399954,
        0.0
      ],
      [
        603650.4159000054,
        3295197.711799957,
        0.0
      ],
      [
        603666.9458000031,
        3295206.74069996,
        0.0
      ],
      [
        603682.2255000045,
        3295212.8525999575,
        0.0
      ],
      [
        603697.3663000047,
        3295216.6029999577,
        0.0
      ],
      [
        603722.5084000048,
        3295223.270599959,
        0.0
      ],
      [
        603729.1759000053,
        3295224.9373999597,
        0.0
      ],
      [
        603721.7224000053,
        3295243.705799959,
        0.0
      ],
      [
        603743.2915000045,
        3295248.110999956,
        0.0
      ],
      [
        603769.7764000046,
        3295256.260099954,
        0.0
      ],
      [
        603791.2606000014,
        3295262.742399955,
        0.0
      ],
      [
        603811.1126000044,
        3295269.116899958,
        0.0
      ],
      [
        603811.4483000056,
        3295269.2246999573,
        0.0
      ],
      [
        603815.1525000042,
        3295259.964299952,
        0.0
      ],
      [
        603821.2644000043,
        3295261.260799959,
        0.0
      ],
      [
        603840.5261000064,
        3295260.3346999553,
        0.0
      ],
      [
        603866.0849000054,
        3295260.890399956,
        0.0
      ],
      [
        603901.320600004,
        3295263.102999954,
        0.0
      ],
      [
        603907.2012000019,
        3295242.73989996,
        0.0
      ]
    ]
  ]
}