{
  "code": "115869640",
  "epsg": 32639,
  "bbox_utm": {
    "minx": 601119.1876200063,
    "miny": 3296073.9218199593,
    "maxx": 601455.3288800016,
    "maxy": 3296410.0630799546
  },
  "polygon_utm": [
    [
      [
        601386.6519000053,
        3296193.2645999556,
        0.0
      ],
      [
        601378.6131000039,
        3296167.6608999604,
        0.0
      ],
      [
        601369.7231000045,
        3296151.7329999586,
        0.0
      ],
      [
        601357.1289000043,
        3296136.7309999573,
        0.0
      ],
      [
        601339.1594000019,
        3296121.941999959,
        0.0
      ],
      [
        601338.493400005,
        3296122.6846999577,
        0.0
      ],
      [
        601287.0123000047,
        3296180.0896999543,
        0.0
      ],
      [
        601269.5140000049,
        3296199.6015999615,
        0.0
      ],
      [
        601184.4006000059,
        3296303.55469996,
        0.0
      ],
      [
        601184.1977000046,
        3296303.8024999565,
        0.0
      ],
      [
        601206.0473000035,
        3296318.9982999545,
        0.0
      ],
      [
        601228.7998000039,
        3296334.821999958,
        0.0
      ],
      [
        601260.1001000046,
        3296360.195599958,
        0.0
      ],
      [
        601263.5091000038,
        3296362.0428999555,
        0.0
      ],
      [
        601263.7117000052,
        3296361.7389999568,
        0.0
      ],
      [
        601311.4235000039,
        3296303.4599999585,
        0.0
      ],
      [
        601368.4678000036,
        3296229.1913999594,
        0.0
      ],
      [
        601389.004800005,
        3296208.6360999574,
        0.0
      ],
      [
        601390.3188000033,
        3296207.320999958,
        0.0
      ],
      [
        601386.6519000053,
        3296193.2645999556,
        0.0
      ]
    ]
  ]
}