{
  "code": "115876716",
  "epsg": 32639,
  "bbox_utm": {
    "minx": 603536.5125000019,
    "miny": 3294663.9646999575,
    "maxx": 603908.7109000053,
    "maxy": 3295036.1630999614
  },
  "polygon_utm": [
    [
      [
        603781.3564000049,
        3294933.722099958,
        0.0
      ],
      [
        603800.8651000041,
        3294900.6314999578,
        0.0
      ],
      [
        603820.6207000042,
        3294860.3793999585,
        0.0
      ],
      [
        603845.3716000038,
        3294803.1125999563,
        0.0
      ],
      [
        603846.7968000018,
        3294797.902399955,
        0.0
      ],
      [
        603843.5865000056,
        3294792.9634999577,
        0.0
      ],
      [
        603809.508100004,
        3294776.665099958,
        0.0
      ],
      [
        603798.943500004,
        3294771.170599959,
        0.0
      ],
      [
        603790.053500006,
        3294763.530699957,
        0.0
      ],
      [
        603778.8021000044,
        3294756.5853999574,
        0.0
      ],
      [
        603760.3275000032,
        3294746.1673999573,
        0.0
      ],
      [
        603742.5582000044,
        3294736.1470999573,
        0.0
      ],
      [
        603718.5166000053,
        3294726.303799951,
        0.0
      ],
      [
        603704.671500006,
        3294720.6350999568,
        0.0
      ],
      [
        603696.2916000043,
        3294718.3860999607,
        0.0
      ],
      [
        603686.846000005,
        3294717.135899958,
        0.0
      ],
      [
        603678.3727000044,
        3294717.552699957,
        0.0
      ],
      [
        603673.788700005,
        3294717.5526999584,
        0.0
      ],
      [
        603676.4280000047,
        3294720.7474999595,
        0.0
      ],
      [
        603677.539200004,
        3294725.4702999545,
        0.0
      ],
      [
        603676.1502000048,
        3294732.1378999557,
        0.0
      ],
      [
        603671.705100004,
        3294740.7500999593,
        0.0
      ],
      [
        603658.5090000037,
        3294758.3911999594,
        0.0
      ],
      [
        603647.6743000054,
        3294769.7814999567,
        0.0
      ],
      [
        603636.7007000053,
        3294782.144199957,
        0.0
      ],
      [
        603634.7560000046,
        3294780.8939999556,
        0.0
      ],
      [
        603635.0703000053,
        3294780.5281999586,
        0.0
      ],
      [
        603630.5188000052,
        3294776.634899955,
        0.0
      ],
      [
        603622.3702000042,
        3294789.043199957,
        0.0
      ],
      [
        603608.6647000046,
        3294815.71329996,
        0.0
      ],
      [
        603601.8795000036,
        3294828.243699954,
        0.0
      ],
      [
        603598.4266000055,
        3294834.620299955,
        0.0
      ],
      [
        603655.0004000051,
        3294886.491399954,
        0.0
      ],
      [
        603693.2768000046,
        3294930.4475999586,
        0.0
      ],
      [
        603739.618300004,
        3294982.9918999607,
        0.0
      ],
      [
        603743.5738000046,
        3294976.9374999604,
        0.0
      ],
      [
        603749.253600004,
        3294974.7149999575,
        0.0
      ],
      [
        603756.4150000019,
        3294969.282199958,
        0.0
      ],
      [
        603761.2978000059,
        3294962.3204999566,
        0.0
      ],
      [
        603781.3564000049,
        3294933.722099958,
        0.0
      ]
    ]
  ]
}