{
  "code": "115851540",
  "epsg": 32639,
  "bbox_utm": {
    "minx": 605591.0994000038,
    "miny": 3298679.329649955,
    "maxx": 605867.1178000072,
    "maxy": 3298955.3480499582
  },
  "polygon_utm": [
    [
      [
        605750.6457000056,
        3298872.356199957,
        0.0
      ],
      [
        605764.2641000047,
        3298858.9323999537,
        0.0
      ],
      [
        605785.469800006,
        3298838.5048999577,
        0.0
      ],
      [
        605803.9518000039,
        3298819.6337999585,
        0.0
      ],
      [
        605825.1575000056,
        3298796.871699958,
        0.0
      ],
      [
        605825.984700006,
        3298795.7899999544,
        0.0
      ],
      [
        605827.6866000068,
        3298793.564399957,
        0.0
      ],
      [
        605827.4920000047,
        3298789.284399948,
        0.0
      ],
      [
        605825.3520000052,
        3298785.198899955,
        0.0
      ],
      [
        605813.4846000058,
        3298778.0005999547,
        0.0
      ],
      [
        605795.3917000042,
        3298766.716899958,
        0.0
      ],
      [
        605776.3260000062,
        3298755.627599956,
        0.0
      ],
      [
        605758.4032000036,
        3298744.8727999586,
        0.0
      ],
      [
        605753.4072000051,
        3298750.093799956,
        0.0
      ],
      [
        605731.812400005,
        3298772.6613999545,
        0.0
      ],
      [
        605712.3577000042,
        3298794.450699958,
        0.0
      ],
      [
        605691.7356000039,
        3298817.0181999565,
        0.0
      ],
      [
        605670.529900005,
        3298839.780299955,
        0.0
      ],
      [
        605652.8261000047,
        3298859.429599959,
        0.0
      ],
      [
        605633.7604000042,
        3298880.0516999573,
        0.0
      ],
      [
        605630.5306000042,
        3298883.5450999513,
        0.0
      ],
      [
        605633.1389000036,
        3298886.9472999577,
        0.0
      ],
      [
        605635.1173000063,
        3298889.8048999547,
        0.0
      ],
      [
        605637.613500005,
        3298889.4763999563,
        0.0
      ],
      [
        605652.3992000049,
        3298887.5308999564,
        0.0
      ],
      [
        605663.4884000057,
        3298885.7799999556,
        0.0
      ],
      [
        605676.1340000046,
        3298885.0017999574,
        0.0
      ],
      [
        605683.9159000074,
        3298886.169099959,
        0.0
      ],
      [
        605694.4215000045,
        3298887.530899957,
        0.0
      ],
      [
        605699.2851000039,
        3298888.892799954,
        0.0
      ],
      [
        605711.5416000048,
        3298877.2198999594,
        0.0
      ],
      [
        605718.7399000054,
        3298869.437999959,
        0.0
      ],
      [
        605724.3818000036,
        3298867.6870999555,
        0.0
      ],
      [
        605727.6891000059,
        3298867.297999957,
        0.0
      ],
      [
        605737.0274000055,
        3298869.048899956,
        0.0
      ],
      [
        605743.0584000027,
        3298871.7725999546,
        0.0
      ],
      [
        605748.9992000058,
        3298873.979199957,
        0.0
      ],
      [
        605750.6457000056,
        3298872.356199957,
        0.0
      ]
    ]
  ]
}