{
  "code": "115854189",
  "epsg": 32639,
  "bbox_utm": {
    "minx": 600272.8847200045,
    "miny": 3298310.7162699625,
    "maxx": 600554.1361800017,
    "maxy": 3298591.9677299596
  },
  "polygon_utm": [
    [
      [
        600513.6782000044,
        3298463.2866999526,
        0.0
      ],
      [
        600505.3188000038,
        3298455.220599958,
        0.0
      ],
      [
        600501.5058000039,
        3298450.0875999574,
        0.0
      ],
      [
        600498.7193000037,
        3298445.101299959,
        0.0
      ],
      [
        600495.7862000038,
        3298440.554999958,
        0.0
      ],
      [
        600493.1464000035,
        3298437.328599959,
        0.0
      ],
      [
        600488.1601000037,
        3298432.048999959,
        0.0
      ],
      [
        600482.440500003,
        3298428.089199957,
        0.0
      ],
      [
        600471.2946000053,
        3298421.3430999587,
        0.0
      ],
      [
        600460.1488000028,
        3298415.03689996,
        0.0
      ],
      [
        600446.2165000062,
        3298408.8772999607,
        0.0
      ],
      [
        600435.6572000041,
        3298404.9175999574,
        0.0
      ],
      [
        600428.0311000044,
        3298401.691199956,
        0.0
      ],
      [
        600421.5783000044,
        3298397.5847999533,
        0.0
      ],
      [
        600416.7386000039,
        3298394.065099956,
        0.0
      ],
      [
        600412.3389000033,
        3298389.958699956,
        0.0
      ],
      [
        600408.525900004,
        3298388.1987999612,
        0.0
      ],
      [
        600403.2463000034,
        3298387.025599953,
        0.0
      ],
      [
        600396.5001000044,
        3298386.29229996,
        0.0
      ],
      [
        600388.5807000035,
        3298387.3188999575,
        0.0
      ],
      [
        600379.0480000047,
        3298388.638799957,
        0.0
      ],
      [
        600372.7418000044,
        3298391.2785999547,
        0.0
      ],
      [
        600364.675800006,
        3298392.4517999575,
        0.0
      ],
      [
        600357.1963000043,
        3298392.745199957,
        0.0
      ],
      [
        600348.836900005,
        3298391.4252999546,
        0.0
      ],
      [
        600339.8909000052,
        3298388.638799957,
        0.0
      ],
      [
        600336.2956000043,
        3298387.9228999605,
        0.0
      ],
      [
        600321.3979000038,
        3298434.803899958,
        0.0
      ],
      [
        600315.980600004,
        3298451.889399957,
        0.0
      ],
      [
        600313.0635000041,
        3298463.140799957,
        0.0
      ],
      [
        600324.1031000041,
        3298465.809899957,
        0.0
      ],
      [
        600339.0008000036,
        3298470.497999959,
        0.0
      ],
      [
        600357.0240000042,
        3298476.852999954,
        0.0
      ],
      [
        600379.3185000032,
        3298483.6246999586,
        0.0
      ],
      [
        600403.488200004,
        3298492.2715999563,
        0.0
      ],
      [
        600442.9666000038,
        3298504.9467999516,
        0.0
      ],
      [
        600441.1145000042,
        3298506.9840999567,
        0.0
      ],
      [
        600450.6610000039,
        3298510.2106999597,
        0.0
      ],
      [
        600464.8387000035,
        3298516.3916999623,
        0.0
      ],
      [
        600479.5108000041,
        3298499.1304999534,
        0.0
      ],
      [
        600486.2203000041,
        3298491.101099957,
        0.0
      ],
      [
        600496.5595000042,
        3298478.5619999515,
        0.0
      ],
      [
        600513.957400002,
        3298463.6914999583,
        0.0
      ],
      [
        600513.6782000044,
        3298463.2866999526,
        0.0
      ]
    ]
  ]
}