{
  "code": "115856086",
  "epsg": 32639,
  "bbox_utm": {
    "minx": 600367.0918200058,
    "miny": 3297912.665519956,
    "maxx": 600821.2677800045,
    "maxy": 3298366.841479955
  },
  "polygon_utm": [
    [
      [
        600609.0502000042,
        3298170.6141999573,
        0.0
      ],
      [
        600630.3468000062,
        3298166.640899959,
        0.0
      ],
      [
        600661.6559000036,
        3298159.489099959,
        0.0
      ],
      [
        600705.3615000035,
        3298148.9997999608,
        0.0
      ],
      [
        600756.3855000046,
        3298135.138199956,
        0.0
      ],
      [
        600750.2256000041,
        3298135.515399959,
        0.0
      ],
      [
        600743.1136000057,
        3298135.5153999575,
        0.0
      ],
      [
        600739.3600000035,
        3298134.527599958,
        0.0
      ],
      [
        600735.4089000041,
        3298132.3544999543,
        0.0
      ],
      [
        600731.2602000053,
        3298128.600899956,
        0.0
      ],
      [
        600728.296900004,
        3298124.254699957,
        0.0
      ],
      [
        600724.3458000061,
        3298117.9328999543,
        0.0
      ],
      [
        600721.7775000037,
        3298111.61109996,
        0.0
      ],
      [
        600719.8020000034,
        3298108.252599956,
        0.0
      ],
      [
        600715.6533000043,
        3298107.46239996,
        0.0
      ],
      [
        600709.1340000043,
        3298109.042899956,
        0.0
      ],
      [
        600685.8224000034,
        3298115.759799952,
        0.0
      ],
      [
        600646.3112000034,
        3298125.4399999613,
        0.0
      ],
      [
        600625.1727000048,
        3298130.1813999577,
        0.0
      ],
      [
        600609.763300005,
        3298133.934899958,
        0.0
      ],
      [
        600603.0464000062,
        3298137.490899956,
        0.0
      ],
      [
        600597.514800003,
        3298142.4297999567,
        0.0
      ],
      [
        600594.156400005,
        3298144.0102999583,
        0.0
      ],
      [
        600587.6370000031,
        3298144.6028999523,
        0.0
      ],
      [
        600539.0383000054,
        3298142.23229996,
        0.0
      ],
      [
        600491.6249000044,
        3298137.2933999607,
        0.0
      ],
      [
        600454.2868000043,
        3298132.749599962,
        0.0
      ],
      [
        600431.9741000056,
        3298133.0039999587,
        0.0
      ],
      [
        600434.7090000039,
        3298141.9744999628,
        0.0
      ],
      [
        600436.8787000036,
        3298154.499999956,
        0.0
      ],
      [
        600450.8891000041,
        3298154.8830999574,
        0.0
      ],
      [
        600479.8405000037,
        3298155.6747999587,
        0.0
      ],
      [
        600517.0300000045,
        3298157.7408999624,
        0.0
      ],
      [
        600538.1676000039,
        3298160.76059996,
        0.0
      ],
      [
        600555.4910000039,
        3298163.939099956,
        0.0
      ],
      [
        600578.0590000048,
        3298170.137399956,
        0.0
      ],
      [
        600586.6412000052,
        3298171.7266999586,
        0.0
      ],
      [
        600595.0644000049,
        3298171.88559996,
        0.0
      ],
      [
        600601.739500005,
        3298172.044599951,
        0.0
      ],
      [
        600603.3001000046,
        3298171.7391999555,
        0.0
      ],
      [
        600609.0502000042,
        3298170.6141999573,
        0.0
      ]
    ]
  ]
}