{
  "code": "115875311",
  "epsg": 32639,
  "bbox_utm": {
    "minx": 603177.9233000056,
    "miny": 3295078.535649957,
    "maxx": 603511.8114000036,
    "maxy": 3295412.4237499554
  },
  "polygon_utm": [
    [
      [
        603439.665500005,
        3295233.7359999567,
        0.0
      ],
      [
        603383.3621000045,
        3295195.2125999574,
        0.0
      ],
      [
        603337.0599000033,
        3295166.8756999564,
        0.0
      ],
      [
        603304.4464000054,
        3295146.118899957,
        0.0
      ],
      [
        603302.8718000052,
        3295146.8719999567,
        0.0
      ],
      [
        603295.6486000052,
        3295147.0108999573,
        0.0
      ],
      [
        603288.2866000048,
        3295144.2326999567,
        0.0
      ],
      [
        603279.5355000022,
        3295144.510599957,
        0.0
      ],
      [
        603271.617800006,
        3295148.260999958,
        0.0
      ],
      [
        603256.0603000042,
        3295158.401199961,
        0.0
      ],
      [
        603238.8358000047,
        3295173.680899958,
        0.0
      ],
      [
        603225.6216000054,
        3295187.5365999565,
        0.0
      ],
      [
        603228.7818000036,
        3295190.8814999545,
        0.0
      ],
      [
        603237.3014000058,
        3295199.956699957,
        0.0
      ],
      [
        603251.5624000039,
        3295213.2916999557,
        0.0
      ],
      [
        603271.5650000051,
        3295234.590699957,
        0.0
      ],
      [
        603284.5296000034,
        3295252.9263999583,
        0.0
      ],
      [
        603295.6421000058,
        3295274.2253999584,
        0.0
      ],
      [
        603310.6440000056,
        3295291.2645999542,
        0.0
      ],
      [
        603336.3369000056,
        3295322.655399958,
        0.0
      ],
      [
        603351.1536000055,
        3295335.249599957,
        0.0
      ],
      [
        603365.8362000049,
        3295344.0490999566,
        0.0
      ],
      [
        603379.3564000053,
        3295345.5306999586,
        0.0
      ],
      [
        603392.5542000046,
        3295346.726699956,
        0.0
      ],
      [
        603401.1025000049,
        3295335.049099957,
        0.0
      ],
      [
        603417.1983000056,
        3295314.4995999583,
        0.0
      ],
      [
        603443.139100004,
        3295279.963999955,
        0.0
      ],
      [
        603464.1131000039,
        3295252.0716999588,
        0.0
      ],
      [
        603439.665500005,
        3295233.7359999567,
        0.0
      ]
    ]
  ]
}