{
  "code": "116075505",
  "epsg": 32639,
  "bbox_utm": {
    "minx": 622301.9594400052,
    "miny": 3291625.211889947,
    "maxx": 622454.053060011,
    "maxy": 3291777.305509953
  },
  "polygon_utm": [
    [
      [
        622427.2162000088,
        3291701.5108999517,
        0.0
      ],
      [
        622420.5487000078,
        3291687.3424999486,
        0.0
      ],
      [
        622414.4368000084,
        3291678.452399951,
        0.0
      ],
      [
        622407.9082000098,
        3291671.645999949,
        0.0
      ],
      [
        622397.906900008,
        3291665.5340999495,
        0.0
      ],
      [
        622384.9886000091,
        3291663.033799951,
        0.0
      ],
      [
        622376.2375000094,
        3291660.3945999495,
        0.0
      ],
      [
        622366.5141000083,
        3291657.199699952,
        0.0
      ],
      [
        622353.8736000075,
        3291647.7540999535,
        0.0
      ],
      [
        622323.687100006,
        3291671.0080999495,
        0.0
      ],
      [
        622345.1713000075,
        3291695.2703999477,
        0.0
      ],
      [
        622393.9522000083,
        3291754.7632999467,
        0.0
      ],
      [
        622409.8669000085,
        3291743.212299953,
        0.0
      ],
      [
        622417.6752000087,
        3291735.4039999484,
        0.0
      ],
      [
        622427.2853000105,
        3291721.289199945,
        0.0
      ],
      [
        622432.3254000102,
        3291709.6173999486,
        0.0
      ],
      [
        622427.2162000088,
        3291701.5108999517,
        0.0
      ]
    ]
  ]
}