{
  "code": "116056975",
  "epsg": 32639,
  "bbox_utm": {
    "minx": 621238.8074000077,
    "miny": 3291046.4777499507,
    "maxx": 621412.2205000075,
    "maxy": 3291219.8908499503
  },
  "polygon_utm": [
    [
      [
        621367.4999000087,
        3291107.0698999506,
        0.0
      ],
      [
        621351.7333000096,
        3291097.609899951,
        0.0
      ],
      [
        621343.8500000071,
        3291095.3574999496,
        0.0
      ],
      [
        621335.9667000088,
        3291094.45659995,
        0.0
      ],
      [
        621320.1686000093,
        3291097.65619995,
        0.0
      ],
      [
        621321.5336000093,
        3291101.90309995,
        0.0
      ],
      [
        621321.9041000084,
        3291107.64459995,
        0.0
      ],
      [
        621321.9041000087,
        3291112.830399951,
        0.0
      ],
      [
        621320.7928000076,
        3291118.201499953,
        0.0
      ],
      [
        621314.1253000085,
        3291125.980299951,
        0.0
      ],
      [
        621305.7909000065,
        3291130.980899949,
        0.0
      ],
      [
        621295.6044000074,
        3291137.2779999534,
        0.0
      ],
      [
        621286.89960001,
        3291140.05609995,
        0.0
      ],
      [
        621280.7877000077,
        3291142.83429995,
        0.0
      ],
      [
        621274.6758000075,
        3291144.501099952,
        0.0
      ],
      [
        621269.304800008,
        3291145.4271999546,
        0.0
      ],
      [
        621264.1363000093,
        3291145.427199955,
        0.0
      ],
      [
        621263.5807000077,
        3291151.059599951,
        0.0
      ],
      [
        621264.1363000096,
        3291158.0048999507,
        0.0
      ],
      [
        621264.9697000089,
        3291162.0331999497,
        0.0
      ],
      [
        621265.9413000093,
        3291165.2295999504,
        0.0
      ],
      [
        621269.304800008,
        3291166.9113999475,
        0.0
      ],
      [
        621276.713100009,
        3291170.4303999525,
        0.0
      ],
      [
        621284.4919000083,
        3291171.541599951,
        0.0
      ],
      [
        621293.7523000081,
        3291171.9119999507,
        0.0
      ],
      [
        621302.2719000068,
        3291171.1711999457,
        0.0
      ],
      [
        621314.3105000077,
        3291168.763499951,
        0.0
      ],
      [
        621328.015900009,
        3291164.6888999525,
        0.0
      ],
      [
        621337.83200001,
        3291160.614299951,
        0.0
      ],
      [
        621347.4629000067,
        3291155.2431999496,
        0.0
      ],
      [
        621356.3529000082,
        3291149.31659995,
        0.0
      ],
      [
        621370.058300008,
        3291135.6110999524,
        0.0
      ],
      [
        621380.0596000094,
        3291128.387999951,
        0.0
      ],
      [
        621387.4472000075,
        3291121.557899948,
        0.0
      ],
      [
        621367.4999000087,
        3291107.0698999506,
        0.0
      ]
    ]
  ]
}