{
  "code": "116094614",
  "epsg": 32639,
  "bbox_utm": {
    "minx": 613290.7228800054,
    "miny": 3294358.190179953,
    "maxx": 613538.1107200051,
    "maxy": 3294605.578019953
  },
  "polygon_utm": [
    [
      [
        613442.5516000069,
        3294554.1763999555,
        0.0
      ],
      [
        613448.4783000054,
        3294547.656999953,
        0.0
      ],
      [
        613455.9854000062,
        3294542.9156999523,
        0.0
      ],
      [
        613463.4926000085,
        3294540.7425999567,
        0.0
      ],
      [
        613471.3879000065,
        3294539.453499954,
        0.0
      ],
      [
        613502.6771000056,
        3294504.9989999537,
        0.0
      ],
      [
        613502.7696000051,
        3294504.8970999513,
        0.0
      ],
      [
        613461.2829000055,
        3294474.671099955,
        0.0
      ],
      [
        613455.4159000064,
        3294470.546599952,
        0.0
      ],
      [
        613452.4598000058,
        3294469.7301999554,
        0.0
      ],
      [
        613446.9210000058,
        3294471.534399954,
        0.0
      ],
      [
        613444.1552000055,
        3294471.336799954,
        0.0
      ],
      [
        613440.5992000065,
        3294470.1514999527,
        0.0
      ],
      [
        613437.0432000055,
        3294467.7807999547,
        0.0
      ],
      [
        613434.6725000058,
        3294465.015099956,
        0.0
      ],
      [
        613432.1043000055,
        3294461.0638999515,
        0.0
      ],
      [
        613428.9434000071,
        3294458.693299955,
        0.0
      ],
      [
        613426.1776000075,
        3294455.9274999513,
        0.0
      ],
      [
        613425.3874000062,
        3294452.9640999553,
        0.0
      ],
      [
        613425.5850000059,
        3294448.0251999553,
        0.0
      ],
      [
        613426.030700007,
        3294445.0831999537,
        0.0
      ],
      [
        613426.5727000076,
        3294441.505899955,
        0.0
      ],
      [
        613424.3996000052,
        3294433.603699955,
        0.0
      ],
      [
        613418.275400006,
        3294425.503899956,
        0.0
      ],
      [
        613404.6440000058,
        3294409.6993999565,
        0.0
      ],
      [
        613394.6410000067,
        3294399.318899951,
        0.0
      ],
      [
        613353.9441000068,
        3294446.683999955,
        0.0
      ],
      [
        613326.0640000054,
        3294481.642099954,
        0.0
      ],
      [
        613330.1068000054,
        3294483.854099953,
        0.0
      ],
      [
        613335.996400006,
        3294488.854799956,
        0.0
      ],
      [
        613340.6637000073,
        3294493.521999952,
        0.0
      ],
      [
        613344.7753000064,
        3294498.8559999545,
        0.0
      ],
      [
        613347.2201000053,
        3294503.301099958,
        0.0
      ],
      [
        613348.7758000073,
        3294507.4126999546,
        0.0
      ],
      [
        613349.6648000064,
        3294510.7463999577,
        0.0
      ],
      [
        613349.998200007,
        3294514.080199953,
        0.0
      ],
      [
        613350.074800005,
        3294516.8388999524,
        0.0
      ],
      [
        613383.4824000051,
        3294535.606099954,
        0.0
      ],
      [
        613406.3989000075,
        3294549.632599955,
        0.0
      ],
      [
        613419.0425000078,
        3294557.139699952,
        0.0
      ],
      [
        613425.9569000058,
        3294560.893299957,
        0.0
      ],
      [
        613430.6983000075,
        3294563.659099954,
        0.0
      ],
      [
        613434.6494000065,
        3294564.4492999543,
        0.0
      ],
      [
        613438.6005000055,
        3294561.485899954,
        0.0
      ],
      [
        613439.0003000074,
        3294560.746399954,
        0.0
      ],
      [
        613442.5516000069,
        3294554.1763999555,
        0.0
      ]
    ]
  ]
}