{
  "code": "116135995",
  "epsg": 32639,
  "bbox_utm": {
    "minx": 621388.8873000093,
    "miny": 3290906.132949951,
    "maxx": 621591.5387000066,
    "maxy": 3291108.784349949
  },
  "polygon_utm": [
    [
      [
        621555.9770000082,
        3290976.022899951,
        0.0
      ],
      [
        621549.8034000092,
        3290968.1206999496,
        0.0
      ],
      [
        621542.3950000077,
        3290954.2917999486,
        0.0
      ],
      [
        621534.2637000085,
        3290937.108699949,
        0.0
      ],
      [
        621516.8323000082,
        3290953.23279995,
        0.0
      ],
      [
        621475.6139000095,
        3290993.775499951,
        0.0
      ],
      [
        621440.2516000082,
        3291026.209699948,
        0.0
      ],
      [
        621417.8375000089,
        3291048.62379995,
        0.0
      ],
      [
        621420.7129000088,
        3291057.164899951,
        0.0
      ],
      [
        621425.3225000077,
        3291063.750099949,
        0.0
      ],
      [
        621429.9322000082,
        3291066.7134999516,
        0.0
      ],
      [
        621437.8344000088,
        3291069.0182999508,
        0.0
      ],
      [
        621450.2798000079,
        3291077.8085999507,
        0.0
      ],
      [
        621455.2543000088,
        3291074.4921999555,
        0.0
      ],
      [
        621464.329600008,
        3291069.676799951,
        0.0
      ],
      [
        621470.9971000081,
        3291064.490999951,
        0.0
      ],
      [
        621477.8498000088,
        3291056.526999953,
        0.0
      ],
      [
        621483.591300008,
        3291048.0073999534,
        0.0
      ],
      [
        621488.2215000087,
        3291037.4504999486,
        0.0
      ],
      [
        621490.9996000099,
        3291030.22739995,
        0.0
      ],
      [
        621497.4819000087,
        3291024.300699948,
        0.0
      ],
      [
        621506.5571000074,
        3291018.18879995,
        0.0
      ],
      [
        621517.2992000083,
        3291013.188199952,
        0.0
      ],
      [
        621528.411800008,
        3291006.1501999516,
        0.0
      ],
      [
        621540.4503000075,
        3290998.0009999503,
        0.0
      ],
      [
        621547.8587000094,
        3290990.963099951,
        0.0
      ],
      [
        621555.8227000084,
        3290983.3695999486,
        0.0
      ],
      [
        621562.5885000069,
        3290980.89459995,
        0.0
      ],
      [
        621555.9770000082,
        3290976.022899951,
        0.0
      ]
    ]
  ]
}