{
  "code": "116127716",
  "epsg": 32639,
  "bbox_utm": {
    "minx": 622686.6559000104,
    "miny": 3291765.1969499458,
    "maxx": 622828.3226000085,
    "maxy": 3291906.863649944
  },
  "polygon_utm": [
    [
      [
        622804.1597000074,
        3291841.7704999517,
        0.0
      ],
      [
        622795.8253000084,
        3291835.843799951,
        0.0
      ],
      [
        622787.12050001,
        3291829.9170999504,
        0.0
      ],
      [
        622775.2671000089,
        3291823.24959995,
        0.0
      ],
      [
        622761.7469000083,
        3291818.9897999517,
        0.0
      ],
      [
        622746.1893000085,
        3291814.729999951,
        0.0
      ],
      [
        622742.4852000088,
        3291814.1743999505,
        0.0
      ],
      [
        622728.7797000085,
        3291812.877899953,
        0.0
      ],
      [
        622720.6305000087,
        3291811.3962999494,
        0.0
      ],
      [
        622713.0370000084,
        3291810.8405999523,
        0.0
      ],
      [
        622710.719100009,
        3291810.5922999443,
        0.0
      ],
      [
        622706.8940000102,
        3291833.254399952,
        0.0
      ],
      [
        622733.9934000099,
        3291834.8182999487,
        0.0
      ],
      [
        622757.683800008,
        3291840.3220999525,
        0.0
      ],
      [
        622777.5454000097,
        3291851.8083999506,
        0.0
      ],
      [
        622787.8954000067,
        3291861.468299946,
        0.0
      ],
      [
        622808.0845000087,
        3291846.5538999485,
        0.0
      ],
      [
        622804.1597000074,
        3291841.7704999517,
        0.0
      ]
    ]
  ]
}