{
  "code": "116131791",
  "epsg": 32639,
  "bbox_utm": {
    "minx": 621462.3646300114,
    "miny": 3291310.002679954,
    "maxx": 621633.9564700052,
    "maxy": 3291481.594519948
  },
  "polygon_utm": [
    [
      [
        621586.8268000088,
        3291372.416099948,
        0.0
      ],
      [
        621572.8436000093,
        3291369.173599953,
        0.0
      ],
      [
        621563.7241000094,
        3291365.120499945,
        0.0
      ],
      [
        621554.199200009,
        3291357.4195999503,
        0.0
      ],
      [
        621548.3222000084,
        3291351.5425999523,
        0.0
      ],
      [
        621542.2425000079,
        3291347.894799951,
        0.0
      ],
      [
        621531.0965000079,
        3291342.8283999544,
        0.0
      ],
      [
        621521.7743000081,
        3291338.5725999507,
        0.0
      ],
      [
        621512.9935000092,
        3291334.515799953,
        0.0
      ],
      [
        621502.8455000088,
        3291347.972899952,
        0.0
      ],
      [
        621511.3651000077,
        3291354.8255999507,
        0.0
      ],
      [
        621519.5143000085,
        3291361.6782999504,
        0.0
      ],
      [
        621523.7741000083,
        3291367.049399949,
        0.0
      ],
      [
        621529.3304000066,
        3291375.0133999498,
        0.0
      ],
      [
        621533.5902000095,
        3291384.27379995,
        0.0
      ],
      [
        621537.2944000075,
        3291397.7939999495,
        0.0
      ],
      [
        621541.9246000102,
        3291412.9811999453,
        0.0
      ],
      [
        621548.03650001,
        3291425.5752999512,
        0.0
      ],
      [
        621554.2975000079,
        3291434.311699948,
        0.0
      ],
      [
        621556.0004000091,
        3291436.68789995,
        0.0
      ],
      [
        621561.9271000094,
        3291442.799799949,
        0.0
      ],
      [
        621568.9650000054,
        3291449.837699953,
        0.0
      ],
      [
        621578.8017000069,
        3291457.081399949,
        0.0
      ],
      [
        621582.2954000097,
        3291434.3116999487,
        0.0
      ],
      [
        621584.7695000055,
        3291418.187599951,
        0.0
      ],
      [
        621586.2512000091,
        3291403.3708999516,
        0.0
      ],
      [
        621590.51100001,
        3291383.3682999522,
        0.0
      ],
      [
        621593.4756000078,
        3291375.3350999514,
        0.0
      ],
      [
        621586.8268000088,
        3291372.416099948,
        0.0
      ]
    ]
  ]
}