{
  "code": "116132026",
  "epsg": 32639,
  "bbox_utm": {
    "minx": 621753.6116400101,
    "miny": 3291318.3352399496,
    "maxx": 621895.6322600081,
    "maxy": 3291460.3558599474
  },
  "polygon_utm": [
    [
      [
        621823.5556000079,
        3291418.047599949,
        0.0
      ],
      [
        621837.1325000101,
        3291405.750299949,
        0.0
      ],
      [
        621872.0585000108,
        3291374.1159999524,
        0.0
      ],
      [
        621869.0031000082,
        3291370.19789995,
        0.0
      ],
      [
        621854.9273000088,
        3291349.08419995,
        0.0
      ],
      [
        621847.148500008,
        3291341.490599952,
        0.0
      ],
      [
        621843.4627000074,
        3291338.6238999492,
        0.0
      ],
      [
        621837.1325000098,
        3291344.8275999525,
        0.0
      ],
      [
        621794.1100000063,
        3291386.9901999515,
        0.0
      ],
      [
        621777.1854000076,
        3291403.5765999495,
        0.0
      ],
      [
        621781.886600009,
        3291410.3894999498,
        0.0
      ],
      [
        621790.4077000103,
        3291422.7381999516,
        0.0
      ],
      [
        621796.6844000084,
        3291431.8342999504,
        0.0
      ],
      [
        621798.6815000101,
        3291434.3116999487,
        0.0
      ],
      [
        621803.3213000095,
        3291440.067199948,
        0.0
      ],
      [
        621808.6102000084,
        3291434.3116999487,
        0.0
      ],
      [
        621812.282200008,
        3291430.3156999527,
        0.0
      ],
      [
        621823.5556000079,
        3291418.047599949,
        0.0
      ]
    ]
  ]
}