{
  "code": "116137526",
  "epsg": 32639,
  "bbox_utm": {
    "minx": 624698.3925600083,
    "miny": 3290796.98430995,
    "maxx": 624924.7546400117,
    "maxy": 3291023.346389953
  },
  "polygon_utm": [
    [
      [
        624827.2238000088,
        3290925.72289995,
        0.0
      ],
      [
        624846.855900009,
        3290915.536399948,
        0.0
      ],
      [
        624859.45010001,
        3290908.1280999472,
        0.0
      ],
      [
        624863.8951000088,
        3290904.2386999493,
        0.0
      ],
      [
        624871.4886000085,
        3290896.64509995,
        0.0
      ],
      [
        624881.8603000096,
        3290889.6071999497,
        0.0
      ],
      [
        624887.4418000095,
        3290885.592499948,
        0.0
      ],
      [
        624892.4172000111,
        3290882.0136999507,
        0.0
      ],
      [
        624886.1201000076,
        3290881.2727999506,
        0.0
      ],
      [
        624871.4886000098,
        3290882.013699951,
        0.0
      ],
      [
        624860.561300011,
        3290883.6804999504,
        0.0
      ],
      [
        624854.8253000086,
        3290885.592499948,
        0.0
      ],
      [
        624853.8938000096,
        3290885.902999951,
        0.0
      ],
      [
        624843.7073000083,
        3290892.014899948,
        0.0
      ],
      [
        624832.5948000092,
        3290897.3859999506,
        0.0
      ],
      [
        624824.4456000106,
        3290901.4605999477,
        0.0
      ],
      [
        624816.6669000095,
        3290902.0161999515,
        0.0
      ],
      [
        624808.1473000107,
        3290902.016199951,
        0.0
      ],
      [
        624799.2572000104,
        3290903.4978999468,
        0.0
      ],
      [
        624787.2187000089,
        3290905.164699946,
        0.0
      ],
      [
        624776.4766000112,
        3290904.4238999495,
        0.0
      ],
      [
        624768.6978000118,
        3290904.979499947,
        0.0
      ],
      [
        624759.4374000108,
        3290907.201999947,
        0.0
      ],
      [
        624750.9178000104,
        3290913.4990999503,
        0.0
      ],
      [
        624743.8798000107,
        3290917.3884999496,
        0.0
      ],
      [
        624739.0644000082,
        3290922.5743999504,
        0.0
      ],
      [
        624730.7300000088,
        3290929.427099948,
        0.0
      ],
      [
        624732.9525000086,
        3290933.501699943,
        0.0
      ],
      [
        624739.8052000096,
        3290930.9087999496,
        0.0
      ],
      [
        624749.4361000097,
        3290930.353099947,
        0.0
      ],
      [
        624758.1409000085,
        3290932.5755999484,
        0.0
      ],
      [
        624766.6605000078,
        3290934.6128999502,
        0.0
      ],
      [
        624775.36530001,
        3290937.2057999508,
        0.0
      ],
      [
        624780.9216000108,
        3290939.0578999524,
        0.0
      ],
      [
        624788.1447000089,
        3290939.0578999515,
        0.0
      ],
      [
        624794.6270000093,
        3290937.5762999514,
        0.0
      ],
      [
        624800.9241000107,
        3290936.4649999496,
        0.0
      ],
      [
        624810.184600009,
        3290934.61289995,
        0.0
      ],
      [
        624827.2238000088,
        3290925.72289995,
        0.0
      ]
    ]
  ]
}