{
  "code": "116171436",
  "epsg": 32639,
  "bbox_utm": {
    "minx": 624182.8136100104,
    "miny": 3288535.8375599496,
    "maxx": 624391.7757900086,
    "maxy": 3288744.7997399475
  },
  "polygon_utm": [
    [
      [
        624304.3842000107,
        3288619.4155999464,
        0.0
      ],
      [
        624305.8658000082,
        3288591.449099948,
        0.0
      ],
      [
        624307.6642000102,
        3288578.793599945,
        0.0
      ],
      [
        624309.5264000087,
        3288565.6892999494,
        0.0
      ],
      [
        624301.0347000082,
        3288566.1668999484,
        0.0
      ],
      [
        624300.4948000107,
        3288570.8908999506,
        0.0
      ],
      [
        624299.3729000099,
        3288573.919399948,
        0.0
      ],
      [
        624294.9279000101,
        3288580.17019995,
        0.0
      ],
      [
        624291.5941000099,
        3288587.6710999506,
        0.0
      ],
      [
        624288.1215000093,
        3288596.144399948,
        0.0
      ],
      [
        624286.45460001,
        3288607.951499949,
        0.0
      ],
      [
        624284.7877000098,
        3288619.0639999458,
        0.0
      ],
      [
        624282.9819000104,
        3288625.4536999483,
        0.0
      ],
      [
        624277.98130001,
        3288634.4825999476,
        0.0
      ],
      [
        624273.5363000093,
        3288641.8446999495,
        0.0
      ],
      [
        624269.2302000117,
        3288649.206699947,
        0.0
      ],
      [
        624266.4521000107,
        3288654.346299949,
        0.0
      ],
      [
        624265.3408000102,
        3288658.6523999483,
        0.0
      ],
      [
        624265.0630000104,
        3288665.0420999485,
        0.0
      ],
      [
        624266.4521000106,
        3288669.9037999474,
        0.0
      ],
      [
        624267.4244000092,
        3288677.54369995,
        0.0
      ],
      [
        624269.2624000093,
        3288690.7159999483,
        0.0
      ],
      [
        624269.9247000088,
        3288695.462599953,
        0.0
      ],
      [
        624273.218000011,
        3288714.947999948,
        0.0
      ],
      [
        624283.8472000099,
        3288708.38949995,
        0.0
      ],
      [
        624297.6556000088,
        3288690.7159999483,
        0.0
      ],
      [
        624298.1262000097,
        3288690.1136999507,
        0.0
      ],
      [
        624298.7009000091,
        3288682.6431999523,
        0.0
      ],
      [
        624299.1960000105,
        3288676.206599948,
        0.0
      ],
      [
        624301.7326000094,
        3288673.0815999475,
        0.0
      ],
      [
        624301.9192000102,
        3288670.265099952,
        0.0
      ],
      [
        624303.6433000081,
        3288644.233599949,
        0.0
      ],
      [
        624304.3842000107,
        3288619.4155999464,
        0.0
      ]
    ]
  ]
}