{
  "code": "116140241",
  "epsg": 32639,
  "bbox_utm": {
    "minx": 625876.1711700133,
    "miny": 3290411.628519952,
    "maxx": 626003.549330008,
    "maxy": 3290539.006679947
  },
  "polygon_utm": [
    [
      [
        625971.1731000114,
        3290488.3512999485,
        0.0
      ],
      [
        625972.4696000109,
        3290471.682499947,
        0.0
      ],
      [
        625977.8406000108,
        3290452.050399947,
        0.0
      ],
      [
        625977.0998000114,
        3290447.2349999496,
        0.0
      ],
      [
        625973.6719000096,
        3290437.9796999455,
        0.0
      ],
      [
        625973.395600009,
        3290437.2336999476,
        0.0
      ],
      [
        625960.6162000097,
        3290429.825399951,
        0.0
      ],
      [
        625953.9487000103,
        3290431.8626999487,
        0.0
      ],
      [
        625943.9474000116,
        3290439.641399948,
        0.0
      ],
      [
        625942.8760000097,
        3290441.0238999487,
        0.0
      ],
      [
        625938.2060000101,
        3290447.049799945,
        0.0
      ],
      [
        625928.3899000096,
        3290460.384799949,
        0.0
      ],
      [
        625916.1661000076,
        3290477.238799947,
        0.0
      ],
      [
        625915.9215000097,
        3290476.8311999473,
        0.0
      ],
      [
        625908.177000009,
        3290478.5885999463,
        0.0
      ],
      [
        625902.9912000118,
        3290483.218799948,
        0.0
      ],
      [
        625901.8799000103,
        3290489.145499949,
        0.0
      ],
      [
        625905.3989000104,
        3290496.183399949,
        0.0
      ],
      [
        625910.7699000096,
        3290503.2213999457,
        0.0
      ],
      [
        625917.25220001,
        3290508.7775999466,
        0.0
      ],
      [
        625919.6599000111,
        3290512.4817999494,
        0.0
      ],
      [
        625921.1416000106,
        3290516.371199943,
        0.0
      ],
      [
        625923.9065000102,
        3290520.8097999473,
        0.0
      ],
      [
        625924.2581000115,
        3290520.0844999463,
        0.0
      ],
      [
        625926.2954000097,
        3290516.380299949,
        0.0
      ],
      [
        625932.2221000111,
        3290514.528299948,
        0.0
      ],
      [
        625937.5932000116,
        3290514.157799947,
        0.0
      ],
      [
        625944.2607000114,
        3290514.3429999463,
        0.0
      ],
      [
        625948.7057000105,
        3290515.639499945,
        0.0
      ],
      [
        625953.3359000111,
        3290517.3063999494,
        0.0
      ],
      [
        625957.6529000113,
        3290519.836799947,
        0.0
      ],
      [
        625971.1731000114,
        3290488.3512999485,
        0.0
      ]
    ]
  ]
}