{
  "code": "116130800",
  "epsg": 32639,
  "bbox_utm": {
    "minx": 621944.9960000088,
    "miny": 3291464.501899954,
    "maxx": 622041.9320000083,
    "maxy": 3291561.4378999528
  },
  "polygon_utm": [
    [
      [
        622022.9444000092,
        3291501.689499951,
        0.0
      ],
      [
        622015.8602000086,
        3291496.827799951,
        0.0
      ],
      [
        622005.9978000078,
        3291490.2991999504,
        0.0
      ],
      [
        622000.5805000096,
        3291485.854199949,
        0.0
      ],
      [
        621991.6509000077,
        3291479.983799954,
        0.0
      ],
      [
        621981.49360001,
        3291492.260299951,
        0.0
      ],
      [
        621958.8440000087,
        3291517.158799953,
        0.0
      ],
      [
        621960.3619000084,
        3291517.3756999527,
        0.0
      ],
      [
        621963.5104000082,
        3291521.635499952,
        0.0
      ],
      [
        621967.7702000102,
        3291525.89529995,
        0.0
      ],
      [
        621974.437800009,
        3291537.378199949,
        0.0
      ],
      [
        621978.512300007,
        3291543.304899948,
        0.0
      ],
      [
        621979.5969000082,
        3291545.9559999527,
        0.0
      ],
      [
        621996.0308000052,
        3291535.092899949,
        0.0
      ],
      [
        622028.0840000083,
        3291505.5788999507,
        0.0
      ],
      [
        622022.9444000092,
        3291501.689499951,
        0.0
      ]
    ]
  ]
}