{
  "code": "116142489",
  "epsg": 32639,
  "bbox_utm": {
    "minx": 625278.1459600112,
    "miny": 3290264.33465995,
    "maxx": 625513.8425400093,
    "maxy": 3290500.0312399482
  },
  "polygon_utm": [
    [
      [
        625365.2112000106,
        3290312.944899948,
        0.0
      ],
      [
        625372.7503000097,
        3290336.873399949,
        0.0
      ],
      [
        625375.5721000107,
        3290345.8295999463,
        0.0
      ],
      [
        625384.1311000104,
        3290389.750899948,
        0.0
      ],
      [
        625385.2573000102,
        3290410.022299946,
        0.0
      ],
      [
        625383.7743000085,
        3290425.9115999457,
        0.0
      ],
      [
        625390.9531000108,
        3290430.614999948,
        0.0
      ],
      [
        625403.3621000104,
        3290444.3203999475,
        0.0
      ],
      [
        625417.6232000109,
        3290458.3962999485,
        0.0
      ],
      [
        625427.2540000088,
        3290466.3602999486,
        0.0
      ],
      [
        625431.7155000095,
        3290465.9905999457,
        0.0
      ],
      [
        625432.6251000098,
        3290445.616899949,
        0.0
      ],
      [
        625432.4399000106,
        3290434.5043999483,
        0.0
      ],
      [
        625426.82920001,
        3290404.35929995,
        0.0
      ],
      [
        625425.1829000091,
        3290389.213299951,
        0.0
      ],
      [
        625423.1559000106,
        3290382.3605999476,
        0.0
      ],
      [
        625415.3772000093,
        3290371.248099947,
        0.0
      ],
      [
        625407.5984000092,
        3290362.7284999527,
        0.0
      ],
      [
        625402.7830000106,
        3290354.5792999445,
        0.0
      ],
      [
        625398.9888000112,
        3290336.873399948,
        0.0
      ],
      [
        625397.7823000092,
        3290331.242999951,
        0.0
      ],
      [
        625397.5971000096,
        3290320.6860999498,
        0.0
      ],
      [
        625397.411900011,
        3290315.5002999487,
        0.0
      ],
      [
        625392.9669000093,
        3290310.499599949,
        0.0
      ],
      [
        625387.4107000097,
        3290305.128599947,
        0.0
      ],
      [
        625379.0998000095,
        3290299.6723999484,
        0.0
      ],
      [
        625371.8766000094,
        3290298.00559995,
        0.0
      ],
      [
        625359.3634000105,
        3290298.130699948,
        0.0
      ],
      [
        625365.2112000106,
        3290312.944899948,
        0.0
      ]
    ]
  ]
}