{
  "code": "116143961",
  "epsg": 32639,
  "bbox_utm": {
    "minx": 625049.9500600116,
    "miny": 3290225.9519599495,
    "maxx": 625219.786440009,
    "maxy": 3290395.788339946
  },
  "polygon_utm": [
    [
      [
        625145.4498000094,
        3290292.441899949,
        0.0
      ],
      [
        625141.560400009,
        3290278.5511999526,
        0.0
      ],
      [
        625136.5598000104,
        3290258.363499951,
        0.0
      ],
      [
        625133.7817000103,
        3290250.21429995,
        0.0
      ],
      [
        625118.409400011,
        3290250.2142999484,
        0.0
      ],
      [
        625110.6306000104,
        3290252.8071999466,
        0.0
      ],
      [
        625105.6300000091,
        3290260.5859999466,
        0.0
      ],
      [
        625102.8025000098,
        3290264.0417999486,
        0.0
      ],
      [
        625106.2698000111,
        3290275.483799947,
        0.0
      ],
      [
        625107.1181000093,
        3290294.783399946,
        0.0
      ],
      [
        625108.8148000117,
        3290311.9620999484,
        0.0
      ],
      [
        625111.571900009,
        3290319.8091999507,
        0.0
      ],
      [
        625115.6014000106,
        3290326.807899951,
        0.0
      ],
      [
        625118.6349000109,
        3290336.873399948,
        0.0
      ],
      [
        625120.2673000108,
        3290342.289999947,
        0.0
      ],
      [
        625122.4723000096,
        3290353.7874999493,
        0.0
      ],
      [
        625131.0036000105,
        3290359.8577999473,
        0.0
      ],
      [
        625141.560400009,
        3290368.006999947,
        0.0
      ],
      [
        625149.7096000102,
        3290371.1555999503,
        0.0
      ],
      [
        625158.2292000098,
        3290371.5259999465,
        0.0
      ],
      [
        625163.6003000094,
        3290369.8590999492,
        0.0
      ],
      [
        625166.9340000108,
        3290366.3400999447,
        0.0
      ],
      [
        625159.8961000086,
        3290346.893199952,
        0.0
      ],
      [
        625157.2241000097,
        3290336.8733999487,
        0.0
      ],
      [
        625156.1919000098,
        3290333.002599949,
        0.0
      ],
      [
        625150.8209000106,
        3290310.592299948,
        0.0
      ],
      [
        625148.1463000099,
        3290301.554199951,
        0.0
      ],
      [
        625145.4498000094,
        3290292.441899949,
        0.0
      ]
    ]
  ]
}