{
  "code": "116135481",
  "epsg": 32639,
  "bbox_utm": {
    "minx": 621274.6706000086,
    "miny": 3290972.9506499497,
    "maxx": 621479.548000008,
    "maxy": 3291177.8280499484
  },
  "polygon_utm": [
    [
      [
        621437.8344000088,
        3291069.0182999508,
        0.0
      ],
      [
        621429.9322000082,
        3291066.7134999516,
        0.0
      ],
      [
        621425.3225000077,
        3291063.750099949,
        0.0
      ],
      [
        621420.7129000088,
        3291057.164899951,
        0.0
      ],
      [
        621417.8375000089,
        3291048.62379995,
        0.0
      ],
      [
        621417.5372000079,
        3291047.731799949,
        0.0
      ],
      [
        621414.9956000085,
        3291043.640299951,
        0.0
      ],
      [
        621411.2452000079,
        3291036.556099949,
        0.0
      ],
      [
        621407.5262000101,
        3291029.22079995,
        0.0
      ],
      [
        621405.2480000076,
        3291031.894199953,
        0.0
      ],
      [
        621392.2834000094,
        3291048.7481999486,
        0.0
      ],
      [
        621385.0602000088,
        3291056.5269999523,
        0.0
      ],
      [
        621376.1702000074,
        3291063.1944999513,
        0.0
      ],
      [
        621368.7619000102,
        3291066.3430999503,
        0.0
      ],
      [
        621362.0943000098,
        3291068.195099951,
        0.0
      ],
      [
        621352.4635000082,
        3291068.7507999507,
        0.0
      ],
      [
        621342.2770000071,
        3291068.93599995,
        0.0
      ],
      [
        621332.8314000083,
        3291068.93599995,
        0.0
      ],
      [
        621323.3857000079,
        3291067.824699953,
        0.0
      ],
      [
        621312.458400008,
        3291061.3423999506,
        0.0
      ],
      [
        621303.9388000085,
        3291067.8246999523,
        0.0
      ],
      [
        621311.9028000087,
        3291080.2336999536,
        0.0
      ],
      [
        621315.97740001,
        3291086.9011999504,
        0.0
      ],
      [
        621319.8668000073,
        3291096.71729995,
        0.0
      ],
      [
        621320.1686000093,
        3291097.65619995,
        0.0
      ],
      [
        621335.9667000088,
        3291094.45659995,
        0.0
      ],
      [
        621343.8500000071,
        3291095.3574999496,
        0.0
      ],
      [
        621351.7333000096,
        3291097.609899951,
        0.0
      ],
      [
        621367.4999000087,
        3291107.0698999506,
        0.0
      ],
      [
        621387.4472000075,
        3291121.557899948,
        0.0
      ],
      [
        621389.8757000057,
        3291119.312699952,
        0.0
      ],
      [
        621397.8396000082,
        3291114.8676999486,
        0.0
      ],
      [
        621403.581100008,
        3291110.0522999484,
        0.0
      ],
      [
        621406.9149000078,
        3291105.2368999515,
        0.0
      ],
      [
        621409.5078000096,
        3291099.1249999525,
        0.0
      ],
      [
        621413.0267000089,
        3291093.38349995,
        0.0
      ],
      [
        621416.9161000085,
        3291092.08709995,
        0.0
      ],
      [
        621423.3984000096,
        3291092.4574999535,
        0.0
      ],
      [
        621431.5476000102,
        3291090.0497999494,
        0.0
      ],
      [
        621435.9926000092,
        3291087.642099953,
        0.0
      ],
      [
        621442.8453000095,
        3291083.3822999517,
        0.0
      ],
      [
        621448.5868000049,
        3291078.9372999505,
        0.0
      ],
      [
        621450.2798000079,
        3291077.8085999507,
        0.0
      ],
      [
        621437.8344000088,
        3291069.0182999508,
        0.0
      ]
    ]
  ]
}