{
  "code": "116137584",
  "epsg": 32639,
  "bbox_utm": {
    "minx": 621461.2709400079,
    "miny": 3290739.443489951,
    "maxx": 621757.7948600089,
    "maxy": 3291035.9674099516
  },
  "polygon_utm": [
    [
      [
        621534.5237000079,
        3290923.5470999526,
        0.0
      ],
      [
        621542.1172000078,
        3290922.991499953,
        0.0
      ],
      [
        621545.725200008,
        3290922.9914999506,
        0.0
      ],
      [
        621545.8294000078,
        3290918.1013999525,
        0.0
      ],
      [
        621550.3092000097,
        3290918.41389995,
        0.0
      ],
      [
        621558.2268000094,
        3290919.1431999523,
        0.0
      ],
      [
        621564.5818000077,
        3290919.143199952,
        0.0
      ],
      [
        621570.1033000082,
        3290918.934799954,
        0.0
      ],
      [
        621573.9580000094,
        3290918.726399949,
        0.0
      ],
      [
        621578.2294000091,
        3290917.8929999503,
        0.0
      ],
      [
        621583.6467000092,
        3290916.5386999487,
        0.0
      ],
      [
        621588.5432000094,
        3290915.392699952,
        0.0
      ],
      [
        621594.2731000072,
        3290914.038299951,
        0.0
      ],
      [
        621598.6486000064,
        3290912.3714999487,
        0.0
      ],
      [
        621603.8576000079,
        3290910.8087999513,
        0.0
      ],
      [
        621608.8583000057,
        3290910.1836999506,
        0.0
      ],
      [
        621613.025500011,
        3290909.6627999493,
        0.0
      ],
      [
        621619.1721000085,
        3290908.516799949,
        0.0
      ],
      [
        621624.0685000079,
        3290907.1624999526,
        0.0
      ],
      [
        621627.4023000081,
        3290906.1206999496,
        0.0
      ],
      [
        621631.3611000085,
        3290904.34959995,
        0.0
      ],
      [
        621636.2576000086,
        3290900.807499952,
        0.0
      ],
      [
        621641.4666000078,
        3290896.1193999504,
        0.0
      ],
      [
        621647.8215000075,
        3290888.8267999506,
        0.0
      ],
      [
        621650.7705000092,
        3290885.5924999504,
        0.0
      ],
      [
        621654.2807000084,
        3290881.74259995,
        0.0
      ],
      [
        621661.364900009,
        3290872.9914999506,
        0.0
      ],
      [
        621667.6157000095,
        3290865.594699948,
        0.0
      ],
      [
        621670.636900008,
        3290861.114999949,
        0.0
      ],
      [
        621674.908300011,
        3290857.4686999503,
        0.0
      ],
      [
        621684.0761000093,
        3290851.217899952,
        0.0
      ],
      [
        621687.0974000081,
        3290848.404999948,
        0.0
      ],
      [
        621690.1186000084,
        3290846.7380999518,
        0.0
      ],
      [
        621695.2234000058,
        3290846.2171999468,
        0.0
      ],
      [
        621701.3700000086,
        3290845.9046999495,
        0.0
      ],
      [
        621707.0999000093,
        3290844.9670999544,
        0.0
      ],
      [
        621712.308900008,
        3290842.7792999544,
        0.0
      ],
      [
        621715.4343000087,
        3290840.3831999493,
        0.0
      ],
      [
        621715.3301000093,
        3290839.5496999477,
        0.0
      ],
      [
        621698.8697000094,
        3290839.445499949,
        0.0
      ],
      [
        621690.6395000071,
        3290839.3413999514,
        0.0
      ],
      [
        621684.1803000096,
        3290839.237199953,
        0.0
      ],
      [
        621676.054300009,
        3290841.4249999523,
        0.0
      ],
      [
        621668.345000008,
        3290844.0293999515,
        0.0
      ],
      [
        621661.5733000091,
        3290846.321399949,
        0.0
      ],
      [
        621655.426700009,
        3290849.4467999507,
        0.0
      ],
      [
        621651.4678000099,
        3290852.8846999514,
        0.0
      ],
      [
        621646.5714000097,
        3290856.114299953,
        0.0
      ],
      [
        621641.258200008,
        3290858.5104999505,
        0.0
      ],
      [
        621632.2987000075,
        3290861.948399949,
        0.0
      ],
      [
        621622.6100000099,
        3290865.5946999486,
        0.0
      ],
      [
        621615.7341000084,
        3290868.5116999494,
        0.0
      ],
      [
        621608.7541000056,
        3290872.47059995,
        0.0
      ],
      [
        621598.0236000087,
        3290879.1380999507,
        0.0
      ],
      [
        621588.133700009,
        3290885.5924999504,
        0.0
      ],
      [
        621588.1265000087,
        3290885.5971999513,
        0.0
      ],
      [
        621584.4802000052,
        3290887.7849999536,
        0.0
      ],
      [
        621580.6255000086,
        3290890.1810999466,
        0.0
      ],
      [
        621576.7709000084,
        3290892.264699949,
        0.0
      ],
      [
        621574.0622000094,
        3290892.993999953,
        0.0
      ],
      [
        621570.936800009,
        3290893.7232999546,
        0.0
      ],
      [
        621567.18630001,
        3290893.9315999546,
        0.0
      ],
      [
        621560.4146000085,
        3290893.723299955,
        0.0
      ],
      [
        621556.2474000086,
        3290892.889799954,
        0.0
      ],
      [
        621550.4133000085,
        3290892.2646999503,
        0.0
      ],
      [
        621541.2455000094,
        3290891.952199951,
        0.0
      ],
      [
        621534.369600008,
        3290892.2646999494,
        0.0
      ],
      [
        621528.3272000089,
        3290891.847999951,
        0.0
      ],
      [
        621522.7015000089,
        3290892.1605999507,
        0.0
      ],
      [
        621518.1176000081,
        3290892.8897999525,
        0.0
      ],
      [
        621514.783800008,
        3290893.5148999523,
        0.0
      ],
      [
        621511.4501000084,
        3290894.4524999503,
        0.0
      ],
      [
        621509.4706000091,
        3290895.598499952,
        0.0
      ],
      [
        621507.6996000077,
        3290897.265399949,
        0.0
      ],
      [
        621506.2411000077,
        3290899.86989995,
        0.0
      ],
      [
        621505.5118000086,
        3290903.41199995,
        0.0
      ],
      [
        621505.1993000059,
        3290909.6627999493,
        0.0
      ],
      [
        621504.4505000097,
        3290917.150399949,
        0.0
      ],
      [
        621503.631500008,
        3290925.340799951,
        0.0
      ],
      [
        621505.4306000076,
        3290936.17369995,
        0.0
      ],
      [
        621507.2980000094,
        3290934.659699952,
        0.0
      ],
      [
        621511.7430000093,
        3290925.9548999504,
        0.0
      ],
      [
        621514.3359000096,
        3290919.6577999513,
        0.0
      ],
      [
        621516.7436000089,
        3290916.8795999517,
        0.0
      ],
      [
        621520.0774000087,
        3290915.9535999526,
        0.0
      ],
      [
        621523.4111000078,
        3290917.2500999486,
        0.0
      ],
      [
        621526.1893000086,
        3290920.0281999484,
        0.0
      ],
      [
        621528.5970000094,
        3290923.917599949,
        0.0
      ],
