{
  "code": "116138754",
  "epsg": 32639,
  "bbox_utm": {
    "minx": 625063.608420008,
    "miny": 3290707.629919947,
    "maxx": 625242.0956800113,
    "maxy": 3290886.1171799507
  },
  "polygon_utm": [
    [
      [
        625089.4502000106,
        3290799.42969995,
        0.0
      ],
      [
        625091.3023000101,
        3290806.0972999493,
        0.0
      ],
      [
        625093.524800011,
        3290812.9499999485,
        0.0
      ],
      [
        625096.3029000093,
        3290819.802699948,
        0.0
      ],
      [
        625096.8391000105,
        3290821.9134999486,
        0.0
      ],
      [
        625113.1569000098,
        3290819.061899947,
        0.0
      ],
      [
        625138.3453000098,
        3290814.2463999493,
        0.0
      ],
      [
        625155.0141000089,
        3290812.39429995,
        0.0
      ],
      [
        625167.2379000068,
        3290810.5422999486,
        0.0
      ],
      [
        625175.5723000105,
        3290812.3942999477,
        0.0
      ],
      [
        625182.23980001,
        3290815.3576999474,
        0.0
      ],
      [
        625182.6877000087,
        3290815.7283999464,
        0.0
      ],
      [
        625196.8158000108,
        3290804.653899947,
        0.0
      ],
      [
        625216.5975000109,
        3290789.250099947,
        0.0
      ],
      [
        625216.3182000099,
        3290787.946799949,
        0.0
      ],
      [
        625213.9105000109,
        3290782.390499948,
        0.0
      ],
      [
        625212.6140000089,
        3290777.7602999457,
        0.0
      ],
      [
        625212.4288000099,
        3290774.796999948,
        0.0
      ],
      [
        625207.4282000104,
        3290771.8335999493,
        0.0
      ],
      [
        625193.5375000085,
        3290778.3158999505,
        0.0
      ],
      [
        625177.609600009,
        3290782.390499948,
        0.0
      ],
      [
        625169.6456000102,
        3290785.5390999485,
        0.0
      ],
      [
        625152.4212000103,
        3290789.0579999415,
        0.0
      ],
      [
        625137.9749000093,
        3290789.7988999477,
        0.0
      ],
      [
        625126.6772000086,
        3290791.4657999477,
        0.0
      ],
      [
        625117.6019000097,
        3290791.4657999463,
        0.0
      ],
      [
        625106.3042000087,
        3290791.4657999463,
        0.0
      ],
      [
        625095.5621000103,
        3290791.6509999475,
        0.0
      ],
      [
        625090.1911000103,
        3290793.8734999513,
        0.0
      ],
      [
        625089.1066000084,
        3290794.1598999463,
        0.0
      ],
      [
        625089.4502000106,
        3290799.42969995,
        0.0
      ]
    ]
  ]
}