{
  "code": "116136211",
  "epsg": 32639,
  "bbox_utm": {
    "minx": 621598.0107600085,
    "miny": 3290969.7567599523,
    "maxx": 621715.0356400082,
    "maxy": 3291086.7816399527
  },
  "polygon_utm": [
    [
      [
        621695.0670000095,
        3291021.919999949,
        0.0
      ],
      [
        621690.7078000077,
        3291010.1190999527,
        0.0
      ],
      [
        621684.905700009,
        3291007.559299946,
        0.0
      ],
      [
        621673.6080000079,
        3291001.4473999483,
        0.0
      ],
      [
        621663.0511000085,
        3290995.335499951,
        0.0
      ],
      [
        621657.3096000091,
        3290992.372199948,
        0.0
      ],
      [
        621656.2373000083,
        3290992.3051999537,
        0.0
      ],
      [
        621639.4575000082,
        3291020.42099995,
        0.0
      ],
      [
        621629.5797000086,
        3291037.5424999516,
        0.0
      ],
      [
        621616.3999000073,
        3291051.6460999493,
        0.0
      ],
      [
        621614.7286000084,
        3291053.43449995,
        0.0
      ],
      [
        621616.998600009,
        3291054.3592999517,
        0.0
      ],
      [
        621621.3047000075,
        3291054.0814999486,
        0.0
      ],
      [
        621625.7497000071,
        3291054.359299952,
        0.0
      ],
      [
        621631.0281000092,
        3291056.3039999497,
        0.0
      ],
      [
        621642.5574000098,
        3291059.9155999506,
        0.0
      ],
      [
        621650.336100009,
        3291062.1380999503,
        0.0
      ],
      [
        621655.7535000077,
        3291063.2492999528,
        0.0
      ],
      [
        621659.1617000089,
        3291064.233199951,
        0.0
      ],
      [
        621665.1398000087,
        3291055.6517999517,
        0.0
      ],
      [
        621670.0787000092,
        3291050.0543999537,
        0.0
      ],
      [
        621675.0176000095,
        3291043.469199951,
        0.0
      ],
      [
        621684.5661000082,
        3291039.8473999486,
        0.0
      ],
      [
        621691.4806000094,
        3291039.5180999497,
        0.0
      ],
      [
        621698.3178000083,
        3291035.4671999523,
        0.0
      ],
      [
        621695.0670000095,
        3291021.919999949,
        0.0
      ]
    ]
  ]
}