{
  "code": "116116536",
  "epsg": 32639,
  "bbox_utm": {
    "minx": 622488.4523900074,
    "miny": 3292678.960739948,
    "maxx": 622682.4193100112,
    "maxy": 3292872.927659951
  },
  "polygon_utm": [
    [
      [
        622596.666800008,
        3292714.9168999502,
        0.0
      ],
      [
        622589.7215000091,
        3292720.473199952,
        0.0
      ],
      [
        622581.6649000088,
        3292724.5014999514,
        0.0
      ],
      [
        622576.3865000097,
        3292726.168299949,
        0.0
      ],
      [
        622574.4548000094,
        3292726.0120999496,
        0.0
      ],
      [
        622572.5795000098,
        3292725.465099952,
        0.0
      ],
      [
        622569.5986000104,
        3292742.966799948,
        0.0
      ],
      [
        622567.5714000093,
        3292777.42809995,
        0.0
      ],
      [
        622563.9676000087,
        3292802.4293999486,
        0.0
      ],
      [
        622560.1386000088,
        3292816.8445999473,
        0.0
      ],
      [
        622555.6338000093,
        3292824.9531999486,
        0.0
      ],
      [
        622545.2660000093,
        3292835.9430999504,
        0.0
      ],
      [
        622560.04460001,
        3292845.218099951,
        0.0
      ],
      [
        622561.9517000088,
        3292843.354299947,
        0.0
      ],
      [
        622566.535700008,
        3292839.187099949,
        0.0
      ],
      [
        622571.3279000097,
        3292834.08229995,
        0.0
      ],
      [
        622574.140800009,
        3292831.1652999516,
        0.0
      ],
      [
        622577.4746000094,
        3292828.144099947,
        0.0
      ],
      [
        622579.870700009,
        3292824.8102999483,
        0.0
      ],
      [
        622581.7459000085,
        3292823.3517999533,
        0.0
      ],
      [
        622585.4964000097,
        3292822.1015999517,
        0.0
      ],
      [
        622588.6218000099,
        3292820.538899949,
        0.0
      ],
      [
        622590.28870001,
        3292818.3510999507,
        0.0
      ],
      [
        622594.5601000107,
        3292815.53829995,
        0.0
      ],
      [
        622598.6231000097,
        3292813.1421999484,
        0.0
      ],
      [
        622599.6649000071,
        3292812.2044999455,
        0.0
      ],
      [
        622599.9774000113,
        3292811.162699951,
        0.0
      ],
      [
        622599.560700009,
        3292809.5999999475,
        0.0
      ],
      [
        622598.7273000096,
        3292807.5163999507,
        0.0
      ],
      [
        622597.5813000082,
        3292804.495199949,
        0.0
      ],
      [
        622596.12280001,
        3292800.327999948,
        0.0
      ],
      [
        622596.4353000091,
        3292794.1813999508,
        0.0
      ],
      [
        622596.3311000089,
        3292786.8887999495,
        0.0
      ],
      [
        622597.1646000105,
        3292782.09649995,
        0.0
      ],
      [
        622599.7690000108,
        3292778.55439995,
        0.0
      ],
      [
        622602.7903000102,
        3292776.158299948,
        0.0
      ],
      [
        622607.2700000078,
        3292774.1788999517,
        0.0
      ],
      [
        622610.4996000092,
        3292773.1370999496,
        0.0
      ],
      [
        622613.10410001,
        3292771.3659999515,
        0.0
      ],
      [
        622614.6668000078,
        3292769.9074999494,
        0.0
      ],
      [
        622616.1253000085,
        3292767.5113999457,
        0.0
      ],
      [
        622616.4378000093,
        3292763.8650999456,
        0.0
      ],
      [
        622616.5420000098,
        3292755.8431999483,
        0.0
      ],
      [
        622616.4378000094,
        3292750.84259995,
        0.0
      ],
      [
        622616.8546000089,
        3292747.4045999474,
        0.0
      ],
      [
        622618.5214000084,
        3292745.73779995,
        0.0
      ],
      [
        622622.7928000081,
        3292742.0914999475,
        0.0
      ],
      [
        622624.7722000098,
        3292739.1743999496,
        0.0
      ],
      [
        622625.6057000094,
        3292734.1737999488,
        0.0
      ],
      [
        622625.0848000102,
        3292729.0689999512,
        0.0
      ],
      [
        622623.6262000096,
        3292721.6721999506,
        0.0
      ],
      [
        622622.376100009,
        3292717.0882999497,
        0.0
      ],
      [
        622621.959400008,
        3292714.1712999498,
        0.0
      ],
      [
        622621.8552000095,
        3292710.212399948,
        0.0
      ],
      [
        622618.9382000081,
        3292707.8162999493,
        0.0
      ],
      [
        622616.1253000083,
        3292706.878699947,
        0.0
      ],
      [
        622612.1665000084,
        3292706.670299948,
        0.0
      ],
      [
        622608.2076000096,
        3292708.02459995,
        0.0
      ],
      [
        622603.6237000094,
        3292710.0040999544,
        0.0
      ],
      [
        622600.5661000084,
        3292710.906299947,
        0.0
      ],
      [
        622596.666800008,
        3292714.9168999502,
        0.0
      ]
    ]
  ]
}