{
  "code": "116133524",
  "epsg": 32639,
  "bbox_utm": {
    "minx": 621861.903000008,
    "miny": 3291174.2461499465,
    "maxx": 622074.1801000092,
    "maxy": 3291386.523249948
  },
  "polygon_utm": [
    [
      [
        622043.2196000094,
        3291268.5640999526,
        0.0
      ],
      [
        622040.8582000094,
        3291262.591099947,
        0.0
      ],
      [
        622039.6081000092,
        3291258.5627999497,
        0.0
      ],
      [
        622037.3856000088,
        3291254.673399948,
        0.0
      ],
      [
        622033.496200009,
        3291252.034199951,
        0.0
      ],
      [
        622028.7734000104,
        3291249.9505999503,
        0.0
      ],
      [
        622022.2448000065,
        3291248.0058999485,
        0.0
      ],
      [
        622016.2718000079,
        3291246.4779999526,
        0.0
      ],
      [
        622010.1599000084,
        3291244.2554999497,
        0.0
      ],
      [
        622003.9091000054,
        3291241.4772999478,
        0.0
      ],
      [
        621999.1863000082,
        3291239.1158999526,
        0.0
      ],
      [
        621988.4905000097,
        3291233.5596999484,
        0.0
      ],
      [
        621984.6011000075,
        3291231.6149999495,
        0.0
      ],
      [
        621968.9047000076,
        3291237.1711999485,
        0.0
      ],
      [
        621936.4005000092,
        3291251.2007999476,
        0.0
      ],
      [
        621916.9536000078,
        3291260.2296999455,
        0.0
      ],
      [
        621909.0359000092,
        3291262.729999952,
        0.0
      ],
      [
        621892.2283000081,
        3291267.4527999484,
        0.0
      ],
      [
        621899.1736000094,
        3291271.481099952,
        0.0
      ],
      [
        621901.6739000101,
        3291274.2592999474,
        0.0
      ],
      [
        621904.8687000094,
        3291278.4264999484,
        0.0
      ],
      [
        621906.952300008,
        3291282.8714999487,
        0.0
      ],
      [
        621910.0083000086,
        3291287.316499952,
        0.0
      ],
      [
        621913.4810000077,
        3291291.2058999487,
        0.0
      ],
      [
        621917.7871000097,
        3291296.762099949,
        0.0
      ],
      [
        621923.2044000083,
        3291304.401999948,
        0.0
      ],
      [
        621927.9272000081,
        3291314.40329995,
        0.0
      ],
      [
        621932.9279000085,
        3291326.4880999494,
        0.0
      ],
      [
        621935.8391000095,
        3291329.154399945,
        0.0
      ],
      [
        621939.4026000069,
        3291326.97659995,
        0.0
      ],
      [
        621976.1163000095,
        3291303.1014999514,
        0.0
      ],
      [
        621993.630000008,
        3291292.594899948,
        0.0
      ],
      [
        622034.6074000085,
        3291273.7035999503,
        0.0
      ],
      [
        622043.854800009,
        3291271.1839999496,
        0.0
      ],
      [
        622043.2196000094,
        3291268.5640999526,
        0.0
      ]
    ]
  ]
}