{
  "code": "116131054",
  "epsg": 32639,
  "bbox_utm": {
    "minx": 621853.4247000092,
    "miny": 3291411.930949953,
    "maxx": 622014.6886000074,
    "maxy": 3291573.1948499507
  },
  "polygon_utm": [
    [
      [
        621981.49360001,
        3291492.260299951,
        0.0
      ],
      [
        621991.6509000077,
        3291479.983799954,
        0.0
      ],
      [
        621985.578600008,
        3291475.9917999506,
        0.0
      ],
      [
        621972.1046000095,
        3291468.768699949,
        0.0
      ],
      [
        621961.5477000088,
        3291463.073499949,
        0.0
      ],
      [
        621953.9079000076,
        3291460.017599946,
        0.0
      ],
      [
        621945.9902000094,
        3291459.600899953,
        0.0
      ],
      [
        621939.8783000091,
        3291462.1011999487,
        0.0
      ],
      [
        621932.9330000058,
        3291466.6850999505,
        0.0
      ],
      [
        621920.9870000082,
        3291477.241999952,
        0.0
      ],
      [
        621907.3742000094,
        3291488.6322999503,
        0.0
      ],
      [
        621895.8450000092,
        3291497.9390999507,
        0.0
      ],
      [
        621884.8713000081,
        3291506.134499952,
        0.0
      ],
      [
        621877.0926000089,
        3291512.385299948,
        0.0
      ],
      [
        621876.4624000089,
        3291515.7087999503,
        0.0
      ],
      [
        621877.2032000099,
        3291517.9312999467,
        0.0
      ],
      [
        621880.3517000101,
        3291519.598199952,
        0.0
      ],
      [
        621887.9453000095,
        3291520.8945999513,
        0.0
      ],
      [
        621892.5755000098,
        3291521.4502999503,
        0.0
      ],
      [
        621896.8353000104,
        3291523.6727999523,
        0.0
      ],
      [
        621901.0951000086,
        3291525.1543999505,
        0.0
      ],
      [
        621908.6887000104,
        3291525.524899951,
        0.0
      ],
      [
        621921.2829000093,
        3291524.783999952,
        0.0
      ],
      [
        621933.8771000091,
        3291524.5987999486,
        0.0
      ],
      [
        621943.1375000092,
        3291522.93189995,
        0.0
      ],
      [
        621950.1754000094,
        3291521.2650999534,
        0.0
      ],
      [
        621956.4725000082,
        3291516.8200999494,
        0.0
      ],
      [
        621958.8440000087,
        3291517.158799953,
        0.0
      ],
      [
        621981.49360001,
        3291492.260299951,
        0.0
      ]
    ]
  ]
}