{
  "code": "116131364",
  "epsg": 32639,
  "bbox_utm": {
    "minx": 621680.0379600106,
    "miny": 3291373.03675995,
    "maxx": 621827.6976400081,
    "maxy": 3291520.696439948
  },
  "polygon_utm": [
    [
      [
        621798.6815000101,
        3291434.3116999487,
        0.0
      ],
      [
        621796.6844000084,
        3291431.8342999504,
        0.0
      ],
      [
        621790.4077000103,
        3291422.7381999516,
        0.0
      ],
      [
        621781.886600009,
        3291410.3894999498,
        0.0
      ],
      [
        621777.1854000076,
        3291403.5765999495,
        0.0
      ],
      [
        621770.6676000091,
        3291394.13099995,
        0.0
      ],
      [
        621755.9754000079,
        3291408.18589995,
        0.0
      ],
      [
        621750.7896000094,
        3291415.7794999536,
        0.0
      ],
      [
        621731.3331000087,
        3291432.3749999492,
        0.0
      ],
      [
        621731.5176000085,
        3291434.311699948,
        0.0
      ],
      [
        621731.6400000076,
        3291435.5971999443,
        0.0
      ],
      [
        621721.2683000073,
        3291445.9688999527,
        0.0
      ],
      [
        621714.4156000102,
        3291457.2665999494,
        0.0
      ],
      [
        621707.3777000087,
        3291469.490399947,
        0.0
      ],
      [
        621706.0812000094,
        3291473.750199947,
        0.0
      ],
      [
        621704.4143000091,
        3291477.82479995,
        0.0
      ],
      [
        621706.2664000086,
        3291480.4176999507,
        0.0
      ],
      [
        621710.5262000086,
        3291482.2697999496,
        0.0
      ],
      [
        621718.3050000095,
        3291484.30709995,
        0.0
      ],
      [
        621725.8985000087,
        3291488.1964999516,
        0.0
      ],
      [
        621741.6413000074,
        3291497.456899952,
        0.0
      ],
      [
        621748.6135000081,
        3291499.6021999484,
        0.0
      ],
      [
        621769.9491000089,
        3291476.384099947,
        0.0
      ],
      [
        621803.3213000095,
        3291440.067199948,
        0.0
      ],
      [
        621798.6815000101,
        3291434.3116999487,
        0.0
      ]
    ]
  ]
}