{
  "code": "116176284",
  "epsg": 32639,
  "bbox_utm": {
    "minx": 624630.5826600101,
    "miny": 3288310.1406099494,
    "maxx": 624739.1081400111,
    "maxy": 3288418.6660899506
  },
  "polygon_utm": [
    [
      [
        624676.9319000088,
        3288331.806599948,
        0.0
      ],
      [
        624659.707500008,
        3288348.6605999493,
        0.0
      ],
      [
        624652.4843000106,
        3288358.29149995,
        0.0
      ],
      [
        624648.9654000105,
        3288365.88499995,
        0.0
      ],
      [
        624646.0863000102,
        3288376.095299946,
        0.0
      ],
      [
        624667.4862000085,
        3288385.1466999506,
        0.0
      ],
      [
        624687.4888000103,
        3288394.0367999547,
        0.0
      ],
      [
        624701.3794000095,
        3288397.000099952,
        0.0
      ],
      [
        624723.604500011,
        3288372.9229999487,
        0.0
      ],
      [
        624719.3447000103,
        3288353.4759999486,
        0.0
      ],
      [
        624711.380700009,
        3288343.1043999474,
        0.0
      ],
      [
        624703.6019000091,
        3288338.1036999472,
        0.0
      ],
      [
        624688.60000001,
        3288331.8065999504,
        0.0
      ],
      [
        624676.9319000088,
        3288331.806599948,
        0.0
      ]
    ]
  ]
}