{
  "code": "116163239",
  "epsg": 32639,
  "bbox_utm": {
    "minx": 624215.9367400084,
    "miny": 3289192.2596899485,
    "maxx": 624340.8556600104,
    "maxy": 3289317.1786099505
  },
  "polygon_utm": [
    [
      [
        624319.9754000094,
        3289239.43509995,
        0.0
      ],
      [
        624319.4912000105,
        3289238.9763999474,
        0.0
      ],
      [
        624310.7864000099,
        3289234.160999947,
        0.0
      ],
      [
        624305.7858000104,
        3289226.75259995,
        0.0
      ],
      [
        624305.6606000091,
        3289226.00179995,
        0.0
      ],
      [
        624289.8578000098,
        3289225.8265999495,
        0.0
      ],
      [
        624272.81860001,
        3289222.307599953,
        0.0
      ],
      [
        624255.4090000109,
        3289221.5667999517,
        0.0
      ],
      [
        624254.2629000089,
        3289222.337199953,
        0.0
      ],
      [
        624247.3493000101,
        3289239.4350999515,
        0.0
      ],
      [
        624247.309600011,
        3289239.5331999487,
        0.0
      ],
      [
        624237.9998000064,
        3289256.050599947,
        0.0
      ],
      [
        624234.7202000094,
        3289260.688499949,
        0.0
      ],
      [
        624233.7823000087,
        3289262.0952999494,
        0.0
      ],
      [
        624240.4071000107,
        3289267.4984999485,
        0.0
      ],
      [
        624268.1884000096,
        3289287.8714999473,
        0.0
      ],
      [
        624295.043700009,
        3289267.4984999485,
        0.0
      ],
      [
        624323.0101000101,
        3289242.3101999527,
        0.0
      ],
      [
        624319.9754000094,
        3289239.43509995,
        0.0
      ]
    ]
  ]
}