{
  "code": "116128326",
  "epsg": 32639,
  "bbox_utm": {
    "minx": 621809.7842400073,
    "miny": 3291560.1113399505,
    "maxx": 622154.6634600075,
    "maxy": 3291904.990559951
  },
  "polygon_utm": [
    [
      [
        621864.8005000091,
        3291808.8145999503,
        0.0
      ],
      [
        621865.6064000075,
        3291805.7926999484,
        0.0
      ],
      [
        621866.4122000099,
        3291802.77069995,
        0.0
      ],
      [
        621870.8444000095,
        3291800.1516999532,
        0.0
      ],
      [
        621884.1408000088,
        3291791.891799947,
        0.0
      ],
      [
        621894.6168000078,
        3291784.639199951,
        0.0
      ],
      [
        621899.4519000098,
        3291781.0128999515,
        0.0
      ],
      [
        621903.0782000085,
        3291776.580799953,
        0.0
      ],
      [
        621906.5030000092,
        3291772.954499949,
        0.0
      ],
      [
        621911.136600008,
        3291770.1339999503,
        0.0
      ],
      [
        621917.9863000086,
        3291768.522299952,
        0.0
      ],
      [
        621924.2316000082,
        3291767.514999952,
        0.0
      ],
      [
        621925.3998000105,
        3291766.9912999487,
        0.0
      ],
      [
        621930.0740000076,
        3291764.8959999494,
        0.0
      ],
      [
        621932.894500009,
        3291759.657999951,
        0.0
      ],
      [
        621936.3193000075,
        3291755.225899947,
        0.0
      ],
      [
        621940.3485000087,
        3291751.8009999515,
        0.0
      ],
      [
        621944.1763000103,
        3291752.002499952,
        0.0
      ],
      [
        621951.0260000079,
        3291752.60689995,
        0.0
      ],
      [
        621954.4508000088,
        3291752.60689995,
        0.0
      ],
      [
        621959.2859000082,
        3291750.7936999504,
        0.0
      ],
      [
        621966.538500008,
        3291746.3615999497,
        0.0
      ],
      [
        621978.0218000094,
        3291742.7352999463,
        0.0
      ],
      [
        621983.2598000092,
        3291740.720599948,
        0.0
      ],
      [
        621990.7139000107,
        3291738.9074999504,
        0.0
      ],
      [
        621997.1606000086,
        3291738.90749995,
        0.0
      ],
      [
        622001.9957000084,
        3291738.504599952,
        0.0
      ],
      [
        622005.0176000089,
        3291736.691399952,
        0.0
      ],
      [
        622011.0615000068,
        3291732.057799952,
        0.0
      ],
      [
        622018.112600009,
        3291726.2153999507,
        0.0
      ],
      [
        622024.5594000088,
        3291722.5890999506,
        0.0
      ],
      [
        622031.6105000087,
        3291719.5671999515,
        0.0
      ],
      [
        622042.8924000082,
        3291716.746699951,
        0.0
      ],
      [
        622050.4479000102,
        3291715.482099949,
        0.0
      ],
      [
        622059.8936000098,
        3291714.5097999484,
        0.0
      ],
      [
        622072.3952000095,
        3291714.092999949,
        0.0
      ],
      [
        622078.7849000088,
        3291713.9540999513,
        0.0
      ],
      [
        622085.8691000093,
        3291715.6209999495,
        0.0
      ],
      [
        622092.9533000096,
        3291718.1212999504,
        0.0
      ],
      [
        622094.5865000071,
        3291718.686699952,
        0.0
      ],
      [
        622100.0529000093,
        3291713.3307999503,
        0.0
      ],
      [
        622105.3950000076,
        3291709.76939995,
        0.0
      ],
      [
        622104.6806000073,
        3291707.6261999486,
        0.0
      ],
      [
        622102.643300009,
        3291701.1438999483,
        0.0
      ],
      [
        622098.0131000082,
        3291690.95739995,
        0.0
      ],
      [
        622094.4660000083,
        3291682.005099949,
        0.0
      ],
      [
        622094.1237000095,
        3291681.141299949,
        0.0
      ],
      [
        622090.6048000074,
        3291676.881499952,
        0.0
      ],
      [
        622084.6781000094,
        3291672.251299948,
        0.0
      ],
      [
        622075.232400009,
        3291667.6210999484,
        0.0
      ],
      [
        622058.0080000102,
        3291661.3239999493,
        0.0
      ],
      [
        622041.7097000083,
        3291658.175399949,
        0.0
      ],
      [
        622032.6344000093,
        3291655.76769995,
        0.0
      ],
      [
        622023.2583000084,
        3291654.0545999496,
        0.0
      ],
      [
        622012.4727000082,
        3291652.873999949,
        0.0
      ],
      [
        622005.5528000093,
        3291661.838499949,
        0.0
      ],
      [
        621998.3297000075,
        3291669.0615999503,
        0.0
      ],
      [
        621984.9947000085,
        3291677.7663999484,
        0.0
      ],
      [
        621970.5484000095,
        3291685.7303999485,
        0.0
      ],
      [
        621953.8796000079,
        3291695.175999952,
        0.0
      ],
      [
        621935.7291000108,
        3291704.99209995,
        0.0
      ],
      [
        621924.8018000077,
        3291713.3264999497,
        0.0
      ],
      [
        621915.3562000098,
        3291724.43899995,
        0.0
      ],
      [
        621910.5408000087,
        3291732.0325999507,
        0.0
      ],
      [
        621904.0584000091,
        3291742.4042999498,
        0.0
      ],
      [
        621893.1311000093,
        3291760.1842999524,
        0.0
      ],
      [
        621880.3517000101,
        3291777.0382999484,
        0.0
      ],
      [
        621874.7955000086,
        3291784.4465999487,
        0.0
      ],
      [
        621871.4617000095,
        3291791.114099948,
        0.0
      ],
      [
        621866.8315000107,
        3291793.7070999485,
        0.0
      ],
      [
        621862.3865000076,
        3291797.225999951,
        0.0
      ],
      [
        621859.7936000096,
        3291804.8195999474,
        0.0
      ],
      [
        621859.0527000073,
        3291809.8201999483,
        0.0
      ],
      [
        621862.3865000079,
        3291812.227899952,
        0.0
      ],
      [
        621864.8042000079,
        3291812.127199949,
        0.0
      ],
      [
        621864.8005000091,
        3291808.8145999503,
        0.0
      ]
    ]
  ]
}