{
  "code": "116129844",
  "epsg": 32639,
  "bbox_utm": {
    "minx": 621951.3293200093,
    "miny": 3291481.575319951,
    "maxx": 622119.3543800064,
    "maxy": 3291649.600379948
  },
  "polygon_utm": [
    [
      [
        622084.7578000086,
        3291569.892599948,
        0.0
      ],
      [
        622074.8955000099,
        3291563.0861999528,
        0.0
      ],
      [
        622071.2839000089,
        3291559.613599951,
        0.0
      ],
      [
        622065.5887000096,
        3291551.5569999507,
        0.0
      ],
      [
        622058.6434000086,
        3291542.8058999474,
        0.0
      ],
      [
        622054.0595000111,
        3291536.138299949,
        0.0
      ],
      [
        622049.197800009,
        3291529.05409995,
        0.0
      ],
      [
        622042.8081000098,
        3291520.8585999445,
        0.0
      ],
      [
        622034.7515000098,
        3291511.8296999508,
        0.0
      ],
      [
        622028.0840000083,
        3291505.5788999507,
        0.0
      ],
      [
        621996.0308000052,
        3291535.092899949,
        0.0
      ],
      [
        621979.5969000082,
        3291545.9559999527,
        0.0
      ],
      [
        621980.1792000098,
        3291547.379499951,
        0.0
      ],
      [
        621982.4017000098,
        3291560.158899949,
        0.0
      ],
      [
        621987.0319000082,
        3291571.641799944,
        0.0
      ],
      [
        621993.6995000087,
        3291584.0507999496,
        0.0
      ],
      [
        622000.5522000076,
        3291591.273899952,
        0.0
      ],
      [
        622005.3676000101,
        3291595.348499948,
        0.0
      ],
      [
        622010.9239000079,
        3291603.3124999516,
        0.0
      ],
      [
        622017.2210000086,
        3291613.49899995,
        0.0
      ],
      [
        622019.99910001,
        3291624.055899952,
        0.0
      ],
      [
        622020.1585000094,
        3291625.5967999487,
        0.0
      ],
      [
        622032.1720000095,
        3291618.4494999484,
        0.0
      ],
      [
        622047.7134000098,
        3291606.962399952,
        0.0
      ],
      [
        622060.7209000089,
        3291598.8538999488,
        0.0
      ],
      [
        622075.7555000092,
        3291588.2113999496,
        0.0
      ],
      [
        622083.5262000093,
        3291583.3124999506,
        0.0
      ],
      [
        622088.0872000078,
        3291578.5824999483,
        0.0
      ],
      [
        622091.0868000077,
        3291574.639399949,
        0.0
      ],
      [
        622084.7578000086,
        3291569.892599948,
        0.0
      ]
    ]
  ]
}