{
  "code": "116137854",
  "epsg": 32639,
  "bbox_utm": {
    "minx": 621596.3057800108,
    "miny": 3290762.627679951,
    "maxx": 621808.5613200087,
    "maxy": 3290974.8832199485
  },
  "polygon_utm": [
    [
      [
        621696.1049000086,
        3290881.4711999493,
        0.0
      ],
      [
        621697.8759000092,
        3290884.9090999523,
        0.0
      ],
      [
        621698.4454000087,
        3290885.5924999504,
        0.0
      ],
      [
        621699.9595000079,
        3290887.409399951,
        0.0
      ],
      [
        621702.4598000096,
        3290889.2846999504,
        0.0
      ],
      [
        621706.627000009,
        3290891.368299952,
        0.0
      ],
      [
        621710.7942000095,
        3290891.3682999527,
        0.0
      ],
      [
        621714.7531000082,
        3290891.159899954,
        0.0
      ],
      [
        621720.1704000086,
        3290888.3470999524,
        0.0
      ],
      [
        621723.3693000094,
        3290885.5924999495,
        0.0
      ],
      [
        621723.9209000071,
        3290885.117499953,
        0.0
      ],
      [
        621727.15050001,
        3290882.3045999515,
        0.0
      ],
      [
        621732.8804000075,
        3290876.262199953,
        0.0
      ],
      [
        621752.8655000109,
        3290855.4030999504,
        0.0
      ],
      [
        621778.239100009,
        3290826.140099951,
        0.0
      ],
      [
        621773.7941000051,
        3290826.6956999497,
        0.0
      ],
      [
        621763.2372000106,
        3290827.8069999507,
        0.0
      ],
      [
        621752.1247000099,
        3290830.5850999537,
        0.0
      ],
      [
        621740.2713000097,
        3290834.8448999524,
        0.0
      ],
      [
        621728.6263000079,
        3290839.24359995,
        0.0
      ],
      [
        621718.2084000082,
        3290843.4107999513,
        0.0
      ],
      [
        621711.8187000093,
        3290846.1888999525,
        0.0
      ],
      [
        621702.9286000088,
        3290848.1335999514,
        0.0
      ],
      [
        621695.983300009,
        3290849.105999952,
        0.0
      ],
      [
        621691.5383000076,
        3290850.633899951,
        0.0
      ],
      [
        621685.8431000096,
        3290853.82879995,
        0.0
      ],
      [
        621679.8702000085,
        3290857.4403999513,
        0.0
      ],
      [
        621674.313900008,
        3290861.607599951,
        0.0
      ],
      [
        621665.285000008,
        3290872.581199952,
        0.0
      ],
      [
        621656.8117000106,
        3290882.860299949,
        0.0
      ],
      [
        621654.3671000099,
        3290885.5924999504,
        0.0
      ],
      [
        621647.3660000105,
        3290893.417199949,
        0.0
      ],
      [
        621642.0876000079,
        3290900.3624999523,
        0.0
      ],
      [
        621634.0310000082,
        3290906.196599952,
        0.0
      ],
      [
        621626.6280000104,
        3290909.62389995,
        0.0
      ],
      [
        621629.6381000088,
        3290911.370799949,
        0.0
      ],
      [
        621633.1802000101,
        3290911.370799949,
        0.0
      ],
      [
        621638.7017000078,
        3290910.9540999536,
        0.0
      ],
      [
        621644.327400008,
        3290908.8704999494,
        0.0
      ],
      [
        621649.4323000084,
        3290905.7450999543,
        0.0
      ],
      [
        621655.8914000078,
        3290901.161199951,
        0.0
      ],
      [
        621662.7673000097,
        3290896.8897999492,
        0.0
      ],
      [
        621680.0611000084,
        3290888.972099949,
        0.0
      ],
      [
        621687.2898000095,
        3290885.592499949,
        0.0
      ],
      [
        621696.1049000086,
        3290881.4711999493,
        0.0
      ]
    ]
  ]
}