{
  "code": "116133005",
  "epsg": 32639,
  "bbox_utm": {
    "minx": 621489.4297000091,
    "miny": 3291250.65854995,
    "maxx": 621654.3763000099,
    "maxy": 3291415.6051499513
  },
  "polygon_utm": [
    [
      [
        621617.5498000095,
        3291342.021499948,
        0.0
      ],
      [
        621620.8543000098,
        3291337.1690999493,
        0.0
      ],
      [
        621630.8125000098,
        3291317.6141999504,
        0.0
      ],
      [
        621628.4170000085,
        3291316.1169999517,
        0.0
      ],
      [
        621612.6743000081,
        3291307.226999944,
        0.0
      ],
      [
        621607.1180000057,
        3291305.3748999517,
        0.0
      ],
      [
        621601.0061000086,
        3291306.4861999485,
        0.0
      ],
      [
        621571.5580000083,
        3291290.92859995,
        0.0
      ],
      [
        621568.2242000066,
        3291292.780699949,
        0.0
      ],
      [
        621557.296900009,
        3291304.078399953,
        0.0
      ],
      [
        621550.2590000086,
        3291310.9311999492,
        0.0
      ],
      [
        621536.1831000097,
        3291316.3021999523,
        0.0
      ],
      [
        621526.7375000082,
        3291320.191599952,
        0.0
      ],
      [
        621519.8847000094,
        3291325.377399953,
        0.0
      ],
      [
        621512.9935000092,
        3291334.515799953,
        0.0
      ],
      [
        621521.7743000081,
        3291338.5725999507,
        0.0
      ],
      [
        621531.0965000079,
        3291342.8283999544,
        0.0
      ],
      [
        621542.2425000079,
        3291347.894799951,
        0.0
      ],
      [
        621548.3222000084,
        3291351.5425999523,
        0.0
      ],
      [
        621554.199200009,
        3291357.4195999503,
        0.0
      ],
      [
        621563.7241000094,
        3291365.120499945,
        0.0
      ],
      [
        621572.8436000093,
        3291369.173599953,
        0.0
      ],
      [
        621586.8268000088,
        3291372.416099948,
        0.0
      ],
      [
        621593.4756000078,
        3291375.3350999514,
        0.0
      ],
      [
        621596.2525000089,
        3291367.8107999493,
        0.0
      ],
      [
        621605.6981000076,
        3291352.068099948,
        0.0
      ],
      [
        621609.2171000094,
        3291354.1053999504,
        0.0
      ],
      [
        621608.8925000082,
        3291354.73379995,
        0.0
      ],
      [
        621617.5498000095,
        3291342.021499948,
        0.0
      ]
    ]
  ]
}