{
  "code": "116160825",
  "epsg": 32639,
  "bbox_utm": {
    "minx": 624111.7612500114,
    "miny": 3289383.1417999505,
    "maxx": 624224.6782500071,
    "maxy": 3289496.058799947
  },
  "polygon_utm": [
    [
      [
        624171.8639000101,
        3289456.131899952,
        0.0
      ],
      [
        624177.2349000057,
        3289446.1305999486,
        0.0
      ],
      [
        624181.8651000091,
        3289441.500399948,
        0.0
      ],
      [
        624189.088300009,
        3289436.870199952,
        0.0
      ],
      [
        624196.311400007,
        3289431.4990999503,
        0.0
      ],
      [
        624205.7571000087,
        3289421.497899951,
        0.0
      ],
      [
        624201.1268000082,
        3289417.2380999457,
        0.0
      ],
      [
        624200.8375000104,
        3289417.106499946,
        0.0
      ],
      [
        624199.0895000114,
        3289416.311999952,
        0.0
      ],
      [
        624162.6034000097,
        3289399.2727999506,
        0.0
      ],
      [
        624130.68240001,
        3289474.001099948,
        0.0
      ],
      [
        624134.8804000099,
        3289477.952199947,
        0.0
      ],
      [
        624138.3377000113,
        3289479.9277999476,
        0.0
      ],
      [
        624156.3646000098,
        3289468.07439995,
        0.0
      ],
      [
        624164.2296000092,
        3289464.8313999474,
        0.0
      ],
      [
        624171.8639000101,
        3289456.131899952,
        0.0
      ]
    ]
  ]
}