{
  "code": "116129174",
  "epsg": 32639,
  "bbox_utm": {
    "minx": 621986.6809000082,
    "miny": 3291538.0509499484,
    "maxx": 622167.2235000085,
    "maxy": 3291718.5935499496
  },
  "polygon_utm": [
    [
      [
        622114.8485000089,
        3291652.5877999533,
        0.0
      ],
      [
        622113.5251000058,
        3291651.5644999496,
        0.0
      ],
      [
        622114.3449000083,
        3291650.31949995,
        0.0
      ],
      [
        622116.1507000097,
        3291646.291199952,
        0.0
      ],
      [
        622118.928800009,
        3291640.7349999472,
        0.0
      ],
      [
        622122.4015000081,
        3291634.4841999514,
        0.0
      ],
      [
        622126.7076000088,
        3291627.6776999505,
        0.0
      ],
      [
        622132.541700009,
        3291620.7323999535,
        0.0
      ],
      [
        622137.403400011,
        3291615.731799948,
        0.0
      ],
      [
        622140.5983000093,
        3291613.0925999517,
        0.0
      ],
      [
        622141.4317000085,
        3291611.4256999493,
        0.0
      ],
      [
        622140.7372000099,
        3291610.3143999507,
        0.0
      ],
      [
        622137.4034000093,
        3291608.369699951,
        0.0
      ],
      [
        622124.2073000094,
        3291600.3131999522,
        0.0
      ],
      [
        622116.4285000107,
        3291595.3124999497,
        0.0
      ],
      [
        622111.9835000098,
        3291591.7009999487,
        0.0
      ],
      [
        622105.1771000093,
        3291585.589099952,
        0.0
      ],
      [
        622095.3147000091,
        3291577.810299953,
        0.0
      ],
      [
        622091.0868000077,
        3291574.639399949,
        0.0
      ],
      [
        622088.0872000078,
        3291578.5824999483,
        0.0
      ],
      [
        622083.5262000093,
        3291583.3124999506,
        0.0
      ],
      [
        622075.7555000092,
        3291588.2113999496,
        0.0
      ],
      [
        622060.7209000089,
        3291598.8538999488,
        0.0
      ],
      [
        622047.7134000098,
        3291606.962399952,
        0.0
      ],
      [
        622032.1720000095,
        3291618.4494999484,
        0.0
      ],
      [
        622020.1585000094,
        3291625.5967999487,
        0.0
      ],
      [
        622020.5547000084,
        3291629.426899949,
        0.0
      ],
      [
        622018.702600009,
        3291642.2062999494,
        0.0
      ],
      [
        622013.702000008,
        3291651.281599949,
        0.0
      ],
      [
        622012.4727000082,
        3291652.873999949,
        0.0
      ],
      [
        622023.2583000084,
        3291654.0545999496,
        0.0
      ],
      [
        622032.6344000093,
        3291655.76769995,
        0.0
      ],
      [
        622041.7097000083,
        3291658.175399949,
        0.0
      ],
      [
        622058.0080000102,
        3291661.3239999493,
        0.0
      ],
      [
        622075.232400009,
        3291667.6210999484,
        0.0
      ],
      [
        622084.6781000094,
        3291672.251299948,
        0.0
      ],
      [
        622090.6048000074,
        3291676.881499952,
        0.0
      ],
      [
        622094.1237000095,
        3291681.141299949,
        0.0
      ],
      [
        622094.4660000083,
        3291682.005099949,
        0.0
      ],
      [
        622099.4948000092,
        3291679.8448999533,
        0.0
      ],
      [
        622105.2363000085,
        3291675.2146999515,
        0.0
      ],
      [
        622110.2369000074,
        3291667.065499953,
        0.0
      ],
      [
        622113.3854000077,
        3291660.2126999525,
        0.0
      ],
      [
        622115.1020000087,
        3291652.028599952,
        0.0
      ],
      [
        622114.8485000089,
        3291652.5877999533,
        0.0
      ]
    ]
  ]
}