{
  "code": "116168061",
  "epsg": 32639,
  "bbox_utm": {
    "minx": 622387.5169600084,
    "miny": 3288862.4656599523,
    "maxx": 622531.8222400103,
    "maxy": 3289006.770939954
  },
  "polygon_utm": [
    [
      [
        622493.1897000079,
        3288930.6203999524,
        0.0
      ],
      [
        622470.5959000095,
        3288916.7839999516,
        0.0
      ],
      [
        622469.2978000095,
        3288915.988999951,
        0.0
      ],
      [
        622440.4052000087,
        3288898.2088999487,
        0.0
      ],
      [
        622427.4001000094,
        3288888.469399952,
        0.0
      ],
      [
        622425.7737000075,
        3288891.54139995,
        0.0
      ],
      [
        622423.1808000095,
        3288892.467399951,
        0.0
      ],
      [
        622418.3654000094,
        3288898.7644999493,
        0.0
      ],
      [
        622416.8837000083,
        3288905.617299952,
        0.0
      ],
      [
        622408.7345000071,
        3288918.581899951,
        0.0
      ],
      [
        622408.1320000087,
        3288919.338899948,
        0.0
      ],
      [
        622447.4976000099,
        3288949.5761999493,
        0.0
      ],
      [
        622467.1624000102,
        3288965.396799954,
        0.0
      ],
      [
        622470.5959000108,
        3288968.159099954,
        0.0
      ],
      [
        622486.267700008,
        3288980.7671999545,
        0.0
      ],
      [
        622488.9966000102,
        3288977.944199951,
        0.0
      ],
      [
        622502.3316000099,
        3288960.9049999444,
        0.0
      ],
      [
        622508.6287000099,
        3288947.569999951,
        0.0
      ],
      [
        622511.20720001,
        3288944.0434999536,
        0.0
      ],
      [
        622493.1897000079,
        3288930.6203999524,
        0.0
      ]
    ]
  ]
}