{
  "code": "116133214",
  "epsg": 32639,
  "bbox_utm": {
    "minx": 621680.6361200087,
    "miny": 3291219.1403199523,
    "maxx": 621853.0767800078,
    "maxy": 3291391.580979951
  },
  "polygon_utm": [
    [
      [
        621737.3469000102,
        3291263.22089995,
        0.0
      ],
      [
        621739.0915000087,
        3291266.01239995,
        0.0
      ],
      [
        621735.4877000082,
        3291274.5713999486,
        0.0
      ],
      [
        621715.6669000076,
        3291297.996099948,
        0.0
      ],
      [
        621705.2705000086,
        3291307.7926999526,
        0.0
      ],
      [
        621707.1177000096,
        3291310.4042999526,
        0.0
      ],
      [
        621713.7056000078,
        3291319.7182999495,
        0.0
      ],
      [
        621731.814900005,
        3291349.0223999484,
        0.0
      ],
      [
        621739.3879000084,
        3291358.24169995,
        0.0
      ],
      [
        621749.7287000077,
        3291359.640999952,
        0.0
      ],
      [
        621766.7679000093,
        3291345.009599949,
        0.0
      ],
      [
        621796.9570000098,
        3291325.74789995,
        0.0
      ],
      [
        621805.2913000088,
        3291321.488099952,
        0.0
      ],
      [
        621810.8476000088,
        3291321.1175999483,
        0.0
      ],
      [
        621814.5518000078,
        3291314.079699949,
        0.0
      ],
      [
        621822.7010000102,
        3291305.3748999527,
        0.0
      ],
      [
        621828.0720000075,
        3291300.374299948,
        0.0
      ],
      [
        621828.442400008,
        3291297.4108999507,
        0.0
      ],
      [
        621827.331200009,
        3291293.891999952,
        0.0
      ],
      [
        621823.6270000078,
        3291291.4841999505,
        0.0
      ],
      [
        621812.3293000095,
        3291284.816699951,
        0.0
      ],
      [
        621790.2894000105,
        3291271.1112999497,
        0.0
      ],
      [
        621770.4721000079,
        3291259.6282999525,
        0.0
      ],
      [
        621754.9302000082,
        3291251.080299951,
        0.0
      ],
      [
        621737.3469000102,
        3291263.22089995,
        0.0
      ]
    ]
  ]
}