{
  "code": "116137139",
  "epsg": 32639,
  "bbox_utm": {
    "minx": 621499.126520009,
    "miny": 3290825.051519953,
    "maxx": 621733.2014800087,
    "maxy": 3291059.126479953
  },
  "polygon_utm": [
    [
      [
        621659.9099000097,
        3290966.145199951,
        0.0
      ],
      [
        621656.9466000067,
        3290965.2190999496,
        0.0
      ],
      [
        621665.0958000093,
        3290957.440299951,
        0.0
      ],
      [
        621671.0225000074,
        3290950.2171999486,
        0.0
      ],
      [
        621678.2456000093,
        3290940.7715999493,
        0.0
      ],
      [
        621681.7646000083,
        3290932.622399951,
        0.0
      ],
      [
        621688.9877000102,
        3290920.2133999504,
        0.0
      ],
      [
        621696.2108000093,
        3290909.6564999535,
        0.0
      ],
      [
        621698.6186000069,
        3290904.8410999533,
        0.0
      ],
      [
        621699.7298000086,
        3290899.0995999523,
        0.0
      ],
      [
        621699.7622000087,
        3290898.0302999537,
        0.0
      ],
      [
        621696.5717000093,
        3290903.0047999476,
        0.0
      ],
      [
        621685.9856000097,
        3290906.383399951,
        0.0
      ],
      [
        621674.4985000083,
        3290907.96009995,
        0.0
      ],
      [
        621665.7142000083,
        3290910.8880999535,
        0.0
      ],
      [
        621659.1823000084,
        3290915.6180999507,
        0.0
      ],
      [
        621651.3358000071,
        3290921.3000999526,
        0.0
      ],
      [
        621646.1186000089,
        3290924.1771999537,
        0.0
      ],
      [
        621642.0643000087,
        3290925.5285999533,
        0.0
      ],
      [
        621629.4510000093,
        3290925.753799948,
        0.0
      ],
      [
        621606.7012000085,
        3290926.1600999483,
        0.0
      ],
      [
        621584.8540000085,
        3290931.3846999523,
        0.0
      ],
      [
        621564.6576000091,
        3290936.214599953,
        0.0
      ],
      [
        621557.8255000098,
        3290934.9884999515,
        0.0
      ],
      [
        621550.3468000084,
        3290933.6463999506,
        0.0
      ],
      [
        621544.5883000073,
        3290932.612999951,
        0.0
      ],
      [
        621532.565800009,
        3290933.520599951,
        0.0
      ],
      [
        621534.2637000085,
        3290937.108699949,
        0.0
      ],
      [
        621542.3950000077,
        3290954.2917999486,
        0.0
      ],
      [
        621549.8034000092,
        3290968.1206999496,
        0.0
      ],
      [
        621555.9770000082,
        3290976.022899951,
        0.0
      ],
      [
        621562.5885000069,
        3290980.89459995,
        0.0
      ],
      [
        621565.3609000081,
        3290982.93739995,
        0.0
      ],
      [
        621576.7204000091,
        3290985.900699949,
        0.0
      ],
      [
        621590.055400008,
        3290986.1476999526,
        0.0
      ],
      [
        621607.982100009,
        3290983.971499955,
        0.0
      ],
      [
        621619.5113000091,
        3290982.582399952,
        0.0
      ],
      [
        621629.9293000081,
        3290981.0544999526,
        0.0
      ],
      [
        621637.1524000093,
        3290980.7765999516,
        0.0
      ],
      [
        621644.3756000095,
        3290977.165099952,
        0.0
      ],
      [
        621649.9318000083,
        3290973.414599953,
        0.0
      ],
      [
        621654.6546000077,
        3290970.775399953,
        0.0
      ],
      [
        621660.3498000092,
        3290971.192099949,
        0.0
      ],
      [
        621659.9099000097,
        3290966.145199951,
        0.0
      ]
    ]
  ]
}