{
  "code": "116128461",
  "epsg": 32639,
  "bbox_utm": {
    "minx": 622374.5949000072,
    "miny": 3291691.6917999485,
    "maxx": 622500.0741000093,
    "maxy": 3291817.1709999503
  },
  "polygon_utm": [
    [
      [
        622461.7710000075,
        3291773.6808999507,
        0.0
      ],
      [
        622470.5959000096,
        3291762.048199949,
        0.0
      ],
      [
        622471.4048000085,
        3291760.9818999483,
        0.0
      ],
      [
        622480.7168000082,
        3291748.706999947,
        0.0
      ],
      [
        622473.0554000105,
        3291744.0162999476,
        0.0
      ],
      [
        622470.5959000092,
        3291742.194499949,
        0.0
      ],
      [
        622461.8039000088,
        3291735.6818999494,
        0.0
      ],
      [
        622443.0516000096,
        3291721.513499949,
        0.0
      ],
      [
        622439.0071000082,
        3291717.769999948,
        0.0
      ],
      [
        622435.3326000102,
        3291714.3888999503,
        0.0
      ],
      [
        622432.3254000102,
        3291709.6173999486,
        0.0
      ],
      [
        622427.2853000105,
        3291721.289199945,
        0.0
      ],
      [
        622417.6752000087,
        3291735.4039999484,
        0.0
      ],
      [
        622409.8669000085,
        3291743.212299953,
        0.0
      ],
      [
        622393.9522000083,
        3291754.7632999467,
        0.0
      ],
      [
        622399.993100008,
        3291762.1307999496,
        0.0
      ],
      [
        622423.3482000084,
        3291799.24539995,
        0.0
      ],
      [
        622436.3478000087,
        3291788.181899949,
        0.0
      ],
      [
        622449.4294000093,
        3291781.8006999507,
        0.0
      ],
      [
        622455.1725000087,
        3291783.076899953,
        0.0
      ],
      [
        622455.556800009,
        3291783.4868999505,
        0.0
      ],
      [
        622461.7710000075,
        3291773.6808999507,
        0.0
      ]
    ]
  ]
}