{
  "code": "116161916",
  "epsg": 32639,
  "bbox_utm": {
    "minx": 624105.2997600107,
    "miny": 3289293.932509952,
    "maxx": 624191.6009400085,
    "maxy": 3289380.233689951
  },
  "polygon_utm": [
    [
      [
        624179.2722000089,
        3289327.0413999474,
        0.0
      ],
      [
        624171.6787000091,
        3289321.48519995,
        0.0
      ],
      [
        624146.3051000095,
        3289309.6317999493,
        0.0
      ],
      [
        624134.2665000097,
        3289307.9648999516,
        0.0
      ],
      [
        624124.501400011,
        3289307.9648999516,
        0.0
      ],
      [
        624117.6285000104,
        3289336.556199949,
        0.0
      ],
      [
        624119.0760000106,
        3289336.452799948,
        0.0
      ],
      [
        624125.4965000105,
        3289339.663099952,
        0.0
      ],
      [
        624133.1518000104,
        3289345.3427999504,
        0.0
      ],
      [
        624144.2643000095,
        3289354.726699949,
        0.0
      ],
      [
        624156.7301000085,
        3289366.2012999514,
        0.0
      ],
      [
        624156.4915000094,
        3289365.9352999493,
        0.0
      ],
      [
        624176.1237000106,
        3289339.4503999506,
        0.0
      ],
      [
        624176.6904000094,
        3289337.2166999485,
        0.0
      ],
      [
        624179.2722000089,
        3289327.0413999474,
        0.0
      ]
    ]
  ]
}