{
  "code": "116224691",
  "epsg": 32639,
  "bbox_utm": {
    "minx": 603724.4532200024,
    "miny": 3285052.8177199573,
    "maxx": 604117.8096800044,
    "maxy": 3285446.1741799596
  },
  "polygon_utm": [
    [
      [
        603936.9401000041,
        3285351.39879996,
        0.0
      ],
      [
        603941.4206000044,
        3285347.6974999616,
        0.0
      ],
      [
        603947.0700000055,
        3285341.2688999604,
        0.0
      ],
      [
        603951.3557000043,
        3285333.4766999604,
        0.0
      ],
      [
        603952.015600005,
        3285329.9572999557,
        0.0
      ],
      [
        603952.5246000059,
        3285327.242899959,
        0.0
      ],
      [
        603955.0571000042,
        3285324.3207999603,
        0.0
      ],
      [
        603964.7974000049,
        3285313.022099961,
        0.0
      ],
      [
        603976.6805000039,
        3285299.970099958,
        0.0
      ],
      [
        603986.2260000036,
        3285289.450599956,
        0.0
      ],
      [
        603986.5472000041,
        3285289.1671999567,
        0.0
      ],
      [
        603992.0005000047,
        3285284.355399961,
        0.0
      ],
      [
        603992.8494000053,
        3285283.606399958,
        0.0
      ],
      [
        604001.8105000048,
        3285278.3465999574,
        0.0
      ],
      [
        604018.1742000042,
        3285268.9959999556,
        0.0
      ],
      [
        604029.454700004,
        3285263.1414999585,
        0.0
      ],
      [
        604033.5638000019,
        3285261.00889996,
        0.0
      ],
      [
        604061.615900004,
        3285245.034799958,
        0.0
      ],
      [
        604056.5329000034,
        3285232.383299959,
        0.0
      ],
      [
        604036.6627000051,
        3285192.448099958,
        0.0
      ],
      [
        604019.3250000045,
        3285155.6297999583,
        0.0
      ],
      [
        604006.6446000054,
        3285131.0345999585,
        0.0
      ],
      [
        604006.0074000035,
        3285131.265499956,
        0.0
      ],
      [
        603999.359600004,
        3285135.332099958,
        0.0
      ],
      [
        603990.1550000047,
        3285141.03009996,
        0.0
      ],
      [
        603983.8725000042,
        3285145.4132999596,
        0.0
      ],
      [
        603976.9522000058,
        3285149.4396999595,
        0.0
      ],
      [
        603975.8368000038,
        3285150.088599961,
        0.0
      ],
      [
        603967.0705000056,
        3285153.4489999563,
        0.0
      ],
      [
        603958.1582000048,
        3285156.955499959,
        0.0
      ],
      [
        603942.9633000052,
        3285162.799699956,
        0.0
      ],
      [
        603934.4637000042,
        3285165.1969999606,
        0.0
      ],
      [
        603931.5672000058,
        3285166.01399996,
        0.0
      ],
      [
        603917.395000005,
        3285171.5659999563,
        0.0
      ],
      [
        603905.2684000044,
        3285176.825699956,
        0.0
      ],
      [
        603898.1093000042,
        3285180.1860999567,
        0.0
      ],
      [
        603890.5118000064,
        3285183.4003999545,
        0.0
      ],
      [
        603880.1384000041,
        3285188.367999958,
        0.0
      ],
      [
        603871.8105000036,
        3285194.650499958,
        0.0
      ],
      [
        603864.7975000043,
        3285200.056299956,
        0.0
      ],
      [
        603859.0994000031,
        3285205.169999952,
        0.0
      ],
      [
        603853.1091000054,
        3285210.2835999574,
        0.0
      ],
      [
        603847.1820000049,
        3285215.201899956,
        0.0
      ],
      [
        603846.2422000056,
        3285215.9816999584,
        0.0
      ],
      [
        603839.375300004,
        3285220.6569999587,
        0.0
      ],
      [
        603826.8103000028,
        3285226.793399961,
        0.0
      ],
      [
        603814.9759000042,
        3285231.760999958,
        0.0
      ],
      [
        603804.4563000046,
        3285235.9979999587,
        0.0
      ],
      [
        603789.8459000033,
        3285240.965599959,
        0.0
      ],
      [
        603780.6470000027,
        3285243.631899957,
        0.0
      ],
      [
        603813.6870000034,
        3285329.0478999577,
        0.0
      ],
      [
        603813.5013000034,
        3285331.833099959,
        0.0
      ],
      [
        603818.8878000033,
        3285344.7753999587,
        0.0
      ],
      [
        603821.2254000056,
        3285346.5286999596,
        0.0
      ],
      [
        603826.2904000047,
        3285344.190999961,
        0.0
      ],
      [
        603835.6411000038,
        3285340.4896999616,
        0.0
      ],
      [
        603842.8489000049,
        3285338.931299958,
        0.0
      ],
      [
        603850.2515000048,
        3285337.3727999576,
        0.0
      ],
      [
        603855.3165000039,
        3285337.3727999562,
        0.0
      ],
      [
        603859.602200004,
        3285339.905299958,
        0.0
      ],
      [
        603872.069800004,
        3285347.89229996,
        0.0
      ],
      [
        603880.6412000068,
        3285354.9052999606,
        0.0
      ],
      [
        603887.264600005,
        3285361.9183999607,
        0.0
      ],
      [
        603892.5244000038,
        3285365.6196999564,
        0.0
      ],
      [
        603896.0309000042,
        3285367.567699963,
        0.0
      ],
      [
        603903.6283000056,
        3285367.7624999564,
        0.0
      ],
      [
        603909.8621000041,
        3285367.9572999584,
        0.0
      ],
      [
        603915.0413000041,
        3285366.890999959,
        0.0
      ],
      [
        603916.4855000054,
        3285366.59369996,
        0.0
      ],
      [
        603922.9141000046,
        3285362.8923999574,
        0.0
      ],
      [
        603929.7323000053,
        3285357.437799954,
        0.0
      ],
      [
        603935.5558000045,
        3285352.5585999596,
        0.0
      ],
      [
        603936.9401000041,
        3285351.39879996,
        0.0
      ]
    ]
  ]
}