{
  "code": "116292069",
  "epsg": 32639,
  "bbox_utm": {
    "minx": 633200.1287600126,
    "miny": 3260245.5195599436,
    "maxx": 633671.5811400164,
    "maxy": 3260716.971939947
  },
  "polygon_utm": [
    [
      [
        633278.2946000136,
        3260510.362699943,
        0.0
      ],
      [
        633290.1336000145,
        3260532.234799943,
        0.0
      ],
      [
        633317.8248000122,
        3260577.584199946,
        0.0
      ],
      [
        633331.2691000141,
        3260598.2522999416,
        0.0
      ],
      [
        633351.736500014,
        3260632.3646999467,
        0.0
      ],
      [
        633363.5755000152,
        3260645.2069999496,
        0.0
      ],
      [
        633367.187400015,
        3260649.6215999466,
        0.0
      ],
      [
        633387.8555000145,
        3260640.7924999474,
        0.0
      ],
      [
        633404.9117000154,
        3260630.9600999467,
        0.0
      ],
      [
        633420.7640000149,
        3260623.334899942,
        0.0
      ],
      [
        633430.7970000143,
        3260618.318399942,
        0.0
      ],
      [
        633444.7256000141,
        3260609.257999949,
        0.0
      ],
      [
        633449.9177000152,
        3260605.8718999405,
        0.0
      ],
      [
        633458.0444000136,
        3260598.986699945,
        0.0
      ],
      [
        633469.7831000126,
        3260588.3766999436,
        0.0
      ],
      [
        633490.5515000153,
        3260569.639999941,
        0.0
      ],
      [
        633494.502100015,
        3260565.5765999476,
        0.0
      ],
      [
        633499.9199000135,
        3260560.3844999443,
        0.0
      ],
      [
        633509.852600015,
        3260548.984399943,
        0.0
      ],
      [
        633515.4962000147,
        3260541.9863999495,
        0.0
      ],
      [
        633526.670500012,
        3260530.021899943,
        0.0
      ],
      [
        633532.4270000146,
        3260523.4753999473,
        0.0
      ],
      [
        633539.1993000157,
        3260515.800099949,
        0.0
      ],
      [
        633544.9558000148,
        3260509.592099944,
        0.0
      ],
      [
        633551.5024000136,
        3260498.7563999463,
        0.0
      ],
      [
        633556.6945000134,
        3260491.871299947,
        0.0
      ],
      [
        633561.4351000139,
        3260482.16429994,
        0.0
      ],
      [
        633564.3698000159,
        3260477.084999946,
        0.0
      ],
      [
        633566.4014000138,
        3260469.522599945,
        0.0
      ],
      [
        633570.5777000153,
        3260459.4769999483,
        0.0
      ],
      [
        633572.9480000148,
        3260452.2531999447,
        0.0
      ],
      [
        633576.2213000141,
        3260444.577899945,
        0.0
      ],
      [
        633583.0877000149,
        3260430.9203999443,
        0.0
      ],
      [
        633591.515400013,
        3260413.4628999443,
        0.0
      ],
      [
        633598.4319000146,
        3260399.113799942,
        0.0
      ],
      [
        633572.5609000148,
        3260382.2395999474,
        0.0
      ],
      [
        633530.176300017,
        3260350.753899946,
        0.0
      ],
      [
        633510.4977000155,
        3260333.1944999443,
        0.0
      ],
      [
        633495.3221000154,
        3260312.869899944,
        0.0
      ],
      [
        633480.1597000146,
        3260327.1590999435,
        0.0
      ],
      [
        633455.277700016,
        3260351.8403999424,
        0.0
      ],
      [
        633416.6987000147,
        3260386.688499944,
        0.0
      ],
      [
        633407.5203000151,
        3260393.1765999426,
        0.0
      ],
      [
        633273.2780000144,
        3260502.336299943,
        0.0
      ],
      [
        633278.2946000136,
        3260510.362699943,
        0.0
      ]
    ]
  ]
}