{
  "code": "116228381",
  "epsg": 32639,
  "bbox_utm": {
    "minx": 603833.4006200052,
    "miny": 3284979.1358199567,
    "maxx": 604069.3011800036,
    "maxy": 3285215.0363799557
  },
  "polygon_utm": [
    [
      [
        603906.3659000027,
        3285171.4953999603,
        0.0
      ],
      [
        603913.0179000056,
        3285168.7741999594,
        0.0
      ],
      [
        603921.5382000034,
        3285165.6358999577,
        0.0
      ],
      [
        603926.6809000061,
        3285163.3547999584,
        0.0
      ],
      [
        603937.8115000027,
        3285159.09859996,
        0.0
      ],
      [
        603947.4870000044,
        3285154.865599955,
        0.0
      ],
      [
        603958.3720000049,
        3285150.93489996,
        0.0
      ],
      [
        603966.2503000058,
        3285148.3663999583,
        0.0
      ],
      [
        603967.9939000048,
        3285147.785199962,
        0.0
      ],
      [
        603978.7501000051,
        3285142.5635999604,
        0.0
      ],
      [
        603990.3109000043,
        3285132.8193999575,
        0.0
      ],
      [
        603993.879600004,
        3285128.4699999564,
        0.0
      ],
      [
        603995.5958000061,
        3285126.378399961,
        0.0
      ],
      [
        604001.2111000044,
        3285122.4146999605,
        0.0
      ],
      [
        604005.505100003,
        3285120.267699961,
        0.0
      ],
      [
        604010.6249000047,
        3285117.9554999536,
        0.0
      ],
      [
        604013.7629000053,
        3285116.4690999603,
        0.0
      ],
      [
        604019.8736000035,
        3285115.4781999597,
        0.0
      ],
      [
        604023.507000005,
        3285115.4781999597,
        0.0
      ],
      [
        604027.8010000028,
        3285114.9826999605,
        0.0
      ],
      [
        604032.5905000059,
        3285115.1478999583,
        0.0
      ],
      [
        604035.6011000038,
        3285115.9688999574,
        0.0
      ],
      [
        604031.8268000042,
        3285110.104999954,
        0.0
      ],
      [
        604027.5897000033,
        3285103.0919999527,
        0.0
      ],
      [
        604020.8689000031,
        3285091.841899959,
        0.0
      ],
      [
        604010.3494000036,
        3285076.6470999573,
        0.0
      ],
      [
        603999.8299000058,
        3285062.182699957,
        0.0
      ],
      [
        603988.4338000052,
        3285047.718399959,
        0.0
      ],
      [
        603975.1383000042,
        3285033.1079999614,
        0.0
      ],
      [
        603963.9391000031,
        3285021.7514999527,
        0.0
      ],
      [
        603963.7421000062,
        3285022.0039999587,
        0.0
      ],
      [
        603957.4596000038,
        3285029.163099957,
        0.0
      ],
      [
        603947.086200004,
        3285039.536599951,
        0.0
      ],
      [
        603932.0388000051,
        3285044.9019999597,
        0.0
      ],
      [
        603917.9455000032,
        3285050.847599957,
        0.0
      ],
      [
        603906.0544000042,
        3285056.793099957,
        0.0
      ],
      [
        603897.2565000043,
        3285057.5228999583,
        0.0
      ],
      [
        603895.4716000035,
        3285057.4008999574,
        0.0
      ],
      [
        603869.5340000037,
        3285055.62729996,
        0.0
      ],
      [
        603867.1007000048,
        3285055.323199958,
        0.0
      ],
      [
        603869.1463000061,
        3285073.2600999596,
        0.0
      ],
      [
        603869.2924000032,
        3285075.4515999556,
        0.0
      ],
      [
        603872.4837000039,
        3285079.178599957,
        0.0
      ],
      [
        603875.6006000038,
        3285087.750099959,
        0.0
      ],
      [
        603880.358100004,
        3285111.7537999586,
        0.0
      ],
      [
        603881.3149000007,
        3285116.5813999586,
        0.0
      ],
      [
        603888.8474000059,
        3285143.334699956,
        0.0
      ],
      [
        603897.4163000048,
        3285172.4206999596,
        0.0
      ],
      [
        603906.3659000027,
        3285171.4953999603,
        0.0
      ]
    ]
  ]
}