{
  "code": "116237046",
  "epsg": 32639,
  "bbox_utm": {
    "minx": 602783.0111400043,
    "miny": 3284463.3007899574,
    "maxx": 602925.3229600054,
    "maxy": 3284605.6126099587
  },
  "polygon_utm": [
    [
      [
        602812.1670000049,
        3284567.0239999583,
        0.0
      ],
      [
        602833.2301000054,
        3284564.1600999567,
        0.0
      ],
      [
        602840.3857000056,
        3284563.187199959,
        0.0
      ],
      [
        602887.336100005,
        3284559.1588999587,
        0.0
      ],
      [
        602904.9927000052,
        3284560.352499954,
        0.0
      ],
      [
        602897.4792000036,
        3284539.4982999503,
        0.0
      ],
      [
        602889.4747000036,
        3284524.8089999617,
        0.0
      ],
      [
        602879.1609000028,
        3284512.4115999574,
        0.0
      ],
      [
        602870.5139000015,
        3284503.6604999597,
        0.0
      ],
      [
        602856.0329000035,
        3284501.8893999574,
        0.0
      ],
      [
        602841.6561000046,
        3284505.2231999603,
        0.0
      ],
      [
        602833.2301000052,
        3284509.6712999577,
        0.0
      ],
      [
        602817.3822000043,
        3284518.037299961,
        0.0
      ],
      [
        602810.0896000044,
        3284521.891899958,
        0.0
      ],
      [
        602803.3414000045,
        3284525.1021999596,
        0.0
      ],
      [
        602812.1670000049,
        3284567.0239999583,
        0.0
      ]
    ]
  ]
}