{
  "code": "116249531",
  "epsg": 32639,
  "bbox_utm": {
    "minx": 611614.8231400077,
    "miny": 3281191.9193399604,
    "maxx": 611883.2455600037,
    "maxy": 3281460.3417599564
  },
  "polygon_utm": [
    [
      [
        611814.8784000064,
        3281367.104999953,
        0.0
      ],
      [
        611788.0702000053,
        3281325.9118999564,
        0.0
      ],
      [
        611750.0102000065,
        3281276.2187999585,
        0.0
      ],
      [
        611715.8462000045,
        3281237.9680999583,
        0.0
      ],
      [
        611708.9664000074,
        3281230.26539996,
        0.0
      ],
      [
        611701.7179000027,
        3281233.454699958,
        0.0
      ],
      [
        611690.3457000055,
        3281238.4584999597,
        0.0
      ],
      [
        611673.1820000027,
        3281245.650899955,
        0.0
      ],
      [
        611668.4181000052,
        3281247.6471999553,
        0.0
      ],
      [
        611669.5432000066,
        3281250.031199957,
        0.0
      ],
      [
        611672.6490000067,
        3281262.45449996,
        0.0
      ],
      [
        611676.0818000061,
        3281270.3007999584,
        0.0
      ],
      [
        611679.0241000071,
        3281276.021999954,
        0.0
      ],
      [
        611684.9088000067,
        3281285.175999954,
        0.0
      ],
      [
        611700.6014000082,
        3281304.6282999567,
        0.0
      ],
      [
        611701.717900003,
        3281306.156099954,
        0.0
      ],
      [
        611740.9771000051,
        3281359.879299956,
        0.0
      ],
      [
        611761.2467000076,
        3281387.5046999543,
        0.0
      ],
      [
        611782.4971000059,
        3281417.0917999567,
        0.0
      ],
      [
        611786.2567000061,
        3281421.505299956,
        0.0
      ],
      [
        611788.2183000075,
        3281421.995699957,
        0.0
      ],
      [
        611791.160700005,
        3281421.341899959,
        0.0
      ],
      [
        611795.0838000048,
        3281419.053399956,
        0.0
      ],
      [
        611809.9591000051,
        3281407.6108999564,
        0.0
      ],
      [
        611829.6506000061,
        3281389.803799959,
        0.0
      ],
      [
        611814.8784000064,
        3281367.104999953,
        0.0
      ]
    ]
  ]
}