{
  "code": "116292865",
  "epsg": 32639,
  "bbox_utm": {
    "minx": 633933.9234900137,
    "miny": 3260129.7999999435,
    "maxx": 634264.0140900151,
    "maxy": 3260459.890599945
  },
  "polygon_utm": [
    [
      [
        634084.7779000138,
        3260340.9864999508,
        0.0
      ],
      [
        634097.5501000165,
        3260350.352699946,
        0.0
      ],
      [
        634106.780200015,
        3260356.650799943,
        0.0
      ],
      [
        634139.416900014,
        3260381.893299949,
        0.0
      ],
      [
        634158.1494000158,
        3260396.381699941,
        0.0
      ],
      [
        634180.5914000159,
        3260412.734799945,
        0.0
      ],
      [
        634190.4750000142,
        3260401.5535999453,
        0.0
      ],
      [
        634200.6914000144,
        3260392.634399945,
        0.0
      ],
      [
        634210.0126800141,
        3260397.7235799446,
        0.0
      ],
      [
        634208.0139000135,
        3260394.330899941,
        0.0
      ],
      [
        634183.9171000138,
        3260353.1951999436,
        0.0
      ],
      [
        634141.6839000141,
        3260284.3958999473,
        0.0
      ],
      [
        634092.1279000139,
        3260202.6540999487,
        0.0
      ],
      [
        634075.9629000141,
        3260176.955799944,
        0.0
      ],
      [
        634044.0568000175,
        3260202.339599948,
        0.0
      ],
      [
        634001.823600014,
        3260236.625699947,
        0.0
      ],
      [
        633987.9249000147,
        3260247.3821999477,
        0.0
      ],
      [
        634010.358900015,
        3260273.0385999484,
        0.0
      ],
      [
        634016.3336000142,
        3260279.1365999463,
        0.0
      ],
      [
        634026.8775000145,
        3260289.897899945,
        0.0
      ],
      [
        634060.5960000155,
        3260318.677799943,
        0.0
      ],
      [
        634074.2261000139,
        3260331.2520999396,
        0.0
      ],
      [
        634084.7779000138,
        3260340.9864999508,
        0.0
      ]
    ]
  ]
}