{
  "code": "116393306",
  "epsg": 32639,
  "bbox_utm": {
    "minx": 641946.2182200188,
    "miny": 3242707.121619936,
    "maxx": 642260.0742800205,
    "maxy": 3243020.977679938
  },
  "polygon_utm": [
    [
      [
        642171.6682000167,
        3242826.2350999378,
        0.0
      ],
      [
        642172.3015000189,
        3242824.8630999387,
        0.0
      ],
      [
        642174.0480000195,
        3242820.4967999393,
        0.0
      ],
      [
        642176.6892000204,
        3242815.2326999367,
        0.0
      ],
      [
        642185.5749000194,
        3242798.316199939,
        0.0
      ],
      [
        642186.622800019,
        3242795.3471999383,
        0.0
      ],
      [
        642187.1592000196,
        3242793.0094999396,
        0.0
      ],
      [
        642186.0771000193,
        3242790.1980999396,
        0.0
      ],
      [
        642184.0232000194,
        3242788.56679994,
        0.0
      ],
      [
        642179.3191000205,
        3242786.2146999384,
        0.0
      ],
      [
        642162.0708000201,
        3242779.15859994,
        0.0
      ],
      [
        642140.9865000197,
        3242771.279899937,
        0.0
      ],
      [
        642105.0991000185,
        3242755.638199941,
        0.0
      ],
      [
        642097.9494000198,
        3242751.9581999364,
        0.0
      ],
      [
        642077.2530000188,
        3242793.119899938,
        0.0
      ],
      [
        642066.7739000204,
        3242811.7491999376,
        0.0
      ],
      [
        642039.5285000202,
        3242871.595999938,
        0.0
      ],
      [
        642019.1333000198,
        3242912.682399941,
        0.0
      ],
      [
        642041.2310000196,
        3242929.0423999396,
        0.0
      ],
      [
        642084.9398000197,
        3242958.8349999357,
        0.0
      ],
      [
        642114.76030002,
        3242975.6980999364,
        0.0
      ],
      [
        642114.9083000196,
        3242975.781799937,
        0.0
      ],
      [
        642115.5437000201,
        3242976.1410999377,
        0.0
      ],
      [
        642115.5493000207,
        3242976.1097999373,
        0.0
      ],
      [
        642118.2181000207,
        3242965.136299936,
        0.0
      ],
      [
        642132.8887000203,
        3242926.71319994,
        0.0
      ],
      [
        642156.5829000189,
        3242858.919899938,
        0.0
      ],
      [
        642171.68560002,
        3242826.2442999375,
        0.0
      ],
      [
        642171.6682000167,
        3242826.2350999378,
        0.0
      ]
    ]
  ]
}