{
  "code": "116325840",
  "epsg": 32639,
  "bbox_utm": {
    "minx": 639876.2176600185,
    "miny": 3255342.0774599407,
    "maxx": 639982.7516400162,
    "maxy": 3255448.6114399387
  },
  "polygon_utm": [
    [
      [
        639946.8701000175,
        3255367.560099937,
        0.0
      ],
      [
        639924.7839000172,
        3255365.0597999417,
        0.0
      ],
      [
        639914.6438000184,
        3255363.8096999386,
        0.0
      ],
      [
        639905.6024000194,
        3255362.0928999376,
        0.0
      ],
      [
        639891.4368000182,
        3255419.859699942,
        0.0
      ],
      [
        639912.3914000174,
        3255423.719799936,
        0.0
      ],
      [
        639936.2990000178,
        3255427.2562999423,
        0.0
      ],
      [
        639943.0512000191,
        3255428.5959999417,
        0.0
      ],
      [
        639967.5325000165,
        3255369.191399942,
        0.0
      ],
      [
        639946.8701000175,
        3255367.560099937,
        0.0
      ]
    ]
  ]
}