{
  "code": "116375250",
  "epsg": 32639,
  "bbox_utm": {
    "minx": 638558.9681469642,
    "miny": 3248539.3724399414,
    "maxx": 638933.4930669591,
    "maxy": 3248913.8973599356
  },
  "polygon_utm": [
    [
      [
        638670.9509000168,
        3248656.2172999415,
        0.0
      ],
      [
        638666.1244000194,
        3248667.34519994,
        0.0
      ],
      [
        638666.0764000168,
        3248667.455699943,
        0.0
      ],
      [
        638667.313900019,
        3248668.2102999403,
        0.0
      ],
      [
        638673.9814000186,
        3248676.5446999418,
        0.0
      ],
      [
        638678.241200018,
        3248684.3234999445,
        0.0
      ],
      [
        638685.2791000169,
        3248696.1767999395,
        0.0
      ],
      [
        638694.1692000182,
        3248710.4378999393,
        0.0
      ],
      [
        638702.3183000181,
        3248719.8834999413,
        0.0
      ],
      [
        638704.9113000188,
        3248722.846899941,
        0.0
      ],
      [
        638712.6238000165,
        3248733.4096999383,
        0.0
      ],
      [
        638713.9865000173,
        3248740.071299939,
        0.0
      ],
      [
        638713.6161000174,
        3248744.1458999403,
        0.0
      ],
      [
        638712.3196000186,
        3248748.035299941,
        0.0
      ],
      [
        638712.6900000182,
        3248753.4062999426,
        0.0
      ],
      [
        638714.1717000171,
        3248755.9991999404,
        0.0
      ],
      [
        638718.6167000167,
        3248763.4075999376,
        0.0
      ],
      [
        638721.0244000179,
        3248768.2229999434,
        0.0
      ],
      [
        638715.0977000173,
        3248777.85389994,
        0.0
      ],
      [
        638708.9859000158,
        3248787.2994999415,
        0.0
      ],
      [
        638701.2394000182,
        3248798.441299941,
        0.0
      ],
      [
        638694.1692000196,
        3248806.5611999393,
        0.0
      ],
      [
        638684.369200018,
        3248818.079299944,
        0.0
      ],
      [
        638680.9424000178,
        3248823.8784999424,
        0.0
      ],
      [
        638681.3898000172,
        3248828.7862999435,
        0.0
      ],
      [
        638682.6862000185,
        3248832.3051999407,
        0.0
      ],
      [
        638685.2791000153,
        3248835.6389999436,
        0.0
      ],
      [
        638688.9833000179,
        3248837.6762999417,
        0.0
      ],
      [
        638701.7666000169,
        3248844.834499943,
        0.0
      ],
      [
        638714.6829000186,
        3248852.346999945,
        0.0
      ],
      [
        638719.7280000179,
        3248856.937999943,
        0.0
      ],
      [
        638721.5343000169,
        3248860.3937999364,
        0.0
      ],
      [
        638721.7455000189,
        3248859.994199946,
        0.0
      ],
      [
        638731.2896000181,
        3248841.9348999434,
        0.0
      ],
      [
        638744.2059000183,
        3248821.2424999373,
        0.0
      ],
      [
        638768.5863000168,
        3248774.7427999415,
        0.0
      ],
      [
        638792.2771000162,
        3248728.2865999397,
        0.0
      ],
      [
        638792.8483000182,
        3248727.2068999433,
        0.0
      ],
      [
        638826.3848139065,
        3248663.818970311,
        0.0
      ],
      [
        638785.8729000182,
        3248641.1536999433,
        0.0
      ],
      [
        638781.6348000165,
        3248648.8412999404,
        0.0
      ],
      [
        638751.8871000176,
        3248628.806499934,
        0.0
      ],
      [
        638722.6242000189,
        3248605.2848999426,
        0.0
      ],
      [
        638707.2518000193,
        3248592.87599994,
        0.0
      ],
      [
        638670.9509000168,
        3248656.2172999415,
        0.0
      ]
    ]
  ]
}