{
  "code": "116415774",
  "epsg": 32639,
  "bbox_utm": {
    "minx": 655630.8697400304,
    "miny": 3298263.691739908,
    "maxx": 655851.1398600315,
    "maxy": 3298483.9618599084
  },
  "polygon_utm": [
    [
      [
        655789.1997000299,
        3298356.4993999084,
        0.0
      ],
      [
        655764.7238000298,
        3298342.86289991,
        0.0
      ],
      [
        655735.5463000298,
        3298323.755099906,
        0.0
      ],
      [
        655730.1997000299,
        3298320.0124999047,
        0.0
      ],
      [
        655726.1624000304,
        3298325.730599908,
        0.0
      ],
      [
        655714.8995000297,
        3298331.57049991,
        0.0
      ],
      [
        655705.1721000269,
        3298332.6450999044,
        0.0
      ],
      [
        655695.0473000293,
        3298331.1633999106,
        0.0
      ],
      [
        655679.4898000297,
        3298330.1756999088,
        0.0
      ],
      [
        655668.3773000295,
        3298329.434799906,
        0.0
      ],
      [
        655662.3369000305,
        3298330.9140999066,
        0.0
      ],
      [
        655716.0548000305,
        3298380.542099906,
        0.0
      ],
      [
        655779.2460000291,
        3298427.6410999116,
        0.0
      ],
      [
        655793.7682000285,
        3298406.4465999077,
        0.0
      ],
      [
        655819.6727000313,
        3298373.477199912,
        0.0
      ],
      [
        655789.1997000299,
        3298356.4993999084,
        0.0
      ]
    ]
  ]
}