{
  "code": "116549079",
  "epsg": 32639,
  "bbox_utm": {
    "minx": 672011.3167800481,
    "miny": 3269128.4309798703,
    "maxx": 672325.8262200541,
    "maxy": 3269442.940419877
  },
  "polygon_utm": [
    [
      [
        672123.2073000516,
        3269186.598599876,
        0.0
      ],
      [
        672124.6058000496,
        3269198.7804998746,
        0.0
      ],
      [
        672124.6072000527,
        3269202.2173998756,
        0.0
      ],
      [
        672124.8461000518,
        3269203.88939987,
        0.0
      ],
      [
        672125.8015000522,
        3269206.8751998767,
        0.0
      ],
      [
        672129.026200052,
        3269213.0856998744,
        0.0
      ],
      [
        672130.3399000528,
        3269216.429699872,
        0.0
      ],
      [
        672131.773100052,
        3269219.176699868,
        0.0
      ],
      [
        672132.3702000518,
        3269222.520699875,
        0.0
      ],
      [
        672132.3527000515,
        3269223.2073998693,
        0.0
      ],
      [
        672132.2847000532,
        3269225.865799875,
        0.0
      ],
      [
        672132.1314000505,
        3269231.0003998727,
        0.0
      ],
      [
        672134.7722000518,
        3269257.632499872,
        0.0
      ],
      [
        672135.7502000516,
        3269263.506599874,
        0.0
      ],
      [
        672139.5243000533,
        3269278.5877998723,
        0.0
      ],
      [
        672139.7188000524,
        3269279.5314998706,
        0.0
      ],
      [
        672141.8783000539,
        3269312.916999868,
        0.0
      ],
      [
        672143.596800053,
        3269329.770099874,
        0.0
      ],
      [
        672143.3115000525,
        3269360.530299876,
        0.0
      ],
      [
        672144.7447000518,
        3269365.307599873,
        0.0
      ],
      [
        672194.8369000526,
        3269387.693399871,
        0.0
      ],
      [
        672206.8384000551,
        3269393.0273998696,
        0.0
      ],
      [
        672211.414900054,
        3269396.057799873,
        0.0
      ],
      [
        672213.9357000504,
        3269398.0104998755,
        0.0
      ],
      [
        672211.859400052,
        3269383.463599869,
        0.0
      ],
      [
        672207.7107000534,
        3269359.164199871,
        0.0
      ],
      [
        672204.4403000512,
        3269347.826999873,
        0.0
      ],
      [
        672193.4867000547,
        3269326.8637998733,
        0.0
      ],
      [
        672177.6328000536,
        3269274.116399869,
        0.0
      ],
      [
        672176.8903000499,
        3269270.550399877,
        0.0
      ],
      [
        672165.6313000531,
        3269216.4793998725,
        0.0
      ],
      [
        672164.8387000542,
        3269213.9871998695,
        0.0
      ],
      [
        672156.6098000507,
        3269188.112499873,
        0.0
      ],
      [
        672152.9923000527,
        3269174.570899873,
        0.0
      ],
      [
        672152.7293000526,
        3269173.360899871,
        0.0
      ],
      [
        672123.2073000516,
        3269186.598599876,
        0.0
      ]
    ]
  ]
}