{
  "code": "116627724",
  "epsg": 32639,
  "bbox_utm": {
    "minx": 647522.515420023,
    "miny": 3260691.049619926,
    "maxx": 647747.5925800231,
    "maxy": 3260916.126779927
  },
  "polygon_utm": [
    [
      [
        647681.5574000231,
        3260783.696199925,
        0.0
      ],
      [
        647642.8488000223,
        3260748.1360999295,
        0.0
      ],
      [
        647622.1054000242,
        3260731.837699927,
        0.0
      ],
      [
        647608.5852000237,
        3260734.06019993,
        0.0
      ],
      [
        647572.7741000238,
        3260739.5127999326,
        0.0
      ],
      [
        647569.8254000234,
        3260736.5889999294,
        0.0
      ],
      [
        647559.9434000241,
        3260761.6945999274,
        0.0
      ],
      [
        647554.6693000229,
        3260774.7967999303,
        0.0
      ],
      [
        647566.3576000236,
        3260786.659499926,
        0.0
      ],
      [
        647595.9910000247,
        3260815.9224999305,
        0.0
      ],
      [
        647614.5119000245,
        3260837.9622999323,
        0.0
      ],
      [
        647628.217300024,
        3260853.705099928,
        0.0
      ],
      [
        647639.3298000229,
        3260865.743599923,
        0.0
      ],
      [
        647646.1515000239,
        3260875.338699926,
        0.0
      ],
      [
        647655.6248000235,
        3260867.124099932,
        0.0
      ],
      [
        647679.1463000237,
        3260850.084899929,
        0.0
      ],
      [
        647699.1488000221,
        3260831.1935999333,
        0.0
      ],
      [
        647711.3726000241,
        3260815.6360999304,
        0.0
      ],
      [
        647715.4387000231,
        3260810.503499926,
        0.0
      ],
      [
        647681.5574000231,
        3260783.696199925,
        0.0
      ]
    ]
  ]
}