{
  "code": "116639974",
  "epsg": 32639,
  "bbox_utm": {
    "minx": 659554.3023439067,
    "miny": 3250026.0025838725,
    "maxx": 659724.6285561618,
    "maxy": 3250196.328796128
  },
  "polygon_utm": [
    [
      [
        659638.1185000346,
        3250088.938499905,
        0.0
      ],
      [
        659625.8791000353,
        3250105.517399909,
        0.0
      ],
      [
        659615.5955000366,
        3250119.4468999105,
        0.0
      ],
      [
        659594.3010000361,
        3250147.088799911,
        0.0
      ],
      [
        659592.2895000355,
        3250149.6999999103,
        0.0
      ],
      [
        659594.6416000369,
        3250151.5903999098,
        0.0
      ],
      [
        659623.1225925453,
        3250171.9964800915,
        0.0
      ],
      [
        659659.2365057912,
        3250122.50037833,
        0.0
      ],
      [
        659654.7293405944,
        3250118.93914851,
        0.0
      ],
      [
        659677.010500034,
        3250083.0438999096,
        0.0
      ],
      [
        659686.6414000331,
        3250065.4490999104,
        0.0
      ],
      [
        659674.9732000363,
        3250056.744299905,
        0.0
      ],
      [
        659665.2880000357,
        3250050.3348999093,
        0.0
      ],
      [
        659638.1185000346,
        3250088.938499905,
        0.0
      ]
    ]
  ]
}