{
  "code": "116734631",
  "epsg": 32639,
  "bbox_utm": {
    "minx": 657423.5948521517,
    "miny": 3250265.1062823245,
    "maxx": 657854.5886873283,
    "maxy": 3250696.100117502
  },
  "polygon_utm": [
    [
      [
        657744.9077000348,
        3250508.63709992,
        0.0
      ],
      [
        657721.3481000327,
        3250487.0900999154,
        0.0
      ],
      [
        657647.7623448247,
        3250423.127433963,
        0.0
      ],
      [
        657536.4675000323,
        3250340.053899912,
        0.0
      ],
      [
        657521.1322000324,
        3250329.5609999145,
        0.0
      ],
      [
        657517.4684000331,
        3250341.9772999138,
        0.0
      ],
      [
        657510.3096000324,
        3250362.4663999127,
        0.0
      ],
      [
        657496.4856000325,
        3250404.1851999145,
        0.0
      ],
      [
        657489.5736000316,
        3250421.711999917,
        0.0
      ],
      [
        657485.165400034,
        3250433.3421999137,
        0.0
      ],
      [
        657583.4519968935,
        3250516.020475733,
        0.0
      ],
      [
        657651.4040246183,
        3250573.185733079,
        0.0
      ],
      [
        657714.7660000334,
        3250631.6453999113,
        0.0
      ],
      [
        657760.0883000324,
        3250591.4057999146,
        0.0
      ],
      [
        657793.0181394459,
        3250557.798193443,
        0.0
      ],
      [
        657744.9077000348,
        3250508.63709992,
        0.0
      ]
    ]
  ]
}