{
  "code": "116733351",
  "epsg": 32639,
  "bbox_utm": {
    "minx": 657315.7467769247,
    "miny": 3250474.825293801,
    "maxx": 657644.3177410085,
    "maxy": 3250803.396257884
  },
  "polygon_utm": [
    [
      [
        657591.3063760824,
        3250653.441294354,
        0.0
      ],
      [
        657547.3856324063,
        3250609.694261853,
        0.0
      ],
      [
        657446.7893118054,
        3250521.764002955,
        0.0
      ],
      [
        657368.7581418508,
        3250623.0810199697,
        0.0
      ],
      [
        657421.8998138933,
        3250673.237944015,
        0.0
      ],
      [
        657509.8658426953,
        3250756.457548729,
        0.0
      ],
      [
        657549.0630089865,
        3250717.700632061,
        0.0
      ],
      [
        657591.3063760824,
        3250653.441294354,
        0.0
      ]
    ]
  ]
}