{
  "code": "116734080",
  "epsg": 32639,
  "bbox_utm": {
    "minx": 657675.9137104062,
    "miny": 3250526.9209461734,
    "maxx": 657892.054441295,
    "maxy": 3250743.061677062
  },
  "polygon_utm": [
    [
      [
        657708.052051669,
        3250637.9661823534,
        0.0
      ],
      [
        657783.8707779156,
        3250709.8142312546,
        0.0
      ],
      [
        657786.6370984213,
        3250712.184429792,
        0.0
      ],
      [
        657859.9161000322,
        3250632.8525999095,
        0.0
      ],
      [
        657793.0181394459,
        3250557.798193443,
        0.0
      ],
      [
        657760.0883000324,
        3250591.4057999146,
        0.0
      ],
      [
        657714.7660000334,
        3250631.6453999113,
        0.0
      ],
      [
        657708.052051669,
        3250637.9661823534,
        0.0
      ]
    ]
  ]
}