{
  "code": "116731605",
  "epsg": 32639,
  "bbox_utm": {
    "minx": 659385.0574912328,
    "miny": 3250693.748795174,
    "maxx": 659573.7974882246,
    "maxy": 3250882.488792166
  },
  "polygon_utm": [
    [
      [
        659417.0100979358,
        3250791.6744248406,
        0.0
      ],
      [
        659435.3810513262,
        3250809.2910025916,
        0.0
      ],
      [
        659429.2661000353,
        3250818.5973999104,
        0.0
      ],
      [
        659480.6914138028,
        3250855.525935453,
        0.0
      ],
      [
        659541.8448815217,
        3250793.6902512386,
        0.0
      ],
      [
        659537.752190624,
        3250788.4510934553,
        0.0
      ],
      [
        659473.995276425,
        3250720.7116518873,
        0.0
      ],
      [
        659424.8398591435,
        3250781.162413493,
        0.0
      ],
      [
        659417.0100979358,
        3250791.6744248406,
        0.0
      ]
    ]
  ]
}