{
  "code": "116732079",
  "epsg": 32639,
  "bbox_utm": {
    "minx": 658972.0960000353,
    "miny": 3251004.52064991,
    "maxx": 659197.7648000349,
    "maxy": 3251230.18944991
  },
  "polygon_utm": [
    [
      [
        659147.7464000337,
        3251137.713199909,
        0.0
      ],
      [
        659161.8222000365,
        3251133.5150999133,
        0.0
      ],
      [
        659165.032500034,
        3251099.930599912,
        0.0
      ],
      [
        659165.526400035,
        3251091.0405999124,
        0.0
      ],
      [
        659160.0936000345,
        3251076.7177999113,
        0.0
      ],
      [
        659154.9078000356,
        3251062.3949999097,
        0.0
      ],
      [
        659153.5932000349,
        3251055.821899911,
        0.0
      ],
      [
        659150.0320000334,
        3251057.3911999073,
        0.0
      ],
      [
        659004.3344000352,
        3251121.59689991,
        0.0
      ],
      [
        659047.0559000347,
        3251178.8881999096,
        0.0
      ],
      [
        659098.6043000349,
        3251157.962699913,
        0.0
      ],
      [
        659147.7464000337,
        3251137.713199909,
        0.0
      ]
    ]
  ]
}