{
  "code": "116710574",
  "epsg": 32639,
  "bbox_utm": {
    "minx": 655879.2073400307,
    "miny": 3252546.9927899176,
    "maxx": 656054.0047600297,
    "maxy": 3252721.7902099164
  },
  "polygon_utm": [
    [
      [
        655993.777700032,
        3252668.435599916,
        0.0
      ],
      [
        655996.0489000315,
        3252665.9119999153,
        0.0
      ],
      [
        655996.0393000318,
        3252665.7864999156,
        0.0
      ],
      [
        655995.9228000303,
        3252664.2715999116,
        0.0
      ],
      [
        655979.7714000305,
        3252646.984599912,
        0.0
      ],
      [
        655980.1499000313,
        3252645.59659992,
        0.0
      ],
      [
        655994.2996000315,
        3252632.6184999146,
        0.0
      ],
      [
        655999.9606000319,
        3252627.426199921,
        0.0
      ],
      [
        656013.7145000313,
        3252616.8268999145,
        0.0
      ],
      [
        656029.0337000298,
        3252606.8097999184,
        0.0
      ],
      [
        655998.9221000317,
        3252575.236799917,
        0.0
      ],
      [
        655991.9651000304,
        3252581.0548999147,
        0.0
      ],
      [
        655966.9497000305,
        3252600.673999918,
        0.0
      ],
      [
        655923.2433000329,
        3252634.9521999136,
        0.0
      ],
      [
        655924.1608000302,
        3252636.164699915,
        0.0
      ],
      [
        655925.5067000315,
        3252640.202499915,
        0.0
      ],
      [
        655924.1608000298,
        3252643.2308999156,
        0.0
      ],
      [
        655904.1784000306,
        3252667.206099919,
        0.0
      ],
      [
        655904.9882000306,
        3252667.579899916,
        0.0
      ],
      [
        655906.5024000306,
        3252669.756499918,
        0.0
      ],
      [
        655917.8589000322,
        3252679.788099913,
        0.0
      ],
      [
        655928.8368000311,
        3252686.2233999153,
        0.0
      ],
      [
        655943.6948000307,
        3252688.399999916,
        0.0
      ],
      [
        655951.7389000318,
        3252689.724999916,
        0.0
      ],
      [
        655958.3635000307,
        3252692.469399914,
        0.0
      ],
      [
        655964.7342000307,
        3252693.546199917,
        0.0
      ],
      [
        655968.4089000308,
        3252690.33909992,
        0.0
      ],
      [
        655968.886000032,
        3252690.923599918,
        0.0
      ],
      [
        655993.777700032,
        3252668.435599916,
        0.0
      ]
    ]
  ]
}