{
  "code": "116751630",
  "epsg": 32639,
  "bbox_utm": {
    "minx": 678578.853950062,
    "miny": 3292910.9791998425,
    "maxx": 679086.7424500663,
    "maxy": 3293418.8676998476
  },
  "polygon_utm": [
    [
      [
        678803.4629000628,
        3293010.306799845,
        0.0
      ],
      [
        678777.706800063,
        3293086.0296998443,
        0.0
      ],
      [
        678761.9097000624,
        3293143.894899848,
        0.0
      ],
      [
        678745.7693000659,
        3293203.9923998485,
        0.0
      ],
      [
        678721.2152000639,
        3293291.0478998427,
        0.0
      ],
      [
        678717.4592000637,
        3293305.305299846,
        0.0
      ],
      [
        678751.435600064,
        3293313.8849998433,
        0.0
      ],
      [
        678802.9477000656,
        3293331.570799848,
        0.0
      ],
      [
        678811.7165000653,
        3293330.7440998475,
        0.0
      ],
      [
        678838.2738000621,
        3293340.817499844,
        0.0
      ],
      [
        678847.6605000643,
        3293346.3121998464,
        0.0
      ],
      [
        678861.3970000644,
        3293303.957799848,
        0.0
      ],
      [
        678898.2568000637,
        3293188.11269984,
        0.0
      ],
      [
        678931.9325000653,
        3293082.2747998424,
        0.0
      ],
      [
        678948.1372000644,
        3293031.596799845,
        0.0
      ],
      [
        678911.4666000667,
        3293018.3770998446,
        0.0
      ],
      [
        678824.5519000639,
        3292987.559199844,
        0.0
      ],
      [
        678812.9614000658,
        3292983.5346998433,
        0.0
      ],
      [
        678803.4629000628,
        3293010.306799845,
        0.0
      ]
    ]
  ]
}