{
  "code": "116751171",
  "epsg": 32639,
  "bbox_utm": {
    "minx": 678654.2138600649,
    "miny": 3292947.940759845,
    "maxx": 679239.8061400641,
    "maxy": 3293533.5330398437
  },
  "polygon_utm": [
    [
      [
        678997.1485000656,
        3293446.786299843,
        0.0
      ],
      [
        679005.2187000648,
        3293432.877999844,
        0.0
      ],
      [
        679016.2079000636,
        3293419.999999843,
        0.0
      ],
      [
        679023.9348000651,
        3293408.8389998428,
        0.0
      ],
      [
        679027.4297000649,
        3293402.6831998406,
        0.0
      ],
      [
        679029.9445000653,
        3293396.647799842,
        0.0
      ],
      [
        679033.3787000655,
        3293388.4058998446,
        0.0
      ],
      [
        679037.156200067,
        3293377.5882998435,
        0.0
      ],
      [
        679041.7454000646,
        3293366.073999845,
        0.0
      ],
      [
        679043.5094000668,
        3293357.841999844,
        0.0
      ],
      [
        679045.0547000631,
        3293350.6302998457,
        0.0
      ],
      [
        679047.4586000652,
        3293345.1356998417,
        0.0
      ],
      [
        679048.8323000635,
        3293341.701499844,
        0.0
      ],
      [
        679057.0742000631,
        3293330.3688998404,
        0.0
      ],
      [
        679063.4274000638,
        3293320.066399845,
        0.0
      ],
      [
        679069.7806000651,
        3293307.531799845,
        0.0
      ],
      [
        679071.154200065,
        3293291.906499842,
        0.0
      ],
      [
        679068.9220000617,
        3293276.2810998415,
        0.0
      ],
      [
        679065.4879000653,
        3293264.0898998436,
        0.0
      ],
      [
        679064.1142000651,
        3293248.979699838,
        0.0
      ],
      [
        679038.5299000641,
        3293197.2958998457,
        0.0
      ],
      [
        679021.0157000653,
        3293156.772999847,
        0.0
      ],
      [
        679008.481100066,
        3293128.0978998407,
        0.0
      ],
      [
        678999.8958000662,
        3293114.1895998414,
        0.0
      ],
      [
        678995.2597000655,
        3293101.4832998444,
        0.0
      ],
      [
        678993.3709000658,
        3293089.4637998426,
        0.0
      ],
      [
        678990.6236000644,
        3293055.809199844,
        0.0
      ],
      [
        678986.6743000656,
        3293047.395599844,
        0.0
      ],
      [
        678980.3212000661,
        3293043.7896998436,
        0.0
      ],
      [
        678966.241200066,
        3293038.1233998435,
        0.0
      ],
      [
        678948.1372000644,
        3293031.596799845,
        0.0
      ],
      [
        678931.9325000653,
        3293082.2747998424,
        0.0
      ],
      [
        678898.2568000637,
        3293188.11269984,
        0.0
      ],
      [
        678861.3970000644,
        3293303.957799848,
        0.0
      ],
      [
        678847.6605000643,
        3293346.3121998464,
        0.0
      ],
      [
        678842.612100065,
        3293358.0136998454,
        0.0
      ],
      [
        678832.9965000643,
        3293376.5580998426,
        0.0
      ],
      [
        678822.8658000639,
        3293394.5872998447,
        0.0
      ],
      [
        678828.7038000643,
        3293398.0213998426,
        0.0
      ],
      [
        678826.9867000658,
        3293401.798999843,
        0.0
      ],
      [
        678828.3604000651,
        3293404.031199841,
        0.0
      ],
      [
        678835.5721000638,
        3293406.435099839,
        0.0
      ],
      [
        678838.9730000652,
        3293408.747999843,
        0.0
      ],
      [
        678852.2277000616,
        3293414.161899845,
        0.0
      ],
      [
        678864.4189000662,
        3293419.141399846,
        0.0
      ],
      [
        678888.2862000657,
        3293426.1813998404,
        0.0
      ],
      [
        678914.3856000634,
        3293434.0798998433,
        0.0
      ],
      [
        678928.7949000621,
        3293437.9958998435,
        0.0
      ],
      [
        678936.5359000645,
        3293438.7159998454,
        0.0
      ],
      [
        678951.3027000636,
        3293440.0896998444,
        0.0
      ],
      [
        678957.6558000627,
        3293439.9179998413,
        0.0
      ],
      [
        678964.6958000663,
        3293440.9481998435,
        0.0
      ],
      [
        678970.1904000642,
        3293442.4935998404,
        0.0
      ],
      [
        678976.8870000646,
        3293444.7257998437,
        0.0
      ],
      [
        678982.3816000676,
        3293446.9579998413,
        0.0
      ],
      [
        678988.9065000623,
        3293449.3618998444,
        0.0
      ],
      [
        678994.7446000649,
        3293449.8769998443,
        0.0
      ],
      [
        678997.1485000656,
        3293446.786299843,
        0.0
      ]
    ]
  ]
}