{
  "code": "116716239",
  "epsg": 32639,
  "bbox_utm": {
    "minx": 656270.7147800314,
    "miny": 3252123.9641299113,
    "maxx": 656385.1747200334,
    "maxy": 3252238.4240699126
  },
  "polygon_utm": [
    [
      [
        656368.8233000331,
        3252168.5360999145,
        0.0
      ],
      [
        656363.7524000315,
        3252163.920299913,
        0.0
      ],
      [
        656336.9462000327,
        3252141.4532999117,
        0.0
      ],
      [
        656294.086900033,
        3252189.8175999196,
        0.0
      ],
      [
        656287.162900031,
        3252199.067999919,
        0.0
      ],
      [
        656287.0662000318,
        3252199.1971999174,
        0.0
      ],
      [
        656288.0038000315,
        3252198.6143999156,
        0.0
      ],
      [
        656291.1583000324,
        3252198.1095999167,
        0.0
      ],
      [
        656295.3224000314,
        3252198.109599916,
        0.0
      ],
      [
        656297.8460000308,
        3252198.1095999153,
        0.0
      ],
      [
        656301.1268000305,
        3252200.254799917,
        0.0
      ],
      [
        656317.1520000307,
        3252216.658499915,
        0.0
      ],
      [
        656315.8181000324,
        3252218.525899916,
        0.0
      ],
      [
        656317.4439000322,
        3252220.934899912,
        0.0
      ],
      [
        656336.2922000325,
        3252201.258299917,
        0.0
      ],
      [
        656342.1032000306,
        3252195.413099918,
        0.0
      ],
      [
        656368.8233000331,
        3252168.5360999145,
        0.0
      ]
    ]
  ]
}