{
  "code": "116851914",
  "epsg": 32639,
  "bbox_utm": {
    "minx": 629208.081610007,
    "miny": 3236495.320259946,
    "maxx": 629456.2241900156,
    "maxy": 3236743.462839955
  },
  "polygon_utm": [
    [
      [
        629365.6757000118,
        3236698.753499951,
        0.0
      ],
      [
        629376.7882000129,
        3236684.4923999496,
        0.0
      ],
      [
        629390.3084000131,
        3236666.7123999475,
        0.0
      ],
      [
        629393.6385000149,
        3236661.4793999493,
        0.0
      ],
      [
        629396.7907000117,
        3236656.5258999504,
        0.0
      ],
      [
        629398.4576000124,
        3236646.3393999506,
        0.0
      ],
      [
        629399.568900013,
        3236638.004999955,
        0.0
      ],
      [
        629403.0878000124,
        3236625.7812999524,
        0.0
      ],
      [
        629409.0145000119,
        3236610.4088999503,
        0.0
      ],
      [
        629415.682000011,
        3236590.221199952,
        0.0
      ],
      [
        629405.8660000118,
        3236585.0353999506,
        0.0
      ],
      [
        629380.3072000114,
        3236566.3292999514,
        0.0
      ],
      [
        629366.4442000118,
        3236556.1052999543,
        0.0
      ],
      [
        629350.6738000114,
        3236544.4745999547,
        0.0
      ],
      [
        629331.7825000128,
        3236530.7691999474,
        0.0
      ],
      [
        629326.4114000128,
        3236543.363399951,
        0.0
      ],
      [
        629310.2983000128,
        3236558.365299952,
        0.0
      ],
      [
        629284.0617000115,
        3236582.941299948,
        0.0
      ],
      [
        629281.035300011,
        3236585.776199947,
        0.0
      ],
      [
        629273.3903000136,
        3236593.4211999485,
        0.0
      ],
      [
        629269.6061000121,
        3236597.20529995,
        0.0
      ],
      [
        629265.107400012,
        3236601.7040999513,
        0.0
      ],
      [
        629254.180000011,
        3236642.63529995,
        0.0
      ],
      [
        629248.6238000117,
        3236665.601099947,
        0.0
      ],
      [
        629268.8115000108,
        3236681.158699952,
        0.0
      ],
      [
        629272.7009000115,
        3236684.307199953,
        0.0
      ],
      [
        629283.0726000124,
        3236670.7869999516,
        0.0
      ],
      [
        629320.4848000114,
        3236696.3457999527,
        0.0
      ],
      [
        629329.9304000133,
        3236701.1611999506,
        0.0
      ],
      [
        629337.1535000118,
        3236704.6801999514,
        0.0
      ],
      [
        629348.2661000135,
        3236708.0138999526,
        0.0
      ],
      [
        629355.1188000123,
        3236708.0138999536,
        0.0
      ],
      [
        629365.6757000118,
        3236698.753499951,
        0.0
      ]
    ]
  ]
}