{
  "code": "116850180",
  "epsg": 32639,
  "bbox_utm": {
    "minx": 634317.0157900163,
    "miny": 3236669.097539948,
    "maxx": 634446.7486100133,
    "maxy": 3236798.8303599446
  },
  "polygon_utm": [
    [
      [
        634382.3673000147,
        3236687.6307999473,
        0.0
      ],
      [
        634376.6835000152,
        3236690.7197999475,
        0.0
      ],
      [
        634371.1302000117,
        3236693.319199945,
        0.0
      ],
      [
        634367.9787000151,
        3236694.794399946,
        0.0
      ],
      [
        634357.2366000141,
        3236697.942999948,
        0.0
      ],
      [
        634348.1723000149,
        3236701.269699947,
        0.0
      ],
      [
        634353.8126000147,
        3236710.157399948,
        0.0
      ],
      [
        634358.0724000158,
        3236717.3804999487,
        0.0
      ],
      [
        634362.517400015,
        3236725.3444999494,
        0.0
      ],
      [
        634363.9990000151,
        3236731.0859999494,
        0.0
      ],
      [
        634365.480700015,
        3236739.2351999455,
        0.0
      ],
      [
        634369.1849000145,
        3236747.5694999467,
        0.0
      ],
      [
        634374.1855000138,
        3236762.5714999493,
        0.0
      ],
      [
        634381.2087000153,
        3236778.2079999484,
        0.0
      ],
      [
        634383.1594000147,
        3236780.297099945,
        0.0
      ],
      [
        634385.9600000146,
        3236779.947099948,
        0.0
      ],
      [
        634392.2616000143,
        3236778.5466999453,
        0.0
      ],
      [
        634403.4643000141,
        3236772.070099948,
        0.0
      ],
      [
        634415.5921000147,
        3236762.895099946,
        0.0
      ],
      [
        634382.3673000147,
        3236687.6307999473,
        0.0
      ]
    ]
  ]
}