{
  "code": "118061784",
  "epsg": 32639,
  "bbox_utm": {
    "minx": 694070.7682401027,
    "miny": 3244376.256439786,
    "maxx": 694360.1241601041,
    "maxy": 3244665.612359787
  },
  "polygon_utm": [
    [
      [
        694318.7876001039,
        3244578.788199787,
        0.0
      ],
      [
        694315.0801001032,
        3244573.9875997864,
        0.0
      ],
      [
        694293.8191001031,
        3244585.3268997865,
        0.0
      ],
      [
        694274.0426001033,
        3244561.268999785,
        0.0
      ],
      [
        694287.1470001035,
        3244549.7898997846,
        0.0
      ],
      [
        694269.8682001042,
        3244529.240099787,
        0.0
      ],
      [
        694235.0478001032,
        3244491.0990997865,
        0.0
      ],
      [
        694207.6245001033,
        3244461.5240997863,
        0.0
      ],
      [
        694195.601000103,
        3244449.340599787,
        0.0
      ],
      [
        694175.3400001028,
        3244425.390599787,
        0.0
      ],
      [
        694170.2738001028,
        3244427.4009997863,
        0.0
      ],
      [
        694160.6198001035,
        3244430.721999786,
        0.0
      ],
      [
        694151.9322001024,
        3244432.5250997846,
        0.0
      ],
      [
        694143.0807001026,
        3244433.344699785,
        0.0
      ],
      [
        694136.8518001046,
        3244434.6559997858,
        0.0
      ],
      [
        694131.6065001026,
        3244436.459099788,
        0.0
      ],
      [
        694112.1048001029,
        3244447.243399787,
        0.0
      ],
      [
        694151.8691001027,
        3244491.287399788,
        0.0
      ],
      [
        694198.4390001034,
        3244539.293299786,
        0.0
      ],
      [
        694236.3924001036,
        3244580.3239997854,
        0.0
      ],
      [
        694269.411800103,
        3244616.4781997865,
        0.0
      ],
      [
        694277.6292001038,
        3244610.338399787,
        0.0
      ],
      [
        694318.7876001039,
        3244578.788199787,
        0.0
      ]
    ]
  ]
}