{
  "code": "118061294",
  "epsg": 32639,
  "bbox_utm": {
    "minx": 692731.3766800981,
    "miny": 3243926.0029297904,
    "maxx": 693301.2335201012,
    "maxy": 3244495.8597697928
  },
  "polygon_utm": [
    [
      [
        693207.7357001004,
        3244353.8225997924,
        0.0
      ],
      [
        693205.8980001004,
        3244349.687799792,
        0.0
      ],
      [
        693206.7482001004,
        3244346.969999793,
        0.0
      ],
      [
        693207.8152001003,
        3244344.41609979,
        0.0
      ],
      [
        693183.6423001022,
        3244324.247299793,
        0.0
      ],
      [
        693148.5188000997,
        3244297.458199791,
        0.0
      ],
      [
        693085.8620001001,
        3244249.237699793,
        0.0
      ],
      [
        693026.3307001006,
        3244204.142699792,
        0.0
      ],
      [
        692981.086800099,
        3244169.6144997915,
        0.0
      ],
      [
        692918.5789000998,
        3244121.096499794,
        0.0
      ],
      [
        692879.1393000993,
        3244092.0748997927,
        0.0
      ],
      [
        692863.363500099,
        3244079.4244997934,
        0.0
      ],
      [
        692847.1412000995,
        3244067.667099795,
        0.0
      ],
      [
        692829.8771000993,
        3244053.9748997935,
        0.0
      ],
      [
        692825.1046000994,
        3244050.397399793,
        0.0
      ],
      [
        692813.2166000992,
        3244075.0309997937,
        0.0
      ],
      [
        692812.7848000985,
        3244076.0336997947,
        0.0
      ],
      [
        692906.3667000995,
        3244144.2309997953,
        0.0
      ],
      [
        692990.2662000997,
        3244209.2392997923,
        0.0
      ],
      [
        693115.0969001001,
        3244302.769699792,
        0.0
      ],
      [
        693173.9933001006,
        3244349.0718997936,
        0.0
      ],
      [
        693203.5615001002,
        3244371.4652997907,
        0.0
      ],
      [
        693219.8254001007,
        3244366.2010997925,
        0.0
      ],
      [
        693207.7357001004,
        3244353.8225997924,
        0.0
      ]
    ]
  ]
}