{
  "code": "118062279",
  "epsg": 32639,
  "bbox_utm": {
    "minx": 693231.2332600998,
    "miny": 3243739.8505097902,
    "maxx": 693593.0257401019,
    "maxy": 3244101.6429897915
  },
  "polygon_utm": [
    [
      [
        693470.9976001021,
        3243957.5843997914,
        0.0
      ],
      [
        693521.0551001016,
        3243922.503199789,
        0.0
      ],
      [
        693522.9994001013,
        3243924.6055997894,
        0.0
      ],
      [
        693541.3411001016,
        3243911.856999792,
        0.0
      ],
      [
        693520.3920001012,
        3243888.6713997894,
        0.0
      ],
      [
        693479.0534001009,
        3243844.8138997913,
        0.0
      ],
      [
        693461.3269001022,
        3243825.4874997917,
        0.0
      ],
      [
        693403.0918001,
        3243860.187799791,
        0.0
      ],
      [
        693342.7767001007,
        3243898.6540997913,
        0.0
      ],
      [
        693290.4626001007,
        3243932.9659997933,
        0.0
      ],
      [
        693282.9179001001,
        3243938.850799794,
        0.0
      ],
      [
        693288.8070001005,
        3243941.8632997917,
        0.0
      ],
      [
        693294.1279001004,
        3243944.848399793,
        0.0
      ],
      [
        693306.4389001017,
        3243952.234999791,
        0.0
      ],
      [
        693309.8467000999,
        3243954.6056997916,
        0.0
      ],
      [
        693350.889000101,
        3243988.0913997907,
        0.0
      ],
      [
        693374.6962001022,
        3244009.6806997913,
        0.0
      ],
      [
        693381.173000101,
        3244016.00599979,
        0.0
      ],
      [
        693408.4258001009,
        3243999.025399791,
        0.0
      ],
      [
        693470.9976001021,
        3243957.5843997914,
        0.0
      ]
    ]
  ]
}