{
  "code": "118061339",
  "epsg": 32639,
  "bbox_utm": {
    "minx": 692408.4830800983,
    "miny": 3244595.733129794,
    "maxx": 692751.2214200984,
    "maxy": 3244938.4714697935
  },
  "polygon_utm": [
    [
      [
        692676.248700099,
        3244825.7816997953,
        0.0
      ],
      [
        692702.2588000984,
        3244811.629199796,
        0.0
      ],
      [
        692677.4836000984,
        3244781.6483997935,
        0.0
      ],
      [
        692621.1801000996,
        3244709.0465997932,
        0.0
      ],
      [
        692579.7790000987,
        3244653.936899793,
        0.0
      ],
      [
        692579.3230000982,
        3244654.4099997953,
        0.0
      ],
      [
        692568.7917000984,
        3244663.8333997955,
        0.0
      ],
      [
        692551.567200099,
        3244675.871999795,
        0.0
      ],
      [
        692535.6393000984,
        3244683.095099795,
        0.0
      ],
      [
        692517.674100099,
        3244689.021799796,
        0.0
      ],
      [
        692492.4857000982,
        3244695.874499797,
        0.0
      ],
      [
        692458.0063000978,
        3244706.1535997936,
        0.0
      ],
      [
        692457.4457000983,
        3244706.3354997966,
        0.0
      ],
      [
        692501.6970000978,
        3244766.1159997964,
        0.0
      ],
      [
        692547.4436000981,
        3244824.0862997966,
        0.0
      ],
      [
        692590.4524000981,
        3244880.267699795,
        0.0
      ],
      [
        692642.4173000981,
        3244847.0189997936,
        0.0
      ],
      [
        692676.248700099,
        3244825.7816997953,
        0.0
      ]
    ]
  ]
}