{
  "code": "118064471",
  "epsg": 32639,
  "bbox_utm": {
    "minx": 687604.8041000866,
    "miny": 3247356.1881498187,
    "maxx": 687921.8670000854,
    "maxy": 3247673.251049818
  },
  "polygon_utm": [
    [
      [
        687828.0630000863,
        3247624.5523998174,
        0.0
      ],
      [
        687846.3187000856,
        3247607.951899817,
        0.0
      ],
      [
        687858.9129000856,
        3247597.333299818,
        0.0
      ],
      [
        687876.5723000856,
        3247584.8881998183,
        0.0
      ],
      [
        687875.8594000866,
        3247583.9673998165,
        0.0
      ],
      [
        687844.7444000856,
        3247540.4433998168,
        0.0
      ],
      [
        687817.5187000866,
        3247505.8092998187,
        0.0
      ],
      [
        687767.5124000862,
        3247441.3566998183,
        0.0
      ],
      [
        687737.3815000856,
        3247404.055699819,
        0.0
      ],
      [
        687706.5875000863,
        3247420.1721998192,
        0.0
      ],
      [
        687698.217300085,
        3247425.16209982,
        0.0
      ],
      [
        687708.9127000861,
        3247437.7866998184,
        0.0
      ],
      [
        687706.4795000859,
        3247446.3080998184,
        0.0
      ],
      [
        687700.2375000853,
        3247450.775699818,
        0.0
      ],
      [
        687688.3931000854,
        3247444.39419982,
        0.0
      ],
      [
        687679.8627000855,
        3247436.8969998187,
        0.0
      ],
      [
        687671.7682000853,
        3247442.582499819,
        0.0
      ],
      [
        687650.0988000864,
        3247458.6955998177,
        0.0
      ],
      [
        687661.396500085,
        3247464.9926998178,
        0.0
      ],
      [
        687680.2878000854,
        3247475.3643998182,
        0.0
      ],
      [
        687691.4003000848,
        3247486.6620998182,
        0.0
      ],
      [
        687709.7360000849,
        3247508.8871998186,
        0.0
      ],
      [
        687723.8119000855,
        3247519.0736998185,
        0.0
      ],
      [
        687729.5533000857,
        3247523.8890998187,
        0.0
      ],
      [
        687745.4813000853,
        3247551.2999998196,
        0.0
      ],
      [
        687765.8542000856,
        3247579.82209982,
        0.0
      ],
      [
        687771.4105000861,
        3247582.785399818,
        0.0
      ],
      [
        687776.0407000867,
        3247581.3037998183,
        0.0
      ],
      [
        687780.4857000855,
        3247581.3037998183,
        0.0
      ],
      [
        687784.7455000855,
        3247583.341099819,
        0.0
      ],
      [
        687788.0793000859,
        3247585.748799818,
        0.0
      ],
      [
        687788.6349000853,
        3247592.6014998183,
        0.0
      ],
      [
        687791.7835000854,
        3247600.5654998184,
        0.0
      ],
      [
        687795.6728000855,
        3247608.7146998183,
        0.0
      ],
      [
        687801.599500085,
        3247615.937799818,
        0.0
      ],
      [
        687812.1564000852,
        3247623.531399819,
        0.0
      ],
      [
        687818.6387000856,
        3247625.383499818,
        0.0
      ],
      [
        687825.1210000858,
        3247624.2721998184,
        0.0
      ],
      [
        687828.0630000863,
        3247624.5523998174,
        0.0
      ]
    ]
  ]
}