{
  "code": "118060574",
  "epsg": 32639,
  "bbox_utm": {
    "minx": 689858.3544200915,
    "miny": 3245416.3451198055,
    "maxx": 690546.6194800935,
    "maxy": 3246104.6101798066
  },
  "polygon_utm": [
    [
      [
        690314.5280000919,
        3245981.162499807,
        0.0
      ],
      [
        690291.8090000923,
        3245920.9078998067,
        0.0
      ],
      [
        690266.4560000924,
        3245854.726699807,
        0.0
      ],
      [
        690250.9808000925,
        3245812.5813998044,
        0.0
      ],
      [
        690215.7500000917,
        3245724.998299806,
        0.0
      ],
      [
        690178.5436000926,
        3245629.1836998085,
        0.0
      ],
      [
        690132.6082000914,
        3245514.6686998056,
        0.0
      ],
      [
        690101.6462000918,
        3245545.7006998067,
        0.0
      ],
      [
        690087.9971000921,
        3245559.380599807,
        0.0
      ],
      [
        690089.6434000921,
        3245564.319499808,
        0.0
      ],
      [
        690135.739800092,
        3245673.304499808,
        0.0
      ],
      [
        690190.3970000932,
        3245805.3376998072,
        0.0
      ],
      [
        690273.7389000923,
        3246006.286599807,
        0.0
      ],
      [
        690316.9768000927,
        3245988.4925998067,
        0.0
      ],
      [
        690314.5280000919,
        3245981.162499807,
        0.0
      ]
    ]
  ]
}