{
  "code": "118062969",
  "epsg": 32639,
  "bbox_utm": {
    "minx": 692112.4255000971,
    "miny": 3244205.7705497965,
    "maxx": 692691.6286000992,
    "maxy": 3244784.973649798
  },
  "polygon_utm": [
    [
      [
        692538.8355000983,
        3244678.212499797,
        0.0
      ],
      [
        692553.9654000986,
        3244669.625299796,
        0.0
      ],
      [
        692569.6404000993,
        3244657.766799794,
        0.0
      ],
      [
        692581.3626000978,
        3244647.5438997936,
        0.0
      ],
      [
        692600.9905000989,
        3244626.144099795,
        0.0
      ],
      [
        692608.8853000988,
        3244616.933399795,
        0.0
      ],
      [
        692578.8680000979,
        3244587.439799795,
        0.0
      ],
      [
        692518.348800098,
        3244530.0099997954,
        0.0
      ],
      [
        692446.3799000983,
        3244462.584599797,
        0.0
      ],
      [
        692370.2310000972,
        3244389.161799797,
        0.0
      ],
      [
        692308.9544000977,
        3244330.490199795,
        0.0
      ],
      [
        692278.0096000979,
        3244301.755699797,
        0.0
      ],
      [
        692276.9619000984,
        3244302.8242997974,
        0.0
      ],
      [
        692274.6979000975,
        3244304.907199797,
        0.0
      ],
      [
        692263.3314000969,
        3244315.364299796,
        0.0
      ],
      [
        692252.7448000981,
        3244324.1864997973,
        0.0
      ],
      [
        692244.7940000971,
        3244330.812199797,
        0.0
      ],
      [
        692229.891300098,
        3244341.353099797,
        0.0
      ],
      [
        692223.0794000991,
        3244345.513899798,
        0.0
      ],
      [
        692196.2695000977,
        3244361.8896997957,
        0.0
      ],
      [
        692195.1688000974,
        3244362.662499798,
        0.0
      ],
      [
        692219.2076000978,
        3244388.9822997972,
        0.0
      ],
      [
        692306.2609000979,
        3244480.0338997957,
        0.0
      ],
      [
        692393.6776000995,
        3244572.9027997963,
        0.0
      ],
      [
        692474.006500099,
        3244654.8673997964,
        0.0
      ],
      [
        692507.1890000986,
        3244688.988499797,
        0.0
      ],
      [
        692514.5733000988,
        3244686.5270997966,
        0.0
      ],
      [
        692538.8355000983,
        3244678.212499797,
        0.0
      ]
    ]
  ]
}