{
  "code": "118060400",
  "epsg": 32639,
  "bbox_utm": {
    "minx": 690124.0210100927,
    "miny": 3245927.878659806,
    "maxx": 690571.0482900925,
    "maxy": 3246374.9059398053
  },
  "polygon_utm": [
    [
      [
        690427.8491000929,
        3246305.3033998054,
        0.0
      ],
      [
        690424.3301000925,
        3246282.707999807,
        0.0
      ],
      [
        690416.9218000919,
        3246254.9266998055,
        0.0
      ],
      [
        690405.9944000939,
        3246223.441199805,
        0.0
      ],
      [
        690386.1771000935,
        3246167.1376998066,
        0.0
      ],
      [
        690370.6196000936,
        3246125.0952998055,
        0.0
      ],
      [
        690351.7283000918,
        3246075.459399807,
        0.0
      ],
      [
        690331.1701000918,
        3246023.7861998067,
        0.0
      ],
      [
        690318.2033000936,
        3245991.739699806,
        0.0
      ],
      [
        690317.2795000923,
        3245992.1154998047,
        0.0
      ],
      [
        690293.2809000916,
        3246002.665399807,
        0.0
      ],
      [
        690276.5336000917,
        3246010.0806998066,
        0.0
      ],
      [
        690269.986800092,
        3246014.1686998075,
        0.0
      ],
      [
        690267.2202000923,
        3246015.4366998062,
        0.0
      ],
      [
        690278.9413000925,
        3246041.751399805,
        0.0
      ],
      [
        690291.7207000926,
        3246075.644599805,
        0.0
      ],
      [
        690309.5007000921,
        3246121.9467998054,
        0.0
      ],
      [
        690322.2801000921,
        3246149.728099807,
        0.0
      ],
      [
        690328.0690000921,
        3246165.4698998067,
        0.0
      ],
      [
        690332.0543000924,
        3246177.0460998053,
        0.0
      ],
      [
        690332.4137000928,
        3246178.0899998075,
        0.0
      ],
      [
        690335.5154000929,
        3246188.573699806,
        0.0
      ],
      [
        690338.763700092,
        3246198.2527998067,
        0.0
      ],
      [
        690341.184100093,
        3246215.9371998077,
        0.0
      ],
      [
        690342.9096000922,
        3246226.2900998075,
        0.0
      ],
      [
        690345.4312000925,
        3246240.665599807,
        0.0
      ],
      [
        690351.9135000922,
        3246259.0011998056,
        0.0
      ],
      [
        690355.7166000924,
        3246264.360099804,
        0.0
      ],
      [
        690357.3366000933,
        3246268.9001998054,
        0.0
      ],
      [
        690359.1997000921,
        3246275.4211998065,
        0.0
      ],
      [
        690359.5071000925,
        3246282.337499807,
        0.0
      ],
      [
        690361.359100092,
        3246293.4500998035,
        0.0
      ],
      [
        690360.8429000921,
        3246299.719199806,
        0.0
      ],
      [
        690360.7150000923,
        3246301.2719998052,
        0.0
      ],
      [
        690364.7004000925,
        3246307.695399806,
        0.0
      ],
      [
        690369.6935000927,
        3246311.044899806,
        0.0
      ],
      [
        690409.922200092,
        3246305.596399805,
        0.0
      ],
      [
        690427.8491000929,
        3246305.3033998054,
        0.0
      ]
    ]
  ]
}