{
  "code": "118062480",
  "epsg": 32639,
  "bbox_utm": {
    "minx": 692739.1185600988,
    "miny": 3243892.891259793,
    "maxx": 693346.4598401005,
    "maxy": 3244500.2325397944
  },
  "polygon_utm": [
    [
      [
        693259.6968001003,
        3244353.4091997924,
        0.0
      ],
      [
        693239.0320000999,
        3244335.468799793,
        0.0
      ],
      [
        693202.9656001001,
        3244307.6321997936,
        0.0
      ],
      [
        693048.3163000998,
        3244187.987399795,
        0.0
      ],
      [
        692917.3738000992,
        3244087.233899792,
        0.0
      ],
      [
        692837.5774000997,
        3244026.922699795,
        0.0
      ],
      [
        692829.3171001003,
        3244042.787699794,
        0.0
      ],
      [
        692825.881600099,
        3244048.993799793,
        0.0
      ],
      [
        692880.0323000993,
        3244089.6936997958,
        0.0
      ],
      [
        692955.7860001,
        3244147.5878997943,
        0.0
      ],
      [
        693027.3725000992,
        3244203.2497997936,
        0.0
      ],
      [
        693069.9374001,
        3244234.950199794,
        0.0
      ],
      [
        693122.9203001002,
        3244275.8779997923,
        0.0
      ],
      [
        693168.4618001009,
        3244310.2573997932,
        0.0
      ],
      [
        693210.1338001001,
        3244342.4042997924,
        0.0
      ],
      [
        693207.9013001001,
        3244344.4878997933,
        0.0
      ],
      [
        693207.8152001003,
        3244344.41609979,
        0.0
      ],
      [
        693206.7482001004,
        3244346.969999793,
        0.0
      ],
      [
        693205.8980001004,
        3244349.687799792,
        0.0
      ],
      [
        693207.7357001004,
        3244353.8225997924,
        0.0
      ],
      [
        693219.8254001007,
        3244366.2010997925,
        0.0
      ],
      [
        693237.2412001002,
        3244360.5640997924,
        0.0
      ],
      [
        693259.6968001003,
        3244353.4091997924,
        0.0
      ]
    ]
  ]
}