{
  "code": "118060411",
  "epsg": 32639,
  "bbox_utm": {
    "minx": 690166.7540000922,
    "miny": 3245982.162699806,
    "maxx": 690399.6720000922,
    "maxy": 3246215.0806998066
  },
  "polygon_utm": [
    [
      [
        690328.0690000921,
        3246165.4698998067,
        0.0
      ],
      [
        690322.2801000921,
        3246149.728099807,
        0.0
      ],
      [
        690309.5007000921,
        3246121.9467998054,
        0.0
      ],
      [
        690291.7207000926,
        3246075.644599805,
        0.0
      ],
      [
        690278.9413000925,
        3246041.751399805,
        0.0
      ],
      [
        690267.2202000923,
        3246015.4366998062,
        0.0
      ],
      [
        690263.0848000923,
        3246017.3320998065,
        0.0
      ],
      [
        690256.160600092,
        3246020.2671998055,
        0.0
      ],
      [
        690244.3072000917,
        3246025.082599806,
        0.0
      ],
      [
        690234.6764000931,
        3246028.9719998054,
        0.0
      ],
      [
        690234.3717000919,
        3246029.113499809,
        0.0
      ],
      [
        690246.900200092,
        3246064.346899806,
        0.0
      ],
      [
        690257.8275000919,
        3246090.646499807,
        0.0
      ],
      [
        690271.347700092,
        3246124.539699806,
        0.0
      ],
      [
        690287.2757000923,
        3246162.507499807,
        0.0
      ],
      [
        690294.4235000917,
        3246181.8066998064,
        0.0
      ],
      [
        690332.0543000924,
        3246177.0460998053,
        0.0
      ],
      [
        690328.0690000921,
        3246165.4698998067,
        0.0
      ]
    ]
  ]
}