{
  "code": "125567905",
  "epsg": 32639,
  "bbox_utm": {
    "minx": 674900.055800058,
    "miny": 3252571.774299869,
    "maxx": 675206.5942000588,
    "maxy": 3252878.3126998697
  },
  "polygon_utm": [
    [
      [
        675120.3500000583,
        3252736.9109998676,
        0.0
      ],
      [
        675142.6960000597,
        3252744.4909998667,
        0.0
      ],
      [
        675143.5530000587,
        3252740.8379998673,
        0.0
      ],
      [
        675144.6740000583,
        3252736.6309998687,
        0.0
      ],
      [
        675152.0870000597,
        3252729.370999866,
        0.0
      ],
      [
        675154.3940000586,
        3252726.986999866,
        0.0
      ],
      [
        675160.9760000581,
        3252711.9959998666,
        0.0
      ],
      [
        675162.8030000586,
        3252703.3989998656,
        0.0
      ],
      [
        675156.9950000584,
        3252700.4939998677,
        0.0
      ],
      [
        675142.6910000581,
        3252695.7239998668,
        0.0
      ],
      [
        675110.8610000581,
        3252685.339999868,
        0.0
      ],
      [
        675101.3030000587,
        3252681.783999868,
        0.0
      ],
      [
        675089.0100000581,
        3252675.1529998695,
        0.0
      ],
      [
        675086.4810000582,
        3252677.9859998687,
        0.0
      ],
      [
        675078.022000059,
        3252706.632999866,
        0.0
      ],
      [
        675073.8300000584,
        3252712.393999867,
        0.0
      ],
      [
        675069.8580000584,
        3252711.527999868,
        0.0
      ],
      [
        675059.039000059,
        3252706.2669998687,
        0.0
      ],
      [
        675042.3630000582,
        3252701.8889998677,
        0.0
      ],
      [
        675036.2370000588,
        3252698.346999867,
        0.0
      ],
      [
        675035.6390000588,
        3252695.7419998683,
        0.0
      ],
      [
        675038.0890000588,
        3252689.1389998677,
        0.0
      ],
      [
        675035.3130000583,
        3252685.7029998675,
        0.0
      ],
      [
        675027.1990000581,
        3252683.053999868,
        0.0
      ],
      [
        675012.0680000583,
        3252680.7679998665,
        0.0
      ],
      [
        675007.2090000594,
        3252682.639999868,
        0.0
      ],
      [
        674997.0960000579,
        3252686.5019998695,
        0.0
      ],
      [
        674990.143000058,
        3252686.855999869,
        0.0
      ],
      [
        674985.1890000583,
        3252698.5559998667,
        0.0
      ],
      [
        674982.6860000587,
        3252701.2019998673,
        0.0
      ],
      [
        674979.9380000586,
        3252701.357999868,
        0.0
      ],
      [
        674966.4300000576,
        3252698.2639998686,
        0.0
      ],
      [
        674948.9770000579,
        3252693.1359998686,
        0.0
      ],
      [
        674943.847000058,
        3252735.4449998685,
        0.0
      ],
      [
        674962.4560000587,
        3252738.0889998684,
        0.0
      ],
      [
        674970.4590000582,
        3252739.203999867,
        0.0
      ],
      [
        674983.6920000578,
        3252739.8469998674,
        0.0
      ],
      [
        674992.9770000585,
        3252741.5969998674,
        0.0
      ],
      [
        675005.1740000579,
        3252743.1489998684,
        0.0
      ],
      [
        675023.9640000581,
        3252746.933999868,
        0.0
      ],
      [
        675046.1830000584,
        3252753.381999866,
        0.0
      ],
      [
        675060.1790000577,
        3252758.668999868,
        0.0
      ],
      [
        675070.4030000581,
        3252762.402999869,
        0.0
      ],
      [
        675083.4810000579,
        3252769.5009998684,
        0.0
      ],
      [
        675095.5890000578,
        3252774.134999867,
        0.0
      ],
      [
        675099.4770000582,
        3252774.933999869,
        0.0
      ],
      [
        675100.508000059,
        3252773.295999867,
        0.0
      ],
      [
        675120.3500000583,
        3252736.9109998676,
        0.0
      ]
    ]
  ]
}