{
  "code": "125568311",
  "epsg": 32639,
  "bbox_utm": {
    "minx": 675038.4876000575,
    "miny": 3252895.059599866,
    "maxx": 675432.3874000594,
    "maxy": 3253288.9593998687
  },
  "polygon_utm": [
    [
      [
        675108.7210000595,
        3253004.9389998675,
        0.0
      ],
      [
        675104.6970000579,
        3253016.504999869,
        731.5722999999998
      ],
      [
        675095.6980000585,
        3253039.725999868,
        731.5722999999998
      ],
      [
        675094.7590000577,
        3253041.917999866,
        0.0
      ],
      [
        675108.58800006,
        3253047.882999868,
        0.0
      ],
      [
        675136.1370000585,
        3253062.028999867,
        0.0
      ],
      [
        675158.897000058,
        3253076.588999868,
        0.0
      ],
      [
        675175.1600000586,
        3253084.012999867,
        0.0
      ],
      [
        675192.4080000597,
        3253090.416999866,
        0.0
      ],
      [
        675219.8700000586,
        3253104.0639998647,
        0.0
      ],
      [
        675244.2400000591,
        3253117.070999867,
        0.0
      ],
      [
        675268.9460000594,
        3253131.1739998665,
        0.0
      ],
      [
        675341.0410000591,
        3253169.9739998668,
        0.0
      ],
      [
        675359.3060000585,
        3253179.079999868,
        0.0
      ],
      [
        675376.1160000591,
        3253153.220999867,
        0.0
      ],
      [
        675353.2190000596,
        3253143.2579998667,
        0.0
      ],
      [
        675338.0720000587,
        3253134.1869998677,
        0.0
      ],
      [
        675327.2940000583,
        3253127.5209998656,
        0.0
      ],
      [
        675310.810000058,
        3253117.7559998645,
        0.0
      ],
      [
        675296.6430000591,
        3253108.4189998675,
        0.0
      ],
      [
        675281.9640000584,
        3253099.7109998656,
        0.0
      ],
      [
        675266.0770000583,
        3253091.468999867,
        0.0
      ],
      [
        675237.1940000585,
        3253077.2709998665,
        0.0
      ],
      [
        675216.8890000593,
        3253065.7879998665,
        0.0
      ],
      [
        675194.5360000592,
        3253053.085999866,
        0.0
      ],
      [
        675150.8320000586,
        3253027.409999867,
        0.0
      ],
      [
        675129.4230000599,
        3253015.500999868,
        0.0
      ],
      [
        675108.7210000595,
        3253004.9389998675,
        0.0
      ]
    ]
  ]
}