{
  "code": "125568324",
  "epsg": 32639,
  "bbox_utm": {
    "minx": 675315.05540006,
    "miny": 3252862.6269498663,
    "maxx": 675758.950600059,
    "maxy": 3253306.5221498655
  },
  "polygon_utm": [
    [
      [
        675535.5351000607,
        3253033.3360998677,
        1.8189894035458565e-12
      ],
      [
        675527.5410000591,
        3253023.447099868,
        1.8189894035458565e-12
      ],
      [
        675511.4531000587,
        3253011.246099867,
        1.8189894035458565e-12
      ],
      [
        675506.8941000601,
        3253006.107099865,
        1.8189894035458565e-12
      ],
      [
        675496.8911000595,
        3252991.290999865,
        1.8189894035458565e-12
      ],
      [
        675494.4700000589,
        3252980.9950998663,
        1.8189894035458565e-12
      ],
      [
        675486.9050000609,
        3252989.8889998696,
        1.8189894035458565e-12
      ],
      [
        675478.8330000606,
        3252998.1329998663,
        1.8189894035458565e-12
      ],
      [
        675472.8160000595,
        3253010.630999867,
        1.8189894035458565e-12
      ],
      [
        675467.7480000595,
        3253024.3979998664,
        1.8189894035458565e-12
      ],
      [
        675460.7610000592,
        3253034.043999864,
        1.8189894035458565e-12
      ],
      [
        675451.7620000584,
        3253028.9639998684,
        1.8189894035458565e-12
      ],
      [
        675441.4410000597,
        3253023.7399998675,
        1.8189894035458565e-12
      ],
      [
        675427.8110000598,
        3253015.7969998694,
        1.8189894035458565e-12
      ],
      [
        675414.4000000603,
        3253008.212999867,
        1.8189894035458565e-12
      ],
      [
        675397.797000061,
        3252999.1339998706,
        1.8189894035458565e-12
      ],
      [
        675383.7050000605,
        3252991.07399987,
        1.8189894035458565e-12
      ],
      [
        675378.4690000599,
        3253002.0419998625,
        1.8189894035458565e-12
      ],
      [
        675380.9390000597,
        3253024.7289998704,
        1.8189894035458565e-12
      ],
      [
        675382.6940000593,
        3253032.21899987,
        1.8189894035458565e-12
      ],
      [
        675384.7620000589,
        3253049.839999868,
        1.8189894035458565e-12
      ],
      [
        675385.0300000604,
        3253060.2539998675,
        1.8189894035458565e-12
      ],
      [
        675385.1320000603,
        3253063.995999867,
        1.8189894035458565e-12
      ],
      [
        675386.3490000606,
        3253077.489999867,
        1.8189894035458565e-12
      ],
      [
        675389.4130000594,
        3253084.944999867,
        1.8189894035458565e-12
      ],
      [
        675389.3096000608,
        3253086.5985998684,
        1.8189894035458565e-12
      ],
      [
        675392.0460000599,
        3253087.9079998685,
        1.8189894035458565e-12
      ],
      [
        675408.2990000596,
        3253094.6729998696,
        1.8189894035458565e-12
      ],
      [
        675424.545000059,
        3253100.7899998655,
        1.8189894035458565e-12
      ],
      [
        675443.4030000607,
        3253108.5869998676,
        1.8189894035458565e-12
      ],
      [
        675463.3320000605,
        3253117.830999866,
        1.8189894035458565e-12
      ],
      [
        675478.3480000584,
        3253124.3279998684,
        1.8189894035458565e-12
      ],
      [
        675499.5390000589,
        3253132.989999871,
        1.8189894035458565e-12
      ],
      [
        675521.4620000605,
        3253139.9749998674,
        1.8189894035458565e-12
      ],
      [
        675529.0790000602,
        3253139.974999865,
        1.8189894035458565e-12
      ],
      [
        675544.6300000583,
        3253145.8319998663,
        1.8189894035458565e-12
      ],
      [
        675561.2000000604,
        3253151.1689998643,
        1.8189894035458565e-12
      ],
      [
        675576.755000059,
        3253156.611999866,
        1.8189894035458565e-12
      ],
      [
        675596.2450000604,
        3253162.6109998655,
        1.8189894035458565e-12
      ],
      [
        675616.6910000602,
        3253169.1259998665,
        1.8189894035458565e-12
      ],
      [
        675645.494000062,
        3253178.496999866,
        1.8189894035458565e-12
      ],
      [
        675662.7780000601,
        3253183.2099998672,
        1.8189894035458565e-12
      ],
      [
        675679.4460000606,
        3253188.153999865,
        1.8189894035458565e-12
      ],
      [
        675679.0280000605,
        3253181.7619998655,
        1.8189894035458565e-12
      ],
      [
        675682.6090000598,
        3253162.4549998674,
        1.8189894035458565e-12
      ],
      [
        675685.7290000605,
        3253144.312999866,
        1.8189894035458565e-12
      ],
      [
        675691.6920000608,
        3253127.4159998647,
        1.8189894035458565e-12
      ],
      [
        675694.1610000613,
        3253119.871999865,
        1.8189894035458565e-12
      ],
      [
        675695.5370000592,
        3253110.8669998664,
        1.8189894035458565e-12
      ],
      [
        675694.4990000601,
        3253097.3469998627,
        1.8189894035458565e-12
      ],
      [
        675688.3861000603,
        3253078.2360998653,
        1.8189894035458565e-12
      ],
      [
        675673.1731000588,
        3253074.8760998645,
        1.8189894035458565e-12
      ],
      [
        675644.2271000582,
        3253069.285099863,
        1.8189894035458565e-12
      ],
      [
        675613.9910000598,
        3253063.9490998667,
        1.8189894035458565e-12
      ],
      [
        675590.3770000604,
        3253059.3230998674,
        1.8189894035458565e-12
      ],
      [
        675566.4271000613,
        3253053.2859998685,
        1.8189894035458565e-12
      ],
      [
        675548.9141000595,
        3253045.840099866,
        1.8189894035458565e-12
      ],
      [
        675539.6051000613,
        3253041.0560998674,
        1.8189894035458565e-12
      ],
      [
        675535.5351000607,
        3253033.3360998677,
        1.8189894035458565e-12
      ]
    ]
  ]
}