{
  "code": "131748376",
  "epsg": 32639,
  "bbox_utm": {
    "minx": 697946.4326401122,
    "miny": 3268793.35538975,
    "maxx": 698309.1394601141,
    "maxy": 3269156.062209751
  },
  "polygon_utm": [
    [
      [
        698183.92935697,
        3268906.2097522337,
        0.0
      ],
      [
        698165.5032365266,
        3268918.8223542385,
        0.0
      ],
      [
        698145.512739694,
        3268931.6661746614,
        0.0
      ],
      [
        698108.9980667826,
        3268952.498845039,
        0.0
      ],
      [
        698088.6172001148,
        3268920.8607997536,
        0.0
      ],
      [
        698077.7826001141,
        3268930.835499752,
        0.0
      ],
      [
        698046.6676001141,
        3268960.0984997554,
        0.0
      ],
      [
        698007.0329001134,
        3269003.2520997543,
        0.0
      ],
      [
        697998.2479001125,
        3269015.662299755,
        0.0
      ],
      [
        698028.0092001136,
        3269040.245899753,
        0.0
      ],
      [
        698045.9796001131,
        3269054.135299753,
        0.0
      ],
      [
        698053.0390001127,
        3269048.4498997503,
        0.0
      ],
      [
        698056.0023001133,
        3269048.6350997523,
        0.0
      ],
      [
        698058.5953001146,
        3269048.8202997544,
        0.0
      ],
      [
        698061.3734001145,
        3269050.1167997546,
        0.0
      ],
      [
        698072.5261001138,
        3269051.4750997494,
        0.0
      ],
      [
        698077.1161001138,
        3269046.0421997523,
        0.0
      ],
      [
        698077.8570001132,
        3269044.560499753,
        0.0
      ],
      [
        698080.2647001133,
        3269038.81909975,
        0.0
      ],
      [
        698086.3766001143,
        3269028.447399754,
        0.0
      ],
      [
        698093.784900114,
        3269018.4460997535,
        0.0
      ],
      [
        698103.6010001133,
        3269009.741299753,
        0.0
      ],
      [
        698123.4183001132,
        3269000.110399755,
        0.0
      ],
      [
        698127.6781001147,
        3268997.1470997534,
        0.0
      ],
      [
        698134.8496001142,
        3268992.6872997545,
        0.0
      ],
      [
        698141.5809001141,
        3269003.5114997514,
        0.0
      ],
      [
        698186.204000114,
        3268984.182499751,
        0.0
      ],
      [
        698188.4266001147,
        3268983.4416997535,
        0.0
      ],
      [
        698218.2452001133,
        3268968.810199754,
        0.0
      ],
      [
        698225.0979001157,
        3268964.7355997525,
        0.0
      ],
      [
        698253.4348001141,
        3268948.2519997535,
        0.0
      ],
      [
        698256.5834001146,
        3268945.6590997516,
        0.0
      ],
      [
        698257.1390001152,
        3268944.3625997542,
        0.0
      ],
      [
        698257.3242001135,
        3268942.5104997526,
        0.0
      ],
      [
        698257.3242001138,
        3268941.214099752,
        0.0
      ],
      [
        698254.5461001145,
        3268938.2506997534,
        0.0
      ],
      [
        698236.3956001158,
        3268926.952999752,
        0.0
      ],
      [
        698216.2079001142,
        3268911.210299752,
        0.0
      ],
      [
        698197.0495533873,
        3268899.0954315276,
        0.0
      ],
      [
        698196.020100115,
        3268898.8012997545,
        0.0
      ],
      [
        698192.6864001148,
        3268896.949199754,
        0.0
      ],
      [
        698191.0195001144,
        3268895.282299748,
        0.0
      ],
      [
        698183.92935697,
        3268906.2097522337,
        0.0
      ]
    ]
  ]
}