{
  "code": "131748189",
  "epsg": 32639,
  "bbox_utm": {
    "minx": 697259.8752301134,
    "miny": 3268391.981479758,
    "maxx": 697809.5783701112,
    "maxy": 3268941.684619756
  },
  "polygon_utm": [
    [
      [
        697579.6787001117,
        3268498.8781997566,
        0.0
      ],
      [
        697574.1548001121,
        3268507.743999756,
        0.0
      ],
      [
        697546.6068001117,
        3268542.995799757,
        0.0
      ],
      [
        697535.3213001129,
        3268557.464699755,
        0.0
      ],
      [
        697498.1801001115,
        3268605.981599758,
        0.0
      ],
      [
        697512.972900113,
        3268619.3869997594,
        0.0
      ],
      [
        697499.6630001116,
        3268635.2314997585,
        0.0
      ],
      [
        697485.416100113,
        3268623.264799757,
        0.0
      ],
      [
        697477.2395001111,
        3268633.1981997583,
        0.0
      ],
      [
        697470.1129001124,
        3268643.761999755,
        0.0
      ],
      [
        697456.7779001129,
        3268665.987099756,
        0.0
      ],
      [
        697445.4801001118,
        3268680.803799757,
        0.0
      ],
      [
        697435.8666001132,
        3268693.8784997566,
        0.0
      ],
      [
        697402.198300112,
        3268735.769899757,
        0.0
      ],
      [
        697372.916400112,
        3268771.3293997594,
        0.0
      ],
      [
        697380.2867001125,
        3268775.0749997576,
        0.0
      ],
      [
        697449.9777001115,
        3268796.1044997578,
        0.0
      ],
      [
        697461.7176001116,
        3268799.999999757,
        0.0
      ],
      [
        697506.8279001119,
        3268814.9683997566,
        0.0
      ],
      [
        697513.2665001121,
        3268817.487799757,
        0.0
      ],
      [
        697549.5674001124,
        3268838.4163997564,
        0.0
      ],
      [
        697560.6799001124,
        3268846.1950997566,
        0.0
      ],
      [
        697579.5956001116,
        3268863.155599756,
        0.0
      ],
      [
        697601.7963001126,
        3268832.6748997574,
        0.0
      ],
      [
        697617.1686001127,
        3268810.264699757,
        0.0
      ],
      [
        697623.1632001125,
        3268799.9999997555,
        0.0
      ],
      [
        697630.6888001121,
        3268787.113599755,
        0.0
      ],
      [
        697652.6484001125,
        3268753.459899756,
        0.0
      ],
      [
        697657.3139001136,
        3268746.391099758,
        0.0
      ],
      [
        697696.5372001126,
        3268539.3151997547,
        0.0
      ],
      [
        697693.4153001135,
        3268537.1354997563,
        0.0
      ],
      [
        697687.7331001128,
        3268533.7480997522,
        0.0
      ],
      [
        697678.4727001127,
        3268527.265799756,
        0.0
      ],
      [
        697667.7306001143,
        3268513.745499756,
        0.0
      ],
      [
        697661.0631001128,
        3268507.6335997577,
        0.0
      ],
      [
        697648.6541001135,
        3268499.1139997575,
        0.0
      ],
      [
        697635.1338001131,
        3268489.483199754,
        0.0
      ],
      [
        697598.9449001113,
        3268470.5104997577,
        0.0
      ],
      [
        697590.135200112,
        3268482.095499757,
        0.0
      ],
      [
        697579.6787001117,
        3268498.8781997566,
        0.0
      ]
    ]
  ]
}