{
  "code": "131748846",
  "epsg": 32639,
  "bbox_utm": {
    "minx": 697788.158540113,
    "miny": 3268972.0442397553,
    "maxx": 698093.4849601121,
    "maxy": 3269277.370659754
  },
  "polygon_utm": [
    [
      [
        697868.8989137008,
        3269162.5721647884,
        0.0
      ],
      [
        697850.9020001123,
        3269181.7932997514,
        0.0
      ],
      [
        697835.663900112,
        3269197.8393997555,
        0.0
      ],
      [
        697844.7901001147,
        3269204.944399755,
        0.0
      ],
      [
        697869.793300113,
        3269223.835699755,
        0.0
      ],
      [
        697883.3751001119,
        3269233.7525997544,
        0.0
      ],
      [
        697927.0228001135,
        3269190.4980997555,
        0.0
      ],
      [
        697945.1732001151,
        3269171.0511997556,
        0.0
      ],
      [
        697957.7674001142,
        3269158.4569997536,
        0.0
      ],
      [
        697984.9931001121,
        3269128.6383997533,
        0.0
      ],
      [
        698013.2567001133,
        3269095.1541997516,
        0.0
      ],
      [
        698015.8120001138,
        3269088.8253997536,
        0.0
      ],
      [
        698029.5175001136,
        3269073.267899754,
        0.0
      ],
      [
        698041.9265001129,
        3269057.525099754,
        0.0
      ],
      [
        698045.9796001131,
        3269054.135299753,
        0.0
      ],
      [
        698028.0092001136,
        3269040.245899753,
        0.0
      ],
      [
        697998.2479001125,
        3269015.662299755,
        0.0
      ],
      [
        697993.637300113,
        3269022.1753997547,
        0.0
      ],
      [
        697958.137800113,
        3269063.630199755,
        0.0
      ],
      [
        697936.4684001139,
        3269088.448099754,
        0.0
      ],
      [
        697905.3533001145,
        3269122.5264997547,
        0.0
      ],
      [
        697878.1277001133,
        3269152.7155997544,
        0.0
      ],
      [
        697873.2454122602,
        3269157.9300001725,
        0.0
      ],
      [
        697872.1059350796,
        3269159.146989107,
        0.0
      ],
      [
        697868.8989137008,
        3269162.5721647884,
        0.0
      ]
    ]
  ]
}