{
  "code": "132145950",
  "epsg": 32639,
  "bbox_utm": {
    "minx": 684047.0090200776,
    "miny": 3253102.914919834,
    "maxx": 684300.9520800769,
    "maxy": 3253356.8579798336
  },
  "polygon_utm": [
    [
      [
        684146.5488000773,
        3253289.297899835,
        0.0
      ],
      [
        684175.3386000771,
        3253265.0347998315,
        0.0
      ],
      [
        684201.9556000766,
        3253240.409599834,
        0.0
      ],
      [
        684217.7085000766,
        3253229.545499831,
        0.0
      ],
      [
        684238.8935000773,
        3253213.792499833,
        0.0
      ],
      [
        684248.1280000762,
        3253203.2905998304,
        0.0
      ],
      [
        684259.7163000775,
        3253175.406099832,
        0.0
      ],
      [
        684239.2556000778,
        3253139.192499834,
        0.0
      ],
      [
        684233.2804000766,
        3253141.5463998313,
        0.0
      ],
      [
        684187.6512000768,
        3253174.1385998335,
        0.0
      ],
      [
        684177.8736000764,
        3253179.9327998334,
        0.0
      ],
      [
        684163.9313000769,
        3253186.813399832,
        0.0
      ],
      [
        684154.1536000767,
        3253191.1589998333,
        0.0
      ],
      [
        684136.7711000761,
        3253197.677499833,
        0.0
      ],
      [
        684126.6313000761,
        3253202.7473998345,
        0.0
      ],
      [
        684117.5779000765,
        3253208.541599833,
        0.0
      ],
      [
        684088.2448000769,
        3253228.277999835,
        0.0
      ],
      [
        684094.5822000769,
        3253248.3764998326,
        0.0
      ],
      [
        684112.4975000765,
        3253320.5803998336,
        0.0
      ],
      [
        684120.4750000762,
        3253312.293599834,
        0.0
      ],
      [
        684146.5488000773,
        3253289.297899835,
        0.0
      ]
    ]
  ]
}