{
  "code": "132145899",
  "epsg": 32639,
  "bbox_utm": {
    "minx": 683414.9816400754,
    "miny": 3252988.7552898335,
    "maxx": 684172.9553600763,
    "maxy": 3253746.7290098346
  },
  "polygon_utm": [
    [
      [
        684038.6677000766,
        3253203.9748998326,
        0.0
      ],
      [
        684013.8443000766,
        3253221.860799835,
        0.0
      ],
      [
        683989.5530000767,
        3253239.3632998327,
        0.0
      ],
      [
        683957.2654000763,
        3253259.508599834,
        0.0
      ],
      [
        683894.5760000764,
        3253299.6183998347,
        0.0
      ],
      [
        683877.1030000773,
        3253307.035299834,
        0.0
      ],
      [
        683857.3731000766,
        3253317.4586998336,
        0.0
      ],
      [
        683831.8732000763,
        3253330.301699834,
        0.0
      ],
      [
        683807.1377000757,
        3253341.043999833,
        0.0
      ],
      [
        683799.3002000777,
        3253344.447699833,
        0.0
      ],
      [
        683752.5813000755,
        3253368.0862998357,
        0.0
      ],
      [
        683740.319400076,
        3253374.595199834,
        0.0
      ],
      [
        683698.2310000753,
        3253396.9365998353,
        0.0
      ],
      [
        683650.3954000754,
        3253423.3672998347,
        0.0
      ],
      [
        683607.3991000766,
        3253445.516899836,
        0.0
      ],
      [
        683554.3517000757,
        3253472.5058998354,
        0.0
      ],
      [
        683523.2636000755,
        3253486.800799835,
        0.0
      ],
      [
        683546.7203000757,
        3253531.5093998355,
        0.0
      ],
      [
        683565.5196000753,
        3253522.0167998355,
        0.0
      ],
      [
        683571.9103000747,
        3253518.421999836,
        0.0
      ],
      [
        683583.3882000755,
        3253511.965699835,
        0.0
      ],
      [
        683605.7239000751,
        3253502.100699835,
        0.0
      ],
      [
        683637.1800000756,
        3253486.465699835,
        0.0
      ],
      [
        683673.661700076,
        3253469.1554998355,
        0.0
      ],
      [
        683726.3368000758,
        3253441.6080998355,
        0.0
      ],
      [
        683765.0521000758,
        3253421.133699835,
        0.0
      ],
      [
        683828.5228000765,
        3253387.071699832,
        0.0
      ],
      [
        683834.6608000756,
        3253383.4021998355,
        0.0
      ],
      [
        683845.6469000763,
        3253376.8344998336,
        0.0
      ],
      [
        683859.7928000758,
        3253368.644699835,
        0.0
      ],
      [
        683873.5666000757,
        3253362.688499834,
        0.0
      ],
      [
        683891.8074000775,
        3253356.546199834,
        0.0
      ],
      [
        683900.4699000763,
        3253354.4881998342,
        0.0
      ],
      [
        683964.470000076,
        3253319.3211998334,
        0.0
      ],
      [
        684012.9741000766,
        3253280.088999833,
        0.0
      ],
      [
        684064.6734000761,
        3253245.5292998343,
        0.0
      ],
      [
        684038.6677000766,
        3253203.9748998326,
        0.0
      ]
    ]
  ]
}