{
  "code": "132145736",
  "epsg": 32639,
  "bbox_utm": {
    "minx": 683177.1701000737,
    "miny": 3253421.2011498334,
    "maxx": 683923.9630000769,
    "maxy": 3254167.994049837
  },
  "polygon_utm": [
    [
      [
        683354.1043000758,
        3253950.164699837,
        0.0
      ],
      [
        683365.772500075,
        3253944.6431998378,
        0.0
      ],
      [
        683381.1911000753,
        3253937.3505998366,
        0.0
      ],
      [
        683406.8193000753,
        3253924.8489998356,
        0.0
      ],
      [
        683422.0296000749,
        3253917.347999833,
        0.0
      ],
      [
        683439.5318000764,
        3253909.117799835,
        0.0
      ],
      [
        683450.7143000753,
        3253902.577899833,
        0.0
      ],
      [
        683468.389700076,
        3253892.2406998365,
        0.0
      ],
      [
        683481.4121000754,
        3253885.0522998376,
        0.0
      ],
      [
        683492.9761000742,
        3253879.3223998356,
        0.0
      ],
      [
        683497.0916000758,
        3253876.8659998355,
        0.0
      ],
      [
        683498.9096000753,
        3253875.7808998358,
        0.0
      ],
      [
        683512.8745000747,
        3253867.4458998344,
        0.0
      ],
      [
        683529.960000076,
        3253856.194399835,
        0.0
      ],
      [
        683547.3580000768,
        3253841.6092998344,
        0.0
      ],
      [
        683557.9844000776,
        3253832.753999838,
        0.0
      ],
      [
        683584.967000076,
        3253813.897399835,
        0.0
      ],
      [
        683586.7348000755,
        3253812.5739998347,
        0.0
      ],
      [
        683621.8466000746,
        3253786.289699834,
        0.0
      ],
      [
        683642.161700075,
        3253770.766899833,
        0.0
      ],
      [
        683650.3919000756,
        3253766.1829998353,
        0.0
      ],
      [
        683658.3096000755,
        3253760.2447998337,
        0.0
      ],
      [
        683664.352000076,
        3253755.452499836,
        0.0
      ],
      [
        683667.2520000753,
        3253752.943499835,
        0.0
      ],
      [
        683670.7750000751,
        3253749.8954998357,
        0.0
      ],
      [
        683673.6240000756,
        3253747.4305998357,
        0.0
      ],
      [
        683709.8102000771,
        3253723.5760998325,
        0.0
      ],
      [
        683710.9205000756,
        3253722.8441998344,
        0.0
      ],
      [
        683755.4053000761,
        3253697.111699835,
        0.0
      ],
      [
        683783.742200077,
        3253678.9843998337,
        0.0
      ],
      [
        683798.9525000753,
        3253669.9207998333,
        0.0
      ],
      [
        683806.557600076,
        3253663.774199835,
        0.0
      ],
      [
        683812.4959000775,
        3253658.9818998333,
        0.0
      ],
      [
        683816.8714000762,
        3253651.8976998343,
        0.0
      ],
      [
        683817.2783000765,
        3253651.3973998334,
        0.0
      ],
      [
        683811.2341000757,
        3253645.581299835,
        0.0
      ],
      [
        683806.1293000757,
        3253638.9137998344,
        0.0
      ],
      [
        683800.0869000774,
        3253629.745899836,
        0.0
      ],
      [
        683794.9583000757,
        3253624.4618998338,
        0.0
      ],
      [
        683770.0831000771,
        3253641.1014998374,
        0.0
      ],
      [
        683746.6426000751,
        3253655.5824998324,
        0.0
      ],
      [
        683725.4941000758,
        3253666.729799833,
        0.0
      ],
      [
        683702.2619000751,
        3253678.0853998372,
        0.0
      ],
      [
        683694.1359000758,
        3253664.229499836,
        0.0
      ],
      [
        683676.8115000755,
        3253634.879099836,
        0.0
      ],
      [
        683662.5096000754,
        3253640.651199834,
        0.0
      ],
      [
        683645.4704000761,
        3253647.689099833,
        0.0
      ],
      [
        683631.764900076,
        3253653.2453998355,
        0.0
      ],
      [
        683611.0163000756,
        3253662.7830998343,
        0.0
      ],
      [
        683608.7990000766,
        3253663.802299836,
        0.0
      ],
      [
        683584.907100077,
        3253677.5076998346,
        0.0
      ],
      [
        683569.1644000758,
        3253687.1385998363,
        0.0
      ],
      [
        683555.9228000751,
        3253694.543899837,
        0.0
      ],
      [
        683530.0853000754,
        3253708.993199836,
        0.0
      ],
      [
        683470.2629000753,
        3253744.1828998374,
        0.0
      ],
      [
        683448.2596000762,
        3253756.351399834,
        0.0
      ],
      [
        683445.8154000752,
        3253757.7030998343,
        0.0
      ],
      [
        683441.4685000763,
        3253760.227099835,
        0.0
      ],
      [
        683440.0739000749,
        3253761.0368998367,
        0.0
      ],
      [
        683400.4392000753,
        3253776.4091998367,
        0.0
      ],
      [
        683377.288200077,
        3253784.7435998367,
        0.0
      ],
      [
        683355.6187000751,
        3253789.3737998363,
        0.0
      ],
      [
        683348.6909000761,
        3253790.9032998355,
        0.0
      ],
      [
        683341.3577000753,
        3253792.5223998344,
        0.0
      ],
      [
        683309.8722000764,
        3253800.8566998355,
        0.0
      ],
      [
        683283.854800074,
        3253806.270599838,
        0.0
      ],
      [
        683288.6345000739,
        3253838.4013998345,
        0.0
      ],
      [
        683290.5484000746,
        3253845.9246998355,
        0.0
      ],
      [
        683294.1294000741,
        3253861.0495998343,
        0.0
      ],
      [
        683298.0188000747,
        3253876.9774998357,
        0.0
      ],
      [
        683303.3899000748,
        3253891.7941998364,
        0.0
      ],
      [
        683307.4645000751,
        3253903.0918998364,
        0.0
      ],
      [
        683308.9461000764,
        3253917.723399837,
        0.0
      ],
      [
        683308.9263000763,
        3253919.4336998365,
        0.0
      ],
      [
        683308.760900075,
        3253933.651399836,
        0.0
      ],
      [
        683312.0947000745,
        3253947.3567998325,
        0.0
      ],
      [
        683317.3832000748,
        3253964.7332998365,
        0.0
      ],
      [
        683354.1043000758,
        3253950.164699837,
        0.0
      ]
    ]
  ]
}