{
  "code": "132145905",
  "epsg": 32639,
  "bbox_utm": {
    "minx": 683470.7417200765,
    "miny": 3253883.310119834,
    "maxx": 684201.4512800757,
    "maxy": 3254614.019679833
  },
  "polygon_utm": [
    [
      [
        683817.2654000756,
        3253987.697199834,
        0.0
      ],
      [
        683814.0062000755,
        3254004.1743998337,
        0.0
      ],
      [
        683800.064000076,
        3254065.556499834,
        0.0
      ],
      [
        683794.2698000759,
        3254074.2476998335,
        0.0
      ],
      [
        683789.1999000765,
        3254085.836099835,
        0.0
      ],
      [
        683785.2164000773,
        3254105.210399835,
        0.0
      ],
      [
        683781.726900077,
        3254114.7272998337,
        0.0
      ],
      [
        683781.2329000765,
        3254116.074499834,
        0.0
      ],
      [
        683778.5168000761,
        3254124.5846998324,
        0.0
      ],
      [
        683775.2576000757,
        3254141.423999835,
        0.0
      ],
      [
        683767.2906000761,
        3254161.522599835,
        0.0
      ],
      [
        683759.504700076,
        3254175.4647998335,
        0.0
      ],
      [
        683747.5513000772,
        3254193.0867998344,
        0.0
      ],
      [
        683743.4006000762,
        3254199.2058998332,
        0.0
      ],
      [
        683741.9411000762,
        3254201.3575998344,
        0.0
      ],
      [
        683712.6080000758,
        3254245.9002998355,
        0.0
      ],
      [
        683711.7741000755,
        3254246.945699833,
        0.0
      ],
      [
        683674.7648000754,
        3254293.3401998347,
        0.0
      ],
      [
        683648.1478000762,
        3254325.0270998357,
        0.0
      ],
      [
        683630.7653000756,
        3254341.142099836,
        0.0
      ],
      [
        683611.2099000758,
        3254356.3518998357,
        0.0
      ],
      [
        683600.5269000755,
        3254361.6027998375,
        0.0
      ],
      [
        683618.6400000749,
        3254378.499899836,
        0.0
      ],
      [
        683622.2251000766,
        3254381.8443998345,
        0.0
      ],
      [
        683655.2248000754,
        3254410.6341998335,
        0.0
      ],
      [
        683676.8172000765,
        3254429.510599836,
        0.0
      ],
      [
        683688.6319000763,
        3254438.609199835,
        0.0
      ],
      [
        683707.2366000764,
        3254454.633799834,
        0.0
      ],
      [
        683728.6932000753,
        3254473.917499834,
        0.0
      ],
      [
        683756.6682000761,
        3254499.991299833,
        0.0
      ],
      [
        683769.2971000758,
        3254509.6325998334,
        0.0
      ],
      [
        683788.2945000755,
        3254490.5233998336,
        0.0
      ],
      [
        683843.8824000754,
        3254439.2810998335,
        0.0
      ],
      [
        683887.4218000754,
        3254403.2062998335,
        0.0
      ],
      [
        683889.3305000763,
        3254401.437799833,
        0.0
      ],
      [
        683919.5076000763,
        3254373.4778998345,
        0.0
      ],
      [
        683933.6922000765,
        3254360.3353998335,
        0.0
      ],
      [
        683952.1612000761,
        3254342.952799833,
        0.0
      ],
      [
        683971.7165000761,
        3254328.648399833,
        0.0
      ],
      [
        683997.971400077,
        3254311.446999835,
        0.0
      ],
      [
        684030.201500077,
        3254290.443099833,
        0.0
      ],
      [
        684061.5263000766,
        3254270.163399834,
        0.0
      ],
      [
        684071.6661000769,
        3254262.7395998333,
        0.0
      ],
      [
        684056.8186000765,
        3254242.6410998325,
        0.0
      ],
      [
        684031.1069000761,
        3254211.1351998337,
        0.0
      ],
      [
        684030.0539000762,
        3254210.3902998334,
        0.0
      ],
      [
        684004.4899000765,
        3254192.3040998303,
        0.0
      ],
      [
        683962.119900078,
        3254167.135699834,
        0.0
      ],
      [
        683950.3505000758,
        3254154.098799834,
        0.0
      ],
      [
        683952.1612000767,
        3254127.1195998318,
        0.0
      ],
      [
        683919.2068000764,
        3254094.527399834,
        0.0
      ],
      [
        683885.7092000765,
        3254059.400099834,
        0.0
      ],
      [
        683841.7096000757,
        3254013.408799834,
        0.0
      ],
      [
        683817.2654000756,
        3253987.697199834,
        0.0
      ]
    ]
  ]
}