{
  "code": "132145709",
  "epsg": 32639,
  "bbox_utm": {
    "minx": 683593.7712400752,
    "miny": 3253249.660389834,
    "maxx": 684175.053060077,
    "maxy": 3253830.942209836
  },
  "polygon_utm": [
    [
      [
        683834.753600078,
        3253547.676399834,
        0.0
      ],
      [
        683807.3428000755,
        3253568.2345998357,
        0.0
      ],
      [
        683788.6367000766,
        3253579.3470998346,
        0.0
      ],
      [
        683769.0742867223,
        3253591.0127774407,
        0.0
      ],
      [
        683768.6573622925,
        3253591.2613923703,
        0.0
      ],
      [
        683768.4450171939,
        3253591.3786693793,
        0.0
      ],
      [
        683752.3358000752,
        3253600.2756998343,
        0.0
      ],
      [
        683728.0734000751,
        3253613.2402998335,
        0.0
      ],
      [
        683703.8111000763,
        3253623.9823998357,
        0.0
      ],
      [
        683676.8115000755,
        3253634.879099836,
        0.0
      ],
      [
        683694.1359000758,
        3253664.229499836,
        0.0
      ],
      [
        683702.2619000751,
        3253678.0853998372,
        0.0
      ],
      [
        683725.4941000758,
        3253666.729799833,
        0.0
      ],
      [
        683746.6426000751,
        3253655.5824998324,
        0.0
      ],
      [
        683770.0831000771,
        3253641.1014998364,
        0.0
      ],
      [
        683794.9583000757,
        3253624.4618998338,
        0.0
      ],
      [
        683800.0869000774,
        3253629.745899836,
        0.0
      ],
      [
        683806.1293000757,
        3253638.9137998344,
        0.0
      ],
      [
        683811.2341000757,
        3253645.581299835,
        0.0
      ],
      [
        683817.2783000765,
        3253651.3973998334,
        0.0
      ],
      [
        683823.2264000762,
        3253644.084199835,
        0.0
      ],
      [
        683838.3325000751,
        3253629.1863998366,
        0.0
      ],
      [
        683856.4598000766,
        3253613.246899835,
        0.0
      ],
      [
        683871.3322000763,
        3253602.2953998325,
        0.0
      ],
      [
        683879.3793000763,
        3253596.3697998323,
        0.0
      ],
      [
        683906.8828000756,
        3253576.054699835,
        0.0
      ],
      [
        683921.4366000775,
        3253567.6216998314,
        0.0
      ],
      [
        683929.177300076,
        3253563.1363998326,
        0.0
      ],
      [
        683931.7478000759,
        3253562.1343998355,
        0.0
      ],
      [
        683935.323900077,
        3253560.7402998325,
        0.0
      ],
      [
        683954.5972000768,
        3253555.8437998337,
        0.0
      ],
      [
        683968.0364000767,
        3253552.718399835,
        0.0
      ],
      [
        683984.1843000754,
        3253548.863699834,
        0.0
      ],
      [
        684008.8981000769,
        3253542.225199833,
        0.0
      ],
      [
        684014.3260000763,
        3253540.079299833,
        0.0
      ],
      [
        684016.7482000788,
        3253539.121699833,
        0.0
      ],
      [
        684040.7540000754,
        3253529.6309998306,
        0.0
      ],
      [
        684069.0909000776,
        3253516.6663998333,
        0.0
      ],
      [
        684072.8083000755,
        3253514.847499832,
        0.0
      ],
      [
        684092.0128000767,
        3253505.4509998322,
        0.0
      ],
      [
        684086.8108000765,
        3253488.9478998315,
        0.0
      ],
      [
        684076.9330000768,
        3253459.0674998336,
        0.0
      ],
      [
        684069.771600076,
        3253433.8791998336,
        0.0
      ],
      [
        684068.2899000788,
        3253422.7665998335,
        0.0
      ],
      [
        684068.536800077,
        3253413.6296998328,
        0.0
      ],
      [
        684069.030700078,
        3253402.517199833,
        0.0
      ],
      [
        684050.8922000767,
        3253437.106899831,
        0.0
      ],
      [
        684049.3997000762,
        3253438.1126998314,
        0.0
      ],
      [
        684042.3726000772,
        3253442.8482998335,
        0.0
      ],
      [
        684012.5540000759,
        3253458.5910998345,
        0.0
      ],
      [
        683998.292900076,
        3253463.591699834,
        0.0
      ],
      [
        683985.4497000762,
        3253467.3278998337,
        0.0
      ],
      [
        683977.9200000772,
        3253469.5183998314,
        0.0
      ],
      [
        683965.1406000766,
        3253474.8893998303,
        0.0
      ],
      [
        683955.6949000766,
        3253478.5935998345,
        0.0
      ],
      [
        683914.3934000765,
        3253499.3369998303,
        0.0
      ],
      [
        683903.4404000763,
        3253505.783999833,
        0.0
      ],
      [
        683885.1304000769,
        3253516.5613998347,
        0.0
      ],
      [
        683863.7205220405,
        3253529.785113034,
        0.0
      ],
      [
        683834.753600078,
        3253547.676399834,
        0.0
      ]
    ]
  ]
}