{
  "code": "196889119",
  "epsg": 32639,
  "bbox_utm": {
    "minx": 683056.7604000745,
    "miny": 3251729.8881998365,
    "maxx": 683453.5925000757,
    "maxy": 3252126.7202998376
  },
  "polygon_utm": [
    [
      [
        683113.4507000747,
        3251854.995999837,
        0.0
      ],
      [
        683114.1489000758,
        3251865.4691998363,
        0.0
      ],
      [
        683129.1762000741,
        3251917.3257998372,
        0.0
      ],
      [
        683207.2024000741,
        3251941.658399837,
        0.0
      ],
      [
        683258.2801000751,
        3251961.968199837,
        0.0
      ],
      [
        683359.9239000755,
        3251999.999999837,
        0.0
      ],
      [
        683364.2335000751,
        3252001.6124998373,
        0.0
      ],
      [
        683365.6266000748,
        3251999.9999998384,
        0.0
      ],
      [
        683396.9022000756,
        3251963.7995998356,
        0.0
      ],
      [
        683357.932500075,
        3251951.010099836,
        0.0
      ],
      [
        683296.5478000744,
        3251929.245799837,
        0.0
      ],
      [
        683248.2309000745,
        3251910.038999839,
        0.0
      ],
      [
        683196.0451000747,
        3251890.359399838,
        0.0
      ],
      [
        683113.4507000747,
        3251854.995999837,
        0.0
      ]
    ]
  ]
}