{
  "code": "196889461",
  "epsg": 32639,
  "bbox_utm": {
    "minx": 683484.1441000755,
    "miny": 3251277.660949835,
    "maxx": 683763.7031000756,
    "maxy": 3251557.2199498345
  },
  "polygon_utm": [
    [
      [
        683709.0514000759,
        3251458.143699835,
        0.0
      ],
      [
        683721.8308000755,
        3251439.252399835,
        0.0
      ],
      [
        683723.7661000754,
        3251436.700499836,
        0.0
      ],
      [
        683685.5229000762,
        3251406.768799834,
        0.0
      ],
      [
        683635.8870000758,
        3251373.2459998364,
        0.0
      ],
      [
        683584.3321000758,
        3251336.513099836,
        0.0
      ],
      [
        683576.1006000747,
        3251330.6481998344,
        0.0
      ],
      [
        683574.0831000758,
        3251329.210699835,
        0.0
      ],
      [
        683567.1543000753,
        3251335.3242998375,
        0.0
      ],
      [
        683557.9090000754,
        3251344.662299836,
        0.0
      ],
      [
        683547.7842000748,
        3251353.7992998366,
        0.0
      ],
      [
        683527.9117000757,
        3251390.6039998364,
        0.0
      ],
      [
        683526.0529000747,
        3251395.7351998365,
        0.0
      ],
      [
        683524.0811000755,
        3251402.2939998363,
        0.0
      ],
      [
        683525.6607000749,
        3251403.3235998354,
        0.0
      ],
      [
        683569.0267000757,
        3251431.5866998355,
        0.0
      ],
      [
        683597.3636000752,
        3251449.551999836,
        0.0
      ],
      [
        683637.1835000756,
        3251472.8882998354,
        0.0
      ],
      [
        683689.5975000768,
        3251505.6701998347,
        0.0
      ],
      [
        683695.901600076,
        3251485.3693998363,
        0.0
      ],
      [
        683709.0514000759,
        3251458.143699835,
        0.0
      ]
    ]
  ]
}