{
  "code": "196889339",
  "epsg": 32639,
  "bbox_utm": {
    "minx": 683335.4305800768,
    "miny": 3251987.4065298364,
    "maxx": 683459.1480200752,
    "maxy": 3252111.123969835
  },
  "polygon_utm": [
    [
      [
        683385.1323000751,
        3252009.504199836,
        0.0
      ],
      [
        683353.1045000765,
        3252045.683699836,
        0.0
      ],
      [
        683440.1727000751,
        3252089.0262998356,
        0.0
      ],
      [
        683441.4741000753,
        3252025.501399835,
        0.0
      ],
      [
        683385.1323000751,
        3252009.504199836,
        0.0
      ]
    ]
  ]
}