{
  "code": "196889939",
  "epsg": 32639,
  "bbox_utm": {
    "minx": 682478.4948400732,
    "miny": 3252731.013989839,
    "maxx": 682787.4360600738,
    "maxy": 3253039.95520984
  },
  "polygon_utm": [
    [
      [
        682703.0228000738,
        3252806.0703998385,
        0.0
      ],
      [
        682654.1326000744,
        3252814.9334998378,
        0.0
      ],
      [
        682624.1628000734,
        3252826.7392998384,
        0.0
      ],
      [
        682594.4032000728,
        3252838.462399839,
        0.0
      ],
      [
        682522.6293000733,
        3252893.6453998405,
        0.0
      ],
      [
        682545.5261000737,
        3252940.73049984,
        0.0
      ],
      [
        682557.1444000729,
        3252964.8987998404,
        0.0
      ],
      [
        682582.439700073,
        3252959.26409984,
        0.0
      ],
      [
        682648.9359000747,
        3252940.671799841,
        0.0
      ],
      [
        682704.3367000737,
        3252911.8323998386,
        0.0
      ],
      [
        682743.3016000737,
        3252886.072999839,
        0.0
      ],
      [
        682715.2868000737,
        3252830.4371998385,
        0.0
      ],
      [
        682704.6254000741,
        3252809.2545998394,
        0.0
      ],
      [
        682703.0228000738,
        3252806.0703998385,
        0.0
      ]
    ]
  ]
}