{
  "code": "196889104",
  "epsg": 32639,
  "bbox_utm": {
    "minx": 683148.8407600744,
    "miny": 3251742.184159836,
    "maxx": 683479.2711400763,
    "maxy": 3252072.6145398375
  },
  "polygon_utm": [
    [
      [
        683432.066800076,
        3251924.055699837,
        0.0
      ],
      [
        683366.8695000749,
        3251903.3469998357,
        0.0
      ],
      [
        683272.794200076,
        3251875.5622998383,
        0.0
      ],
      [
        683209.174500074,
        3251850.9990998376,
        0.0
      ],
      [
        683196.0451000747,
        3251890.359399838,
        0.0
      ],
      [
        683248.2309000745,
        3251910.038999839,
        0.0
      ],
      [
        683296.5478000744,
        3251929.245799837,
        0.0
      ],
      [
        683357.932500075,
        3251951.010099836,
        0.0
      ],
      [
        683396.9022000756,
        3251963.7995998356,
        0.0
      ],
      [
        683410.8224000752,
        3251947.6873998367,
        0.0
      ],
      [
        683432.066800076,
        3251924.055699837,
        0.0
      ]
    ]
  ]
}