{
  "code": "196895909",
  "epsg": 32639,
  "bbox_utm": {
    "minx": 702084.3594841291,
    "miny": 3231511.327893738,
    "maxx": 703554.6052961331,
    "maxy": 3232981.5737057417
  },
  "polygon_utm": [
    [
      [
        703301.9719001336,
        3232124.355999737,
        0.0
      ],
      [
        703316.6902001334,
        3232109.5302997353,
        0.0
      ],
      [
        703319.4448001334,
        3232106.7555997362,
        0.0
      ],
      [
        703342.538000134,
        3232079.5714997333,
        0.0
      ],
      [
        703344.5701801324,
        3232078.6047597355,
        0.0
      ],
      [
        703330.4800001346,
        3232047.6430997364,
        0.0
      ],
      [
        703317.6869001342,
        3232020.7392997355,
        0.0
      ],
      [
        703297.1240001328,
        3231986.7658997364,
        0.0
      ],
      [
        703272.7531001343,
        3231998.215199736,
        0.0
      ],
      [
        703214.6915001341,
        3232024.952399737,
        0.0
      ],
      [
        703200.000000133,
        3232031.268899736,
        0.0
      ],
      [
        703157.7499001333,
        3232049.433899738,
        0.0
      ],
      [
        703078.7974001324,
        3232084.378499737,
        0.0
      ],
      [
        702994.8411001329,
        3232121.2767997375,
        0.0
      ],
      [
        702911.2868001316,
        3232160.242299737,
        0.0
      ],
      [
        702845.9239001313,
        3232189.9046997386,
        0.0
      ],
      [
        702767.4479001323,
        3232226.174799739,
        0.0
      ],
      [
        702666.656900132,
        3232272.84339974,
        0.0
      ],
      [
        702600.3633001316,
        3232300.5698997416,
        0.0
      ],
      [
        702537.6617001309,
        3232327.9754997436,
        0.0
      ],
      [
        702481.2937001307,
        3232355.7016997403,
        0.0
      ],
      [
        702351.1643001295,
        3232428.0436997437,
        0.0
      ],
      [
        702294.3946001297,
        3232452.670899742,
        0.0
      ],
      [
        702319.4938001309,
        3232506.1356997434,
        0.0
      ],
      [
        702523.9917960503,
        3232409.285775511,
        0.0
      ],
      [
        702562.5313328435,
        3232472.2669641944,
        0.0
      ],
      [
        703122.5111589171,
        3232203.9572005775,
        0.0
      ],
      [
        703301.3661001334,
        3232124.9661997356,
        0.0
      ],
      [
        703301.9719001336,
        3232124.355999737,
        0.0
      ]
    ]
  ]
}