{
  "code": "196887236",
  "epsg": 32639,
  "bbox_utm": {
    "minx": 690335.0900100967,
    "miny": 3236206.766759807,
    "maxx": 691802.1593900922,
    "maxy": 3237673.8361398024
  },
  "polygon_utm": [
    [
      [
        691515.4464000956,
        3237460.7358998037,
        0.0
      ],
      [
        691525.2625000961,
        3237457.9576998027,
        0.0
      ],
      [
        691535.8194000962,
        3237452.4014998027,
        0.0
      ],
      [
        691545.2650000968,
        3237444.8078998034,
        0.0
      ],
      [
        691552.291500096,
        3237437.3675998026,
        0.0
      ],
      [
        691547.4761000954,
        3237425.8845998044,
        0.0
      ],
      [
        691531.5481000958,
        3237406.2524998025,
        0.0
      ],
      [
        691490.4318000963,
        3237363.6544998037,
        0.0
      ],
      [
        691443.0184000963,
        3237317.167099802,
        0.0
      ],
      [
        691399.3091000956,
        3237275.124699805,
        0.0
      ],
      [
        691369.490500096,
        3237246.232199805,
        0.0
      ],
      [
        691360.785700095,
        3237237.7125998037,
        0.0
      ],
      [
        691354.8590000955,
        3237232.156299805,
        0.0
      ],
      [
        691350.2288000952,
        3237226.9704998042,
        0.0
      ],
      [
        691347.635900097,
        3237223.821899806,
        0.0
      ],
      [
        691345.5986000956,
        3237219.7472998067,
        0.0
      ],
      [
        691345.2282000951,
        3237212.709399806,
        0.0
      ],
      [
        691346.1542000952,
        3237206.967899806,
        0.0
      ],
      [
        691349.8584000958,
        3237197.892699804,
        0.0
      ],
      [
        691362.8230000952,
        3237182.1499998057,
        0.0
      ],
      [
        691388.381800095,
        3237161.2213998055,
        0.0
      ],
      [
        691401.1830000954,
        3237150.067099805,
        0.0
      ],
      [
        691367.9555000968,
        3237115.161599804,
        0.0
      ],
      [
        691237.7538000948,
        3236984.774599805,
        0.0
      ],
      [
        691119.5906000946,
        3236867.537499806,
        0.0
      ],
      [
        691047.1740000949,
        3236794.7504998064,
        0.0
      ],
      [
        690984.9439000956,
        3236734.1872998066,
        0.0
      ],
      [
        690928.6404000941,
        3236679.365499805,
        0.0
      ],
      [
        690811.2181000941,
        3236562.6839998076,
        0.0
      ],
      [
        690731.0227000931,
        3236482.4885998075,
        0.0
      ],
      [
        690663.0280000933,
        3236416.3480998063,
        0.0
      ],
      [
        690658.4857000936,
        3236421.344599808,
        0.0
      ],
      [
        690651.4478000945,
        3236427.8268998065,
        0.0
      ],
      [
        690643.298600095,
        3236433.0127998088,
        0.0
      ],
      [
        690633.6678000931,
        3236439.6802998064,
        0.0
      ],
      [
        690624.4073000933,
        3236449.68149981,
        0.0
      ],
      [
        690616.0729000932,
        3236459.3123998092,
        0.0
      ],
      [
        690611.9983000937,
        3236469.1284998083,
        0.0
      ],
      [
        690607.3681000931,
        3236485.7971998085,
        0.0
      ],
      [
        690603.8492000934,
        3236493.2055998105,
        0.0
      ],
      [
        690594.5887000933,
        3236508.022299807,
        0.0
      ],
      [
        690585.3283000931,
        3236521.912899809,
        0.0
      ],
      [
        690584.9579000929,
        3236526.17269981,
        0.0
      ],
      [
        690587.1804000932,
        3236531.3585998085,
        0.0
      ],
      [
        690589.7733000931,
        3236536.729599808,
        0.0
      ],
      [
        690605.3308000931,
        3236554.1392998076,
        0.0
      ],
      [
        690636.8163000938,
        3236587.847199809,
        0.0
      ],
      [
        690674.7841000931,
        3236626.926299808,
        0.0
      ],
      [
        690721.4567000946,
        3236673.9692998086,
        0.0
      ],
      [
        690775.1672000939,
        3236727.8649998074,
        0.0
      ],
      [
        690811.468100094,
        3236764.1658998076,
        0.0
      ],
      [
        690855.7330000943,
        3236808.430799808,
        0.0
      ],
      [
        690904.998500094,
        3236855.6589998053,
        0.0
      ],
      [
        690937.0396000952,
        3236888.255799806,
        0.0
      ],
      [
        690978.8968000944,
        3236929.9276998066,
        0.0
      ],
      [
        691052.6098000943,
        3237004.9371998054,
        0.0
      ],
      [
        691104.4683000948,
        3237055.128799804,
        0.0
      ],
      [
        691113.9139000948,
        3237066.2412998057,
        0.0
      ],
      [
        691133.7313000951,
        3237089.7627998046,
        0.0
      ],
      [
        691175.9588000947,
        3237132.916499805,
        0.0
      ],
      [
        691239.4854000945,
        3237196.072599805,
        0.0
      ],
      [
        691254.1169000946,
        3237208.296399804,
        0.0
      ],
      [
        691264.3034000946,
        3237218.668099804,
        0.0
      ],
      [
        691278.1940000954,
        3237234.5959998043,
        0.0
      ],
      [
        691299.8635000961,
        3237255.5245998045,
        0.0
      ],
      [
        691328.2004000958,
        3237285.5283998046,
        0.0
      ],
      [
        691365.6126000953,
        3237324.9778998047,
        0.0
      ],
      [
        691391.9122000954,
        3237350.351499805,
        0.0
      ],
      [
        691429.8800000953,
        3237389.9860998043,
        0.0
      ],
      [
        691475.626500096,
        3237439.807299803,
        0.0
      ],
      [
        691497.481100096,
        3237464.2547998033,
        0.0
      ],
      [
        691506.1860000953,
        3237462.4026998025,
        0.0
      ],
      [
        691515.4464000956,
        3237460.7358998037,
        0.0
      ]
    ]
  ]
}