{
  "code": "196889315",
  "epsg": 32639,
  "bbox_utm": {
    "minx": 683184.435560075,
    "miny": 3251475.6234098356,
    "maxx": 683641.6086400753,
    "maxy": 3251932.7964898357
  },
  "polygon_utm": [
    [
      [
        683562.5759000751,
        3251757.0527998367,
        0.0
      ],
      [
        683545.3141000756,
        3251749.7344998373,
        0.0
      ],
      [
        683463.9824000756,
        3251703.1335998364,
        0.0
      ],
      [
        683381.0067000748,
        3251658.9345998354,
        0.0
      ],
      [
        683339.275300075,
        3251636.7053998355,
        0.0
      ],
      [
        683335.793300075,
        3251634.7742998367,
        0.0
      ],
      [
        683287.1636000746,
        3251607.804499837,
        0.0
      ],
      [
        683272.6876000749,
        3251618.7711998355,
        0.0
      ],
      [
        683255.1545000752,
        3251639.0206998372,
        0.0
      ],
      [
        683249.7460000751,
        3251646.173799838,
        0.0
      ],
      [
        683320.3132000747,
        3251681.5440998357,
        0.0
      ],
      [
        683326.9280000754,
        3251684.8595998376,
        0.0
      ],
      [
        683366.4392000749,
        3251704.6151998364,
        0.0
      ],
      [
        683413.1118000753,
        3251731.532199837,
        0.0
      ],
      [
        683480.5278000752,
        3251765.116699836,
        0.0
      ],
      [
        683525.5615000748,
        3251792.4505998357,
        0.0
      ],
      [
        683526.795300077,
        3251789.933699837,
        0.0
      ],
      [
        683545.2126000766,
        3251799.141499835,
        0.0
      ],
      [
        683547.9260000755,
        3251800.6153998342,
        0.0
      ],
      [
        683576.2982000753,
        3251763.2317998353,
        0.0
      ],
      [
        683562.5759000751,
        3251757.0527998367,
        0.0
      ]
    ]
  ]
}