{
  "code": "196889254",
  "epsg": 32639,
  "bbox_utm": {
    "minx": 683167.4834400743,
    "miny": 3251593.5166898356,
    "maxx": 683563.5256600756,
    "maxy": 3251989.5589098376
  },
  "polygon_utm": [
    [
      [
        683500.691600075,
        3251834.487799837,
        0.0
      ],
      [
        683483.4911000757,
        3251821.6670998354,
        0.0
      ],
      [
        683459.0436000766,
        3251804.8748998363,
        0.0
      ],
      [
        683424.7182000752,
        3251789.5642998377,
        0.0
      ],
      [
        683363.2289000753,
        3251759.9308998366,
        0.0
      ],
      [
        683260.993700075,
        3251705.356099836,
        0.0
      ],
      [
        683258.2340000749,
        3251703.699499837,
        0.0
      ],
      [
        683240.4973000747,
        3251735.483399837,
        0.0
      ],
      [
        683224.0609000744,
        3251774.651999837,
        0.0
      ],
      [
        683332.8944000746,
        3251822.563099838,
        0.0
      ],
      [
        683397.595500075,
        3251846.801399836,
        0.0
      ],
      [
        683471.8678000758,
        3251879.376099836,
        0.0
      ],
      [
        683506.9482000755,
        3251839.151299836,
        0.0
      ],
      [
        683500.691600075,
        3251834.487799837,
        0.0
      ]
    ]
  ]
}