{
  "code": "196922779",
  "epsg": 32639,
  "bbox_utm": {
    "minx": 706883.2093993135,
    "miny": 3269876.2195696905,
    "maxx": 707447.3079343099,
    "maxy": 3270440.318104686
  },
  "polygon_utm": [
    [
      [
        707169.377300146,
        3269957.925699688,
        0.0
      ],
      [
        707167.8957001474,
        3269958.2960996893,
        0.0
      ],
      [
        707169.3773001453,
        3269964.5930996877,
        0.0
      ],
      [
        707173.8223001454,
        3269972.371899688,
        0.0
      ],
      [
        707181.045500146,
        3269983.484499687,
        0.0
      ],
      [
        707184.7497001447,
        3269989.96669969,
        0.0
      ],
      [
        707187.3129001464,
        3269999.9999996875,
        0.0
      ],
      [
        707191.2319001453,
        3270015.340299687,
        0.0
      ],
      [
        707192.7137001451,
        3270020.526299687,
        0.0
      ],
      [
        707184.9349001463,
        3270021.2670996897,
        0.0
      ],
      [
        707174.7485001476,
        3270023.489499688,
        0.0
      ],
      [
        707167.5253001475,
        3270026.0824996857,
        0.0
      ],
      [
        707157.8945001469,
        3270029.2310996894,
        0.0
      ],
      [
        707100.1093001463,
        3270042.1956996885,
        0.0
      ],
      [
        707071.7723001457,
        3270047.381399688,
        0.0
      ],
      [
        707077.6474001459,
        3270068.643499688,
        0.0
      ],
      [
        707078.1414001465,
        3270070.4312996883,
        0.0
      ],
      [
        707079.551200145,
        3270075.5333996876,
        0.0
      ],
      [
        707088.811500145,
        3270111.46359969,
        0.0
      ],
      [
        707109.3697001457,
        3270204.4383996883,
        0.0
      ],
      [
        707113.733600146,
        3270221.791599689,
        0.0
      ],
      [
        707133.0764001446,
        3270298.709699688,
        0.0
      ],
      [
        707150.1959001451,
        3270359.7325996873,
        0.0
      ],
      [
        707194.9537001462,
        3270319.4725996866,
        0.0
      ],
      [
        707233.0891001469,
        3270287.4118996873,
        0.0
      ],
      [
        707245.312900146,
        3270278.3366996907,
        0.0
      ],
      [
        707256.6107001458,
        3270271.8543996853,
        0.0
      ],
      [
        707258.7450334778,
        3270271.107299689,
        0.0
      ],
      [
        707256.6852334777,
        3270266.730299685,
        0.0
      ],
      [
        707241.5444334772,
        3270211.8622330218,
        0.0
      ],
      [
        707241.2062201453,
        3270210.3476996836,
        0.0
      ],
      [
        707231.5431488066,
        3270167.0740111507,
        0.0
      ],
      [
        707226.5464858597,
        3270144.6975996895,
        0.0
      ],
      [
        707225.5701001445,
        3270140.3252996868,
        0.0
      ],
      [
        707212.8612001442,
        3270087.2793996916,
        0.0
      ],
      [
        707212.7907001459,
        3270086.985279688,
        0.0
      ],
      [
        707202.3727001447,
        3270046.0078796893,
        0.0
      ],
      [
        707200.8076703587,
        3270040.1945077055,
        0.0
      ],
      [
        707200.0164001437,
        3270037.2552996892,
        0.0
      ],
      [
        707195.4342334784,
        3270020.234699688,
        0.0
      ],
      [
        707197.8994334771,
        3270019.970499687,
        0.0
      ],
      [
        707218.2724334768,
        3270018.6740996875,
        0.0
      ],
      [
        707224.0139001433,
        3270018.674099689,
        0.0
      ],
      [
        707219.8538274985,
        3269999.9999935944,
        0.0
      ],
      [
        707215.6795001449,
        3269981.261899685,
        0.0
      ],
      [
        707210.6786751456,
        3269956.80507469,
        0.0
      ],
      [
        707169.377300146,
        3269957.925699688,
        0.0
      ]
    ]
  ]
}