{
  "code": "196917421",
  "epsg": 32639,
  "bbox_utm": {
    "minx": 706761.104610146,
    "miny": 3270622.7106596897,
    "maxx": 707238.1051901439,
    "maxy": 3271099.7112396876
  },
  "polygon_utm": [
    [
      [
        706908.2500001442,
        3270695.821299686,
        0.0
      ],
      [
        706929.9195001458,
        3270766.2006996903,
        0.0
      ],
      [
        706944.365700145,
        3270813.2436996894,
        0.0
      ],
      [
        706971.9619001457,
        3270897.51369969,
        0.0
      ],
      [
        706998.4467001449,
        3270981.4130996885,
        0.0
      ],
      [
        707014.1650001454,
        3271031.568299688,
        0.0
      ],
      [
        707052.0377001455,
        3271024.9284996893,
        0.0
      ],
      [
        707088.5521001446,
        3271018.615499687,
        0.0
      ],
      [
        707090.8440001456,
        3271016.323599687,
        0.0
      ],
      [
        707090.9598001457,
        3271016.2076996877,
        0.0
      ],
      [
        707090.2189001464,
        3271009.910699689,
        0.0
      ],
      [
        707076.5135001456,
        3270945.2726996844,
        0.0
      ],
      [
        707065.0305001454,
        3270892.11789969,
        0.0
      ],
      [
        707036.6936001447,
        3270747.469799688,
        0.0
      ],
      [
        707030.3025001464,
        3270744.716499688,
        0.0
      ],
      [
        707025.6723001469,
        3270743.790299687,
        0.0
      ],
      [
        707014.189500145,
        3270742.493899688,
        0.0
      ],
      [
        706993.6313001438,
        3270738.048899692,
        0.0
      ],
      [
        706978.6293001458,
        3270733.233499688,
        0.0
      ],
      [
        706959.3677001456,
        3270723.9730996895,
        0.0
      ],
      [
        706942.5137001458,
        3270713.0456996905,
        0.0
      ],
      [
        706929.3639001459,
        3270700.4514996894,
        0.0
      ],
      [
        706920.2539001446,
        3270690.8535996894,
        0.0
      ],
      [
        706908.2500001442,
        3270695.821299686,
        0.0
      ]
    ]
  ]
}