{
  "code": "231805111",
  "epsg": 32639,
  "bbox_utm": {
    "minx": 627569.2969815359,
    "miny": 3152917.7369425003,
    "maxx": 627668.2063794835,
    "maxy": 3153016.646340448
  },
  "polygon_utm": [
    [
      [
        627592.293185618,
        3152954.9436324276,
        0.0
      ],
      [
        627583.4268955283,
        3152997.6857570703,
        0.0
      ],
      [
        627654.0764654909,
        3152971.8096447177,
        0.0
      ],
      [
        627643.9550749139,
        3152936.697525878,
        0.0
      ],
      [
        627592.293185618,
        3152954.9436324276,
        0.0
      ]
    ]
  ]
}