{
  "code": "231935319",
  "epsg": 32639,
  "bbox_utm": {
    "minx": 627797.1289558356,
    "miny": 3152900.4048052365,
    "maxx": 627971.4736780665,
    "maxy": 3153074.7495274674
  },
  "polygon_utm": [
    [
      [
        627916.435118502,
        3153039.4425340015,
        0.0
      ],
      [
        627946.5672891764,
        3152972.9009483517,
        0.0
      ],
      [
        627919.71814874,
        3152930.8149402114,
        0.0
      ],
      [
        627835.7054473145,
        3152929.900721306,
        0.0
      ],
      [
        627822.0353447257,
        3153027.966960119,
        0.0
      ],
      [
        627874.3609428129,
        3153045.253611398,
        0.0
      ],
      [
        627916.435118502,
        3153039.4425340015,
        0.0
      ]
    ]
  ]
}