{
  "code": "231937614",
  "epsg": 32639,
  "bbox_utm": {
    "minx": 627399.8977216138,
    "miny": 3152914.9021672765,
    "maxx": 627748.0255671053,
    "maxy": 3153263.0300127678
  },
  "polygon_utm": [
    [
      [
        627604.5927347435,
        3153127.997067212,
        0.0
      ],
      [
        627600.8232652432,
        3153088.252697475,
        0.0
      ],
      [
        627570.6572529059,
        3152964.6347166323,
        0.0
      ],
      [
        627543.3305539755,
        3152966.4277706863,
        0.0
      ],
      [
        627570.0582025404,
        3153213.297463412,
        0.0
      ],
      [
        627604.5927347435,
        3153127.997067212,
        0.0
      ]
    ]
  ]
}