{
  "code": "232167654",
  "epsg": 32639,
  "bbox_utm": {
    "minx": 628055.3192631458,
    "miny": 3152828.256662102,
    "maxx": 628491.8791781482,
    "maxy": 3153264.8165771053
  },
  "polygon_utm": [
    [
      [
        628367.040817989,
        3153132.1222859155,
        0.0
      ],
      [
        628321.290899663,
        3153089.8293542447,
        0.0
      ],
      [
        628258.3483289145,
        3152890.6223642454,
        0.0
      ],
      [
        628180.1576233049,
        3152933.65283783,
        0.0
      ],
      [
        628268.4414865271,
        3153120.5972723267,
        0.0
      ],
      [
        628224.0618792136,
        3153145.1887919167,
        0.0
      ],
      [
        628301.1563184842,
        3153202.4508749614,
        0.0
      ],
      [
        628367.040817989,
        3153132.1222859155,
        0.0
      ]
    ]
  ]
}