{
  "code": "232608865",
  "epsg": 32639,
  "bbox_utm": {
    "minx": 692835.6142234582,
    "miny": 3146475.2422050694,
    "maxx": 693442.4664234008,
    "maxy": 3147082.0944050113
  },
  "polygon_utm": [
    [
      [
        692924.3098489537,
        3146895.531452616,
        0.0
      ],
      [
        692933.8488343303,
        3146922.878449077,
        0.0
      ],
      [
        692953.5260548856,
        3146940.9792919587,
        0.0
      ],
      [
        692989.852844472,
        3146937.39119242,
        0.0
      ],
      [
        693023.0524653984,
        3146932.183263783,
        0.0
      ],
      [
        693070.6600851605,
        3146881.7192427805,
        0.0
      ],
      [
        693124.8910528685,
        3146812.016295091,
        0.0
      ],
      [
        693150.191637211,
        3146807.7249506377,
        0.0
      ],
      [
        693195.7081781834,
        3146772.652280862,
        0.0
      ],
      [
        693244.7178696033,
        3146732.930783842,
        0.0
      ],
      [
        693262.975991162,
        3146725.3866634616,
        0.0
      ],
      [
        693295.137121092,
        3146703.429202931,
        0.0
      ],
      [
        693324.8103574254,
        3146704.9619229767,
        0.0
      ],
      [
        693342.3575546988,
        3146692.700039122,
        0.0
      ],
      [
        693353.6031411791,
        3146680.0732844006,
        0.0
      ],
      [
        693355.7732519804,
        3146635.9228274305,
        0.0
      ],
      [
        693352.9519239259,
        3146635.68043117,
        0.0
      ],
      [
        693314.9630553982,
        3146632.377091562,
        0.0
      ],
      [
        693277.2087572238,
        3146626.789978501,
        0.0
      ],
      [
        693254.6117846486,
        3146618.4448586283,
        0.0
      ],
      [
        693246.8928548511,
        3146616.3573181215,
        0.0
      ],
      [
        693245.5928670996,
        3146619.698264305,
        0.0
      ],
      [
        693239.210054192,
        3146636.1019967957,
        0.0
      ],
      [
        693235.3282367738,
        3146680.4858150813,
        0.0
      ],
      [
        693211.7092087419,
        3146710.4272084367,
        0.0
      ],
      [
        693171.8257705825,
        3146738.5331371673,
        0.0
      ],
      [
        693122.2351748007,
        3146781.6442593476,
        0.0
      ],
      [
        693094.6954935064,
        3146794.2654607156,
        0.0
      ],
      [
        693032.5935600651,
        3146798.9996627625,
        0.0
      ],
      [
        693003.0034643704,
        3146808.450025562,
        0.0
      ],
      [
        692972.7766102002,
        3146824.687765019,
        0.0
      ],
      [
        692947.3220342443,
        3146838.389202955,
        0.0
      ],
      [
        692922.3073948786,
        3146857.3268973622,
        0.0
      ],
      [
        692924.3098489537,
        3146895.531452616,
        0.0
      ]
    ]
  ]
}