{
  "code": "232667671",
  "epsg": 32639,
  "bbox_utm": {
    "minx": 709425.7286558545,
    "miny": 3148656.547503303,
    "maxx": 709691.7381989532,
    "maxy": 3148922.5570464013
  },
  "polygon_utm": [
    [
      [
        709653.7368356534,
        3148737.615217923,
        0.0
      ],
      [
        709645.674124136,
        3148718.124765708,
        0.0
      ],
      [
        709535.3816834337,
        3148790.036557729,
        0.0
      ],
      [
        709488.6174771818,
        3148823.234099164,
        0.0
      ],
      [
        709463.7300191543,
        3148840.9015094633,
        0.0
      ],
      [
        709475.4616978692,
        3148860.9797839965,
        0.0
      ],
      [
        709653.7368356534,
        3148737.615217923,
        0.0
      ]
    ]
  ]
}