{
  "code": "232608856",
  "epsg": 32639,
  "bbox_utm": {
    "minx": 692434.7157291609,
    "miny": 3146252.5157627827,
    "maxx": 693382.2557091329,
    "maxy": 3147200.0557427546
  },
  "polygon_utm": [
    [
      [
        693206.6610305496,
        3146601.5788009954,
        0.0
      ],
      [
        693162.4193058027,
        3146590.9179817247,
        0.0
      ],
      [
        693139.6115490841,
        3146587.4065730884,
        0.0
      ],
      [
        693078.7051393082,
        3146583.270772226,
        0.0
      ],
      [
        693002.0551644443,
        3146577.5700832913,
        0.0
      ],
      [
        692895.6558604485,
        3146566.938008717,
        0.0
      ],
      [
        692833.6307887429,
        3146574.9429163015,
        0.0
      ],
      [
        692766.7920151291,
        3146579.9933522465,
        0.0
      ],
      [
        692712.0761101954,
        3146583.020070851,
        0.0
      ],
      [
        692619.4625542052,
        3146573.138926262,
        0.0
      ],
      [
        692570.0785834426,
        3146571.547264745,
        0.0
      ],
      [
        692571.6016552905,
        3146606.999450414,
        0.0
      ],
      [
        692613.8005021557,
        3146605.9898250857,
        0.0
      ],
      [
        692632.7514455619,
        3146612.3131518206,
        0.0
      ],
      [
        692665.2338887572,
        3146618.8577872384,
        0.0
      ],
      [
        692693.1085072504,
        3146633.9551728806,
        0.0
      ],
      [
        692719.7482077061,
        3146660.274970086,
        0.0
      ],
      [
        692761.0973181169,
        3146687.096901261,
        0.0
      ],
      [
        692791.629067279,
        3146700.407757074,
        0.0
      ],
      [
        692803.0530156537,
        3146708.9612387433,
        0.0
      ],
      [
        692836.7222588011,
        3146739.3180177254,
        0.0
      ],
      [
        692850.7368153117,
        3146766.215631884,
        0.0
      ],
      [
        692853.7434445405,
        3146807.3128539072,
        0.0
      ],
      [
        692846.55441029,
        3146845.1056153844,
        0.0
      ],
      [
        692840.6773885302,
        3146866.971267431,
        0.0
      ],
      [
        692862.7109619456,
        3146885.6334968205,
        0.0
      ],
      [
        692911.7848367316,
        3146857.938928774,
        0.0
      ],
      [
        692922.3073948786,
        3146857.3268973622,
        0.0
      ],
      [
        692947.3220342443,
        3146838.389202955,
        0.0
      ],
      [
        692972.7766102002,
        3146824.687765019,
        0.0
      ],
      [
        693003.0034643704,
        3146808.450025562,
        0.0
      ],
      [
        693032.5935600651,
        3146798.9996627625,
        0.0
      ],
      [
        693094.6954935064,
        3146794.2654607156,
        0.0
      ],
      [
        693122.2351748007,
        3146781.6442593476,
        0.0
      ],
      [
        693171.8257705825,
        3146738.5331371673,
        0.0
      ],
      [
        693211.7092087419,
        3146710.4272084367,
        0.0
      ],
      [
        693235.3282367738,
        3146680.4858150813,
        0.0
      ],
      [
        693239.210054192,
        3146636.1019967957,
        0.0
      ],
      [
        693245.5928670996,
        3146619.698264305,
        0.0
      ],
      [
        693246.8928548511,
        3146616.3573181215,
        0.0
      ],
      [
        693206.6610305496,
        3146601.5788009954,
        0.0
      ]
    ]
  ]
}