{
  "code": "232696381",
  "epsg": 32639,
  "bbox_utm": {
    "minx": 694161.095694003,
    "miny": 3144989.8042776505,
    "maxx": 694765.3048899992,
    "maxy": 3145594.013473647
  },
  "polygon_utm": [
    [
      [
        694506.0521798695,
        3145454.8146602954,
        0.0
      ],
      [
        694548.549165228,
        3145507.6978742187,
        0.0
      ],
      [
        694625.2258984151,
        3145448.539110185,
        0.0
      ],
      [
        694512.0695271841,
        3145297.2416666877,
        0.0
      ],
      [
        694511.4868898377,
        3145292.727592263,
        0.0
      ],
      [
        694476.6568115896,
        3145245.0707136267,
        0.0
      ],
      [
        694455.4898308701,
        3145221.616881722,
        0.0
      ],
      [
        694444.5611151827,
        3145202.9306083885,
        0.0
      ],
      [
        694439.7807002298,
        3145189.9694747147,
        0.0
      ],
      [
        694436.1559189569,
        3145174.673265783,
        0.0
      ],
      [
        694423.9457159924,
        3145146.0261443695,
        0.0
      ],
      [
        694420.3402953026,
        3145137.522321207,
        0.0
      ],
      [
        694419.8785633434,
        3145113.721698865,
        0.0
      ],
      [
        694419.4467662454,
        3145108.027558798,
        0.0
      ],
      [
        694417.371526029,
        3145102.3695543264,
        0.0
      ],
      [
        694415.7609504301,
        3145080.490542497,
        0.0
      ],
      [
        694415.4387494413,
        3145076.1198770786,
        0.0
      ],
      [
        694357.9509114542,
        3145111.2687301943,
        0.0
      ],
      [
        694334.1795776482,
        3145126.1786983847,
        0.0
      ],
      [
        694304.4889953153,
        3145165.317109596,
        0.0
      ],
      [
        694307.9567657111,
        3145178.189238587,
        0.0
      ],
      [
        694319.708501558,
        3145198.785344435,
        0.0
      ],
      [
        694324.6429701493,
        3145218.353591427,
        0.0
      ],
      [
        694368.4250401309,
        3145273.109051433,
        0.0
      ],
      [
        694337.978495911,
        3145294.3405259885,
        0.0
      ],
      [
        694301.1746855872,
        3145326.515366128,
        0.0
      ],
      [
        694323.7237912421,
        3145353.8283628793,
        0.0
      ],
      [
        694343.9023943142,
        3145389.4005168676,
        0.0
      ],
      [
        694381.5788271722,
        3145439.7857278087,
        0.0
      ],
      [
        694440.5831375993,
        3145503.8237419366,
        0.0
      ],
      [
        694506.0521798695,
        3145454.8146602954,
        0.0
      ]
    ]
  ]
}