{
  "code": "232676664",
  "epsg": 32639,
  "bbox_utm": {
    "minx": 694023.6486641802,
    "miny": 3145312.026834258,
    "maxx": 694478.630992597,
    "maxy": 3145767.0091626747
  },
  "polygon_utm": [
    [
      [
        694233.6847206656,
        3145697.5387762,
        0.0
      ],
      [
        694268.4652486073,
        3145692.357768105,
        0.0
      ],
      [
        694289.2173630378,
        3145693.110298856,
        0.0
      ],
      [
        694305.3518898915,
        3145694.9456438757,
        0.0
      ],
      [
        694319.3584932054,
        3145690.3377551143,
        0.0
      ],
      [
        694331.1254003223,
        3145686.066395594,
        0.0
      ],
      [
        694361.2796436895,
        3145674.5319653093,
        0.0
      ],
      [
        694408.2602913503,
        3145646.7969260826,
        0.0
      ],
      [
        694396.4315723075,
        3145630.908253591,
        0.0
      ],
      [
        694384.2969205602,
        3145617.6301268013,
        0.0
      ],
      [
        694376.9924959358,
        3145626.235739169,
        0.0
      ],
      [
        694373.9716777193,
        3145622.137147819,
        0.0
      ],
      [
        694304.1575066429,
        3145504.329837454,
        0.0
      ],
      [
        694253.2974983827,
        3145412.581660996,
        0.0
      ],
      [
        694230.4242364817,
        3145377.024309746,
        0.0
      ],
      [
        694214.7744828245,
        3145401.5740777184,
        0.0
      ],
      [
        694155.112387368,
        3145441.194565435,
        0.0
      ],
      [
        694094.0193654269,
        3145479.9458842855,
        0.0
      ],
      [
        694159.452449126,
        3145580.620544969,
        0.0
      ],
      [
        694171.521976484,
        3145601.856755052,
        0.0
      ],
      [
        694188.5013168091,
        3145632.189288991,
        0.0
      ],
      [
        694206.666836571,
        3145678.2613620297,
        0.0
      ],
      [
        694219.4175508724,
        3145702.0116871865,
        0.0
      ],
      [
        694233.6847206656,
        3145697.5387762,
        0.0
      ]
    ]
  ]
}