{
  "code": "232694770",
  "epsg": 32639,
  "bbox_utm": {
    "minx": 694312.2710442074,
    "miny": 3144916.1141029075,
    "maxx": 694841.8381296181,
    "maxy": 3145445.681188318
  },
  "polygon_utm": [
    [
      [
        694657.9013360407,
        3145308.272202232,
        0.0
      ],
      [
        694732.0571230223,
        3145258.6221446185,
        0.0
      ],
      [
        694627.7414832837,
        3145121.0752115906,
        0.0
      ],
      [
        694588.9867861131,
        3145072.30623496,
        0.0
      ],
      [
        694558.404495028,
        3145030.037245948,
        0.0
      ],
      [
        694531.2060140835,
        3144991.7665436803,
        0.0
      ],
      [
        694518.746578854,
        3145000.1274855766,
        0.0
      ],
      [
        694517.8039879779,
        3145001.4964143205,
        0.0
      ],
      [
        694496.45641641,
        3145020.827574653,
        0.0
      ],
      [
        694487.7687936425,
        3145025.618572117,
        0.0
      ],
      [
        694422.0520508033,
        3145073.57935124,
        0.0
      ],
      [
        694424.798029134,
        3145138.1768445545,
        0.0
      ],
      [
        694453.5560862095,
        3145211.3675529426,
        0.0
      ],
      [
        694483.1546830791,
        3145249.521718552,
        0.0
      ],
      [
        694573.689468477,
        3145370.028747545,
        0.0
      ],
      [
        694657.9013360407,
        3145308.272202232,
        0.0
      ]
    ]
  ]
}