{
  "code": "232794384",
  "epsg": 32639,
  "bbox_utm": {
    "minx": 709116.9418162453,
    "miny": 3148368.6521493304,
    "maxx": 709335.0257863478,
    "maxy": 3148586.736119433
  },
  "polygon_utm": [
    [
      [
        709252.5020208072,
        3148541.4864707375,
        0.0
      ],
      [
        709279.0627320078,
        3148525.7488190145,
        0.0
      ],
      [
        709258.9457774799,
        3148474.670270331,
        0.0
      ],
      [
        709243.8788399076,
        3148435.185094332,
        0.0
      ],
      [
        709224.5338025625,
        3148399.807002202,
        0.0
      ],
      [
        709205.9198023821,
        3148412.025860179,
        0.0
      ],
      [
        709185.7387544402,
        3148423.693989946,
        0.0
      ],
      [
        709172.9048705853,
        3148436.0155644426,
        0.0
      ],
      [
        709195.0962240235,
        3148488.6996384976,
        0.0
      ],
      [
        709221.7656314747,
        3148555.581266561,
        0.0
      ],
      [
        709252.5020208072,
        3148541.4864707375,
        0.0
      ]
    ]
  ]
}