{
  "code": "232779640",
  "epsg": 32639,
  "bbox_utm": {
    "minx": 709188.4518417076,
    "miny": 3148487.90823529,
    "maxx": 709583.1567007352,
    "maxy": 3148882.6130943177
  },
  "polygon_utm": [
    [
      [
        709255.028671867,
        3148739.4105742713,
        0.0
      ],
      [
        709273.5899489417,
        3148758.454087096,
        0.0
      ],
      [
        709282.5160849234,
        3148767.612130714,
        0.0
      ],
      [
        709310.8144252875,
        3148764.9779236745,
        0.0
      ],
      [
        709340.2879256287,
        3148747.9853191003,
        0.0
      ],
      [
        709399.377046522,
        3148720.8003021637,
        0.0
      ],
      [
        709442.7669746537,
        3148682.3555124267,
        0.0
      ],
      [
        709468.3290816369,
        3148671.0452796672,
        0.0
      ],
      [
        709494.115620197,
        3148654.51017256,
        0.0
      ],
      [
        709499.5282415826,
        3148645.7173400563,
        0.0
      ],
      [
        709512.9039429264,
        3148647.2625963483,
        0.0
      ],
      [
        709526.7702923027,
        3148636.0057564783,
        0.0
      ],
      [
        709523.1875798041,
        3148615.8106415854,
        0.0
      ],
      [
        709523.3061912544,
        3148609.145868322,
        0.0
      ],
      [
        709490.1771620077,
        3148624.76599483,
        0.0
      ],
      [
        709486.4914601452,
        3148615.6214731676,
        0.0
      ],
      [
        709481.367774657,
        3148602.909198894,
        0.0
      ],
      [
        709351.8308099662,
        3148675.2477350673,
        0.0
      ],
      [
        709281.6493624109,
        3148720.275532495,
        0.0
      ],
      [
        709258.0347590391,
        3148732.9279284375,
        0.0
      ],
      [
        709244.8382501401,
        3148736.092128247,
        0.0
      ],
      [
        709245.3512692112,
        3148742.295762858,
        0.0
      ],
      [
        709255.028671867,
        3148739.4105742713,
        0.0
      ]
    ]
  ]
}