{
  "code": "232799206",
  "epsg": 32639,
  "bbox_utm": {
    "minx": 709008.6800933399,
    "miny": 3148393.2507125596,
    "maxx": 709314.5681881474,
    "maxy": 3148699.1388073666
  },
  "polygon_utm": [
    [
      [
        709241.2456421098,
        3148612.9227843033,
        0.0
      ],
      [
        709166.5808042218,
        3148436.9490118176,
        0.0
      ],
      [
        709154.2631264832,
        3148449.802658646,
        0.0
      ],
      [
        709082.0026393774,
        3148493.4883773467,
        0.0
      ],
      [
        709162.1734941503,
        3148655.4405081086,
        0.0
      ],
      [
        709241.2456421098,
        3148612.9227843033,
        0.0
      ]
    ]
  ]
}