{
  "code": "232775860",
  "epsg": 32639,
  "bbox_utm": {
    "minx": 709232.5722129566,
    "miny": 3148806.015018223,
    "maxx": 709548.3709066794,
    "maxy": 3149121.813711945
  },
  "polygon_utm": [
    [
      [
        709284.5158339788,
        3149061.6361778597,
        0.0
      ],
      [
        709298.1094782993,
        3149050.897552582,
        0.0
      ],
      [
        709317.6653705644,
        3149037.389147989,
        0.0
      ],
      [
        709358.1898797202,
        3149005.567509546,
        0.0
      ],
      [
        709411.6882456649,
        3148963.558224454,
        0.0
      ],
      [
        709460.371290557,
        3148925.330142605,
        0.0
      ],
      [
        709503.2568075762,
        3148891.942712011,
        0.0
      ],
      [
        709497.8299438243,
        3148888.8290999876,
        0.0
      ],
      [
        709483.8896048258,
        3148874.7246755487,
        0.0
      ],
      [
        709478.6579945463,
        3148866.1925523086,
        0.0
      ],
      [
        709390.4617083736,
        3148941.298239892,
        0.0
      ],
      [
        709332.8269383442,
        3148990.207905985,
        0.0
      ],
      [
        709297.7685245522,
        3149018.3426209087,
        0.0
      ],
      [
        709297.8558973866,
        3149035.5990077914,
        0.0
      ],
      [
        709277.6863120599,
        3149054.063824023,
        0.0
      ],
      [
        709284.5158339788,
        3149061.6361778597,
        0.0
      ]
    ]
  ]
}