{
  "code": "232797370",
  "epsg": 32639,
  "bbox_utm": {
    "minx": 709417.9157295407,
    "miny": 3148443.492930266,
    "maxx": 709599.210248706,
    "maxy": 3148624.7874494316
  },
  "polygon_utm": [
    [
      [
        709471.8998029563,
        3148499.895939118,
        0.0
      ],
      [
        709483.4737391365,
        3148528.861199481,
        0.0
      ],
      [
        709482.7622676151,
        3148539.306463202,
        0.0
      ],
      [
        709459.2702980086,
        3148559.8043124415,
        0.0
      ],
      [
        709481.1765114404,
        3148598.8882324076,
        0.0
      ],
      [
        709514.7543705525,
        3148572.818141208,
        0.0
      ],
      [
        709557.8556802383,
        3148543.257309018,
        0.0
      ],
      [
        709533.6014032386,
        3148488.444320907,
        0.0
      ],
      [
        709520.7998787877,
        3148469.3921472896,
        0.0
      ],
      [
        709471.8998029563,
        3148499.895939118,
        0.0
      ]
    ]
  ]
}