{
  "code": "232775604",
  "epsg": 32639,
  "bbox_utm": {
    "minx": 709300.9312621247,
    "miny": 3148236.9715634715,
    "maxx": 709530.584528478,
    "maxy": 3148466.624829825
  },
  "polygon_utm": [
    [
      [
        709370.4365167585,
        3148294.0113535617,
        0.0
      ],
      [
        709362.8405165318,
        3148292.5690209377,
        0.0
      ],
      [
        709358.8484104945,
        3148295.3740216596,
        0.0
      ],
      [
        709404.5504577326,
        3148385.603355872,
        0.0
      ],
      [
        709423.2998112104,
        3148424.8929952024,
        0.0
      ],
      [
        709439.9610703075,
        3148433.8172203456,
        0.0
      ],
      [
        709465.1481995075,
        3148421.4542211113,
        0.0
      ],
      [
        709472.6673801083,
        3148412.43722247,
        0.0
      ],
      [
        709427.1379628467,
        3148312.537087814,
        0.0
      ],
      [
        709420.8323951305,
        3148312.424934824,
        0.0
      ],
      [
        709404.5078490754,
        3148269.7791729504,
        0.0
      ],
      [
        709370.4365167585,
        3148294.0113535617,
        0.0
      ]
    ]
  ]
}