{
  "code": "232761056",
  "epsg": 32639,
  "bbox_utm": {
    "minx": 709555.1755955066,
    "miny": 3148953.483982282,
    "maxx": 709696.5062794597,
    "maxy": 3149094.8146662354
  },
  "polygon_utm": [
    [
      [
        709614.2803435866,
        3149071.6868365817,
        0.0
      ],
      [
        709622.0741408423,
        3149065.681866569,
        0.0
      ],
      [
        709634.3294567185,
        3149060.017789977,
        0.0
      ],
      [
        709644.9311750394,
        3149054.977864017,
        0.0
      ],
      [
        709651.2074014192,
        3149049.338030099,
        0.0
      ],
      [
        709657.5092363295,
        3149042.2607473056,
        0.0
      ],
      [
        709656.8680087414,
        3149019.2428216594,
        0.0
      ],
      [
        709664.9403645279,
        3149008.6676443825,
        0.0
      ],
      [
        709672.8338123381,
        3148993.3833847293,
        0.0
      ],
      [
        709673.2361875753,
        3148985.5473970394,
        0.0
      ],
      [
        709667.1404528529,
        3148973.6740799895,
        0.0
      ],
      [
        709578.445687391,
        3149040.068497249,
        0.0
      ],
      [
        709591.9114685399,
        3149051.28861154,
        0.0
      ],
      [
        709610.417450901,
        3149074.6245685276,
        0.0
      ],
      [
        709614.2803435866,
        3149071.6868365817,
        0.0
      ]
    ]
  ]
}