{
  "code": "232797910",
  "epsg": 32639,
  "bbox_utm": {
    "minx": 709553.5727019208,
    "miny": 3148341.4932183432,
    "maxx": 709722.9596035006,
    "maxy": 3148510.880119923
  },
  "polygon_utm": [
    [
      [
        709632.7214712561,
        3148382.865888811,
        0.0
      ],
      [
        709607.8640926022,
        3148406.2154186517,
        0.0
      ],
      [
        709577.7708307179,
        3148428.4259425155,
        0.0
      ],
      [
        709584.3505629699,
        3148442.6613887786,
        0.0
      ],
      [
        709593.6802485725,
        3148479.5786098824,
        0.0
      ],
      [
        709698.7614747034,
        3148422.9981429516,
        0.0
      ],
      [
        709671.9055838042,
        3148381.4719943404,
        0.0
      ],
      [
        709663.6911160157,
        3148385.2474916745,
        0.0
      ],
      [
        709654.451550483,
        3148372.794728384,
        0.0
      ],
      [
        709632.7214712561,
        3148382.865888811,
        0.0
      ]
    ]
  ]
}