{
  "code": "232761720",
  "epsg": 32639,
  "bbox_utm": {
    "minx": 709360.248334378,
    "miny": 3148974.4493219936,
    "maxx": 709674.534532629,
    "maxy": 3149288.7355202446
  },
  "polygon_utm": [
    [
      [
        709489.7590079752,
        3149091.299988333,
        0.0
      ],
      [
        709405.1463626997,
        3149149.9244946423,
        0.0
      ],
      [
        709411.744423071,
        3149163.1135917595,
        0.0
      ],
      [
        709421.4345710059,
        3149179.7563327677,
        0.0
      ],
      [
        709436.9601638413,
        3149193.365690002,
        0.0
      ],
      [
        709456.8774139547,
        3149211.2361362386,
        0.0
      ],
      [
        709470.7255313257,
        3149223.1163449893,
        0.0
      ],
      [
        709487.0522664377,
        3149184.3226207946,
        0.0
      ],
      [
        709491.4510307674,
        3149173.4206827567,
        0.0
      ],
      [
        709508.5763281878,
        3149156.2093905327,
        0.0
      ],
      [
        709520.9774816015,
        3149138.6525674346,
        0.0
      ],
      [
        709533.7784854092,
        3149128.1615969758,
        0.0
      ],
      [
        709552.8334722256,
        3149120.657754168,
        0.0
      ],
      [
        709565.2787501869,
        3149115.389175778,
        0.0
      ],
      [
        709581.3415474432,
        3149113.583679576,
        0.0
      ],
      [
        709596.2418042116,
        3149118.03195778,
        0.0
      ],
      [
        709613.4320124842,
        3149126.703999534,
        0.0
      ],
      [
        709619.8136930377,
        3149137.2750555133,
        0.0
      ],
      [
        709629.6365043074,
        3149131.6984141134,
        0.0
      ],
      [
        709617.149818233,
        3149109.7768955724,
        0.0
      ],
      [
        709611.9772150611,
        3149090.3385231467,
        0.0
      ],
      [
        709610.417450901,
        3149074.6245685276,
        0.0
      ],
      [
        709591.9114685399,
        3149051.28861154,
        0.0
      ],
      [
        709578.445687391,
        3149040.068497249,
        0.0
      ],
      [
        709489.7590079752,
        3149091.299988333,
        0.0
      ]
    ]
  ]
}