{
  "code": "232799440",
  "epsg": 32639,
  "bbox_utm": {
    "minx": 708898.0865848641,
    "miny": 3148455.9538380424,
    "maxx": 709179.7829297002,
    "maxy": 3148737.650182879
  },
  "polygon_utm": [
    [
      [
        709120.2917044708,
        3148675.6120473547,
        0.0
      ],
      [
        709079.0570307435,
        3148616.1085601035,
        0.0
      ],
      [
        709020.870022808,
        3148532.142940401,
        0.0
      ],
      [
        708998.9065331565,
        3148496.1961730192,
        0.0
      ],
      [
        708957.5778100935,
        3148514.8097203076,
        0.0
      ],
      [
        709081.5348923088,
        3148697.4078479023,
        0.0
      ],
      [
        709120.2917044708,
        3148675.6120473547,
        0.0
      ]
    ]
  ]
}