{
  "code": "232794469",
  "epsg": 32639,
  "bbox_utm": {
    "minx": 709137.883325445,
    "miny": 3148183.358905919,
    "maxx": 709345.3856762545,
    "maxy": 3148390.861256729
  },
  "polygon_utm": [
    [
      [
        709283.2635111515,
        3148348.5605481183,
        0.0
      ],
      [
        709254.380540722,
        3148287.9131657397,
        0.0
      ],
      [
        709217.3405597819,
        3148213.002098892,
        0.0
      ],
      [
        709200.005490548,
        3148241.9769689855,
        0.0
      ],
      [
        709232.9439463576,
        3148311.062960194,
        0.0
      ],
      [
        709259.9109231203,
        3148361.218063756,
        0.0
      ],
      [
        709283.2635111515,
        3148348.5605481183,
        0.0
      ]
    ]
  ]
}