{
  "code": "232767201",
  "epsg": 32639,
  "bbox_utm": {
    "minx": 709533.9276273479,
    "miny": 3149126.892081782,
    "maxx": 709757.3750708927,
    "maxy": 3149350.339525327
  },
  "polygon_utm": [
    [
      [
        709592.1074971645,
        3149291.175533009,
        0.0
      ],
      [
        709603.5064339873,
        3149285.6270218263,
        0.0
      ],
      [
        709610.0688667017,
        3149271.286696451,
        0.0
      ],
      [
        709696.9782841456,
        3149231.2712929216,
        0.0
      ],
      [
        709710.3686278544,
        3149224.581874751,
        0.0
      ],
      [
        709722.3024289857,
        3149218.520098165,
        0.0
      ],
      [
        709725.4540075292,
        3149211.2561099855,
        0.0
      ],
      [
        709720.4308858318,
        3149212.9400012693,
        0.0
      ],
      [
        709717.8689548452,
        3149209.2342820456,
        0.0
      ],
      [
        709712.8401682954,
        3149211.236153715,
        0.0
      ],
      [
        709708.9786417491,
        3149206.722980141,
        0.0
      ],
      [
        709701.645975305,
        3149205.2851708424,
        0.0
      ],
      [
        709701.2043617112,
        3149200.571493393,
        0.0
      ],
      [
        709711.2852227279,
        3149195.260982365,
        0.0
      ],
      [
        709698.0638084094,
        3149185.0909310696,
        0.0
      ],
      [
        709687.0531468991,
        3149183.587605168,
        0.0
      ],
      [
        709665.8266237183,
        3149194.9740190567,
        0.0
      ],
      [
        709653.3627532142,
        3149201.287856571,
        0.0
      ],
      [
        709639.3598615543,
        3149205.482822314,
        0.0
      ],
      [
        709614.7600607418,
        3149214.456318388,
        0.0
      ],
      [
        709593.5709015096,
        3149223.7520207833,
        0.0
      ],
      [
        709571.7912079234,
        3149236.6972968057,
        0.0
      ],
      [
        709565.8486907115,
        3149245.741637491,
        0.0
      ],
      [
        709571.6397694575,
        3149259.9621019154,
        0.0
      ],
      [
        709579.2000045944,
        3149278.135535039,
        0.0
      ],
      [
        709583.9169389149,
        3149293.644001941,
        0.0
      ],
      [
        709592.1074971645,
        3149291.175533009,
        0.0
      ]
    ]
  ]
}