{
  "code": "232778256",
  "epsg": 32639,
  "bbox_utm": {
    "minx": 709020.5191709216,
    "miny": 3148244.7273498806,
    "maxx": 709879.0457061337,
    "maxy": 3149103.2538850927
  },
  "polygon_utm": [
    [
      [
        709160.8283755217,
        3148864.274255833,
        0.0
      ],
      [
        709151.7984049902,
        3148869.6040589986,
        0.0
      ],
      [
        709143.1658188091,
        3148867.3591672312,
        0.0
      ],
      [
        709147.7424473715,
        3148877.865394766,
        0.0
      ],
      [
        709188.0808290862,
        3148856.7028719466,
        0.0
      ],
      [
        709194.4149834951,
        3148865.8187809302,
        0.0
      ],
      [
        709195.2240168658,
        3148866.968788666,
        0.0
      ],
      [
        709222.6096032788,
        3148851.907947248,
        0.0
      ],
      [
        709267.9219821418,
        3148827.2228764845,
        0.0
      ],
      [
        709308.6597255971,
        3148812.2606372433,
        0.0
      ],
      [
        709328.4660190458,
        3148806.861090342,
        0.0
      ],
      [
        709351.1500339023,
        3148798.5061653564,
        0.0
      ],
      [
        709398.7483513774,
        3148770.920862359,
        0.0
      ],
      [
        709419.985476202,
        3148757.11535503,
        0.0
      ],
      [
        709431.6555667925,
        3148779.7416816493,
        0.0
      ],
      [
        709432.686547797,
        3148781.8025429267,
        0.0
      ],
      [
        709461.2075543725,
        3148761.116764243,
        0.0
      ],
      [
        709501.6796727667,
        3148731.5748547707,
        0.0
      ],
      [
        709545.4779107292,
        3148699.739192437,
        0.0
      ],
      [
        709579.6874584975,
        3148675.086031865,
        0.0
      ],
      [
        709578.6418353545,
        3148671.0803780244,
        0.0
      ],
      [
        709570.6342697621,
        3148641.100353797,
        0.0
      ],
      [
        709599.9645977397,
        3148602.6669870066,
        0.0
      ],
      [
        709639.8034305513,
        3148575.532187968,
        0.0
      ],
      [
        709647.764343342,
        3148571.2293374916,
        0.0
      ],
      [
        709687.2086570406,
        3148547.8132184576,
        0.0
      ],
      [
        709712.6394538718,
        3148532.8407181986,
        0.0
      ],
      [
        709728.0440941156,
        3148523.7683289163,
        0.0
      ],
      [
        709747.6661274752,
        3148512.1565924725,
        0.0
      ],
      [
        709756.3990582463,
        3148506.936125184,
        0.0
      ],
      [
        709745.2762404224,
        3148489.564009221,
        0.0
      ],
      [
        709728.6056101929,
        3148470.1158402073,
        0.0
      ],
      [
        709725.4615131416,
        3148473.2625960144,
        0.0
      ],
      [
        709698.9093242348,
        3148488.476633938,
        0.0
      ],
      [
        709645.0030164982,
        3148519.674877588,
        0.0
      ],
      [
        709613.4452671643,
        3148535.5842425902,
        0.0
      ],
      [
        709606.351631092,
        3148535.457950244,
        0.0
      ],
      [
        709594.3406238689,
        3148531.060947419,
        0.0
      ],
      [
        709582.0110496433,
        3148529.795666111,
        0.0
      ],
      [
        709559.4779614692,
        3148548.088112936,
        0.0
      ],
      [
        709547.7574872026,
        3148556.899450521,
        0.0
      ],
      [
        709546.32290502,
        3148563.671555646,
        0.0
      ],
      [
        709529.5303746625,
        3148584.2884712587,
        0.0
      ],
      [
        709523.5085280598,
        3148597.7765405974,
        0.0
      ],
      [
        709523.1875798041,
        3148615.8106415854,
        0.0
      ],
      [
        709526.7702923027,
        3148636.0057564783,
        0.0
      ],
      [
        709512.9039429264,
        3148647.2625963483,
        0.0
      ],
      [
        709499.5282415826,
        3148645.7173400563,
        0.0
      ],
      [
        709494.115620197,
        3148654.51017256,
        0.0
      ],
      [
        709468.3290816369,
        3148671.0452796672,
        0.0
      ],
      [
        709442.7669746537,
        3148682.3555124267,
        0.0
      ],
      [
        709399.377046522,
        3148720.8003021637,
        0.0
      ],
      [
        709340.2879256287,
        3148747.9853191003,
        0.0
      ],
      [
        709310.8144252875,
        3148764.977923676,
        0.0
      ],
      [
        709282.5160849234,
        3148767.612130714,
        0.0
      ],
      [
        709273.478794697,
        3148758.562426345,
        0.0
      ],
      [
        709255.028671867,
        3148739.410574272,
        0.0
      ],
      [
        709226.8908250743,
        3148747.7995216297,
        0.0
      ],
      [
        709214.2174650702,
        3148751.1037683925,
        0.0
      ],
      [
        709203.7633150773,
        3148755.231791559,
        0.0
      ],
      [
        709194.848348529,
        3148761.4787128023,
        0.0
      ],
      [
        709188.9871984979,
        3148765.9498044234,
        0.0
      ],
      [
        709185.4975121788,
        3148770.0708721415,
        0.0
      ],
      [
        709182.0426587885,
        3148772.231741785,
        0.0
      ],
      [
        709181.0790154373,
        3148774.6983196554,
        0.0
      ],
      [
        709197.8612903567,
        3148806.3695530384,
        0.0
      ],
      [
        709210.7862769426,
        3148833.2662476245,
        0.0
      ],
      [
        709183.2754886572,
        3148848.4245419656,
        0.0
      ],
      [
        709166.1988577098,
        3148857.8336725053,
        0.0
      ],
      [
        709160.8283755217,
        3148864.274255833,
        0.0
      ]
    ]
  ]
}