{
  "code": "232743991",
  "epsg": 32639,
  "bbox_utm": {
    "minx": 626939.1957489229,
    "miny": 3152698.8642988866,
    "maxx": 627277.600616131,
    "maxy": 3153037.2691660943
  },
  "polygon_utm": [
    [
      [
        627106.986321813,
        3152913.6373375338,
        0.0
      ],
      [
        627142.9177480699,
        3152893.1291795885,
        0.0
      ],
      [
        627229.2570636726,
        3152873.1667222856,
        0.0
      ],
      [
        627177.5177853265,
        3152801.5569562204,
        0.0
      ],
      [
        627045.3547585303,
        3152785.499525624,
        0.0
      ],
      [
        626987.5393013811,
        3152887.26975557,
        0.0
      ],
      [
        627049.8711896779,
        3152950.6339393565,
        0.0
      ],
      [
        627106.986321813,
        3152913.6373375338,
        0.0
      ]
    ]
  ]
}