{
  "code": "232799389",
  "epsg": 32639,
  "bbox_utm": {
    "minx": 708971.5040024435,
    "miny": 3148479.847407802,
    "maxx": 709199.896081921,
    "maxy": 3148708.23948728
  },
  "polygon_utm": [
    [
      [
        709150.5300615565,
        3148659.939655611,
        0.0
      ],
      [
        709061.6919147958,
        3148512.474847728,
        0.0
      ],
      [
        709020.870022808,
        3148532.142940401,
        0.0
      ],
      [
        709120.2917044708,
        3148675.6120473547,
        0.0
      ],
      [
        709150.5300615565,
        3148659.939655611,
        0.0
      ]
    ]
  ]
}