{
  "code": "232795059",
  "epsg": 32639,
  "bbox_utm": {
    "minx": 709079.1436848065,
    "miny": 3148430.833755735,
    "maxx": 709541.3627346421,
    "maxy": 3148893.0528055714
  },
  "polygon_utm": [
    [
      [
        709392.6169703838,
        3148583.7175907386,
        0.0
      ],
      [
        709336.324237011,
        3148616.1816609097,
        0.0
      ],
      [
        709266.7562400992,
        3148656.253253348,
        0.0
      ],
      [
        709235.8900555789,
        3148677.6659877375,
        0.0
      ],
      [
        709187.6842650505,
        3148698.770635705,
        0.0
      ],
      [
        709145.1749776402,
        3148724.6826038975,
        0.0
      ],
      [
        709168.0026984194,
        3148771.1020865887,
        0.0
      ],
      [
        709206.2897522214,
        3148746.1610510964,
        0.0
      ],
      [
        709254.4210650462,
        3148729.238348219,
        0.0
      ],
      [
        709291.6761462374,
        3148703.233352916,
        0.0
      ],
      [
        709352.6973729486,
        3148670.853442975,
        0.0
      ],
      [
        709475.3314418085,
        3148602.4444842297,
        0.0
      ],
      [
        709452.9555621226,
        3148560.214863611,
        0.0
      ],
      [
        709446.7803165674,
        3148552.7844747175,
        0.0
      ],
      [
        709392.6169703838,
        3148583.7175907386,
        0.0
      ]
    ]
  ]
}