{
  "code": "232814415",
  "epsg": 32639,
  "bbox_utm": {
    "minx": 708350.5288826459,
    "miny": 3149690.6729408447,
    "maxx": 708842.5861497369,
    "maxy": 3150182.730207935
  },
  "polygon_utm": [
    [
      [
        708550.0035601062,
        3149773.1443784814,
        0.0
      ],
      [
        708581.9493996393,
        3149898.1453421735,
        0.0
      ],
      [
        708589.6700490533,
        3149936.9717392805,
        0.0
      ],
      [
        708607.5814832494,
        3150112.4363126364,
        0.0
      ],
      [
        708637.2716008244,
        3150097.8008420854,
        0.0
      ],
      [
        708636.9130334386,
        3150088.3836492244,
        0.0
      ],
      [
        708617.3460958437,
        3149976.674620491,
        0.0
      ],
      [
        708643.1114722767,
        3149946.284474839,
        0.0
      ],
      [
        708641.7726660207,
        3149873.587058278,
        0.0
      ],
      [
        708611.0047970843,
        3149874.871491333,
        0.0
      ],
      [
        708600.410543925,
        3149760.966836143,
        0.0
      ],
      [
        708550.0035601062,
        3149773.1443784814,
        0.0
      ]
    ]
  ]
}