{
  "code": "232809105",
  "epsg": 32639,
  "bbox_utm": {
    "minx": 685487.8357739624,
    "miny": 3147259.8844668707,
    "maxx": 685639.5310221367,
    "maxy": 3147411.579715045
  },
  "polygon_utm": [
    [
      [
        685572.7484973951,
        3147386.041792481,
        0.0
      ],
      [
        685586.0575753563,
        3147375.271644565,
        0.0
      ],
      [
        685586.9866208571,
        3147349.6665749094,
        0.0
      ],
      [
        685586.568252059,
        3147342.8629076215,
        0.0
      ],
      [
        685586.7659324463,
        3147330.317566377,
        0.0
      ],
      [
        685608.5893288719,
        3147312.884458771,
        0.0
      ],
      [
        685597.760857299,
        3147299.642475052,
        0.0
      ],
      [
        685587.4907561422,
        3147284.3178685396,
        0.0
      ],
      [
        685578.0738586446,
        3147281.55521661,
        0.0
      ],
      [
        685563.6726141977,
        3147294.922530065,
        0.0
      ],
      [
        685547.1119679611,
        3147311.9157979153,
        0.0
      ],
      [
        685532.7354987273,
        3147323.714941235,
        0.0
      ],
      [
        685518.7774672272,
        3147342.3177547087,
        0.0
      ],
      [
        685530.3110319492,
        3147377.530455497,
        0.0
      ],
      [
        685552.715734883,
        3147389.908965306,
        0.0
      ],
      [
        685572.7484973951,
        3147386.041792481,
        0.0
      ]
    ]
  ]
}