{
  "code": "232817009",
  "epsg": 32639,
  "bbox_utm": {
    "minx": 693835.3083639982,
    "miny": 3146259.3404905084,
    "maxx": 694394.0394263413,
    "maxy": 3146818.0715528517
  },
  "polygon_utm": [
    [
      [
        694005.5752292038,
        3146413.6881704796,
        0.0
      ],
      [
        694027.1901604421,
        3146441.7674681693,
        0.0
      ],
      [
        693956.9967844762,
        3146490.827461524,
        0.0
      ],
      [
        694110.3059015505,
        3146725.0744112716,
        0.0
      ],
      [
        694155.2935381533,
        3146738.2528296597,
        0.0
      ],
      [
        694187.9776204259,
        3146732.5146954525,
        0.0
      ],
      [
        694238.1155907771,
        3146688.357153929,
        0.0
      ],
      [
        694272.3510058632,
        3146652.3065640577,
        0.0
      ],
      [
        694228.9505632984,
        3146606.606571351,
        0.0
      ],
      [
        694060.9447973168,
        3146339.1592137003,
        0.0
      ],
      [
        694005.3427505284,
        3146379.921350299,
        0.0
      ],
      [
        694000.5572079661,
        3146399.2040823903,
        0.0
      ],
      [
        693987.4508291825,
        3146406.696652371,
        0.0
      ],
      [
        694005.5752292038,
        3146413.6881704796,
        0.0
      ]
    ]
  ]
}