{
  "code": "232811014",
  "epsg": 32639,
  "bbox_utm": {
    "minx": 708751.5872172099,
    "miny": 3148681.756121609,
    "maxx": 709050.153634937,
    "maxy": 3148980.3225393356
  },
  "polygon_utm": [
    [
      [
        708881.3327099078,
        3148848.5356026078,
        0.0
      ],
      [
        708905.3367922644,
        3148896.6004753266,
        0.0
      ],
      [
        708915.9011821365,
        3148893.6506907227,
        0.0
      ],
      [
        708936.1439677193,
        3148937.6701939465,
        0.0
      ],
      [
        708951.9162887149,
        3148937.4272729536,
        0.0
      ],
      [
        708963.5732825377,
        3148932.143993876,
        0.0
      ],
      [
        708975.8392373448,
        3148922.1656417716,
        0.0
      ],
      [
        708952.0002947623,
        3148888.2783010574,
        0.0
      ],
      [
        708909.8824984067,
        3148803.3470934597,
        0.0
      ],
      [
        708889.343937092,
        3148805.59704324,
        0.0
      ],
      [
        708851.8894486974,
        3148724.4084669985,
        0.0
      ],
      [
        708825.9016148022,
        3148737.5424602176,
        0.0
      ],
      [
        708881.3327099078,
        3148848.5356026078,
        0.0
      ]
    ]
  ]
}