{
  "code": "232879834",
  "epsg": 32639,
  "bbox_utm": {
    "minx": 708837.2571618584,
    "miny": 3149289.4632805185,
    "maxx": 708973.4251472988,
    "maxy": 3149425.6312659597
  },
  "polygon_utm": [
    [
      [
        708859.9678679896,
        3149335.5274079116,
        0.0
      ],
      [
        708907.8557798874,
        3149406.178696611,
        0.0
      ],
      [
        708950.7144411677,
        3149382.6266986346,
        0.0
      ],
      [
        708934.2090985158,
        3149350.1779612876,
        0.0
      ],
      [
        708907.2170280537,
        3149308.9158498677,
        0.0
      ],
      [
        708859.9678679896,
        3149335.5274079116,
        0.0
      ]
    ]
  ]
}