{
  "code": "232815315",
  "epsg": 32639,
  "bbox_utm": {
    "minx": 694573.3379745082,
    "miny": 3145298.820760365,
    "maxx": 695304.3751854888,
    "maxy": 3146029.8579713455
  },
  "polygon_utm": [
    [
      [
        695188.4120756104,
        3145803.654905605,
        0.0
      ],
      [
        694890.1636521659,
        3145403.254647648,
        0.0
      ],
      [
        694866.1940449675,
        3145420.6024666047,
        0.0
      ],
      [
        694714.8003030071,
        3145515.703124258,
        0.0
      ],
      [
        694689.3010843865,
        3145531.7209095983,
        0.0
      ],
      [
        694697.2908694635,
        3145557.224552515,
        0.0
      ],
      [
        694715.1076884052,
        3145560.65668128,
        0.0
      ],
      [
        694747.6643956495,
        3145574.030423413,
        0.0
      ],
      [
        694765.4884339692,
        3145588.2067056014,
        0.0
      ],
      [
        694822.6447383994,
        3145669.9622702436,
        0.0
      ],
      [
        694884.7414060679,
        3145729.57811393,
        0.0
      ],
      [
        695023.4353745598,
        3145925.4240840627,
        0.0
      ],
      [
        695188.4120756104,
        3145803.654905605,
        0.0
      ]
    ]
  ]
}