{
  "code": "232811591",
  "epsg": 32639,
  "bbox_utm": {
    "minx": 708602.3093303315,
    "miny": 3148699.5210552253,
    "maxx": 708919.4468509523,
    "maxy": 3149016.658575846
  },
  "polygon_utm": [
    [
      [
        708737.7431882245,
        3148966.5686623063,
        0.0
      ],
      [
        708771.0756499546,
        3148946.767668095,
        0.0
      ],
      [
        708809.0637334401,
        3148923.781330399,
        0.0
      ],
      [
        708720.6507773431,
        3148744.826415314,
        0.0
      ],
      [
        708714.8739861893,
        3148907.601134731,
        0.0
      ],
      [
        708712.6924478437,
        3148971.3532157573,
        0.0
      ],
      [
        708737.7431882245,
        3148966.5686623063,
        0.0
      ]
    ]
  ]
}