{
  "code": "232813629",
  "epsg": 32639,
  "bbox_utm": {
    "minx": 708537.5057578296,
    "miny": 3149828.424321532,
    "maxx": 708990.8926581945,
    "maxy": 3150281.811221896
  },
  "polygon_utm": [
    [
      [
        708698.0197464244,
        3150124.757920533,
        0.0
      ],
      [
        708746.3702918062,
        3150109.930897341,
        0.0
      ],
      [
        708776.507171443,
        3150099.7476917193,
        0.0
      ],
      [
        708849.4552452066,
        3150075.9466442876,
        0.0
      ],
      [
        708926.1231009995,
        3150049.859296285,
        0.0
      ],
      [
        708914.8346302736,
        3150027.046567214,
        0.0
      ],
      [
        708894.9198563064,
        3149994.2776151057,
        0.0
      ],
      [
        708883.0957332086,
        3149979.428474986,
        0.0
      ],
      [
        708830.890496675,
        3150004.120510447,
        0.0
      ],
      [
        708796.4992215919,
        3150017.1037495686,
        0.0
      ],
      [
        708754.8878272868,
        3150037.1478482895,
        0.0
      ],
      [
        708701.4639555092,
        3150063.9099697154,
        0.0
      ],
      [
        708671.2204733657,
        3150080.103997389,
        0.0
      ],
      [
        708642.3229712883,
        3150094.4920550063,
        0.0
      ],
      [
        708637.929928171,
        3150105.132048408,
        0.0
      ],
      [
        708616.7246910728,
        3150115.4739438095,
        0.0
      ],
      [
        708604.4741318065,
        3150124.6675610864,
        0.0
      ],
      [
        708602.2753150245,
        3150130.11821517,
        0.0
      ],
      [
        708655.8687737377,
        3150130.8070684415,
        0.0
      ],
      [
        708698.0197464244,
        3150124.757920533,
        0.0
      ]
    ]
  ]
}