{
  "code": "232810529",
  "epsg": 32639,
  "bbox_utm": {
    "minx": 708859.0279509398,
    "miny": 3148752.5605035746,
    "maxx": 709056.90061217,
    "maxy": 3148950.4331648047
  },
  "polygon_utm": [
    [
      [
        708989.5162428259,
        3148906.7221284895,
        0.0
      ],
      [
        709002.2520002777,
        3148899.889387203,
        0.0
      ],
      [
        709006.0460647031,
        3148893.4207718354,
        0.0
      ],
      [
        708943.8560635768,
        3148780.828026607,
        0.0
      ],
      [
        708909.8824984067,
        3148803.3470934597,
        0.0
      ],
      [
        708952.0002947623,
        3148888.2783010574,
        0.0
      ],
      [
        708975.8392373448,
        3148922.1656417716,
        0.0
      ],
      [
        708989.5162428259,
        3148906.7221284895,
        0.0
      ]
    ]
  ]
}