{
  "code": "232851339",
  "epsg": 32639,
  "bbox_utm": {
    "minx": 689098.013429648,
    "miny": 3127194.574770722,
    "maxx": 689254.4735647433,
    "maxy": 3127351.034905818
  },
  "polygon_utm": [
    [
      [
        689201.6540971175,
        3127218.609456727,
        0.0
      ],
      [
        689188.9966450981,
        3127219.9789044694,
        0.0
      ],
      [
        689177.8932072241,
        3127222.9443735126,
        0.0
      ],
      [
        689165.7203829472,
        3127226.940296035,
        0.0
      ],
      [
        689147.3732437497,
        3127221.9341533096,
        0.0
      ],
      [
        689143.4551235775,
        3127236.5365633247,
        0.0
      ],
      [
        689135.4597413297,
        3127242.6940684677,
        0.0
      ],
      [
        689124.381374775,
        3127244.0887459726,
        0.0
      ],
      [
        689123.7548916877,
        3127250.363690634,
        0.0
      ],
      [
        689126.0278163548,
        3127272.9208805924,
        0.0
      ],
      [
        689130.9408085016,
        3127294.996362758,
        0.0
      ],
      [
        689132.7123943233,
        3127315.97425893,
        0.0
      ],
      [
        689131.5011470196,
        3127325.906031042,
        0.0
      ],
      [
        689141.4599842937,
        3127328.683457947,
        0.0
      ],
      [
        689154.1506963898,
        3127325.219549842,
        0.0
      ],
      [
        689167.342722738,
        3127323.3348676525,
        0.0
      ],
      [
        689178.3876355703,
        3127324.0346758976,
        0.0
      ],
      [
        689186.842556708,
        3127322.074499124,
        0.0
      ],
      [
        689194.8796565704,
        3127313.2990297186,
        0.0
      ],
      [
        689201.788942199,
        3127309.2192528355,
        0.0
      ],
      [
        689205.6069390656,
        3127300.900255795,
        0.0
      ],
      [
        689208.3638982729,
        3127293.088079083,
        0.0
      ],
      [
        689211.1459061162,
        3127283.70506871,
        0.0
      ],
      [
        689219.3500243749,
        3127264.457378213,
        0.0
      ],
      [
        689222.61665062,
        3127257.700793993,
        0.0
      ],
      [
        689228.7321027037,
        3127237.3722724146,
        0.0
      ],
      [
        689227.4786653871,
        3127216.926218593,
        0.0
      ],
      [
        689201.6540971175,
        3127218.609456727,
        0.0
      ]
    ]
  ]
}