{
  "code": "232817340",
  "epsg": 32639,
  "bbox_utm": {
    "minx": 692594.1017720125,
    "miny": 3145698.6359315924,
    "maxx": 693444.7392560003,
    "maxy": 3146549.2734155804
  },
  "polygon_utm": [
    [
      [
        693199.8887277131,
        3146020.8161702957,
        0.0
      ],
      [
        693074.0628871138,
        3146096.69504053,
        0.0
      ],
      [
        692972.5619245701,
        3145939.1497030705,
        0.0
      ],
      [
        692936.1688926627,
        3145914.491205049,
        0.0
      ],
      [
        692906.9086235025,
        3145967.8914187537,
        0.0
      ],
      [
        692866.480819913,
        3145997.0462345337,
        0.0
      ],
      [
        692813.3037670258,
        3146034.3620050205,
        0.0
      ],
      [
        692748.4800677683,
        3146076.7182847485,
        0.0
      ],
      [
        692715.6214125822,
        3146109.15665232,
        0.0
      ],
      [
        692730.6751408378,
        3146128.8318033963,
        0.0
      ],
      [
        692752.3814536035,
        3146143.499313288,
        0.0
      ],
      [
        692778.652387485,
        3146176.360625543,
        0.0
      ],
      [
        692800.0249084393,
        3146203.387805584,
        0.0
      ],
      [
        692806.2261376248,
        3146217.935893266,
        0.0
      ],
      [
        692807.5438751855,
        3146225.7469296483,
        0.0
      ],
      [
        692819.8780823313,
        3146242.9490680504,
        0.0
      ],
      [
        692832.2379273414,
        3146258.5823614895,
        0.0
      ],
      [
        692835.4783103799,
        3146269.3586364654,
        0.0
      ],
      [
        692842.3304060032,
        3146284.2803335916,
        0.0
      ],
      [
        692848.0581695902,
        3146295.633753021,
        0.0
      ],
      [
        692854.4729858412,
        3146305.1542503256,
        0.0
      ],
      [
        692864.6249798595,
        3146319.182120475,
        0.0
      ],
      [
        692879.504391236,
        3146333.418142124,
        0.0
      ],
      [
        692914.9814720858,
        3146309.601795324,
        0.0
      ],
      [
        692953.5406912682,
        3146298.2022581585,
        0.0
      ],
      [
        693016.4619854735,
        3146275.694019463,
        0.0
      ],
      [
        693076.19618559,
        3146255.226172815,
        0.0
      ],
      [
        693097.2252809117,
        3146255.0476909317,
        0.0
      ],
      [
        693127.1452480983,
        3146257.6304004234,
        0.0
      ],
      [
        693159.7442098081,
        3146257.118585074,
        0.0
      ],
      [
        693204.5071608371,
        3146252.0985256145,
        0.0
      ],
      [
        693228.8437267998,
        3146242.5589413955,
        0.0
      ],
      [
        693251.4556540227,
        3146209.9752212553,
        0.0
      ],
      [
        693311.7204040579,
        3146125.176841644,
        0.0
      ],
      [
        693323.2196154307,
        3146097.1184459743,
        0.0
      ],
      [
        693199.8887277131,
        3146020.8161702957,
        0.0
      ]
    ]
  ]
}