{
  "code": "232815595",
  "epsg": 32639,
  "bbox_utm": {
    "minx": 694292.1875778993,
    "miny": 3145507.1785488664,
    "maxx": 694771.1326716754,
    "maxy": 3145986.1236426425
  },
  "polygon_utm": [
    [
      [
        694521.1463840577,
        3145623.2213043915,
        0.0
      ],
      [
        694460.2902176699,
        3145647.5883103367,
        0.0
      ],
      [
        694419.3017681977,
        3145662.6056175027,
        0.0
      ],
      [
        694360.6083055817,
        3145699.3019215013,
        0.0
      ],
      [
        694412.423370488,
        3145808.7025926895,
        0.0
      ],
      [
        694452.1385215442,
        3145870.82323721,
        0.0
      ],
      [
        694534.080225395,
        3145826.9266027003,
        0.0
      ],
      [
        694539.171558273,
        3145836.94974776,
        0.0
      ],
      [
        694614.0486901368,
        3145807.060909135,
        0.0
      ],
      [
        694638.0426774714,
        3145802.4875999843,
        0.0
      ],
      [
        694699.7869168981,
        3145756.1657469478,
        0.0
      ],
      [
        694702.7119439931,
        3145754.121612638,
        0.0
      ],
      [
        694619.1605318367,
        3145624.839413456,
        0.0
      ],
      [
        694566.347569247,
        3145623.705866529,
        0.0
      ],
      [
        694539.5577224306,
        3145622.4789542984,
        0.0
      ],
      [
        694521.1463840577,
        3145623.2213043915,
        0.0
      ]
    ]
  ]
}