{
  "code": "232878934",
  "epsg": 32639,
  "bbox_utm": {
    "minx": 708439.4937297774,
    "miny": 3149232.7357697967,
    "maxx": 708715.8852233805,
    "maxy": 3149509.1272633993
  },
  "polygon_utm": [
    [
      [
        708570.1905904807,
        3149286.4686986273,
        0.0
      ],
      [
        708541.6059309632,
        3149342.430858085,
        0.0
      ],
      [
        708501.5804301569,
        3149421.1956714815,
        0.0
      ],
      [
        708492.5824278097,
        3149439.5975393485,
        0.0
      ],
      [
        708490.1752285511,
        3149456.8090067618,
        0.0
      ],
      [
        708491.5246059167,
        3149469.642764313,
        0.0
      ],
      [
        708515.1877834557,
        3149454.1150137032,
        0.0
      ],
      [
        708552.2965829277,
        3149421.3099595797,
        0.0
      ],
      [
        708573.2911952636,
        3149408.0878028003,
        0.0
      ],
      [
        708601.2690868342,
        3149386.362327319,
        0.0
      ],
      [
        708616.9865141236,
        3149374.3538079388,
        0.0
      ],
      [
        708641.3716870917,
        3149355.178954096,
        0.0
      ],
      [
        708665.2037246067,
        3149337.562878144,
        0.0
      ],
      [
        708637.3408519581,
        3149308.311749242,
        0.0
      ],
      [
        708620.1721413094,
        3149313.236009724,
        0.0
      ],
      [
        708596.137276752,
        3149305.228575019,
        0.0
      ],
      [
        708586.8742891157,
        3149294.0843798025,
        0.0
      ],
      [
        708577.5384587476,
        3149272.2202688823,
        0.0
      ],
      [
        708570.1905904807,
        3149286.4686986273,
        0.0
      ]
    ]
  ]
}