{
  "code": "232838321",
  "epsg": 32639,
  "bbox_utm": {
    "minx": 702415.3479183213,
    "miny": 3161300.4738032115,
    "maxx": 702665.6357016874,
    "maxy": 3161550.761586578
  },
  "polygon_utm": [
    [
      [
        702629.8803040637,
        3161420.513589545,
        0.0
      ],
      [
        702589.30239983,
        3161398.91982256,
        0.0
      ],
      [
        702543.1507942419,
        3161396.0327016483,
        0.0
      ],
      [
        702511.8216202545,
        3161386.0897202645,
        0.0
      ],
      [
        702451.9514103649,
        3161387.144270104,
        0.0
      ],
      [
        702451.103315945,
        3161436.225896563,
        0.0
      ],
      [
        702554.9350204486,
        3161443.2435053466,
        0.0
      ],
      [
        702613.3579734326,
        3161465.1456695246,
        0.0
      ],
      [
        702629.8803040637,
        3161420.513589545,
        0.0
      ]
    ]
  ]
}