{
  "code": "232815946",
  "epsg": 32639,
  "bbox_utm": {
    "minx": 694505.1658805391,
    "miny": 3145912.3443466793,
    "maxx": 694811.7270137795,
    "maxy": 3146218.9054799196
  },
  "polygon_utm": [
    [
      [
        694753.3347798653,
        3146142.2064847616,
        0.0
      ],
      [
        694752.8870463544,
        3146137.49120355,
        0.0
      ],
      [
        694604.4902015886,
        3145956.1387942852,
        0.0
      ],
      [
        694563.5581144532,
        3145983.7105665305,
        0.0
      ],
      [
        694718.6227556583,
        3146175.111032314,
        0.0
      ],
      [
        694753.3347798653,
        3146142.2064847616,
        0.0
      ]
    ]
  ]
}