{
  "code": "232811324",
  "epsg": 32639,
  "bbox_utm": {
    "minx": 708784.9738459989,
    "miny": 3148621.8960564137,
    "maxx": 708999.2916639628,
    "maxy": 3148836.2138743773
  },
  "polygon_utm": [
    [
      [
        708911.8364550606,
        3148722.857684775,
        0.0
      ],
      [
        708869.2994649304,
        3148652.5128875514,
        0.0
      ],
      [
        708868.5641323755,
        3148658.506853028,
        0.0
      ],
      [
        708868.484376865,
        3148663.0022730636,
        0.0
      ],
      [
        708867.9856107403,
        3148663.2225951385,
        0.0
      ],
      [
        708867.9496561545,
        3148663.5156741636,
        0.0
      ],
      [
        708852.5818744185,
        3148670.5634636083,
        0.0
      ],
      [
        708846.2721184295,
        3148675.961386409,
        0.0
      ],
      [
        708840.4094463848,
        3148681.2450538897,
        0.0
      ],
      [
        708853.3392467324,
        3148703.8767838143,
        0.0
      ],
      [
        708859.4311384491,
        3148714.084555857,
        0.0
      ],
      [
        708861.2802066559,
        3148728.36598443,
        0.0
      ],
      [
        708860.9829670725,
        3148728.2407196886,
        0.0
      ],
      [
        708861.015166273,
        3148728.4920034967,
        0.0
      ],
      [
        708852.1475340377,
        3148724.6744881193,
        0.0
      ],
      [
        708852.0369392433,
        3148724.7281762757,
        0.0
      ],
      [
        708889.343937092,
        3148805.59704324,
        0.0
      ],
      [
        708909.8824984067,
        3148803.3470934597,
        0.0
      ],
      [
        708943.8560635768,
        3148780.828026607,
        0.0
      ],
      [
        708911.8364550606,
        3148722.857684775,
        0.0
      ]
    ]
  ]
}