{
  "code": "232879759",
  "epsg": 32639,
  "bbox_utm": {
    "minx": 708991.9540452249,
    "miny": 3148924.6534102336,
    "maxx": 709273.5870462691,
    "maxy": 3149206.286411278
  },
  "polygon_utm": [
    [
      [
        709068.0159341192,
        3149073.867193462,
        0.0
      ],
      [
        709103.8821249859,
        3149155.5489776954,
        0.0
      ],
      [
        709125.4802898404,
        3149152.7954800967,
        0.0
      ],
      [
        709121.3995589113,
        3149131.023960246,
        0.0
      ],
      [
        709157.2791718298,
        3149108.3937835214,
        0.0
      ],
      [
        709232.1635327585,
        3149064.7577533666,
        0.0
      ],
      [
        709233.3537604057,
        3149056.935830166,
        0.0
      ],
      [
        709208.9465334429,
        3149040.292968787,
        0.0
      ],
      [
        709176.4165296626,
        3149026.585914556,
        0.0
      ],
      [
        709131.2145337671,
        3149007.5393072064,
        0.0
      ],
      [
        709122.2269699267,
        3148995.1626125947,
        0.0
      ],
      [
        709111.8269591035,
        3148980.8408497456,
        0.0
      ],
      [
        709107.8693373174,
        3148975.390843816,
        0.0
      ],
      [
        709032.1873310884,
        3149019.6365342103,
        0.0
      ],
      [
        709060.4035402606,
        3149062.34497092,
        0.0
      ],
      [
        709068.0159341192,
        3149073.867193462,
        0.0
      ]
    ]
  ]
}