{
  "code": "232879614",
  "epsg": 32639,
  "bbox_utm": {
    "minx": 708816.6549308401,
    "miny": 3148893.9377466245,
    "maxx": 709144.246329127,
    "maxy": 3149221.529144912
  },
  "polygon_utm": [
    [
      [
        708915.2670276621,
        3148958.999001257,
        0.0
      ],
      [
        708903.7336569912,
        3148972.1276249047,
        0.0
      ],
      [
        708896.1975363158,
        3148974.738977381,
        0.0
      ],
      [
        708886.5497300308,
        3148963.0645319875,
        0.0
      ],
      [
        708889.3869932063,
        3148975.3370718337,
        0.0
      ],
      [
        708894.2139203515,
        3148990.259276888,
        0.0
      ],
      [
        708925.2477196448,
        3149062.9663974443,
        0.0
      ],
      [
        708932.6733111491,
        3149059.176666624,
        0.0
      ],
      [
        708946.0253665665,
        3149062.028021926,
        0.0
      ],
      [
        708961.3724230828,
        3149070.927818388,
        0.0
      ],
      [
        708969.3217006787,
        3149082.0492111393,
        0.0
      ],
      [
        708979.0664338857,
        3149110.4571564617,
        0.0
      ],
      [
        708997.3682162595,
        3149115.7493511415,
        0.0
      ],
      [
        709018.7289033157,
        3149170.768287461,
        0.0
      ],
      [
        709031.6110877362,
        3149170.4741858235,
        0.0
      ],
      [
        709042.3498017564,
        3149172.4949290836,
        0.0
      ],
      [
        709050.4567487573,
        3149174.7303737276,
        0.0
      ],
      [
        709061.8462137363,
        3149169.703997028,
        0.0
      ],
      [
        709070.0784971871,
        3149164.8829833805,
        0.0
      ],
      [
        709074.3515299363,
        3149161.0373805854,
        0.0
      ],
      [
        709044.9741152872,
        3149083.9153732783,
        0.0
      ],
      [
        709068.0159341192,
        3149073.867193462,
        0.0
      ],
      [
        709059.8040235718,
        3149062.7410536883,
        0.0
      ],
      [
        708982.2742352441,
        3149033.390721067,
        0.0
      ],
      [
        708947.6327976654,
        3148969.359471293,
        0.0
      ],
      [
        708932.1475422665,
        3148940.7365178084,
        0.0
      ],
      [
        708915.2670276621,
        3148958.999001257,
        0.0
      ]
    ]
  ]
}