{
  "code": "232811436",
  "epsg": 32639,
  "bbox_utm": {
    "minx": 708685.1176389992,
    "miny": 3148682.0696675535,
    "maxx": 709019.1138094285,
    "maxy": 3149016.065837983
  },
  "polygon_utm": [
    [
      [
        708823.2798004668,
        3148729.7834061864,
        0.0
      ],
      [
        708768.0874807084,
        3148752.2035872694,
        0.0
      ],
      [
        708821.2886015124,
        3148864.2594263935,
        0.0
      ],
      [
        708839.9322962374,
        3148909.557660251,
        0.0
      ],
      [
        708870.6023382815,
        3148899.1213869504,
        0.0
      ],
      [
        708881.5947623232,
        3148901.6693826015,
        0.0
      ],
      [
        708891.425003002,
        3148910.471292304,
        0.0
      ],
      [
        708894.5156839611,
        3148928.826822519,
        0.0
      ],
      [
        708894.6921158647,
        3148948.5031587626,
        0.0
      ],
      [
        708893.2080876837,
        3148958.084656389,
        0.0
      ],
      [
        708891.5413480494,
        3148963.1531096394,
        0.0
      ],
      [
        708892.9178809761,
        3148967.033738054,
        0.0
      ],
      [
        708897.2306752922,
        3148968.35209935,
        0.0
      ],
      [
        708903.3009867421,
        3148966.8912007483,
        0.0
      ],
      [
        708916.1479464745,
        3148953.785883335,
        0.0
      ],
      [
        708929.8457089553,
        3148937.166250089,
        0.0
      ],
      [
        708936.1439677193,
        3148937.6701939465,
        0.0
      ],
      [
        708915.9011821365,
        3148893.6506907227,
        0.0
      ],
      [
        708905.3367922644,
        3148896.6004753266,
        0.0
      ],
      [
        708881.2225875403,
        3148848.59059883,
        0.0
      ],
      [
        708825.9016148022,
        3148737.5424602176,
        0.0
      ],
      [
        708823.2798004668,
        3148729.7834061864,
        0.0
      ]
    ]
  ]
}