{
  "code": "232879766",
  "epsg": 32639,
  "bbox_utm": {
    "minx": 708994.5956691392,
    "miny": 3149046.02486886,
    "maxx": 709189.4919413521,
    "maxy": 3149240.921141073
  },
  "polygon_utm": [
    [
      [
        709079.5374037123,
        3149209.3638710617,
        0.0
      ],
      [
        709084.6440292285,
        3149210.369595042,
        0.0
      ],
      [
        709093.7586451983,
        3149207.655749499,
        0.0
      ],
      [
        709112.5527810435,
        3149200.015934892,
        0.0
      ],
      [
        709125.9925108148,
        3149183.130856208,
        0.0
      ],
      [
        709139.1134952041,
        3149154.6063064006,
        0.0
      ],
      [
        709125.4802898404,
        3149152.7954800967,
        0.0
      ],
      [
        709103.8821249859,
        3149155.5489776954,
        0.0
      ],
      [
        709068.0159341192,
        3149073.867193462,
        0.0
      ],
      [
        709044.9741152872,
        3149083.915373278,
        0.0
      ],
      [
        709074.3515299369,
        3149161.0373805873,
        0.0
      ],
      [
        709070.0784971871,
        3149164.8829833805,
        0.0
      ],
      [
        709061.8462137363,
        3149169.703997028,
        0.0
      ],
      [
        709050.4567487573,
        3149174.7303737276,
        0.0
      ],
      [
        709056.0567714236,
        3149192.3458392494,
        0.0
      ],
      [
        709060.550226065,
        3149213.078816471,
        0.0
      ],
      [
        709079.5374037123,
        3149209.3638710617,
        0.0
      ]
    ]
  ]
}