{
  "code": "232879461",
  "epsg": 32639,
  "bbox_utm": {
    "minx": 709165.9707924601,
    "miny": 3149057.4536162023,
    "maxx": 709408.459670195,
    "maxy": 3149299.9424939374
  },
  "polygon_utm": [
    [
      [
        709254.6370518658,
        3149131.038918326,
        0.0
      ],
      [
        709249.9411510276,
        3149158.667461614,
        0.0
      ],
      [
        709200.6120607079,
        3149183.9339816193,
        0.0
      ],
      [
        709219.7842851398,
        3149258.5215618983,
        0.0
      ],
      [
        709248.3893398573,
        3149245.9584699282,
        0.0
      ],
      [
        709288.7303423528,
        3149223.669667126,
        0.0
      ],
      [
        709309.4449171104,
        3149211.4892400126,
        0.0
      ],
      [
        709334.4687214515,
        3149200.8233524645,
        0.0
      ],
      [
        709347.3311115833,
        3149194.2548489138,
        0.0
      ],
      [
        709351.226433764,
        3149189.4876134046,
        0.0
      ],
      [
        709353.0095623338,
        3149177.8855353068,
        0.0
      ],
      [
        709355.4262333497,
        3149167.6018837783,
        0.0
      ],
      [
        709373.8184019472,
        3149153.027281651,
        0.0
      ],
      [
        709368.468779525,
        3149143.520488379,
        0.0
      ],
      [
        709357.7997982972,
        3149137.5791629087,
        0.0
      ],
      [
        709343.1610049431,
        3149125.815677383,
        0.0
      ],
      [
        709326.6250883089,
        3149117.286401039,
        0.0
      ],
      [
        709307.2806222357,
        3149104.132087722,
        0.0
      ],
      [
        709298.3076023445,
        3149098.874548242,
        0.0
      ],
      [
        709254.6370518658,
        3149131.038918326,
        0.0
      ]
    ]
  ]
}