{
  "code": "232814561",
  "epsg": 32639,
  "bbox_utm": {
    "minx": 693670.8377336676,
    "miny": 3145441.040481997,
    "maxx": 694148.2363142942,
    "maxy": 3145918.439062624
  },
  "polygon_utm": [
    [
      [
        694080.0365170619,
        3145754.4485363094,
        0.0
      ],
      [
        694050.7520540472,
        3145681.2647023704,
        0.0
      ],
      [
        694001.6688690752,
        3145597.281051752,
        0.0
      ],
      [
        693962.0884080977,
        3145542.7482652566,
        0.0
      ],
      [
        693739.0375309,
        3145680.32128425,
        0.0
      ],
      [
        693827.7371109412,
        3145816.7312793643,
        0.0
      ],
      [
        694080.0365170619,
        3145754.4485363094,
        0.0
      ]
    ]
  ]
}