{
  "code": "232879786",
  "epsg": 32639,
  "bbox_utm": {
    "minx": 709037.8936541823,
    "miny": 3149080.2622100054,
    "maxx": 709234.8146687921,
    "maxy": 3149277.183224615
  },
  "polygon_utm": [
    [
      [
        709124.8382663348,
        3149233.3053939934,
        0.0
      ],
      [
        709140.4171612277,
        3149229.1378511735,
        0.0
      ],
      [
        709151.0669220086,
        3149206.58246907,
        0.0
      ],
      [
        709138.639843416,
        3149181.2641014173,
        0.0
      ],
      [
        709188.0642937459,
        3149165.410636408,
        0.0
      ],
      [
        709157.2791718298,
        3149108.3937835214,
        0.0
      ],
      [
        709121.3995589113,
        3149131.023960246,
        0.0
      ],
      [
        709125.4802898404,
        3149152.7954800967,
        0.0
      ],
      [
        709139.1134952041,
        3149154.6063064006,
        0.0
      ],
      [
        709125.9925108148,
        3149183.130856208,
        0.0
      ],
      [
        709112.5527810435,
        3149200.015934892,
        0.0
      ],
      [
        709093.7586451983,
        3149207.655749499,
        0.0
      ],
      [
        709084.6440292285,
        3149210.36959504,
        0.0
      ],
      [
        709090.8324794521,
        3149239.237055142,
        0.0
      ],
      [
        709098.804729987,
        3149249.0516510997,
        0.0
      ],
      [
        709124.8382663348,
        3149233.3053939934,
        0.0
      ]
    ]
  ]
}