{
  "code": "232811559",
  "epsg": 32639,
  "bbox_utm": {
    "minx": 708619.2378336849,
    "miny": 3148647.6892679334,
    "maxx": 708941.3452398957,
    "maxy": 3148969.7966741435
  },
  "polygon_utm": [
    [
      [
        708823.2798004668,
        3148729.7834061864,
        0.0
      ],
      [
        708801.1871092682,
        3148693.704611677,
        0.0
      ],
      [
        708720.6507773431,
        3148744.826415314,
        0.0
      ],
      [
        708809.0637334401,
        3148923.781330399,
        0.0
      ],
      [
        708828.8285998616,
        3148913.2822536286,
        0.0
      ],
      [
        708839.9322962374,
        3148909.557660251,
        0.0
      ],
      [
        708768.0874807084,
        3148752.2035872694,
        0.0
      ],
      [
        708823.2798004668,
        3148729.7834061864,
        0.0
      ]
    ]
  ]
}