{
  "code": "232878820",
  "epsg": 32639,
  "bbox_utm": {
    "minx": 708674.8575761677,
    "miny": 3148866.4307621545,
    "maxx": 708936.312872557,
    "maxy": 3149127.8860585433
  },
  "polygon_utm": [
    [
      [
        708877.5266849952,
        3149012.4467009637,
        0.0
      ],
      [
        708889.2239548753,
        3148975.2688193736,
        0.0
      ],
      [
        708886.2846944154,
        3148963.1905476106,
        0.0
      ],
      [
        708889.0509961228,
        3148955.3965116707,
        0.0
      ],
      [
        708890.1220537865,
        3148939.467815561,
        0.0
      ],
      [
        708888.4870945606,
        3148927.9355291696,
        0.0
      ],
      [
        708886.7964787611,
        3148919.5395051334,
        0.0
      ],
      [
        708885.9929089495,
        3148912.9892855263,
        0.0
      ],
      [
        708882.9284093418,
        3148907.967575113,
        0.0
      ],
      [
        708877.7273813176,
        3148904.8687430867,
        0.0
      ],
      [
        708868.0230450965,
        3148903.781518781,
        0.0
      ],
      [
        708862.0585622641,
        3148906.682235901,
        0.0
      ],
      [
        708844.1952713898,
        3148913.6855850657,
        0.0
      ],
      [
        708824.2256264304,
        3148920.9130274705,
        0.0
      ],
      [
        708778.0330136996,
        3148947.1524975942,
        0.0
      ],
      [
        708759.1854445859,
        3148957.798605961,
        0.0
      ],
      [
        708741.4119495401,
        3148967.15659303,
        0.0
      ],
      [
        708728.9808598623,
        3148971.642026483,
        0.0
      ],
      [
        708721.048394938,
        3148974.3771777567,
        0.0
      ],
      [
        708755.7823406749,
        3149046.232005779,
        0.0
      ],
      [
        708777.1981359168,
        3149090.5353019163,
        0.0
      ],
      [
        708790.3059793218,
        3149070.1144636907,
        0.0
      ],
      [
        708833.5619322065,
        3149046.437610696,
        0.0
      ],
      [
        708852.8838642238,
        3149038.675916538,
        0.0
      ],
      [
        708866.0659887145,
        3149036.295453414,
        0.0
      ],
      [
        708877.5266849952,
        3149012.4467009637,
        0.0
      ]
    ]
  ]
}