{
  "code": "232879236",
  "epsg": 32639,
  "bbox_utm": {
    "minx": 708955.9378801697,
    "miny": 3148756.009644177,
    "maxx": 709307.0184304904,
    "maxy": 3149107.0901944973
  },
  "polygon_utm": [
    [
      [
        709101.3360531642,
        3148810.6678012847,
        0.0
      ],
      [
        709084.5525683387,
        3148823.4417512245,
        0.0
      ],
      [
        709070.4965796539,
        3148845.414563683,
        0.0
      ],
      [
        709057.1331706061,
        3148857.9878083407,
        0.0
      ],
      [
        709044.7324843014,
        3148875.5455023735,
        0.0
      ],
      [
        709038.8691299007,
        3148880.1472954783,
        0.0
      ],
      [
        709032.5852705854,
        3148893.630559403,
        0.0
      ],
      [
        709029.6025502546,
        3148898.806378896,
        0.0
      ],
      [
        709045.3081268311,
        3148917.1245564753,
        0.0
      ],
      [
        709077.2371574547,
        3148939.3910032716,
        0.0
      ],
      [
        709112.2471118642,
        3148980.53575049,
        0.0
      ],
      [
        709121.9703351794,
        3148995.348972641,
        0.0
      ],
      [
        709131.2145337671,
        3149007.5393072064,
        0.0
      ],
      [
        709176.6113232692,
        3149026.123624203,
        0.0
      ],
      [
        709208.9465334429,
        3149040.292968787,
        0.0
      ],
      [
        709233.3537604057,
        3149056.935830166,
        0.0
      ],
      [
        709223.7700874101,
        3149034.2819608413,
        0.0
      ],
      [
        709198.9436205357,
        3148982.076176418,
        0.0
      ],
      [
        709163.3567567111,
        3148914.254143331,
        0.0
      ],
      [
        709133.271676399,
        3148854.764982495,
        0.0
      ],
      [
        709112.7165982237,
        3148806.1640085084,
        0.0
      ],
      [
        709101.3360531642,
        3148810.6678012847,
        0.0
      ]
    ]
  ]
}