{
  "code": "232817724",
  "epsg": 32639,
  "bbox_utm": {
    "minx": 693299.6813131599,
    "miny": 3146258.000001039,
    "maxx": 693766.2605149774,
    "maxy": 3146724.5792028555
  },
  "polygon_utm": [
    [
      [
        693475.2161898615,
        3146444.3827492483,
        0.0
      ],
      [
        693485.4510264144,
        3146493.326181258,
        0.0
      ],
      [
        693453.4228027449,
        3146523.138691624,
        0.0
      ],
      [
        693393.7290936614,
        3146637.234799784,
        0.0
      ],
      [
        693517.4399731283,
        3146657.925031168,
        0.0
      ],
      [
        693528.2762242388,
        3146638.2323303265,
        0.0
      ],
      [
        693672.212734476,
        3146419.788277242,
        0.0
      ],
      [
        693621.9996396342,
        3146324.654172727,
        0.0
      ],
      [
        693475.2161898615,
        3146444.3827492483,
        0.0
      ]
    ]
  ]
}