{
  "code": "232878886",
  "epsg": 32639,
  "bbox_utm": {
    "minx": 708562.6873794647,
    "miny": 3148931.7008956876,
    "maxx": 708861.4213539483,
    "maxy": 3149230.4348701714
  },
  "polygon_utm": [
    [
      [
        708755.7823406749,
        3149046.232005779,
        0.0
      ],
      [
        708721.048394938,
        3148974.3771777567,
        0.0
      ],
      [
        708712.7512714787,
        3148982.857474169,
        0.0
      ],
      [
        708712.7498527843,
        3148997.759325257,
        0.0
      ],
      [
        708700.343798803,
        3149030.4802865046,
        0.0
      ],
      [
        708659.7816065106,
        3149109.760179192,
        0.0
      ],
      [
        708646.9105974962,
        3149139.073992768,
        0.0
      ],
      [
        708658.9940056624,
        3149154.189862418,
        0.0
      ],
      [
        708679.6852424989,
        3149187.758588102,
        0.0
      ],
      [
        708712.2211922402,
        3149175.786716433,
        0.0
      ],
      [
        708708.7207535547,
        3149150.8885490345,
        0.0
      ],
      [
        708730.0589748011,
        3149118.326326029,
        0.0
      ],
      [
        708777.1981359168,
        3149090.5353019163,
        0.0
      ],
      [
        708755.7823406749,
        3149046.232005779,
        0.0
      ]
    ]
  ]
}