{
  "code": "232817379",
  "epsg": 32639,
  "bbox_utm": {
    "minx": 693017.9661591277,
    "miny": 3145500.783634573,
    "maxx": 693769.5178330508,
    "maxy": 3146252.335308496
  },
  "polygon_utm": [
    [
      [
        693551.6450559909,
        3145695.5230185743,
        0.0
      ],
      [
        693494.0074651582,
        3145684.1143234065,
        0.0
      ],
      [
        693458.3909560374,
        3145676.206042281,
        0.0
      ],
      [
        693425.1617804108,
        3145682.984212637,
        0.0
      ],
      [
        693393.1296166948,
        3145680.8891998753,
        0.0
      ],
      [
        693350.5609178196,
        3145680.1907467176,
        0.0
      ],
      [
        693298.6354462268,
        3145673.061629237,
        0.0
      ],
      [
        693198.8086501679,
        3145669.855414495,
        0.0
      ],
      [
        693125.3306839739,
        3145694.7755046748,
        0.0
      ],
      [
        693369.7052596041,
        3146083.2635285743,
        0.0
      ],
      [
        693444.9794215163,
        3146012.8659606045,
        0.0
      ],
      [
        693546.8336179217,
        3145956.474342374,
        0.0
      ],
      [
        693584.6885114836,
        3145956.066953902,
        0.0
      ],
      [
        693585.866945709,
        3145916.33054407,
        0.0
      ],
      [
        693662.1533082047,
        3145880.4486155,
        0.0
      ],
      [
        693594.0332197598,
        3145752.0220216936,
        0.0
      ],
      [
        693551.6450559909,
        3145695.5230185743,
        0.0
      ]
    ]
  ]
}