{
  "code": "232879799",
  "epsg": 32639,
  "bbox_utm": {
    "minx": 709072.4311212626,
    "miny": 3149023.0312957615,
    "maxx": 709364.5163244979,
    "maxy": 3149315.1164989974
  },
  "polygon_utm": [
    [
      [
        709163.2007347426,
        3149218.8239781447,
        0.0
      ],
      [
        709166.6278998645,
        3149233.0022204816,
        0.0
      ],
      [
        709173.7939728505,
        3149273.390041392,
        0.0
      ],
      [
        709219.7842851398,
        3149258.5215618983,
        0.0
      ],
      [
        709200.6120607079,
        3149183.9339816193,
        0.0
      ],
      [
        709249.9411510276,
        3149158.6674616137,
        0.0
      ],
      [
        709254.6370518659,
        3149131.0389183247,
        0.0
      ],
      [
        709298.3076023445,
        3149098.874548242,
        0.0
      ],
      [
        709288.187211592,
        3149091.6358481213,
        0.0
      ],
      [
        709260.7555259215,
        3149082.520773438,
        0.0
      ],
      [
        709232.1635327585,
        3149064.7577533666,
        0.0
      ],
      [
        709157.2791718298,
        3149108.3937835214,
        0.0
      ],
      [
        709188.0642937459,
        3149165.410636408,
        0.0
      ],
      [
        709138.639843416,
        3149181.2641014173,
        0.0
      ],
      [
        709151.0669220086,
        3149206.58246907,
        0.0
      ],
      [
        709140.4171612277,
        3149229.137851173,
        0.0
      ],
      [
        709163.2007347426,
        3149218.8239781447,
        0.0
      ]
    ]
  ]
}