{
  "code": "232873254",
  "epsg": 32639,
  "bbox_utm": {
    "minx": 709103.5137280789,
    "miny": 3149328.86961131,
    "maxx": 709592.4044257633,
    "maxy": 3149817.760308994
  },
  "polygon_utm": [
    [
      [
        709277.7521809761,
        3149693.2594492673,
        0.0
      ],
      [
        709295.6645501889,
        3149676.0626977948,
        0.0
      ],
      [
        709314.5463571083,
        3149648.687682828,
        0.0
      ],
      [
        709328.2509599813,
        3149631.677490509,
        0.0
      ],
      [
        709353.8004732922,
        3149613.570869621,
        0.0
      ],
      [
        709369.7811646676,
        3149601.568220623,
        0.0
      ],
      [
        709405.2228972069,
        3149573.9649170516,
        0.0
      ],
      [
        709435.0224354209,
        3149553.3197267624,
        0.0
      ],
      [
        709452.2610046798,
        3149544.476608251,
        0.0
      ],
      [
        709460.3862397611,
        3149545.6669190815,
        0.0
      ],
      [
        709473.5261169431,
        3149545.639359782,
        0.0
      ],
      [
        709478.6105369134,
        3149540.5013386304,
        0.0
      ],
      [
        709484.2482817282,
        3149533.8046091674,
        0.0
      ],
      [
        709502.316905875,
        3149522.623479944,
        0.0
      ],
      [
        709519.1185644503,
        3149508.805541985,
        0.0
      ],
      [
        709521.684054941,
        3149504.929811815,
        0.0
      ],
      [
        709522.5628975227,
        3149499.847632497,
        0.0
      ],
      [
        709509.7799552861,
        3149487.2022822537,
        0.0
      ],
      [
        709492.4996442354,
        3149468.856189416,
        0.0
      ],
      [
        709467.5682270383,
        3149452.2039201744,
        0.0
      ],
      [
        709434.9368030026,
        3149454.760336327,
        0.0
      ],
      [
        709404.8906146755,
        3149459.7156867273,
        0.0
      ],
      [
        709375.7232575795,
        3149474.3595547616,
        0.0
      ],
      [
        709346.5931667737,
        3149486.9127178947,
        0.0
      ],
      [
        709318.6534064384,
        3149491.6443049447,
        0.0
      ],
      [
        709302.1680271139,
        3149487.6911451425,
        0.0
      ],
      [
        709275.601000807,
        3149481.728748505,
        0.0
      ],
      [
        709260.5767429421,
        3149476.8866331195,
        0.0
      ],
      [
        709251.0333740502,
        3149481.553350343,
        0.0
      ],
      [
        709214.1711817536,
        3149500.374293967,
        0.0
      ],
      [
        709180.42260331,
        3149517.7474532397,
        0.0
      ],
      [
        709175.8363683604,
        3149520.7376930397,
        0.0
      ],
      [
        709173.3552563195,
        3149523.569278848,
        0.0
      ],
      [
        709174.7467150298,
        3149526.600404908,
        0.0
      ],
      [
        709237.4699581442,
        3149638.4286662973,
        0.0
      ],
      [
        709258.6376004932,
        3149674.6199804586,
        0.0
      ],
      [
        709269.8479159074,
        3149694.4260001294,
        0.0
      ],
      [
        709277.7521809761,
        3149693.2594492673,
        0.0
      ]
    ]
  ]
}