{
  "code": "232810691",
  "epsg": 32639,
  "bbox_utm": {
    "minx": 708839.9150844931,
    "miny": 3148560.9441044442,
    "maxx": 709045.6057475551,
    "maxy": 3148766.6347675063
  },
  "polygon_utm": [
    [
      [
        708911.8364550606,
        3148722.857684775,
        0.0
      ],
      [
        709016.2213671177,
        3148675.5591564747,
        0.0
      ],
      [
        708972.8017178227,
        3148604.7211871757,
        0.0
      ],
      [
        708973.3086107018,
        3148605.7759662243,
        0.0
      ],
      [
        708960.135258211,
        3148607.6337088607,
        0.0
      ],
      [
        708930.9734741647,
        3148618.078250353,
        0.0
      ],
      [
        708921.8606052275,
        3148621.474319469,
        0.0
      ],
      [
        708903.8023714884,
        3148631.270729858,
        0.0
      ],
      [
        708889.3848363957,
        3148639.5776847256,
        0.0
      ],
      [
        708884.8814895813,
        3148642.3776591597,
        0.0
      ],
      [
        708869.5071631256,
        3148651.0306087965,
        0.0
      ],
      [
        708869.2994649304,
        3148652.5128875514,
        0.0
      ],
      [
        708911.8364550606,
        3148722.857684775,
        0.0
      ]
    ]
  ]
}