{
  "code": "232996856",
  "epsg": 32639,
  "bbox_utm": {
    "minx": 708685.6536919366,
    "miny": 3149382.729251086,
    "maxx": 708908.9479223379,
    "maxy": 3149606.0234814864
  },
  "polygon_utm": [
    [
      [
        708830.590122957,
        3149510.1623507338,
        0.0
      ],
      [
        708861.4888725125,
        3149501.560767403,
        0.0
      ],
      [
        708877.0487465663,
        3149498.4383786675,
        0.0
      ],
      [
        708867.2329353131,
        3149488.8528475203,
        0.0
      ],
      [
        708855.4575897425,
        3149486.0296188663,
        0.0
      ],
      [
        708839.3908473707,
        3149488.0973431105,
        0.0
      ],
      [
        708804.5206411077,
        3149483.5572518604,
        0.0
      ],
      [
        708784.3943528538,
        3149477.448828787,
        0.0
      ],
      [
        708758.2358330846,
        3149475.691647311,
        0.0
      ],
      [
        708717.5528677083,
        3149467.8976348755,
        0.0
      ],
      [
        708730.0592604766,
        3149488.772065882,
        0.0
      ],
      [
        708754.323926996,
        3149498.613748609,
        0.0
      ],
      [
        708776.0944070594,
        3149515.7311349246,
        0.0
      ],
      [
        708784.9382626726,
        3149520.8550976967,
        0.0
      ],
      [
        708830.590122957,
        3149510.1623507338,
        0.0
      ]
    ]
  ]
}