{
  "code": "232996911",
  "epsg": 32639,
  "bbox_utm": {
    "minx": 708566.8256637983,
    "miny": 3149699.0583114,
    "maxx": 708855.2561878106,
    "maxy": 3149987.488835412
  },
  "polygon_utm": [
    [
      [
        708678.4212978648,
        3149777.773656223,
        0.0
      ],
      [
        708685.6595250888,
        3149799.338359398,
        0.0
      ],
      [
        708648.6501559245,
        3149811.7530300072,
        0.0
      ],
      [
        708651.6435551089,
        3149835.5951448297,
        0.0
      ],
      [
        708640.2641845939,
        3149840.098901876,
        0.0
      ],
      [
        708641.7726660207,
        3149873.587058278,
        0.0
      ],
      [
        708643.1114722767,
        3149946.284474839,
        0.0
      ],
      [
        708734.3143591944,
        3149930.387092367,
        0.0
      ],
      [
        708733.6746157561,
        3149922.0104339044,
        0.0
      ],
      [
        708731.9176225668,
        3149887.733717651,
        0.0
      ],
      [
        708763.7811473503,
        3149854.314721061,
        0.0
      ],
      [
        708781.8176670149,
        3149830.061431622,
        0.0
      ],
      [
        708768.4216801238,
        3149814.9229252795,
        0.0
      ],
      [
        708754.149481653,
        3149804.7358302134,
        0.0
      ],
      [
        708734.7422965908,
        3149802.5616432903,
        0.0
      ],
      [
        708711.689782625,
        3149798.4929044354,
        0.0
      ],
      [
        708701.0582141469,
        3149790.4617869477,
        0.0
      ],
      [
        708716.9915941269,
        3149781.0718709175,
        0.0
      ],
      [
        708707.4977972656,
        3149760.5779517065,
        0.0
      ],
      [
        708703.0715546608,
        3149751.023180348,
        0.0
      ],
      [
        708697.2551020755,
        3149753.0113860588,
        0.0
      ],
      [
        708696.0064922039,
        3149749.329367069,
        0.0
      ],
      [
        708687.8257504601,
        3149751.2756492826,
        0.0
      ],
      [
        708677.5077971776,
        3149740.374469736,
        0.0
      ],
      [
        708671.2030189391,
        3149740.262671973,
        0.0
      ],
      [
        708678.4212978648,
        3149777.773656223,
        0.0
      ]
    ]
  ]
}