{
  "code": "232996685",
  "epsg": 32639,
  "bbox_utm": {
    "minx": 708838.1933250626,
    "miny": 3149740.330621607,
    "maxx": 708952.0599104058,
    "maxy": 3149854.1972069503
  },
  "polygon_utm": [
    [
      [
        708876.4582684094,
        3149827.819645821,
        0.0
      ],
      [
        708885.5459829557,
        3149833.993578284,
        0.0
      ],
      [
        708908.5119940613,
        3149828.127223782,
        0.0
      ],
      [
        708912.0816071439,
        3149826.8835021215,
        0.0
      ],
      [
        708917.081858579,
        3149819.064359908,
        0.0
      ],
      [
        708922.0813976936,
        3149807.585336651,
        0.0
      ],
      [
        708928.4898272561,
        3149798.157315884,
        0.0
      ],
      [
        708931.6161408438,
        3149784.8804360162,
        0.0
      ],
      [
        708935.7932553567,
        3149771.622198055,
        0.0
      ],
      [
        708934.3887395635,
        3149761.9247262017,
        0.0
      ],
      [
        708927.7377498541,
        3149766.5122018736,
        0.0
      ],
      [
        708914.9675749016,
        3149760.5342502734,
        0.0
      ],
      [
        708892.0640565385,
        3149762.8725800533,
        0.0
      ],
      [
        708865.0400164358,
        3149767.8827259834,
        0.0
      ],
      [
        708855.5959381603,
        3149774.381310638,
        0.0
      ],
      [
        708854.4599801117,
        3149793.967598895,
        0.0
      ],
      [
        708858.6324982747,
        3149805.5716537233,
        0.0
      ],
      [
        708862.974262467,
        3149817.646410007,
        0.0
      ],
      [
        708876.4582684094,
        3149827.819645821,
        0.0
      ]
    ]
  ]
}