{
  "code": "232993419",
  "epsg": 32639,
  "bbox_utm": {
    "minx": 709091.4625035718,
    "miny": 3149810.5023625246,
    "maxx": 709266.1904482634,
    "maxy": 3149985.2303072163
  },
  "polygon_utm": [
    [
      [
        709151.3704837286,
        3149854.9231282705,
        0.0
      ],
      [
        709118.3780628274,
        3149877.864411572,
        0.0
      ],
      [
        709136.3189023087,
        3149918.1801146055,
        0.0
      ],
      [
        709165.7903129451,
        3149960.2691722605,
        0.0
      ],
      [
        709239.2748890077,
        3149935.9568014247,
        0.0
      ],
      [
        709203.7469182662,
        3149835.463497481,
        0.0
      ],
      [
        709151.3704837286,
        3149854.9231282705,
        0.0
      ]
    ]
  ]
}