{
  "code": "232994359",
  "epsg": 32639,
  "bbox_utm": {
    "minx": 709261.7665042765,
    "miny": 3149545.456542506,
    "maxx": 709519.641659339,
    "maxy": 3149803.3316975683
  },
  "polygon_utm": [
    [
      [
        709381.8491358557,
        3149765.1720787315,
        0.0
      ],
      [
        709397.460011246,
        3149759.1757421372,
        0.0
      ],
      [
        709427.0769075184,
        3149743.85561635,
        0.0
      ],
      [
        709453.1572036343,
        3149730.3648908734,
        0.0
      ],
      [
        709394.5262532437,
        3149582.295850372,
        0.0
      ],
      [
        709369.3811852146,
        3149601.031406006,
        0.0
      ],
      [
        709353.3547585018,
        3149612.9726745263,
        0.0
      ],
      [
        709328.2509599813,
        3149631.6774905086,
        0.0
      ],
      [
        709336.9875972113,
        3149642.8126824927,
        0.0
      ],
      [
        709334.4954930695,
        3149664.7279027593,
        0.0
      ],
      [
        709349.8670760619,
        3149686.960850084,
        0.0
      ],
      [
        709370.2508383124,
        3149722.876892257,
        0.0
      ],
      [
        709383.3904771706,
        3149752.3898738483,
        0.0
      ],
      [
        709367.8981656097,
        3149766.4923897022,
        0.0
      ],
      [
        709381.8491358557,
        3149765.1720787315,
        0.0
      ]
    ]
  ]
}