{
  "code": "232995866",
  "epsg": 32639,
  "bbox_utm": {
    "minx": 709447.8112117759,
    "miny": 3149360.5825809427,
    "maxx": 709590.2114830931,
    "maxy": 3149502.9828522597
  },
  "polygon_utm": [
    [
      [
        709515.5701868196,
        3149464.56116668,
        0.0
      ],
      [
        709540.4031068077,
        3149449.8404429015,
        0.0
      ],
      [
        709563.8167963296,
        3149433.6566199614,
        0.0
      ],
      [
        709567.087946641,
        3149427.0484362696,
        0.0
      ],
      [
        709569.8685871906,
        3149418.4707990433,
        0.0
      ],
      [
        709568.6377578899,
        3149406.4231489925,
        0.0
      ],
      [
        709566.8163606047,
        3149398.024982527,
        0.0
      ],
      [
        709559.867498451,
        3149389.7969441367,
        0.0
      ],
      [
        709539.1042519985,
        3149389.9501301213,
        0.0
      ],
      [
        709510.6223102135,
        3149410.357423376,
        0.0
      ],
      [
        709468.1541076783,
        3149448.8157841903,
        0.0
      ],
      [
        709485.6019484594,
        3149457.7534496463,
        0.0
      ],
      [
        709504.1063341893,
        3149473.768489066,
        0.0
      ],
      [
        709515.5701868196,
        3149464.56116668,
        0.0
      ]
    ]
  ]
}