{
  "code": "232997334",
  "epsg": 32639,
  "bbox_utm": {
    "minx": 708748.8028160871,
    "miny": 3148935.629073,
    "maxx": 709026.7588079225,
    "maxy": 3149213.5850648354
  },
  "polygon_utm": [
    [
      [
        708894.2139203515,
        3148990.259276888,
        0.0
      ],
      [
        708889.3869932063,
        3148975.3370718337,
        0.0
      ],
      [
        708877.5266849952,
        3149012.4467009637,
        0.0
      ],
      [
        708866.0659887145,
        3149036.295453414,
        0.0
      ],
      [
        708866.9992934326,
        3149057.749725678,
        0.0
      ],
      [
        708846.4890077738,
        3149058.431549194,
        0.0
      ],
      [
        708817.3307720181,
        3149072.554611439,
        0.0
      ],
      [
        708834.80267852,
        3149124.6285675685,
        0.0
      ],
      [
        708849.3476722694,
        3149134.298242048,
        0.0
      ],
      [
        708875.4612759961,
        3149143.6503452333,
        0.0
      ],
      [
        708890.7880541567,
        3149168.4970516367,
        0.0
      ],
      [
        708931.2457289532,
        3149169.2151152766,
        0.0
      ],
      [
        708958.2308519916,
        3149173.8770660018,
        0.0
      ],
      [
        708936.9424079515,
        3149129.5783551447,
        0.0
      ],
      [
        708950.9914660495,
        3149122.7690240075,
        0.0
      ],
      [
        708941.8817282768,
        3149102.99974802,
        0.0
      ],
      [
        708925.2477196448,
        3149062.9663974443,
        0.0
      ],
      [
        708894.2139203515,
        3148990.259276888,
        0.0
      ]
    ]
  ]
}