{
  "code": "232997004",
  "epsg": 32639,
  "bbox_utm": {
    "minx": 708714.8298463549,
    "miny": 3149357.62051139,
    "maxx": 708799.7979869649,
    "maxy": 3149442.5886519994
  },
  "polygon_utm": [
    [
      [
        708741.6057376792,
        3149430.4173839414,
        0.0
      ],
      [
        708787.6596811635,
        3149411.8886735,
        0.0
      ],
      [
        708767.7437391819,
        3149369.791779448,
        0.0
      ],
      [
        708726.9681521563,
        3149381.532296602,
        0.0
      ],
      [
        708735.8338186439,
        3149400.2508923435,
        0.0
      ],
      [
        708741.6057376792,
        3149430.4173839414,
        0.0
      ]
    ]
  ]
}