{
  "code": "232996810",
  "epsg": 32639,
  "bbox_utm": {
    "minx": 708548.3386472535,
    "miny": 3149712.53482747,
    "maxx": 708737.7314217606,
    "maxy": 3149901.9276019773
  },
  "polygon_utm": [
    [
      [
        708611.004797085,
        3149874.871491333,
        0.0
      ],
      [
        708641.7726660207,
        3149873.587058278,
        0.0
      ],
      [
        708640.2641845939,
        3149840.098901876,
        0.0
      ],
      [
        708651.6435551089,
        3149835.5951448297,
        0.0
      ],
      [
        708648.6501559245,
        3149811.7530300072,
        0.0
      ],
      [
        708685.6595250888,
        3149799.338359398,
        0.0
      ],
      [
        708678.4212978648,
        3149777.773656223,
        0.0
      ],
      [
        708671.2030189391,
        3149740.262671973,
        0.0
      ],
      [
        708662.805915868,
        3149739.5909381136,
        0.0
      ],
      [
        708600.4105439251,
        3149760.9668361414,
        0.0
      ],
      [
        708611.004797085,
        3149874.871491333,
        0.0
      ]
    ]
  ]
}