{
  "code": "232988800",
  "epsg": 32639,
  "bbox_utm": {
    "minx": 705778.8872706086,
    "miny": 3137261.07149418,
    "maxx": 706235.6486835353,
    "maxy": 3137717.832907106
  },
  "polygon_utm": [
    [
      [
        705922.9908650023,
        3137652.167854329,
        0.0
      ],
      [
        705932.6308209021,
        3137642.388987319,
        0.0
      ],
      [
        705957.7142584886,
        3137621.885322791,
        0.0
      ],
      [
        705996.4629007278,
        3137602.1432956615,
        0.0
      ],
      [
        706039.7444051823,
        3137593.997755821,
        0.0
      ],
      [
        706058.3162488313,
        3137584.8981228713,
        0.0
      ],
      [
        706113.1808343111,
        3137546.0670585576,
        0.0
      ],
      [
        706114.460820395,
        3137533.001353935,
        0.0
      ],
      [
        706107.2528361061,
        3137523.9758255663,
        0.0
      ],
      [
        706081.211488633,
        3137508.8632419044,
        0.0
      ],
      [
        706076.271423144,
        3137490.4538447177,
        0.0
      ],
      [
        706063.107895981,
        3137460.9070856185,
        0.0
      ],
      [
        706050.3242937665,
        3137439.74329774,
        0.0
      ],
      [
        706029.6788994703,
        3137416.8719052034,
        0.0
      ],
      [
        706006.1118937337,
        3137410.7024483015,
        0.0
      ],
      [
        705983.1466823593,
        3137369.9907444622,
        0.0
      ],
      [
        705961.5494392887,
        3137341.3439618684,
        0.0
      ],
      [
        705940.7669532378,
        3137326.3231245973,
        0.0
      ],
      [
        705909.8520096303,
        3137349.3434656546,
        0.0
      ],
      [
        705900.0751337488,
        3137366.973141535,
        0.0
      ],
      [
        705904.8241196116,
        3137396.3733518324,
        0.0
      ],
      [
        705910.0470693186,
        3137398.5584207955,
        0.0
      ],
      [
        705949.0578733492,
        3137394.002652695,
        0.0
      ],
      [
        705977.793162287,
        3137405.497302962,
        0.0
      ],
      [
        705974.20896534,
        3137430.0405603433,
        0.0
      ],
      [
        705969.6064655465,
        3137482.836285576,
        0.0
      ],
      [
        705956.4676061706,
        3137572.6529451003,
        0.0
      ],
      [
        705948.323318645,
        3137587.1695761527,
        0.0
      ],
      [
        705929.2683939461,
        3137624.0073557,
        0.0
      ],
      [
        705916.6705922487,
        3137652.581276688,
        0.0
      ],
      [
        705922.9908650023,
        3137652.167854329,
        0.0
      ]
    ]
  ]
}