{
  "code": "232995349",
  "epsg": 32639,
  "bbox_utm": {
    "minx": 709429.7187407075,
    "miny": 3149650.6751764603,
    "maxx": 709593.7879811947,
    "maxy": 3149814.7444169475
  },
  "polygon_utm": [
    [
      [
        709518.9443397535,
        3149695.7211205126,
        0.0
      ],
      [
        709453.1572036343,
        3149730.3648908734,
        0.0
      ],
      [
        709474.2547385723,
        3149783.60382548,
        0.0
      ],
      [
        709501.6447852915,
        3149767.042728374,
        0.0
      ],
      [
        709538.5462599063,
        3149746.0017560157,
        0.0
      ],
      [
        709570.349518268,
        3149730.8827659558,
        0.0
      ],
      [
        709560.1863429493,
        3149681.8157679276,
        0.0
      ],
      [
        709518.9443397535,
        3149695.7211205126,
        0.0
      ]
    ]
  ]
}