{
  "code": "232996711",
  "epsg": 32639,
  "bbox_utm": {
    "minx": 708781.823379185,
    "miny": 3149657.899514857,
    "maxx": 708962.141007958,
    "maxy": 3149838.217143629
  },
  "polygon_utm": [
    [
      [
        708830.3602575671,
        3149715.6367692626,
        0.0
      ],
      [
        708842.5199819043,
        3149741.2103435574,
        0.0
      ],
      [
        708852.9659874805,
        3149759.695132164,
        0.0
      ],
      [
        708853.3754325625,
        3149766.2378933732,
        0.0
      ],
      [
        708830.4696280223,
        3149768.7070086184,
        0.0
      ],
      [
        708828.9968122413,
        3149792.4700329574,
        0.0
      ],
      [
        708835.7371912978,
        3149812.457482376,
        0.0
      ],
      [
        708858.6324982747,
        3149805.5716537233,
        0.0
      ],
      [
        708854.4599801117,
        3149793.967598895,
        0.0
      ],
      [
        708855.5959381603,
        3149774.381310638,
        0.0
      ],
      [
        708865.0400164358,
        3149767.8827259834,
        0.0
      ],
      [
        708892.0640565385,
        3149762.8725800533,
        0.0
      ],
      [
        708914.9675749016,
        3149760.5342502734,
        0.0
      ],
      [
        708913.051560004,
        3149750.0434326637,
        0.0
      ],
      [
        708910.637978204,
        3149737.9752508914,
        0.0
      ],
      [
        708901.0729188408,
        3149714.2775907423,
        0.0
      ],
      [
        708891.926524807,
        3149696.6000182726,
        0.0
      ],
      [
        708884.5355105966,
        3149683.65917611,
        0.0
      ],
      [
        708863.3571219221,
        3149692.4330359753,
        0.0
      ],
      [
        708851.2822932663,
        3149700.924164076,
        0.0
      ],
      [
        708830.3602575671,
        3149715.6367692626,
        0.0
      ]
    ]
  ]
}