{
  "code": "232997019",
  "epsg": 32639,
  "bbox_utm": {
    "minx": 708587.4309269646,
    "miny": 3149218.1801690343,
    "maxx": 708817.6582968687,
    "maxy": 3149448.407538938
  },
  "polygon_utm": [
    [
      [
        708754.7315684109,
        3149342.287583321,
        0.0
      ],
      [
        708732.5480146678,
        3149303.9869175586,
        0.0
      ],
      [
        708703.5167543048,
        3149251.7089442313,
        0.0
      ],
      [
        708696.9582711891,
        3149251.069793306,
        0.0
      ],
      [
        708684.1011943127,
        3149279.599169962,
        0.0
      ],
      [
        708661.5392365147,
        3149292.270660309,
        0.0
      ],
      [
        708637.3454846513,
        3149308.050402066,
        0.0
      ],
      [
        708664.4248670557,
        3149337.0262125535,
        0.0
      ],
      [
        708669.8537011617,
        3149342.0896048076,
        0.0
      ],
      [
        708670.5523874473,
        3149361.970550692,
        0.0
      ],
      [
        708677.2733836712,
        3149397.905321092,
        0.0
      ],
      [
        708682.7424648459,
        3149415.517914666,
        0.0
      ],
      [
        708701.1504475041,
        3149414.798608585,
        0.0
      ],
      [
        708724.135678407,
        3149407.88625089,
        0.0
      ],
      [
        708735.8338186439,
        3149400.2508923435,
        0.0
      ],
      [
        708726.9681521563,
        3149381.532296602,
        0.0
      ],
      [
        708767.7437391819,
        3149369.791779448,
        0.0
      ],
      [
        708754.7315684109,
        3149342.287583321,
        0.0
      ]
    ]
  ]
}