{
  "code": "232997389",
  "epsg": 32639,
  "bbox_utm": {
    "minx": 708765.8262618004,
    "miny": 3149147.870789554,
    "maxx": 708984.7589832173,
    "maxy": 3149366.8035109714
  },
  "polygon_utm": [
    [
      [
        708821.870866914,
        3149201.783271057,
        0.0
      ],
      [
        708852.4562306616,
        3149284.938180124,
        0.0
      ],
      [
        708818.9746246417,
        3149305.781377071,
        0.0
      ],
      [
        708842.6244779421,
        3149335.4810863207,
        0.0
      ],
      [
        708859.9678679896,
        3149335.5274079116,
        0.0
      ],
      [
        708907.2170280537,
        3149308.9158498677,
        0.0
      ],
      [
        708931.610620376,
        3149299.325004145,
        0.0
      ],
      [
        708903.3788690213,
        3149258.6530902022,
        0.0
      ],
      [
        708917.4851251551,
        3149233.8060632856,
        0.0
      ],
      [
        708901.6364294491,
        3149179.1468926137,
        0.0
      ],
      [
        708882.1586435293,
        3149180.8926821905,
        0.0
      ],
      [
        708821.870866914,
        3149201.783271057,
        0.0
      ]
    ]
  ]
}