{
  "code": "232993796",
  "epsg": 32639,
  "bbox_utm": {
    "minx": 709255.1570439895,
    "miny": 3149822.5456872913,
    "maxx": 709376.767040015,
    "maxy": 3149944.1556833168
  },
  "polygon_utm": [
    [
      [
        709272.5299005646,
        3149883.4804297783,
        0.0
      ],
      [
        709287.7246537177,
        3149915.643623469,
        0.0
      ],
      [
        709359.3941834399,
        3149889.992487551,
        0.0
      ],
      [
        709345.6339452994,
        3149851.057747139,
        0.0
      ],
      [
        709272.5299005646,
        3149883.4804297783,
        0.0
      ]
    ]
  ]
}