{
  "code": "232996991",
  "epsg": 32639,
  "bbox_utm": {
    "minx": 708667.9573303905,
    "miny": 3149383.4574402687,
    "maxx": 708771.4532715786,
    "maxy": 3149486.953381457
  },
  "polygon_utm": [
    [
      [
        708741.6057376792,
        3149430.4173839414,
        0.0
      ],
      [
        708735.8338186439,
        3149400.2508923435,
        0.0
      ],
      [
        708724.135678407,
        3149407.88625089,
        0.0
      ],
      [
        708701.1504475041,
        3149414.798608585,
        0.0
      ],
      [
        708682.7424648459,
        3149415.517914666,
        0.0
      ],
      [
        708686.5069705088,
        3149425.5188864456,
        0.0
      ],
      [
        708695.5751217642,
        3149447.6395133734,
        0.0
      ],
      [
        708697.8731470623,
        3149466.2415198484,
        0.0
      ],
      [
        708717.5528677083,
        3149467.8976348755,
        0.0
      ],
      [
        708744.3627088383,
        3149467.5888352823,
        0.0
      ],
      [
        708756.6681371232,
        3149470.159929382,
        0.0
      ],
      [
        708741.6057376792,
        3149430.4173839414,
        0.0
      ]
    ]
  ]
}