{
  "code": "232995550",
  "epsg": 32639,
  "bbox_utm": {
    "minx": 709440.4578942321,
    "miny": 3149352.5090983934,
    "maxx": 709702.9367971406,
    "maxy": 3149614.9880013014
  },
  "polygon_utm": [
    [
      [
        709572.2587701518,
        3149402.304758168,
        0.0
      ],
      [
        709572.7071797865,
        3149421.397060942,
        0.0
      ],
      [
        709566.6716736454,
        3149435.6681671934,
        0.0
      ],
      [
        709556.511978667,
        3149445.421545967,
        0.0
      ],
      [
        709537.6411054409,
        3149457.3726818357,
        0.0
      ],
      [
        709514.2949602529,
        3149469.7670190036,
        0.0
      ],
      [
        709505.4837611441,
        3149477.58370697,
        0.0
      ],
      [
        709525.269049116,
        3149495.451549883,
        0.0
      ],
      [
        709530.7194779435,
        3149506.6592305508,
        0.0
      ],
      [
        709503.3398128508,
        3149524.210247375,
        0.0
      ],
      [
        709485.505983631,
        3149536.964109318,
        0.0
      ],
      [
        709477.9548803619,
        3149547.8095940943,
        0.0
      ],
      [
        709485.3872357989,
        3149558.398915554,
        0.0
      ],
      [
        709493.484547297,
        3149561.157305545,
        0.0
      ],
      [
        709516.9117482315,
        3149558.960090355,
        0.0
      ],
      [
        709544.0819670651,
        3149553.1696022786,
        0.0
      ],
      [
        709586.7031740111,
        3149535.6287135114,
        0.0
      ],
      [
        709596.7464664843,
        3149532.409029026,
        0.0
      ],
      [
        709606.2038461728,
        3149532.5774608357,
        0.0
      ],
      [
        709625.1917722279,
        3149536.18348098,
        0.0
      ],
      [
        709639.3532403859,
        3149545.1935100798,
        0.0
      ],
      [
        709642.9892088363,
        3149547.6111136093,
        0.0
      ],
      [
        709650.2993830956,
        3149557.675525019,
        0.0
      ],
      [
        709654.927967768,
        3149563.37863652,
        0.0
      ],
      [
        709659.8704654868,
        3149566.21165616,
        0.0
      ],
      [
        709664.723511611,
        3149566.6902516913,
        0.0
      ],
      [
        709665.4398110108,
        3149555.984549242,
        0.0
      ],
      [
        709664.5752263531,
        3149545.512099819,
        0.0
      ],
      [
        709663.3780974633,
        3149538.9551141947,
        0.0
      ],
      [
        709657.2803557292,
        3149527.2130042454,
        0.0
      ],
      [
        709649.6249903737,
        3149514.3974324735,
        0.0
      ],
      [
        709650.3725357266,
        3149509.3129225974,
        0.0
      ],
      [
        709652.2813073848,
        3149505.4255183777,
        0.0
      ],
      [
        709648.665275057,
        3149494.5118732085,
        0.0
      ],
      [
        709641.9642626694,
        3149479.752566939,
        0.0
      ],
      [
        709626.1649451506,
        3149466.7919021184,
        0.0
      ],
      [
        709615.9649151689,
        3149456.6759668537,
        0.0
      ],
      [
        709605.5197474879,
        3149438.189958371,
        0.0
      ],
      [
        709600.7377542746,
        3149426.340507111,
        0.0
      ],
      [
        709595.416373058,
        3149415.265728363,
        0.0
      ],
      [
        709586.4310331759,
        3149403.3414087635,
        0.0
      ],
      [
        709576.2273101155,
        3149400.8068480035,
        0.0
      ],
      [
        709572.2587701518,
        3149402.304758168,
        0.0
      ]
    ]
  ]
}