{
  "code": "232996676",
  "epsg": 32639,
  "bbox_utm": {
    "minx": 708743.8111398716,
    "miny": 3149444.1906485064,
    "maxx": 708915.7612631158,
    "maxy": 3149616.1407717513
  },
  "polygon_utm": [
    [
      [
        708888.6437983385,
        3149526.224545964,
        0.0
      ],
      [
        708887.1298798186,
        3149515.283174831,
        0.0
      ],
      [
        708883.9265096538,
        3149506.991420126,
        0.0
      ],
      [
        708886.8526309889,
        3149501.291993021,
        0.0
      ],
      [
        708891.1969597952,
        3149497.1209331634,
        0.0
      ],
      [
        708877.0487465663,
        3149498.4383786675,
        0.0
      ],
      [
        708861.4888725125,
        3149501.560767403,
        0.0
      ],
      [
        708830.590122957,
        3149510.1623507338,
        0.0
      ],
      [
        708784.9382626726,
        3149520.8550976967,
        0.0
      ],
      [
        708768.3754431922,
        3149563.2104870947,
        0.0
      ],
      [
        708773.3358862952,
        3149561.3560205745,
        0.0
      ],
      [
        708803.8405119774,
        3149551.515700727,
        0.0
      ],
      [
        708832.0610825107,
        3149545.7422365905,
        0.0
      ],
      [
        708886.1855308188,
        3149531.474770423,
        0.0
      ],
      [
        708888.6437983385,
        3149526.224545964,
        0.0
      ]
    ]
  ]
}