{
  "code": "232994034",
  "epsg": 32639,
  "bbox_utm": {
    "minx": 709354.2251309204,
    "miny": 3149704.329223669,
    "maxx": 709536.4748013505,
    "maxy": 3149886.578894099
  },
  "polygon_utm": [
    [
      [
        709493.2399210249,
        3149840.6136141145,
        0.0
      ],
      [
        709486.8563913868,
        3149815.403681351,
        0.0
      ],
      [
        709453.1572036343,
        3149730.3648908734,
        0.0
      ],
      [
        709427.1614240662,
        3149744.019004292,
        0.0
      ],
      [
        709397.460011246,
        3149759.1757421372,
        0.0
      ],
      [
        709410.2484778131,
        3149793.6494122036,
        0.0
      ],
      [
        709427.990919802,
        3149830.302524005,
        0.0
      ],
      [
        709437.963954789,
        3149860.543226895,
        0.0
      ],
      [
        709493.2399210249,
        3149840.6136141145,
        0.0
      ]
    ]
  ]
}