{
  "code": "232996889",
  "epsg": 32639,
  "bbox_utm": {
    "minx": 708499.0906797858,
    "miny": 3149561.144709204,
    "maxx": 708752.435559417,
    "maxy": 3149814.4895888357
  },
  "polygon_utm": [
    [
      [
        708682.4287006598,
        3149611.058171882,
        0.0
      ],
      [
        708603.467190831,
        3149647.8259276208,
        0.0
      ],
      [
        708598.5685164215,
        3149642.5106602497,
        0.0
      ],
      [
        708535.2828054475,
        3149669.622600244,
        0.0
      ],
      [
        708543.6576104616,
        3149716.042461059,
        0.0
      ],
      [
        708553.3087762033,
        3149764.576126158,
        0.0
      ],
      [
        708608.7163417065,
        3149751.9643892734,
        0.0
      ],
      [
        708649.1594639436,
        3149738.564717865,
        0.0
      ],
      [
        708685.4736458356,
        3149720.909216886,
        0.0
      ],
      [
        708716.2434337555,
        3149704.723981701,
        0.0
      ],
      [
        708682.4287006598,
        3149611.058171882,
        0.0
      ]
    ]
  ]
}