{
  "code": "232996894",
  "epsg": 32639,
  "bbox_utm": {
    "minx": 708605.8945270573,
    "miny": 3149417.72399474,
    "maxx": 708815.3031574908,
    "maxy": 3149627.1326251733
  },
  "polygon_utm": [
    [
      [
        708695.5751217642,
        3149447.6395133734,
        0.0
      ],
      [
        708687.3895405349,
        3149449.8472057288,
        0.0
      ],
      [
        708647.8493431769,
        3149456.727527283,
        0.0
      ],
      [
        708651.4238992147,
        3149477.4435392404,
        0.0
      ],
      [
        708668.4858194975,
        3149478.5303112897,
        0.0
      ],
      [
        708683.8385547199,
        3149472.266881982,
        0.0
      ],
      [
        708685.3345744499,
        3149491.6389017887,
        0.0
      ],
      [
        708712.3965411452,
        3149551.200781196,
        0.0
      ],
      [
        708731.8222792768,
        3149597.21710654,
        0.0
      ],
      [
        708761.3938327286,
        3149588.9305677824,
        0.0
      ],
      [
        708773.3483413712,
        3149596.462483846,
        0.0
      ],
      [
        708763.129207762,
        3149565.1717973547,
        0.0
      ],
      [
        708731.7283431953,
        3149528.0154335015,
        0.0
      ],
      [
        708691.5079777703,
        3149469.527188673,
        0.0
      ],
      [
        708697.8731470623,
        3149466.2415198484,
        0.0
      ],
      [
        708695.5751217642,
        3149447.6395133734,
        0.0
      ]
    ]
  ]
}