{
  "code": "232997374",
  "epsg": 32639,
  "bbox_utm": {
    "minx": 708846.5489533262,
    "miny": 3149109.27711218,
    "maxx": 709095.8167847476,
    "maxy": 3149358.5449436014
  },
  "polygon_utm": [
    [
      [
        708931.2457289532,
        3149169.2151152766,
        0.0
      ],
      [
        708890.7880541567,
        3149168.4970516367,
        0.0
      ],
      [
        708882.1586435293,
        3149180.8926821905,
        0.0
      ],
      [
        708901.6364294491,
        3149179.1468926137,
        0.0
      ],
      [
        708917.4851251551,
        3149233.8060632856,
        0.0
      ],
      [
        708903.3788690213,
        3149258.6530902022,
        0.0
      ],
      [
        708931.6106203767,
        3149299.325004145,
        0.0
      ],
      [
        708970.2011538123,
        3149284.1523371725,
        0.0
      ],
      [
        708990.9662993338,
        3149269.0966128376,
        0.0
      ],
      [
        709022.8349543737,
        3149250.316608093,
        0.0
      ],
      [
        709036.3417969015,
        3149229.641946746,
        0.0
      ],
      [
        709045.413219967,
        3149221.960095652,
        0.0
      ],
      [
        709058.7112463457,
        3149213.0461535687,
        0.0
      ],
      [
        709060.2070945445,
        3149213.779097188,
        0.0
      ],
      [
        709056.0567714236,
        3149192.3458392494,
        0.0
      ],
      [
        709050.4567487573,
        3149174.7303737276,
        0.0
      ],
      [
        709042.3498017564,
        3149172.4949290836,
        0.0
      ],
      [
        709031.6110877362,
        3149170.4741858235,
        0.0
      ],
      [
        709018.7289033157,
        3149170.768287461,
        0.0
      ],
      [
        708994.2548986785,
        3149172.6866090493,
        0.0
      ],
      [
        708958.2308519916,
        3149173.8770660018,
        0.0
      ],
      [
        708931.2457289532,
        3149169.2151152766,
        0.0
      ]
    ]
  ]
}