{
  "code": "232993369",
  "epsg": 32639,
  "bbox_utm": {
    "minx": 708979.532359319,
    "miny": 3149847.357283086,
    "maxx": 709196.8333052162,
    "maxy": 3150064.6582289827
  },
  "polygon_utm": [
    [
      [
        709046.0745991901,
        3149998.3997665443,
        0.0
      ],
      [
        709070.3817301275,
        3149990.989165564,
        0.0
      ],
      [
        709085.6412022592,
        3149989.9532221425,
        0.0
      ],
      [
        709112.386936473,
        3149978.403380612,
        0.0
      ],
      [
        709131.6983188319,
        3149971.1655231756,
        0.0
      ],
      [
        709165.7903129451,
        3149960.2691722605,
        0.0
      ],
      [
        709136.3189023087,
        3149918.1801146055,
        0.0
      ],
      [
        709115.9102083575,
        3149928.0126724625,
        0.0
      ],
      [
        709102.8404478568,
        3149924.120582976,
        0.0
      ],
      [
        709079.1719619358,
        3149910.3677604613,
        0.0
      ],
      [
        709058.1311331427,
        3149926.20177404,
        0.0
      ],
      [
        709030.2788593204,
        3149940.869134604,
        0.0
      ],
      [
        709010.5753515902,
        3149933.1994856475,
        0.0
      ],
      [
        709024.8354500014,
        3149981.030474648,
        0.0
      ],
      [
        709037.6080438771,
        3150001.6477516075,
        0.0
      ],
      [
        709046.0745991901,
        3149998.3997665443,
        0.0
      ]
    ]
  ]
}