{
  "code": "232996696",
  "epsg": 32639,
  "bbox_utm": {
    "minx": 708613.0429011362,
    "miny": 3149585.9934142116,
    "maxx": 708927.4391585083,
    "maxy": 3149900.389671583
  },
  "polygon_utm": [
    [
      [
        708835.7371912978,
        3149812.457482376,
        0.0
      ],
      [
        708828.9968122413,
        3149792.4700329574,
        0.0
      ],
      [
        708830.4696280223,
        3149768.7070086184,
        0.0
      ],
      [
        708853.3754325625,
        3149766.2378933732,
        0.0
      ],
      [
        708852.9659874805,
        3149759.695132164,
        0.0
      ],
      [
        708842.5199819043,
        3149741.2103435574,
        0.0
      ],
      [
        708830.3602575671,
        3149715.6367692626,
        0.0
      ],
      [
        708851.2822932663,
        3149700.924164076,
        0.0
      ],
      [
        708845.4239264734,
        3149696.036091203,
        0.0
      ],
      [
        708835.3873067495,
        3149684.094020503,
        0.0
      ],
      [
        708825.1081426805,
        3149656.2009092616,
        0.0
      ],
      [
        708820.8388608303,
        3149646.4844161915,
        0.0
      ],
      [
        708813.9944495626,
        3149630.9071652647,
        0.0
      ],
      [
        708779.7273199289,
        3149636.8347628866,
        0.0
      ],
      [
        708786.0660948058,
        3149664.6579600256,
        0.0
      ],
      [
        708779.0133265953,
        3149677.081076476,
        0.0
      ],
      [
        708744.7772755735,
        3149696.0803475007,
        0.0
      ],
      [
        708709.2417463728,
        3149714.2723690555,
        0.0
      ],
      [
        708680.8362872979,
        3149730.4995319517,
        0.0
      ],
      [
        708677.5077971776,
        3149740.374469736,
        0.0
      ],
      [
        708687.8257504601,
        3149751.2756492826,
        0.0
      ],
      [
        708696.0064922039,
        3149749.329367069,
        0.0
      ],
      [
        708697.2551020755,
        3149753.0113860588,
        0.0
      ],
      [
        708703.0715546608,
        3149751.023180348,
        0.0
      ],
      [
        708707.4977972656,
        3149760.5779517065,
        0.0
      ],
      [
        708716.9915941269,
        3149781.0718709175,
        0.0
      ],
      [
        708701.0582141469,
        3149790.4617869477,
        0.0
      ],
      [
        708711.689782625,
        3149798.4929044354,
        0.0
      ],
      [
        708734.7422965908,
        3149802.5616432903,
        0.0
      ],
      [
        708754.149481653,
        3149804.7358302134,
        0.0
      ],
      [
        708768.4216801238,
        3149814.9229252795,
        0.0
      ],
      [
        708781.8176670149,
        3149830.061431622,
        0.0
      ],
      [
        708799.7613192163,
        3149855.4759205305,
        0.0
      ],
      [
        708831.396229734,
        3149849.763255334,
        0.0
      ],
      [
        708839.0624807135,
        3149832.3842968293,
        0.0
      ],
      [
        708851.3459952623,
        3149821.3613065467,
        0.0
      ],
      [
        708862.974262467,
        3149817.646410007,
        0.0
      ],
      [
        708858.6324982747,
        3149805.5716537233,
        0.0
      ],
      [
        708835.7371912978,
        3149812.457482376,
        0.0
      ]
    ]
  ]
}