{
  "code": "232996766",
  "epsg": 32639,
  "bbox_utm": {
    "minx": 708963.9018027787,
    "miny": 3149673.29609936,
    "maxx": 709133.0421910537,
    "maxy": 3149842.4364876356
  },
  "polygon_utm": [
    [
      [
        709024.7320970905,
        3149779.737107455,
        0.0
      ],
      [
        709024.5185677211,
        3149791.758618508,
        0.0
      ],
      [
        709036.3612996065,
        3149805.5627868483,
        0.0
      ],
      [
        709055.4566285642,
        3149795.7066443986,
        0.0
      ],
      [
        709083.2396187804,
        3149784.959195185,
        0.0
      ],
      [
        709108.879278443,
        3149776.526491561,
        0.0
      ],
      [
        709067.2247128764,
        3149710.1698001474,
        0.0
      ],
      [
        709048.6035733813,
        3149722.9100641757,
        0.0
      ],
      [
        709015.9387088745,
        3149742.1978354473,
        0.0
      ],
      [
        709005.251575103,
        3149737.302452377,
        0.0
      ],
      [
        708988.0647153894,
        3149743.27131475,
        0.0
      ],
      [
        709024.7320970905,
        3149779.737107455,
        0.0
      ]
    ]
  ]
}