{
  "code": "232995899",
  "epsg": 32639,
  "bbox_utm": {
    "minx": 709153.4022275959,
    "miny": 3149628.1403717906,
    "maxx": 709285.430333647,
    "maxy": 3149760.168477842
  },
  "polygon_utm": [
    [
      [
        709173.6039176931,
        3149683.303740323,
        0.0
      ],
      [
        709189.0990965356,
        3149713.3812636393,
        0.0
      ],
      [
        709201.2162616414,
        3149741.3073198344,
        0.0
      ],
      [
        709227.5023241824,
        3149726.089362779,
        0.0
      ],
      [
        709265.2286435496,
        3149702.9707872444,
        0.0
      ],
      [
        709259.5118191715,
        3149684.569579458,
        0.0
      ],
      [
        709234.4269031258,
        3149647.001529798,
        0.0
      ],
      [
        709173.6039176931,
        3149683.303740323,
        0.0
      ]
    ]
  ]
}