{
  "code": "232996849",
  "epsg": 32639,
  "bbox_utm": {
    "minx": 708749.4580906652,
    "miny": 3149518.9184599686,
    "maxx": 708916.6898456073,
    "maxy": 3149686.1502149105
  },
  "polygon_utm": [
    [
      [
        708779.7273199289,
        3149636.8347628866,
        0.0
      ],
      [
        708813.9944495626,
        3149630.9071652647,
        0.0
      ],
      [
        708820.8388608303,
        3149646.4844161915,
        0.0
      ],
      [
        708891.0310086252,
        3149628.614385908,
        0.0
      ],
      [
        708892.2241529732,
        3149613.2116082986,
        0.0
      ],
      [
        708888.7837452643,
        3149592.3673839546,
        0.0
      ],
      [
        708887.2486557128,
        3149575.21687919,
        0.0
      ],
      [
        708892.7995949013,
        3149558.5842586877,
        0.0
      ],
      [
        708867.8409482574,
        3149566.6760453866,
        0.0
      ],
      [
        708836.4087761492,
        3149576.8665992245,
        0.0
      ],
      [
        708821.7011220169,
        3149581.634934696,
        0.0
      ],
      [
        708773.3483413712,
        3149596.462483846,
        0.0
      ],
      [
        708779.7273199289,
        3149636.8347628866,
        0.0
      ]
    ]
  ]
}