{
  "code": "232997316",
  "epsg": 32639,
  "bbox_utm": {
    "minx": 708658.1923732851,
    "miny": 3149195.503404117,
    "maxx": 708829.4405823562,
    "maxy": 3149366.7516131876
  },
  "polygon_utm": [
    [
      [
        708703.5167543048,
        3149251.7089442313,
        0.0
      ],
      [
        708732.9478477719,
        3149303.7608444407,
        0.0
      ],
      [
        708754.7315684109,
        3149342.287583321,
        0.0
      ],
      [
        708790.9420284361,
        3149315.741249853,
        0.0
      ],
      [
        708756.3754622291,
        3149219.9674339844,
        0.0
      ],
      [
        708728.3798090336,
        3149227.8367470084,
        0.0
      ],
      [
        708716.7113377696,
        3149224.1570371664,
        0.0
      ],
      [
        708696.6909272051,
        3149251.326483737,
        0.0
      ],
      [
        708703.5167543048,
        3149251.7089442313,
        0.0
      ]
    ]
  ]
}