{
  "code": "232991299",
  "epsg": 32639,
  "bbox_utm": {
    "minx": 675463.3088321032,
    "miny": 3139410.344780796,
    "maxx": 675952.1003765392,
    "maxy": 3139899.1363252327
  },
  "polygon_utm": [
    [
      [
        675558.9289684005,
        3139519.217055151,
        0.0
      ],
      [
        675544.7356254645,
        3139536.53188712,
        0.0
      ],
      [
        675533.1361955941,
        3139556.239457162,
        0.0
      ],
      [
        675539.6228143695,
        3139562.0905699385,
        0.0
      ],
      [
        675548.2358238485,
        3139566.4038189454,
        0.0
      ],
      [
        675560.246891922,
        3139572.0754667493,
        0.0
      ],
      [
        675575.0641571735,
        3139583.5435437993,
        0.0
      ],
      [
        675589.2584351299,
        3139601.541800571,
        0.0
      ],
      [
        675599.5133040894,
        3139619.219907885,
        0.0
      ],
      [
        675606.7301851965,
        3139629.005538186,
        0.0
      ],
      [
        675613.5029403716,
        3139633.2914571185,
        0.0
      ],
      [
        675624.1722766027,
        3139640.7742322413,
        0.0
      ],
      [
        675634.3547206796,
        3139645.634010944,
        0.0
      ],
      [
        675647.4910923388,
        3139646.3525040857,
        0.0
      ],
      [
        675654.0748344299,
        3139645.665682281,
        0.0
      ],
      [
        675662.6682981343,
        3139651.2865831736,
        0.0
      ],
      [
        675670.1868858221,
        3139658.460958411,
        0.0
      ],
      [
        675680.2876135706,
        3139668.812651106,
        0.0
      ],
      [
        675686.9786334368,
        3139678.59047612,
        0.0
      ],
      [
        675694.4543981921,
        3139688.6415463006,
        0.0
      ],
      [
        675700.5573873108,
        3139702.5958208563,
        0.0
      ],
      [
        675709.5676192784,
        3139715.547032924,
        0.0
      ],
      [
        675721.8141109056,
        3139723.053318119,
        0.0
      ],
      [
        675727.4290972925,
        3139725.6218162086,
        0.0
      ],
      [
        675736.675780935,
        3139731.514034,
        0.0
      ],
      [
        675744.6391801522,
        3139735.294566221,
        0.0
      ],
      [
        675754.7211887264,
        3139738.0603306377,
        0.0
      ],
      [
        675765.9491864187,
        3139743.32811402,
        0.0
      ],
      [
        675771.8864767945,
        3139750.7405509236,
        0.0
      ],
      [
        675778.3456289015,
        3139758.422327461,
        0.0
      ],
      [
        675780.6901483546,
        3139759.8958772523,
        0.0
      ],
      [
        675784.1153805715,
        3139759.423706246,
        0.0
      ],
      [
        675788.417880828,
        3139761.8419073294,
        0.0
      ],
      [
        675796.1572882818,
        3139763.003394134,
        0.0
      ],
      [
        675803.9502831652,
        3139769.3971623243,
        0.0
      ],
      [
        675809.9459276419,
        3139772.886867212,
        0.0
      ],
      [
        675816.2102882867,
        3139775.9882138204,
        0.0
      ],
      [
        675820.054222376,
        3139782.715563387,
        0.0
      ],
      [
        675827.8335656925,
        3139790.024642823,
        0.0
      ],
      [
        675837.7217781936,
        3139796.972759728,
        0.0
      ],
      [
        675841.143109698,
        3139796.7621226585,
        0.0
      ],
      [
        675863.8402566875,
        3139755.771394304,
        0.0
      ],
      [
        675875.3251809551,
        3139726.1228995146,
        0.0
      ],
      [
        675882.2730130483,
        3139700.984347744,
        0.0
      ],
      [
        675856.9369906188,
        3139689.62092271,
        0.0
      ],
      [
        675829.2388730238,
        3139677.9608060014,
        0.0
      ],
      [
        675812.9805138514,
        3139670.590844664,
        0.0
      ],
      [
        675789.935835243,
        3139659.8501979588,
        0.0
      ],
      [
        675763.7359831254,
        3139644.681232395,
        0.0
      ],
      [
        675729.4344690233,
        3139635.015674961,
        0.0
      ],
      [
        675710.3684776537,
        3139626.3615775746,
        0.0
      ],
      [
        675692.2711770433,
        3139614.452202665,
        0.0
      ],
      [
        675676.0023602636,
        3139603.3547731666,
        0.0
      ],
      [
        675663.8428257165,
        3139594.4110899246,
        0.0
      ],
      [
        675653.761069098,
        3139587.198566819,
        0.0
      ],
      [
        675646.9931605955,
        3139582.585709252,
        0.0
      ],
      [
        675626.6129898636,
        3139569.465354366,
        0.0
      ],
      [
        675604.243417191,
        3139548.6642837827,
        0.0
      ],
      [
        675597.6273215122,
        3139542.6804129896,
        0.0
      ],
      [
        675580.2511400969,
        3139526.4658164387,
        0.0
      ],
      [
        675573.2504094159,
        3139519.822285506,
        0.0
      ],
      [
        675565.1421235068,
        3139512.508346301,
        0.0
      ],
      [
        675558.9289684005,
        3139519.217055151,
        0.0
      ]
    ]
  ]
}