{
  "code": "232996801",
  "epsg": 32639,
  "bbox_utm": {
    "minx": 708799.9283806077,
    "miny": 3149799.5647587036,
    "maxx": 708926.4999397326,
    "maxy": 3149926.136317828
  },
  "polygon_utm": [
    [
      [
        708885.761319275,
        3149845.006487354,
        0.0
      ],
      [
        708876.4582684094,
        3149827.819645821,
        0.0
      ],
      [
        708862.974262467,
        3149817.646410007,
        0.0
      ],
      [
        708851.3459952623,
        3149821.3613065467,
        0.0
      ],
      [
        708839.0624807135,
        3149832.3842968293,
        0.0
      ],
      [
        708831.396229734,
        3149849.763255334,
        0.0
      ],
      [
        708844.7225273254,
        3149868.821825997,
        0.0
      ],
      [
        708851.4906559341,
        3149887.2411534283,
        0.0
      ],
      [
        708845.8656847995,
        3149908.0546665248,
        0.0
      ],
      [
        708859.0561252193,
        3149905.151776954,
        0.0
      ],
      [
        708856.7306619714,
        3149888.1184066823,
        0.0
      ],
      [
        708886.6936562759,
        3149872.9652128564,
        0.0
      ],
      [
        708895.0320906064,
        3149862.1336943414,
        0.0
      ],
      [
        708885.761319275,
        3149845.006487354,
        0.0
      ]
    ]
  ]
}