{
  "code": "232996834",
  "epsg": 32639,
  "bbox_utm": {
    "minx": 708708.0030158934,
    "miny": 3149802.864370978,
    "maxx": 708875.4052626075,
    "maxy": 3149970.2666176925
  },
  "polygon_utm": [
    [
      [
        708845.8656847995,
        3149908.0546665248,
        0.0
      ],
      [
        708851.4906559341,
        3149887.2411534283,
        0.0
      ],
      [
        708844.7225273254,
        3149868.821825997,
        0.0
      ],
      [
        708831.396229734,
        3149849.763255334,
        0.0
      ],
      [
        708799.7613192163,
        3149855.4759205305,
        0.0
      ],
      [
        708781.8176670149,
        3149830.061431622,
        0.0
      ],
      [
        708763.7811473503,
        3149854.314721061,
        0.0
      ],
      [
        708731.9176225668,
        3149887.733717651,
        0.0
      ],
      [
        708733.6746157561,
        3149922.0104339044,
        0.0
      ],
      [
        708780.2272955738,
        3149919.699305721,
        0.0
      ],
      [
        708785.0191221414,
        3149931.025216477,
        0.0
      ],
      [
        708794.3926752176,
        3149935.8970206715,
        0.0
      ],
      [
        708800.8348436286,
        3149943.0695570484,
        0.0
      ],
      [
        708815.0713722485,
        3149940.446609612,
        0.0
      ],
      [
        708826.820092011,
        3149929.937048681,
        0.0
      ],
      [
        708835.4582304212,
        3149917.0195368985,
        0.0
      ],
      [
        708845.8656847995,
        3149908.0546665248,
        0.0
      ]
    ]
  ]
}