{
  "code": "232994364",
  "epsg": 32639,
  "bbox_utm": {
    "minx": 709340.8574512224,
    "miny": 3149445.6813476444,
    "maxx": 709716.5390653717,
    "maxy": 3149821.3629617947
  },
  "polygon_utm": [
    [
      [
        709435.0224354209,
        3149553.3197267624,
        0.0
      ],
      [
        709405.5433709649,
        3149574.4128019516,
        0.0
      ],
      [
        709394.5262532437,
        3149582.295850372,
        0.0
      ],
      [
        709422.0287037552,
        3149648.5084647113,
        0.0
      ],
      [
        709436.1261022812,
        3149683.2671939456,
        0.0
      ],
      [
        709453.1572036343,
        3149730.3648908734,
        0.0
      ],
      [
        709518.9443397535,
        3149695.7211205126,
        0.0
      ],
      [
        709560.1863429493,
        3149681.8157679276,
        0.0
      ],
      [
        709592.4593516401,
        3149669.842182775,
        0.0
      ],
      [
        709636.017313885,
        3149643.95279375,
        0.0
      ],
      [
        709616.6011960192,
        3149612.7588703497,
        0.0
      ],
      [
        709652.1293240511,
        3149595.0919813616,
        0.0
      ],
      [
        709662.8702633504,
        3149582.2120618233,
        0.0
      ],
      [
        709643.9329538589,
        3149553.640725674,
        0.0
      ],
      [
        709625.23235314,
        3149541.282017572,
        0.0
      ],
      [
        709601.6633905208,
        3149536.6794185652,
        0.0
      ],
      [
        709575.7228497181,
        3149547.197355733,
        0.0
      ],
      [
        709553.4974470765,
        3149555.690079695,
        0.0
      ],
      [
        709538.6836333877,
        3149561.17768565,
        0.0
      ],
      [
        709508.0982830779,
        3149566.9073840263,
        0.0
      ],
      [
        709485.4685166711,
        3149568.595957075,
        0.0
      ],
      [
        709477.2666624569,
        3149556.9472450325,
        0.0
      ],
      [
        709452.2610046798,
        3149544.476608251,
        0.0
      ],
      [
        709435.0224354209,
        3149553.3197267624,
        0.0
      ]
    ]
  ]
}