{
  "code": "232996744",
  "epsg": 32639,
  "bbox_utm": {
    "minx": 708891.1839884325,
    "miny": 3149724.202192748,
    "maxx": 709036.3631013919,
    "maxy": 3149869.3813057076
  },
  "polygon_utm": [
    [
      [
        708949.5363627122,
        3149811.601952191,
        0.0
      ],
      [
        708959.5049605054,
        3149812.563216326,
        0.0
      ],
      [
        708969.2229561871,
        3149827.6366522056,
        0.0
      ],
      [
        708977.9968797453,
        3149836.6806914797,
        0.0
      ],
      [
        708982.0424634435,
        3149834.5304793576,
        0.0
      ],
      [
        708985.9314097485,
        3149841.2003588867,
        0.0
      ],
      [
        708985.5271934231,
        3149846.915153157,
        0.0
      ],
      [
        708985.405090993,
        3149848.6414324273,
        0.0
      ],
      [
        708993.8821786349,
        3149844.805354937,
        0.0
      ],
      [
        708976.7965405139,
        3149818.5842597885,
        0.0
      ],
      [
        708961.1386479954,
        3149794.5543062882,
        0.0
      ],
      [
        708977.5020280399,
        3149775.7612535604,
        0.0
      ],
      [
        708975.8255663629,
        3149766.581787484,
        0.0
      ],
      [
        708968.0652560397,
        3149759.6470617754,
        0.0
      ],
      [
        708979.1004480355,
        3149744.942066028,
        0.0
      ],
      [
        708937.9383854727,
        3149754.406566797,
        0.0
      ],
      [
        708943.2045017511,
        3149768.616746584,
        0.0
      ],
      [
        708938.1928821236,
        3149784.474364781,
        0.0
      ],
      [
        708933.6649111896,
        3149802.693321695,
        0.0
      ],
      [
        708949.5363627122,
        3149811.601952191,
        0.0
      ]
    ]
  ]
}