{
  "code": "232997026",
  "epsg": 32639,
  "bbox_utm": {
    "minx": 708376.1379103974,
    "miny": 3149271.150933724,
    "maxx": 708841.0215213372,
    "maxy": 3149736.0345446635
  },
  "polygon_utm": [
    [
      [
        708687.6470059137,
        3149428.2998577966,
        0.0
      ],
      [
        708686.5069705088,
        3149425.5188864456,
        0.0
      ],
      [
        708682.7424648459,
        3149415.5179146654,
        0.0
      ],
      [
        708677.2733836712,
        3149397.905321092,
        0.0
      ],
      [
        708670.5523874473,
        3149361.970550692,
        0.0
      ],
      [
        708669.8537011617,
        3149342.0896048076,
        0.0
      ],
      [
        708665.2037246067,
        3149337.562878144,
        0.0
      ],
      [
        708641.3716870917,
        3149355.178954096,
        0.0
      ],
      [
        708619.4873544874,
        3149372.387315902,
        0.0
      ],
      [
        708616.9701420099,
        3149374.3326225877,
        0.0
      ],
      [
        708601.319455305,
        3149386.4275036356,
        0.0
      ],
      [
        708573.2911952636,
        3149408.0878028003,
        0.0
      ],
      [
        708552.2965829277,
        3149421.3099595797,
        0.0
      ],
      [
        708515.1877834557,
        3149454.1150137032,
        0.0
      ],
      [
        708491.5246059167,
        3149469.642764313,
        0.0
      ],
      [
        708485.3371524577,
        3149470.3174320864,
        0.0
      ],
      [
        708491.8138370134,
        3149512.6522961394,
        0.0
      ],
      [
        708507.9050787352,
        3149575.9405121384,
        0.0
      ],
      [
        708516.0331226215,
        3149599.2204469256,
        0.0
      ],
      [
        708528.485195742,
        3149638.0008598813,
        0.0
      ],
      [
        708535.2828054475,
        3149669.622600244,
        0.0
      ],
      [
        708598.5685164215,
        3149642.5106602497,
        0.0
      ],
      [
        708603.467190831,
        3149647.8259276194,
        0.0
      ],
      [
        708682.4287006598,
        3149611.058171882,
        0.0
      ],
      [
        708731.8222792768,
        3149597.21710654,
        0.0
      ],
      [
        708711.6963382573,
        3149551.5090912785,
        0.0
      ],
      [
        708685.3345744499,
        3149491.6389017887,
        0.0
      ],
      [
        708683.8385547199,
        3149472.266881982,
        0.0
      ],
      [
        708668.4858194975,
        3149478.5303112897,
        0.0
      ],
      [
        708651.4238992147,
        3149477.4435392404,
        0.0
      ],
      [
        708647.8493431769,
        3149456.727527283,
        0.0
      ],
      [
        708687.3895405349,
        3149449.8472057288,
        0.0
      ],
      [
        708695.5751217642,
        3149447.6395133734,
        0.0
      ],
      [
        708687.6470059137,
        3149428.2998577966,
        0.0
      ]
    ]
  ]
}