{
  "code": "232976809",
  "epsg": 32639,
  "bbox_utm": {
    "minx": 689654.250825626,
    "miny": 3127295.2028049855,
    "maxx": 689875.1953215083,
    "maxy": 3127516.1473008674
  },
  "polygon_utm": [
    [
      [
        689769.0401935199,
        3127327.704100325,
        0.0
      ],
      [
        689765.7983812175,
        3127332.8896890786,
        0.0
      ],
      [
        689762.0720895719,
        3127335.448816021,
        0.0
      ],
      [
        689755.7308122825,
        3127336.918643894,
        0.0
      ],
      [
        689748.8213287671,
        3127340.998101535,
        0.0
      ],
      [
        689741.9202222046,
        3127344.5539531545,
        0.0
      ],
      [
        689733.4149670287,
        3127349.6553853964,
        0.0
      ],
      [
        689725.945668121,
        3127355.820866845,
        0.0
      ],
      [
        689719.0362066072,
        3127359.900333873,
        0.0
      ],
      [
        689713.1626989108,
        3127365.0438470375,
        0.0
      ],
      [
        689709.9376624555,
        3127369.1822181456,
        0.0
      ],
      [
        689709.3108696603,
        3127375.457088111,
        0.0
      ],
      [
        689698.1488184456,
        3127382.087277825,
        0.0
      ],
      [
        689687.5047545321,
        3127389.249493205,
        0.0
      ],
      [
        689690.0360366504,
        3127395.574834223,
        0.0
      ],
      [
        689695.2074035194,
        3127401.418635946,
        0.0
      ],
      [
        689703.5703069121,
        3127405.21850035,
        0.0
      ],
      [
        689717.1129268347,
        3127414.3385705175,
        0.0
      ],
      [
        689725.4423290291,
        3127420.2328675035,
        0.0
      ],
      [
        689733.6796326598,
        3127431.8868188,
        0.0
      ],
      [
        689735.6259343344,
        3127441.868962809,
        0.0
      ],
      [
        689735.47523855,
        3127451.293832153,
        0.0
      ],
      [
        689737.9395032391,
        3127461.8079797477,
        0.0
      ],
      [
        689743.0522102162,
        3127471.3169939197,
        0.0
      ],
      [
        689753.896040032,
        3127484.583801456,
        0.0
      ],
      [
        689761.8832455834,
        3127478.9504279913,
        0.0
      ],
      [
        689764.6489203174,
        3127470.6148702847,
        0.0
      ],
      [
        689763.8641836924,
        3127453.842732473,
        0.0
      ],
      [
        689762.9622185497,
        3127444.401029888,
        0.0
      ],
      [
        689763.2720260451,
        3127425.0276656654,
        0.0
      ],
      [
        689778.160349208,
        3127415.838457453,
        0.0
      ],
      [
        689788.1441198176,
        3127417.0456062336,
        0.0
      ],
      [
        689795.0452015803,
        3127413.4898049706,
        0.0
      ],
      [
        689801.9379128559,
        3127410.4576119715,
        0.0
      ],
      [
        689805.6725666025,
        3127407.3749088733,
        0.0
      ],
      [
        689808.9562546687,
        3127399.57133325,
        0.0
      ],
      [
        689818.0046071014,
        3127393.4311831337,
        0.0
      ],
      [
        689831.1632122197,
        3127393.64167269,
        0.0
      ],
      [
        689839.68523713,
        3127387.4931150647,
        0.0
      ],
      [
        689841.9413926022,
        3127378.10187204,
        0.0
      ],
      [
        689841.0478554824,
        3127368.1364923897,
        0.0
      ],
      [
        689838.007051539,
        3127360.755463629,
        0.0
      ],
      [
        689829.7027834691,
        3127353.2902331064,
        0.0
      ],
      [
        689821.9667291027,
        3127343.2153812214,
        0.0
      ],
      [
        689814.6313800414,
        3127341.0030782805,
        0.0
      ],
      [
        689806.7780568192,
        3127338.25875224,
        0.0
      ],
      [
        689797.880411329,
        3127334.9739856,
        0.0
      ],
      [
        689790.6120467002,
        3127328.5728243003,
        0.0
      ],
      [
        689780.6198274919,
        3127327.8892790037,
        0.0
      ],
      [
        689775.8994513978,
        3127326.766304397,
        0.0
      ],
      [
        689769.0401935199,
        3127327.704100325,
        0.0
      ]
    ]
  ]
}