{
  "code": "232993536",
  "epsg": 32639,
  "bbox_utm": {
    "minx": 709054.2569706696,
    "miny": 3149780.3603900126,
    "maxx": 709228.6619095323,
    "maxy": 3149954.7653288753
  },
  "polygon_utm": [
    [
      [
        709118.3780628274,
        3149877.864411572,
        0.0
      ],
      [
        709151.3704837286,
        3149854.9231282705,
        0.0
      ],
      [
        709203.7469182662,
        3149835.463497481,
        0.0
      ],
      [
        709197.1558292059,
        3149807.1130464254,
        0.0
      ],
      [
        709136.2568438014,
        3149832.956770836,
        0.0
      ],
      [
        709125.6395003757,
        3149824.1412588833,
        0.0
      ],
      [
        709109.0584275016,
        3149836.465893267,
        0.0
      ],
      [
        709112.1702442445,
        3149842.7240560125,
        0.0
      ],
      [
        709092.2987877796,
        3149866.682855709,
        0.0
      ],
      [
        709085.7645565156,
        3149894.2770301,
        0.0
      ],
      [
        709079.1719619358,
        3149910.3677604613,
        0.0
      ],
      [
        709102.8404478568,
        3149924.120582976,
        0.0
      ],
      [
        709115.9102083575,
        3149928.0126724625,
        0.0
      ],
      [
        709136.3189023087,
        3149918.1801146055,
        0.0
      ],
      [
        709118.3780628274,
        3149877.864411572,
        0.0
      ]
    ]
  ]
}