{
  "code": "232993525",
  "epsg": 32639,
  "bbox_utm": {
    "minx": 708952.7935541166,
    "miny": 3149748.2327363784,
    "maxx": 709138.7330259326,
    "maxy": 3149934.172208194
  },
  "polygon_utm": [
    [
      [
        709092.2987877796,
        3149866.6828557076,
        0.0
      ],
      [
        709112.1702442445,
        3149842.724056014,
        0.0
      ],
      [
        709109.0584275016,
        3149836.465893267,
        0.0
      ],
      [
        709085.0227899002,
        3149788.127914472,
        0.0
      ],
      [
        709063.8490481249,
        3149796.639996878,
        0.0
      ],
      [
        709045.8648567151,
        3149803.117413361,
        0.0
      ],
      [
        709034.3924313248,
        3149812.847549554,
        0.0
      ],
      [
        709023.3757910618,
        3149826.5070649,
        0.0
      ],
      [
        709013.9910611702,
        3149837.0585362776,
        0.0
      ],
      [
        709002.2931304505,
        3149844.6933186245,
        0.0
      ],
      [
        708988.2448659196,
        3149851.5021105763,
        0.0
      ],
      [
        708979.3563358046,
        3149856.3112001084,
        0.0
      ],
      [
        709003.570379424,
        3149876.347577178,
        0.0
      ],
      [
        709021.816181861,
        3149877.325200778,
        0.0
      ],
      [
        709046.8150983165,
        3149867.9661073135,
        0.0
      ],
      [
        709056.3093234252,
        3149866.0434298073,
        0.0
      ],
      [
        709085.7645565156,
        3149894.2770301,
        0.0
      ],
      [
        709092.2987877796,
        3149866.6828557076,
        0.0
      ]
    ]
  ]
}