{
  "code": "232993954",
  "epsg": 32639,
  "bbox_utm": {
    "minx": 709039.8372346855,
    "miny": 3149626.4446679284,
    "maxx": 709356.1361211879,
    "maxy": 3149942.7435544305
  },
  "polygon_utm": [
    [
      [
        709125.6395003757,
        3149824.1412588833,
        0.0
      ],
      [
        709136.2568438014,
        3149832.956770836,
        0.0
      ],
      [
        709197.1558292059,
        3149807.1130464254,
        0.0
      ],
      [
        709203.7469182662,
        3149835.463497481,
        0.0
      ],
      [
        709216.2016777174,
        3149870.6926395064,
        0.0
      ],
      [
        709292.3993113935,
        3149844.88244784,
        0.0
      ],
      [
        709286.4570992637,
        3149824.386072064,
        0.0
      ],
      [
        709265.9245789241,
        3149796.833283237,
        0.0
      ],
      [
        709308.7746009305,
        3149781.1258852496,
        0.0
      ],
      [
        709310.9505659733,
        3149776.981861486,
        0.0
      ],
      [
        709300.3634137474,
        3149751.6971695647,
        0.0
      ],
      [
        709278.1846337984,
        3149698.4955828525,
        0.0
      ],
      [
        709248.9018558192,
        3149719.672887694,
        0.0
      ],
      [
        709228.432318537,
        3149732.9028515113,
        0.0
      ],
      [
        709185.0057570536,
        3149751.4759915755,
        0.0
      ],
      [
        709143.436814466,
        3149769.036582308,
        0.0
      ],
      [
        709110.3718825773,
        3149781.2585739456,
        0.0
      ],
      [
        709085.0227899002,
        3149788.127914472,
        0.0
      ],
      [
        709109.0584275016,
        3149836.465893267,
        0.0
      ],
      [
        709125.6395003757,
        3149824.1412588833,
        0.0
      ]
    ]
  ]
}