{
  "code": "232996786",
  "epsg": 32639,
  "bbox_utm": {
    "minx": 708892.5147431238,
    "miny": 3149786.4512940887,
    "maxx": 709006.2089363657,
    "maxy": 3149900.145487331
  },
  "polygon_utm": [
    [
      [
        708938.277810125,
        3149883.292031067,
        0.0
      ],
      [
        708960.3762806035,
        3149867.084409111,
        0.0
      ],
      [
        708975.5773967054,
        3149854.544873808,
        0.0
      ],
      [
        708985.405090993,
        3149848.6414324273,
        0.0
      ],
      [
        708985.5271934231,
        3149846.915153157,
        0.0
      ],
      [
        708985.9314097485,
        3149841.2003588867,
        0.0
      ],
      [
        708982.0424634435,
        3149834.5304793576,
        0.0
      ],
      [
        708977.9968797453,
        3149836.6806914797,
        0.0
      ],
      [
        708969.2229561871,
        3149827.6366522056,
        0.0
      ],
      [
        708959.5049605054,
        3149812.563216326,
        0.0
      ],
      [
        708949.5363627122,
        3149811.601952191,
        0.0
      ],
      [
        708933.6649111896,
        3149802.693321695,
        0.0
      ],
      [
        708924.377684686,
        3149807.75681397,
        0.0
      ],
      [
        708917.5364998167,
        3149823.0590656702,
        0.0
      ],
      [
        708912.7922697408,
        3149838.659945558,
        0.0
      ],
      [
        708913.9972870663,
        3149859.5947802207,
        0.0
      ],
      [
        708928.5441289414,
        3149883.903459725,
        0.0
      ],
      [
        708938.277810125,
        3149883.292031067,
        0.0
      ]
    ]
  ]
}