{
  "code": "232993806",
  "epsg": 32639,
  "bbox_utm": {
    "minx": 709169.6353535514,
    "miny": 3149745.1868734984,
    "maxx": 709392.2002694655,
    "maxy": 3149967.7517894125
  },
  "polygon_utm": [
    [
      [
        709287.7246537177,
        3149915.643623469,
        0.0
      ],
      [
        709272.5299005646,
        3149883.4804297783,
        0.0
      ],
      [
        709345.6339452994,
        3149851.057747139,
        0.0
      ],
      [
        709331.0691988294,
        3149798.2533399328,
        0.0
      ],
      [
        709322.1071727002,
        3149785.0229156357,
        0.0
      ],
      [
        709310.9505659733,
        3149776.981861486,
        0.0
      ],
      [
        709308.7746009305,
        3149781.1258852496,
        0.0
      ],
      [
        709265.9245789241,
        3149796.833283237,
        0.0
      ],
      [
        709286.4570992638,
        3149824.3860720634,
        0.0
      ],
      [
        709292.3993113935,
        3149844.88244784,
        0.0
      ],
      [
        709216.2016777174,
        3149870.6926395055,
        0.0
      ],
      [
        709239.2748890071,
        3149935.9568014247,
        0.0
      ],
      [
        709287.7246537177,
        3149915.643623469,
        0.0
      ]
    ]
  ]
}