{
  "code": "232997329",
  "epsg": 32639,
  "bbox_utm": {
    "minx": 708589.6245908205,
    "miny": 3148980.4062941256,
    "maxx": 708980.8487058351,
    "maxy": 3149371.6304091406
  },
  "polygon_utm": [
    [
      [
        708730.0589748011,
        3149118.326326029,
        0.0
      ],
      [
        708708.7207535547,
        3149150.8885490345,
        0.0
      ],
      [
        708712.2211922402,
        3149175.786716433,
        0.0
      ],
      [
        708679.6852424989,
        3149187.758588102,
        0.0
      ],
      [
        708694.0046256902,
        3149195.3325603493,
        0.0
      ],
      [
        708704.2596342098,
        3149194.9915250307,
        0.0
      ],
      [
        708709.4536165677,
        3149198.4822359714,
        0.0
      ],
      [
        708712.7081041981,
        3149192.7884413945,
        0.0
      ],
      [
        708733.5813394962,
        3149201.2629706804,
        0.0
      ],
      [
        708716.7113377696,
        3149224.1570371664,
        0.0
      ],
      [
        708728.3798090336,
        3149227.8367470084,
        0.0
      ],
      [
        708756.3754622291,
        3149219.9674339844,
        0.0
      ],
      [
        708790.9420284361,
        3149315.741249853,
        0.0
      ],
      [
        708818.9746246417,
        3149305.781377071,
        0.0
      ],
      [
        708852.4562306616,
        3149284.9381801235,
        0.0
      ],
      [
        708821.870866914,
        3149201.783271057,
        0.0
      ],
      [
        708882.1586435293,
        3149180.8926821905,
        0.0
      ],
      [
        708890.7880541567,
        3149168.4970516367,
        0.0
      ],
      [
        708875.4612759961,
        3149143.6503452333,
        0.0
      ],
      [
        708849.3476722694,
        3149134.298242048,
        0.0
      ],
      [
        708834.80267852,
        3149124.6285675685,
        0.0
      ],
      [
        708817.3307720181,
        3149072.554611439,
        0.0
      ],
      [
        708846.4890077738,
        3149058.431549194,
        0.0
      ],
      [
        708866.9992934326,
        3149057.749725678,
        0.0
      ],
      [
        708866.0659887145,
        3149036.295453414,
        0.0
      ],
      [
        708852.8838642238,
        3149038.675916538,
        0.0
      ],
      [
        708833.5619322065,
        3149046.437610696,
        0.0
      ],
      [
        708790.3059793218,
        3149070.1144636907,
        0.0
      ],
      [
        708777.1981359168,
        3149090.5353019163,
        0.0
      ],
      [
        708730.0589748011,
        3149118.326326029,
        0.0
      ]
    ]
  ]
}