{
  "code": "232993345",
  "epsg": 32639,
  "bbox_utm": {
    "minx": 708909.000141289,
    "miny": 3149802.250209352,
    "maxx": 709115.2252923866,
    "maxy": 3150008.4753604494
  },
  "polygon_utm": [
    [
      [
        708995.2550554245,
        3149885.8723382484,
        0.0
      ],
      [
        708966.2935288765,
        3149907.513103163,
        0.0
      ],
      [
        708960.5832079728,
        3149911.059460634,
        0.0
      ],
      [
        708938.4608771601,
        3149932.180221116,
        0.0
      ],
      [
        708950.5894464157,
        3149944.6821399936,
        0.0
      ],
      [
        708974.2709604284,
        3149928.110622476,
        0.0
      ],
      [
        708984.9365752202,
        3149919.4118752177,
        0.0
      ],
      [
        708991.9383900743,
        3149909.8638083255,
        0.0
      ],
      [
        709010.5753515902,
        3149933.1994856475,
        0.0
      ],
      [
        709030.2788593204,
        3149940.869134604,
        0.0
      ],
      [
        709042.478897623,
        3149934.55045105,
        0.0
      ],
      [
        709058.1311331427,
        3149926.20177404,
        0.0
      ],
      [
        709079.1719619358,
        3149910.3677604613,
        0.0
      ],
      [
        709085.7645565156,
        3149894.2770301,
        0.0
      ],
      [
        709056.3093234252,
        3149866.0434298073,
        0.0
      ],
      [
        709046.8150983165,
        3149867.9661073135,
        0.0
      ],
      [
        709021.816181861,
        3149877.325200778,
        0.0
      ],
      [
        709003.570379424,
        3149876.347577178,
        0.0
      ],
      [
        708995.2550554245,
        3149885.8723382484,
        0.0
      ]
    ]
  ]
}