{
  "code": "232996876",
  "epsg": 32639,
  "bbox_utm": {
    "minx": 708668.9719259669,
    "miny": 3149446.4554643477,
    "maxx": 708807.4743144759,
    "maxy": 3149584.957852856
  },
  "polygon_utm": [
    [
      [
        708768.3754431922,
        3149563.2104870947,
        0.0
      ],
      [
        708784.9382626726,
        3149520.8550976967,
        0.0
      ],
      [
        708776.0944070594,
        3149515.7311349246,
        0.0
      ],
      [
        708754.323926996,
        3149498.613748609,
        0.0
      ],
      [
        708730.0592604766,
        3149488.772065882,
        0.0
      ],
      [
        708717.5528677083,
        3149467.8976348755,
        0.0
      ],
      [
        708697.8731470623,
        3149466.2415198484,
        0.0
      ],
      [
        708691.5079777703,
        3149469.527188673,
        0.0
      ],
      [
        708731.7283431953,
        3149528.0154335015,
        0.0
      ],
      [
        708763.129207762,
        3149565.1717973547,
        0.0
      ],
      [
        708768.3754431922,
        3149563.2104870947,
        0.0
      ]
    ]
  ]
}