{
  "code": "232995901",
  "epsg": 32639,
  "bbox_utm": {
    "minx": 709121.3791397095,
    "miny": 3149669.046778629,
    "maxx": 709221.1778715688,
    "maxy": 3149768.845510488
  },
  "polygon_utm": [
    [
      [
        709161.4964457643,
        3149684.3956563184,
        0.0
      ],
      [
        709141.3407496371,
        3149694.7557443865,
        0.0
      ],
      [
        709168.9206994758,
        3149754.588548794,
        0.0
      ],
      [
        709201.2162616414,
        3149741.3073198344,
        0.0
      ],
      [
        709189.0990965356,
        3149713.3812636393,
        0.0
      ],
      [
        709173.6039176931,
        3149683.303740323,
        0.0
      ],
      [
        709161.4964457643,
        3149684.3956563184,
        0.0
      ]
    ]
  ]
}