{
  "code": "232993976",
  "epsg": 32639,
  "bbox_utm": {
    "minx": 709288.4638419548,
    "miny": 3149733.0123930546,
    "maxx": 709471.6072855344,
    "maxy": 3149916.1558366334
  },
  "polygon_utm": [
    [
      [
        709359.3941834399,
        3149889.992487551,
        0.0
      ],
      [
        709437.963954789,
        3149860.543226895,
        0.0
      ],
      [
        709427.990919802,
        3149830.302524005,
        0.0
      ],
      [
        709410.2484778131,
        3149793.6494122036,
        0.0
      ],
      [
        709397.460011246,
        3149759.1757421372,
        0.0
      ],
      [
        709381.8491358557,
        3149765.1720787315,
        0.0
      ],
      [
        709367.8981656097,
        3149766.4923897022,
        0.0
      ],
      [
        709348.3049863151,
        3149774.7707002563,
        0.0
      ],
      [
        709322.1071727002,
        3149785.0229156357,
        0.0
      ],
      [
        709331.0691988294,
        3149798.2533399328,
        0.0
      ],
      [
        709345.6339452994,
        3149851.057747139,
        0.0
      ],
      [
        709359.3941834399,
        3149889.992487551,
        0.0
      ]
    ]
  ]
}