{
  "code": "232996704",
  "epsg": 32639,
  "bbox_utm": {
    "minx": 708805.3180900102,
    "miny": 3149614.1524302745,
    "maxx": 708906.5517794453,
    "maxy": 3149715.3861197094
  },
  "polygon_utm": [
    [
      [
        708886.7577228898,
        3149676.901656584,
        0.0
      ],
      [
        708886.3213097336,
        3149664.4763711905,
        0.0
      ],
      [
        708887.8389192313,
        3149653.0007342086,
        0.0
      ],
      [
        708890.6422061392,
        3149643.1164417583,
        0.0
      ],
      [
        708891.0310086252,
        3149628.614385908,
        0.0
      ],
      [
        708820.8388608303,
        3149646.4844161915,
        0.0
      ],
      [
        708825.1081426805,
        3149656.2009092616,
        0.0
      ],
      [
        708835.3873067495,
        3149684.094020503,
        0.0
      ],
      [
        708845.4239264734,
        3149696.036091203,
        0.0
      ],
      [
        708851.2822932663,
        3149700.924164076,
        0.0
      ],
      [
        708863.3571219221,
        3149692.4330359753,
        0.0
      ],
      [
        708884.5355105966,
        3149683.65917611,
        0.0
      ],
      [
        708886.7577228898,
        3149676.901656584,
        0.0
      ]
    ]
  ]
}