{
  "code": "232992221",
  "epsg": 32639,
  "bbox_utm": {
    "minx": 706626.8941525175,
    "miny": 3137850.9834280005,
    "maxx": 706915.1497231541,
    "maxy": 3138139.2389986375
  },
  "polygon_utm": [
    [
      [
        706867.6796970088,
        3138052.743148269,
        0.0
      ],
      [
        706868.0185935599,
        3138033.379506064,
        0.0
      ],
      [
        706799.7566020481,
        3137935.860218631,
        0.0
      ],
      [
        706768.4893345207,
        3137948.9243874145,
        0.0
      ],
      [
        706725.8174210484,
        3137892.1627952345,
        0.0
      ],
      [
        706674.0252821118,
        3137935.755212814,
        0.0
      ],
      [
        706719.0797174791,
        3138006.6926582637,
        0.0
      ],
      [
        706765.2911907336,
        3138041.528589145,
        0.0
      ],
      [
        706794.8145257715,
        3138098.0596314035,
        0.0
      ],
      [
        706867.6796970088,
        3138052.743148269,
        0.0
      ]
    ]
  ]
}