{
  "code": "232999510",
  "epsg": 32639,
  "bbox_utm": {
    "minx": 709110.3893797547,
    "miny": 3149587.561011939,
    "maxx": 709255.0998236877,
    "maxy": 3149732.2714558714
  },
  "polygon_utm": [
    [
      [
        709141.3407496371,
        3149694.7557443865,
        0.0
      ],
      [
        709161.4964457643,
        3149684.3956563184,
        0.0
      ],
      [
        709173.6039176931,
        3149683.303740323,
        0.0
      ],
      [
        709234.4269031258,
        3149647.001529798,
        0.0
      ],
      [
        709221.6774340573,
        3149625.076723424,
        0.0
      ],
      [
        709189.2282376433,
        3149646.9822913622,
        0.0
      ],
      [
        709171.8527542248,
        3149648.7648332445,
        0.0
      ],
      [
        709131.0623003165,
        3149666.862333693,
        0.0
      ],
      [
        709133.7616023525,
        3149677.628619154,
        0.0
      ],
      [
        709141.3407496371,
        3149694.7557443865,
        0.0
      ]
    ]
  ]
}