{
  "code": "232996775",
  "epsg": 32639,
  "bbox_utm": {
    "minx": 709046.8855155564,
    "miny": 3149655.8903647377,
    "maxx": 709189.2598967957,
    "maxy": 3149798.2647459772
  },
  "polygon_utm": [
    [
      [
        709108.879278443,
        3149776.526491561,
        0.0
      ],
      [
        709168.9206994758,
        3149754.588548794,
        0.0
      ],
      [
        709141.3407496371,
        3149694.7557443865,
        0.0
      ],
      [
        709133.7616023525,
        3149677.628619154,
        0.0
      ],
      [
        709115.2053474896,
        3149686.710070122,
        0.0
      ],
      [
        709067.2247128764,
        3149710.1698001474,
        0.0
      ],
      [
        709108.879278443,
        3149776.526491561,
        0.0
      ]
    ]
  ]
}