{
  "code": "232995336",
  "epsg": 32639,
  "bbox_utm": {
    "minx": 709526.8783881975,
    "miny": 3149539.969572258,
    "maxx": 709760.03407146,
    "maxy": 3149773.1252555205
  },
  "polygon_utm": [
    [
      [
        709619.0308922955,
        3149712.4045454366,
        0.0
      ],
      [
        709677.2302179942,
        3149690.697560514,
        0.0
      ],
      [
        709696.8796874806,
        3149679.2836245475,
        0.0
      ],
      [
        709714.9809267184,
        3149666.2735746205,
        0.0
      ],
      [
        709726.7261167082,
        3149656.025925774,
        0.0
      ],
      [
        709708.5771958275,
        3149627.468686151,
        0.0
      ],
      [
        709688.7076119916,
        3149606.9849339873,
        0.0
      ],
      [
        709670.8185330228,
        3149593.333529283,
        0.0
      ],
      [
        709662.8702633504,
        3149582.2120618233,
        0.0
      ],
      [
        709652.1293240511,
        3149595.0919813616,
        0.0
      ],
      [
        709616.6011960192,
        3149612.7588703497,
        0.0
      ],
      [
        709636.017313885,
        3149643.95279375,
        0.0
      ],
      [
        709592.4593516408,
        3149669.842182775,
        0.0
      ],
      [
        709560.1863429493,
        3149681.8157679276,
        0.0
      ],
      [
        709570.349518268,
        3149730.8827659558,
        0.0
      ],
      [
        709619.0308922955,
        3149712.4045454366,
        0.0
      ]
    ]
  ]
}