{
  "code": "233003171",
  "epsg": 32639,
  "bbox_utm": {
    "minx": 709192.5665124481,
    "miny": 3149150.7253545052,
    "maxx": 709469.6527910131,
    "maxy": 3149427.8116330705
  },
  "polygon_utm": [
    [
      [
        709285.0563531022,
        3149385.9528369103,
        0.0
      ],
      [
        709324.534482629,
        3149367.8319864506,
        0.0
      ],
      [
        709340.124989999,
        3149377.782160001,
        0.0
      ],
      [
        709350.3496256052,
        3149364.369692696,
        0.0
      ],
      [
        709339.0972466927,
        3149346.9151869747,
        0.0
      ],
      [
        709391.7060048273,
        3149317.077816629,
        0.0
      ],
      [
        709409.7124700445,
        3149306.8653426925,
        0.0
      ],
      [
        709412.0466426753,
        3149293.8353160606,
        0.0
      ],
      [
        709430.0690369324,
        3149285.267314955,
        0.0
      ],
      [
        709415.719956641,
        3149264.6203338043,
        0.0
      ],
      [
        709384.8641576963,
        3149226.425141065,
        0.0
      ],
      [
        709369.9337128093,
        3149208.9049831834,
        0.0
      ],
      [
        709361.3083175821,
        3149191.496968284,
        0.0
      ],
      [
        709352.3110223488,
        3149194.9970045686,
        0.0
      ],
      [
        709308.7986589978,
        3149218.2749999566,
        0.0
      ],
      [
        709283.8249520264,
        3149233.516877605,
        0.0
      ],
      [
        709254.629353217,
        3149249.72945155,
        0.0
      ],
      [
        709232.1502665287,
        3149257.695651121,
        0.0
      ],
      [
        709257.685053143,
        3149314.357280859,
        0.0
      ],
      [
        709253.6793626946,
        3149317.9460907946,
        0.0
      ],
      [
        709270.9559368566,
        3149366.09492863,
        0.0
      ],
      [
        709272.6858506264,
        3149387.040019292,
        0.0
      ],
      [
        709285.0563531022,
        3149385.9528369103,
        0.0
      ]
    ]
  ]
}