{
  "code": "233003261",
  "epsg": 32639,
  "bbox_utm": {
    "minx": 709045.8954683794,
    "miny": 3149275.501306219,
    "maxx": 709273.1886384196,
    "maxy": 3149502.7944762595
  },
  "polygon_utm": [
    [
      [
        709106.2870297174,
        3149375.1939360974,
        0.0
      ],
      [
        709117.8608069897,
        3149404.15670526,
        0.0
      ],
      [
        709129.8524630966,
        3149409.59833843,
        0.0
      ],
      [
        709146.1177068045,
        3149440.735843629,
        0.0
      ],
      [
        709129.1930450117,
        3149446.709356684,
        0.0
      ],
      [
        709124.3973346455,
        3149465.1854668832,
        0.0
      ],
      [
        709137.5419153271,
        3149464.896181282,
        0.0
      ],
      [
        709156.9357059593,
        3149467.855088826,
        0.0
      ],
      [
        709170.0663530852,
        3149468.3498729,
        0.0
      ],
      [
        709178.177719698,
        3149470.3240233962,
        0.0
      ],
      [
        709211.0552082583,
        3149453.915643921,
        0.0
      ],
      [
        709233.9267115635,
        3149438.636575411,
        0.0
      ],
      [
        709223.9387862439,
        3149409.1790798833,
        0.0
      ],
      [
        709186.9089435118,
        3149422.6379883606,
        0.0
      ],
      [
        709161.0974629594,
        3149366.7564068125,
        0.0
      ],
      [
        709150.5241209309,
        3149370.228518962,
        0.0
      ],
      [
        709119.0441785234,
        3149307.971759082,
        0.0
      ],
      [
        709085.1573952355,
        3149322.009823879,
        0.0
      ],
      [
        709106.2870297174,
        3149375.1939360974,
        0.0
      ]
    ]
  ]
}