{
  "code": "233003225",
  "epsg": 32639,
  "bbox_utm": {
    "minx": 709124.1155623273,
    "miny": 3149294.589721897,
    "maxx": 709382.9888667519,
    "maxy": 3149553.463026321
  },
  "polygon_utm": [
    [
      [
        709187.1215855449,
        3149484.600032674,
        0.0
      ],
      [
        709200.440593711,
        3149489.281024841,
        0.0
      ],
      [
        709213.3781994334,
        3149485.8510285835,
        0.0
      ],
      [
        709214.1711817536,
        3149500.374293967,
        0.0
      ],
      [
        709260.0443612696,
        3149477.2693076334,
        0.0
      ],
      [
        709273.7608258612,
        3149474.376073503,
        0.0
      ],
      [
        709263.3405574488,
        3149439.682379093,
        0.0
      ],
      [
        709274.4578814332,
        3149435.174352259,
        0.0
      ],
      [
        709286.8515704849,
        3149432.7804536135,
        0.0
      ],
      [
        709316.9946041971,
        3149416.9313862417,
        0.0
      ],
      [
        709346.0069661197,
        3149401.6768208556,
        0.0
      ],
      [
        709340.124989999,
        3149377.782160001,
        0.0
      ],
      [
        709324.534482629,
        3149367.8319864506,
        0.0
      ],
      [
        709285.0563531022,
        3149385.9528369103,
        0.0
      ],
      [
        709272.6858506264,
        3149387.040019292,
        0.0
      ],
      [
        709231.6548626665,
        3149403.8262521736,
        0.0
      ],
      [
        709205.5854751928,
        3149347.678454251,
        0.0
      ],
      [
        709161.0974629594,
        3149366.7564068125,
        0.0
      ],
      [
        709186.9089435118,
        3149422.6379883606,
        0.0
      ],
      [
        709223.9387862439,
        3149409.1790798833,
        0.0
      ],
      [
        709233.9267115635,
        3149438.636575411,
        0.0
      ],
      [
        709211.0552082583,
        3149453.915643921,
        0.0
      ],
      [
        709178.177719698,
        3149470.3240233962,
        0.0
      ],
      [
        709187.1215855449,
        3149484.600032674,
        0.0
      ]
    ]
  ]
}