{
  "code": "233033161",
  "epsg": 32639,
  "bbox_utm": {
    "minx": 708873.9098603958,
    "miny": 3148159.8120314316,
    "maxx": 709049.9166524238,
    "maxy": 3148335.81882346
  },
  "polygon_utm": [
    [
      [
        708929.5008865602,
        3148201.3200307298,
        0.0
      ],
      [
        708962.7775925756,
        3148310.6749960273,
        0.0
      ],
      [
        708994.3256262596,
        3148295.2863499075,
        0.0
      ],
      [
        708950.2909642707,
        3148184.9558588644,
        0.0
      ],
      [
        708929.5008865602,
        3148201.3200307298,
        0.0
      ]
    ]
  ]
}