{
  "code": "233003254",
  "epsg": 32639,
  "bbox_utm": {
    "minx": 708843.1911254677,
    "miny": 3149351.7348559247,
    "maxx": 709000.0582900771,
    "maxy": 3149508.6020205347
  },
  "polygon_utm": [
    [
      [
        708951.5601415107,
        3149460.808527635,
        0.0
      ],
      [
        708949.6394491568,
        3149450.57878568,
        0.0
      ],
      [
        708977.648695133,
        3149441.9261414357,
        0.0
      ],
      [
        708958.5292701593,
        3149379.1054429375,
        0.0
      ],
      [
        708950.7167610455,
        3149382.496025654,
        0.0
      ],
      [
        708907.8557798874,
        3149406.178696611,
        0.0
      ],
      [
        708877.1591527071,
        3149418.1823983276,
        0.0
      ],
      [
        708865.6007204119,
        3149425.4957563095,
        0.0
      ],
      [
        708868.8567277315,
        3149434.3742556362,
        0.0
      ],
      [
        708871.653734335,
        3149439.6524329977,
        0.0
      ],
      [
        708877.11406759,
        3149450.337124273,
        0.0
      ],
      [
        708883.4683489876,
        3149462.475520807,
        0.0
      ],
      [
        708894.4353464501,
        3149481.2314335224,
        0.0
      ],
      [
        708951.5601415107,
        3149460.808527635,
        0.0
      ]
    ]
  ]
}