{
  "code": "233003164",
  "epsg": 32639,
  "bbox_utm": {
    "minx": 709134.9023257836,
    "miny": 3149228.4695309107,
    "maxx": 709339.4851672573,
    "maxy": 3149433.0523723844
  },
  "polygon_utm": [
    [
      [
        709231.6548626665,
        3149403.8262521736,
        0.0
      ],
      [
        709272.6858506264,
        3149387.040019292,
        0.0
      ],
      [
        709270.9559368566,
        3149366.09492863,
        0.0
      ],
      [
        709253.6793626946,
        3149317.9460907946,
        0.0
      ],
      [
        709257.685053143,
        3149314.357280859,
        0.0
      ],
      [
        709232.1502665287,
        3149257.695651121,
        0.0
      ],
      [
        709201.7016424146,
        3149270.487429509,
        0.0
      ],
      [
        709231.3283807534,
        3149333.495983894,
        0.0
      ],
      [
        709204.1067756927,
        3149342.16214722,
        0.0
      ],
      [
        709205.5854751928,
        3149347.678454251,
        0.0
      ],
      [
        709231.6548626665,
        3149403.8262521736,
        0.0
      ]
    ]
  ]
}