{
  "code": "233033189",
  "epsg": 32639,
  "bbox_utm": {
    "minx": 708868.1156851065,
    "miny": 3148250.532266033,
    "maxx": 709181.3942722303,
    "maxy": 3148563.8108531563
  },
  "polygon_utm": [
    [
      [
        709065.6571029734,
        3148519.0567692816,
        0.0
      ],
      [
        709068.9461651715,
        3148518.3555102446,
        0.0
      ],
      [
        709084.407120611,
        3148506.0805802266,
        0.0
      ],
      [
        709086.7323647611,
        3148503.5023958446,
        0.0
      ],
      [
        709081.7405307471,
        3148493.4488634695,
        0.0
      ],
      [
        709042.9632312434,
        3148412.7569329827,
        0.0
      ],
      [
        709008.4940467103,
        3148341.0304556433,
        0.0
      ],
      [
        708994.3256262596,
        3148295.2863499075,
        0.0
      ],
      [
        708962.7775925756,
        3148310.6749960273,
        0.0
      ],
      [
        709011.1628468372,
        3148420.1665847427,
        0.0
      ],
      [
        709047.7799731957,
        3148489.3162746644,
        0.0
      ],
      [
        709061.6919147958,
        3148512.474847728,
        0.0
      ],
      [
        709065.6571029734,
        3148519.0567692816,
        0.0
      ]
    ]
  ]
}