{
  "code": "233003306",
  "epsg": 32639,
  "bbox_utm": {
    "minx": 709335.5678573356,
    "miny": 3149132.8764031255,
    "maxx": 709489.2691097942,
    "maxy": 3149286.577655584
  },
  "polygon_utm": [
    [
      [
        709444.0091782971,
        3149210.7457180745,
        0.0
      ],
      [
        709418.691197744,
        3149186.24336588,
        0.0
      ],
      [
        709399.771212459,
        3149156.626162417,
        0.0
      ],
      [
        709387.1888783325,
        3149154.8337249053,
        0.0
      ],
      [
        709371.2773293348,
        3149162.9165799515,
        0.0
      ],
      [
        709361.0711061023,
        3149175.2838673983,
        0.0
      ],
      [
        709361.3083175821,
        3149191.496968284,
        0.0
      ],
      [
        709369.9337128093,
        3149208.9049831834,
        0.0
      ],
      [
        709384.8641576963,
        3149226.425141065,
        0.0
      ],
      [
        709415.719956641,
        3149264.6203338043,
        0.0
      ],
      [
        709429.0322010467,
        3149254.9227752024,
        0.0
      ],
      [
        709463.7658610274,
        3149252.403657888,
        0.0
      ],
      [
        709457.2795338779,
        3149232.9422253543,
        0.0
      ],
      [
        709461.66895341,
        3149222.5630246494,
        0.0
      ],
      [
        709444.0091782971,
        3149210.7457180745,
        0.0
      ]
    ]
  ]
}