{
  "code": "233003249",
  "epsg": 32639,
  "bbox_utm": {
    "minx": 708857.5827870221,
    "miny": 3149418.8998922296,
    "maxx": 709125.1556071666,
    "maxy": 3149686.4727123734
  },
  "polygon_utm": [
    [
      [
        709032.6824403183,
        3149492.0440598484,
        0.0
      ],
      [
        709021.4175884892,
        3149492.897292808,
        0.0
      ],
      [
        709002.0377461906,
        3149489.1545829703,
        0.0
      ],
      [
        708979.1499157536,
        3149490.578136807,
        0.0
      ],
      [
        708962.502052514,
        3149495.772486367,
        0.0
      ],
      [
        708958.6235782289,
        3149477.4037996535,
        0.0
      ],
      [
        708935.9100963522,
        3149482.955868947,
        0.0
      ],
      [
        708895.8074756142,
        3149492.7585284617,
        0.0
      ],
      [
        708899.1716132244,
        3149495.6939238072,
        0.0
      ],
      [
        708918.072446252,
        3149496.813700169,
        0.0
      ],
      [
        708934.5950156546,
        3149498.6755634695,
        0.0
      ],
      [
        708939.002686961,
        3149524.242796687,
        0.0
      ],
      [
        708942.4198373823,
        3149546.3938721903,
        0.0
      ],
      [
        708946.8501172962,
        3149555.883813421,
        0.0
      ],
      [
        708952.1752204206,
        3149559.37687567,
        0.0
      ],
      [
        708947.948764621,
        3149560.608959524,
        0.0
      ],
      [
        708959.1829037801,
        3149579.108115588,
        0.0
      ],
      [
        708967.8085411164,
        3149596.515245015,
        0.0
      ],
      [
        708966.9211827329,
        3149616.890518173,
        0.0
      ],
      [
        708992.1591634419,
        3149616.2929839627,
        0.0
      ],
      [
        709028.9189197073,
        3149617.9915287737,
        0.0
      ],
      [
        709033.1443479848,
        3149627.9688049494,
        0.0
      ],
      [
        709054.052049563,
        3149608.503865633,
        0.0
      ],
      [
        709051.5801268342,
        3149584.931809036,
        0.0
      ],
      [
        709086.9309185746,
        3149577.1942297644,
        0.0
      ],
      [
        709072.2750954857,
        3149550.0964660826,
        0.0
      ],
      [
        709061.2335249037,
        3149529.6812448795,
        0.0
      ],
      [
        709043.784657666,
        3149491.2031453033,
        0.0
      ],
      [
        709032.6824403183,
        3149492.0440598484,
        0.0
      ]
    ]
  ]
}