{
  "code": "233032779",
  "epsg": 32639,
  "bbox_utm": {
    "minx": 708895.381007233,
    "miny": 3148076.667987983,
    "maxx": 709169.1282545059,
    "maxy": 3148350.4152352563
  },
  "polygon_utm": [
    [
      [
        709074.3335255899,
        3148303.765955931,
        0.0
      ],
      [
        709047.718309631,
        3148233.746902034,
        0.0
      ],
      [
        709076.288421734,
        3148223.2731036004,
        0.0
      ],
      [
        709029.8385198128,
        3148115.7747375937,
        0.0
      ],
      [
        708988.220840005,
        3148150.594021783,
        0.0
      ],
      [
        709009.9902301962,
        3148197.5193919605,
        0.0
      ],
      [
        709026.8385187887,
        3148237.97480398,
        0.0
      ],
      [
        709057.3794766143,
        3148311.308485646,
        0.0
      ],
      [
        709074.3335255899,
        3148303.765955931,
        0.0
      ]
    ]
  ]
}