{
  "code": "233003180",
  "epsg": 32639,
  "bbox_utm": {
    "minx": 709216.5896748545,
    "miny": 3149282.163117277,
    "maxx": 709460.992570317,
    "maxy": 3149526.5660127397
  },
  "polygon_utm": [
    [
      [
        709273.7608258612,
        3149474.376073503,
        0.0
      ],
      [
        709260.0443612696,
        3149477.2693076334,
        0.0
      ],
      [
        709268.6811228725,
        3149479.2528625685,
        0.0
      ],
      [
        709275.6033243603,
        3149481.598076397,
        0.0
      ],
      [
        709292.6164533463,
        3149485.429870991,
        0.0
      ],
      [
        709319.0474647173,
        3149491.651313388,
        0.0
      ],
      [
        709346.5885180829,
        3149487.17406209,
        0.0
      ],
      [
        709360.2271109987,
        3149481.2731342106,
        0.0
      ],
      [
        709383.683478575,
        3149470.056905942,
        0.0
      ],
      [
        709400.1154019772,
        3149462.245000993,
        0.0
      ],
      [
        709404.7615864745,
        3149459.5826772023,
        0.0
      ],
      [
        709408.573153621,
        3149459.5197808384,
        0.0
      ],
      [
        709389.2351748648,
        3149453.4243136114,
        0.0
      ],
      [
        709377.5877129182,
        3149428.642870683,
        0.0
      ],
      [
        709373.286711748,
        3149404.514936303,
        0.0
      ],
      [
        709401.0360758458,
        3149380.957137817,
        0.0
      ],
      [
        709417.5378839019,
        3149369.224985364,
        0.0
      ],
      [
        709409.3770234772,
        3149352.750509954,
        0.0
      ],
      [
        709391.7060048273,
        3149317.077816629,
        0.0
      ],
      [
        709339.0972466927,
        3149346.9151869747,
        0.0
      ],
      [
        709350.3496256052,
        3149364.369692696,
        0.0
      ],
      [
        709340.124989999,
        3149377.782160001,
        0.0
      ],
      [
        709346.0069661197,
        3149401.6768208556,
        0.0
      ],
      [
        709316.9946041971,
        3149416.9313862417,
        0.0
      ],
      [
        709286.8515704849,
        3149432.7804536135,
        0.0
      ],
      [
        709263.3405574488,
        3149439.682379093,
        0.0
      ],
      [
        709273.7608258612,
        3149474.376073503,
        0.0
      ]
    ]
  ]
}