{
  "code": "233003209",
  "epsg": 32639,
  "bbox_utm": {
    "minx": 709353.0784740136,
    "miny": 3149343.6435510307,
    "maxx": 709494.5361381541,
    "maxy": 3149485.101215171
  },
  "polygon_utm": [
    [
      [
        709469.5365331017,
        3149447.5638871817,
        0.0
      ],
      [
        709474.3279004197,
        3149443.224920093,
        0.0
      ],
      [
        709455.8372036156,
        3149432.1266052714,
        0.0
      ],
      [
        709440.8444136718,
        3149403.364076794,
        0.0
      ],
      [
        709433.0957671987,
        3149381.0047137802,
        0.0
      ],
      [
        709417.5378839019,
        3149369.224985364,
        0.0
      ],
      [
        709401.0360758458,
        3149380.957137817,
        0.0
      ],
      [
        709373.286711748,
        3149404.514936303,
        0.0
      ],
      [
        709377.5877129182,
        3149428.642870683,
        0.0
      ],
      [
        709389.2351748648,
        3149453.4243136114,
        0.0
      ],
      [
        709408.573153621,
        3149459.5197808384,
        0.0
      ],
      [
        709433.8859770026,
        3149454.741637026,
        0.0
      ],
      [
        709452.0499339969,
        3149452.9734526235,
        0.0
      ],
      [
        709467.5589243756,
        3149452.7266104147,
        0.0
      ],
      [
        709468.9414201467,
        3149449.117482413,
        0.0
      ],
      [
        709469.5365331017,
        3149447.5638871817,
        0.0
      ]
    ]
  ]
}