{
  "code": "233003191",
  "epsg": 32639,
  "bbox_utm": {
    "minx": 709383.4315777728,
    "miny": 3149297.308564128,
    "maxx": 709565.0496977028,
    "maxy": 3149478.926684058
  },
  "polygon_utm": [
    [
      [
        709522.393288889,
        3149383.9011833263,
        0.0
      ],
      [
        709488.0460774609,
        3149364.7282830463,
        0.0
      ],
      [
        709454.5589083434,
        3149356.289401976,
        0.0
      ],
      [
        709439.2056336713,
        3149333.010328092,
        0.0
      ],
      [
        709409.3770234772,
        3149352.750509954,
        0.0
      ],
      [
        709417.5378839019,
        3149369.224985364,
        0.0
      ],
      [
        709433.0957671987,
        3149381.0047137802,
        0.0
      ],
      [
        709440.8444136718,
        3149403.364076794,
        0.0
      ],
      [
        709455.8372036156,
        3149432.1266052714,
        0.0
      ],
      [
        709474.3279004197,
        3149443.224920093,
        0.0
      ],
      [
        709510.6223102135,
        3149410.357423376,
        0.0
      ],
      [
        709539.1042519985,
        3149389.95013012,
        0.0
      ],
      [
        709522.393288889,
        3149383.9011833263,
        0.0
      ]
    ]
  ]
}