{
  "code": "233045739",
  "epsg": 32639,
  "bbox_utm": {
    "minx": 708659.4209423445,
    "miny": 3148586.735128408,
    "maxx": 708843.550423207,
    "maxy": 3148770.86460927
  },
  "polygon_utm": [
    [
      [
        708730.6765095642,
        3148638.8583110757,
        0.0
      ],
      [
        708729.5843212618,
        3148685.6373609826,
        0.0
      ],
      [
        708727.3560169935,
        3148707.559056864,
        0.0
      ],
      [
        708720.3926897378,
        3148744.560397718,
        0.0
      ],
      [
        708736.599425965,
        3148734.651509508,
        0.0
      ],
      [
        708756.2632858504,
        3148722.4509540815,
        0.0
      ],
      [
        708775.1343863948,
        3148710.497798966,
        0.0
      ],
      [
        708782.5786758135,
        3148705.662405358,
        0.0
      ],
      [
        708769.9292131999,
        3148677.986555131,
        0.0
      ],
      [
        708753.0610370686,
        3148647.2485549403,
        0.0
      ],
      [
        708734.2879529371,
        3148613.039339959,
        0.0
      ],
      [
        708730.6765095642,
        3148638.8583110757,
        0.0
      ]
    ]
  ]
}