{
  "code": "233000099",
  "epsg": 32639,
  "bbox_utm": {
    "minx": 708908.810607108,
    "miny": 3149590.56316755,
    "maxx": 709088.9193219992,
    "maxy": 3149770.671882441
  },
  "polygon_utm": [
    [
      [
        708988.0647153894,
        3149743.27131475,
        0.0
      ],
      [
        709005.251575103,
        3149737.302452377,
        0.0
      ],
      [
        709015.9387088745,
        3149742.1978354473,
        0.0
      ],
      [
        709015.7633090466,
        3149707.6871530446,
        0.0
      ],
      [
        709030.8087463742,
        3149689.1320313825,
        0.0
      ],
      [
        709022.1739936175,
        3149672.247658034,
        0.0
      ],
      [
        709001.714857977,
        3149640.513601976,
        0.0
      ],
      [
        708992.1591634419,
        3149616.2929839627,
        0.0
      ],
      [
        708966.9211827329,
        3149616.890518173,
        0.0
      ],
      [
        708973.0831944435,
        3149654.644820944,
        0.0
      ],
      [
        708972.047323134,
        3149683.382857582,
        0.0
      ],
      [
        708980.0917628515,
        3149703.9165890277,
        0.0
      ],
      [
        708994.7287224184,
        3149708.359261719,
        0.0
      ],
      [
        708979.1004480355,
        3149744.942066028,
        0.0
      ],
      [
        708988.0647153894,
        3149743.27131475,
        0.0
      ]
    ]
  ]
}