{
  "code": "233003524",
  "epsg": 32639,
  "bbox_utm": {
    "minx": 683036.8936583858,
    "miny": 3242954.5949639557,
    "maxx": 683418.0392969267,
    "maxy": 3243335.740602496
  },
  "polygon_utm": [
    [
      [
        683312.6300004472,
        3243247.66478729,
        0.0
      ],
      [
        683282.0467759508,
        3243172.495878005,
        0.0
      ],
      [
        683257.9449418974,
        3243115.581589513,
        0.0
      ],
      [
        683223.2840013875,
        3243034.6418148708,
        0.0
      ],
      [
        683211.7079520184,
        3243009.04434089,
        0.0
      ],
      [
        683142.3029548654,
        3243046.3013431723,
        0.0
      ],
      [
        683145.708452392,
        3243061.395253678,
        0.0
      ],
      [
        683169.8193206784,
        3243117.7910771514,
        0.0
      ],
      [
        683202.5045671551,
        3243191.9566891636,
        0.0
      ],
      [
        683230.1120949037,
        3243257.7428315775,
        0.0
      ],
      [
        683243.2845491044,
        3243281.291225562,
        0.0
      ],
      [
        683312.6300004472,
        3243247.66478729,
        0.0
      ]
    ]
  ]
}