{
  "code": "233032784",
  "epsg": 32639,
  "bbox_utm": {
    "minx": 708915.5179309398,
    "miny": 3148169.2379516265,
    "maxx": 709293.7639947566,
    "maxy": 3148547.484015443
  },
  "polygon_utm": [
    [
      [
        709081.7405307471,
        3148493.4488634695,
        0.0
      ],
      [
        709123.1716881287,
        3148469.0856404123,
        0.0
      ],
      [
        709154.5264741005,
        3148449.772477487,
        0.0
      ],
      [
        709166.318694453,
        3148436.909495949,
        0.0
      ],
      [
        709161.0939059067,
        3148420.345346322,
        0.0
      ],
      [
        709139.7953261457,
        3148376.566249391,
        0.0
      ],
      [
        709076.288421734,
        3148223.2731036004,
        0.0
      ],
      [
        709047.718309631,
        3148233.746902034,
        0.0
      ],
      [
        709074.3335255899,
        3148303.765955931,
        0.0
      ],
      [
        709057.3794766143,
        3148311.308485646,
        0.0
      ],
      [
        709092.9811045388,
        3148393.251982451,
        0.0
      ],
      [
        709088.1962716457,
        3148396.3044139706,
        0.0
      ],
      [
        709042.9632312434,
        3148412.7569329827,
        0.0
      ],
      [
        709081.7405307471,
        3148493.4488634695,
        0.0
      ]
    ]
  ]
}