{
  "code": "233000075",
  "epsg": 32639,
  "bbox_utm": {
    "minx": 708974.4982769196,
    "miny": 3149494.959958934,
    "maxx": 709262.9424661845,
    "maxy": 3149783.4041481996
  },
  "polygon_utm": [
    [
      [
        709015.7633090466,
        3149707.6871530446,
        0.0
      ],
      [
        709015.9387088745,
        3149742.1978354473,
        0.0
      ],
      [
        709048.6035733813,
        3149722.9100641757,
        0.0
      ],
      [
        709067.2247128764,
        3149710.1698001474,
        0.0
      ],
      [
        709115.2029211654,
        3149686.7051090254,
        0.0
      ],
      [
        709133.7616023525,
        3149677.628619154,
        0.0
      ],
      [
        709131.0623003165,
        3149666.862333693,
        0.0
      ],
      [
        709171.8527542248,
        3149648.7648332445,
        0.0
      ],
      [
        709189.2282376433,
        3149646.9822913622,
        0.0
      ],
      [
        709221.6774340573,
        3149625.076723424,
        0.0
      ],
      [
        709176.0877249243,
        3149536.1662716866,
        0.0
      ],
      [
        709160.433594516,
        3149537.1951809037,
        0.0
      ],
      [
        709142.4164439421,
        3149545.5020249104,
        0.0
      ],
      [
        709122.1222215428,
        3149556.25196338,
        0.0
      ],
      [
        709102.3395151144,
        3149567.795285619,
        0.0
      ],
      [
        709115.5264422976,
        3149594.69487173,
        0.0
      ],
      [
        709125.2212304226,
        3149611.075419681,
        0.0
      ],
      [
        709145.8168259806,
        3149620.32981773,
        0.0
      ],
      [
        709116.4923344805,
        3149643.859651418,
        0.0
      ],
      [
        709079.0010076101,
        3149668.5515163783,
        0.0
      ],
      [
        709083.7787482713,
        3149680.661820902,
        0.0
      ],
      [
        709057.9160646163,
        3149701.6389449886,
        0.0
      ],
      [
        709046.7545714627,
        3149693.859444306,
        0.0
      ],
      [
        709030.8087463742,
        3149689.1320313825,
        0.0
      ],
      [
        709015.7633090466,
        3149707.6871530446,
        0.0
      ]
    ]
  ]
}