{
  "code": "233003281",
  "epsg": 32639,
  "bbox_utm": {
    "minx": 708949.6825251932,
    "miny": 3149288.0029766853,
    "maxx": 709187.73045555,
    "maxy": 3149526.0509070423
  },
  "polygon_utm": [
    [
      [
        709043.784657666,
        3149491.2031453033,
        0.0
      ],
      [
        709063.6500292383,
        3149482.406089637,
        0.0
      ],
      [
        709096.6507130594,
        3149473.8424167586,
        0.0
      ],
      [
        709124.3973346455,
        3149465.1854668832,
        0.0
      ],
      [
        709129.1930450117,
        3149446.709356684,
        0.0
      ],
      [
        709146.1177068045,
        3149440.735843629,
        0.0
      ],
      [
        709129.8524630966,
        3149409.59833843,
        0.0
      ],
      [
        709117.8608069897,
        3149404.15670526,
        0.0
      ],
      [
        709106.2870297174,
        3149375.1939360974,
        0.0
      ],
      [
        709085.1573952355,
        3149322.009823879,
        0.0
      ],
      [
        708991.2952739386,
        3149368.9686420173,
        0.0
      ],
      [
        709007.7243446698,
        3149420.5003029066,
        0.0
      ],
      [
        709032.6824403183,
        3149492.0440598484,
        0.0
      ],
      [
        709043.784657666,
        3149491.2031453033,
        0.0
      ]
    ]
  ]
}