{
  "code": "233003159",
  "epsg": 32639,
  "bbox_utm": {
    "minx": 709096.5873380774,
    "miny": 3149241.759032674,
    "maxx": 709253.7852211995,
    "maxy": 3149398.9569157967
  },
  "polygon_utm": [
    [
      [
        709172.3271521133,
        3149281.9912002934,
        0.0
      ],
      [
        709138.1310733296,
        3149298.637966176,
        0.0
      ],
      [
        709119.0441785234,
        3149307.971759082,
        0.0
      ],
      [
        709150.5241209309,
        3149370.228518962,
        0.0
      ],
      [
        709161.0974629594,
        3149366.7564068125,
        0.0
      ],
      [
        709205.5854751928,
        3149347.678454251,
        0.0
      ],
      [
        709204.1067756927,
        3149342.16214722,
        0.0
      ],
      [
        709231.3283807534,
        3149333.495983894,
        0.0
      ],
      [
        709201.7016424146,
        3149270.487429509,
        0.0
      ],
      [
        709172.3271521133,
        3149281.9912002934,
        0.0
      ]
    ]
  ]
}