{
  "code": "233003270",
  "epsg": 32639,
  "bbox_utm": {
    "minx": 708866.7859276765,
    "miny": 3149335.5975984843,
    "maxx": 709060.3318590919,
    "maxy": 3149529.1435299
  },
  "polygon_utm": [
    [
      [
        708958.5292701593,
        3149379.1054429375,
        0.0
      ],
      [
        708977.648695133,
        3149441.9261414357,
        0.0
      ],
      [
        708949.6394491568,
        3149450.57878568,
        0.0
      ],
      [
        708951.5601415107,
        3149460.808527635,
        0.0
      ],
      [
        708894.4353464501,
        3149481.2314335224,
        0.0
      ],
      [
        708895.8074756142,
        3149492.7585284617,
        0.0
      ],
      [
        708935.9100963522,
        3149482.955868947,
        0.0
      ],
      [
        708958.6235782289,
        3149477.4037996535,
        0.0
      ],
      [
        708962.502052514,
        3149495.772486367,
        0.0
      ],
      [
        708979.1499157536,
        3149490.578136807,
        0.0
      ],
      [
        709002.0377461906,
        3149489.1545829703,
        0.0
      ],
      [
        709021.4175884892,
        3149492.897292808,
        0.0
      ],
      [
        709032.6824403183,
        3149492.0440598484,
        0.0
      ],
      [
        709007.7243446698,
        3149420.5003029066,
        0.0
      ],
      [
        708991.2952739386,
        3149368.9686420173,
        0.0
      ],
      [
        708958.5292701593,
        3149379.1054429375,
        0.0
      ]
    ]
  ]
}