{
  "code": "233197645",
  "epsg": 32639,
  "bbox_utm": {
    "minx": 708309.4339481513,
    "miny": 3149415.3942582314,
    "maxx": 708622.2560939868,
    "maxy": 3149728.216404067
  },
  "polygon_utm": [
    [
      [
        708517.1518421515,
        3149669.562755617,
        0.0
      ],
      [
        708466.9865821626,
        3149475.220883951,
        0.0
      ],
      [
        708448.9930561603,
        3149482.2220854266,
        0.0
      ],
      [
        708438.873668393,
        3149460.083136208,
        0.0
      ],
      [
        708414.5381999866,
        3149469.063485563,
        0.0
      ],
      [
        708426.9769789363,
        3149538.299845913,
        0.0
      ],
      [
        708436.7815650717,
        3149578.209842228,
        0.0
      ],
      [
        708479.0637164614,
        3149683.5275260904,
        0.0
      ],
      [
        708517.1518421515,
        3149669.562755617,
        0.0
      ]
    ]
  ]
}