{
  "code": "233290436",
  "epsg": 32639,
  "bbox_utm": {
    "minx": 708069.187326207,
    "miny": 3148518.2835688754,
    "maxx": 708336.0299935321,
    "maxy": 3148785.126236201
  },
  "polygon_utm": [
    [
      [
        708229.5563903671,
        3148725.1492670216,
        0.0
      ],
      [
        708251.189787504,
        3148675.8579915757,
        0.0
      ],
      [
        708245.4291854424,
        3148659.808099779,
        0.0
      ],
      [
        708236.1784182946,
        3148662.7817815715,
        0.0
      ],
      [
        708223.0799800956,
        3148556.403949922,
        0.0
      ],
      [
        708167.1010935553,
        3148556.459817283,
        0.0
      ],
      [
        708154.027532235,
        3148597.275422783,
        0.0
      ],
      [
        708155.6025224484,
        3148627.10783183,
        0.0
      ],
      [
        708159.3432900355,
        3148668.220485403,
        0.0
      ],
      [
        708168.8045149862,
        3148697.930722945,
        0.0
      ],
      [
        708175.6160811022,
        3148713.999102035,
        0.0
      ],
      [
        708179.6617647108,
        3148737.861781714,
        0.0
      ],
      [
        708201.7072021591,
        3148739.558848485,
        0.0
      ],
      [
        708214.8663551512,
        3148738.484376956,
        0.0
      ],
      [
        708223.6509360451,
        3148747.0058551542,
        0.0
      ],
      [
        708229.5563903671,
        3148725.1492670216,
        0.0
      ]
    ]
  ]
}