{
  "code": "233290335",
  "epsg": 32639,
  "bbox_utm": {
    "minx": 707825.5843119911,
    "miny": 3148344.0067708683,
    "maxx": 708381.9824579878,
    "maxy": 3148900.4049168653
  },
  "polygon_utm": [
    [
      [
        708062.1141690902,
        3148511.596268013,
        0.0
      ],
      [
        708074.6690626619,
        3148540.6807106053,
        0.0
      ],
      [
        708074.7176825264,
        3148540.845688795,
        0.0
      ],
      [
        708081.7563399257,
        3148564.7294436106,
        0.0
      ],
      [
        708081.7875046339,
        3148564.889789683,
        0.0
      ],
      [
        708094.8626419838,
        3148628.9099335996,
        0.0
      ],
      [
        708097.7529530622,
        3148665.3659462566,
        0.0
      ],
      [
        708101.7606958128,
        3148709.2462563547,
        0.0
      ],
      [
        708104.717043348,
        3148740.4583405703,
        0.0
      ],
      [
        708094.0406745446,
        3148779.4856411763,
        0.0
      ],
      [
        708075.888839378,
        3148807.2026160606,
        0.0
      ],
      [
        708101.1922902635,
        3148820.919467437,
        0.0
      ],
      [
        708114.3387610269,
        3148790.824924409,
        0.0
      ],
      [
        708153.0193017909,
        3148773.2080112887,
        0.0
      ],
      [
        708169.7224629495,
        3148779.7779196026,
        0.0
      ],
      [
        708165.5665684405,
        3148747.2858426147,
        0.0
      ],
      [
        708176.1866698604,
        3148733.747996769,
        0.0
      ],
      [
        708174.0255330607,
        3148722.206375688,
        0.0
      ],
      [
        708165.748205888,
        3148707.288577057,
        0.0
      ],
      [
        708166.112598441,
        3148701.5433066455,
        0.0
      ],
      [
        708158.0194064046,
        3148691.0732573597,
        0.0
      ],
      [
        708151.562944495,
        3148669.7822955716,
        0.0
      ],
      [
        708154.3198979825,
        3148655.059543774,
        0.0
      ],
      [
        708145.6923069868,
        3148637.651781422,
        0.0
      ],
      [
        708147.0211181736,
        3148607.086410139,
        0.0
      ],
      [
        708139.4681288388,
        3148573.488047164,
        0.0
      ],
      [
        708136.3576684366,
        3148556.177718711,
        0.0
      ],
      [
        708128.3016219486,
        3148536.165487199,
        0.0
      ],
      [
        708126.3984927366,
        3148524.889697967,
        0.0
      ],
      [
        708121.2317662383,
        3148519.8309005154,
        0.0
      ],
      [
        708107.0445844328,
        3148519.580120058,
        0.0
      ],
      [
        708098.6697035872,
        3148517.601970831,
        0.0
      ],
      [
        708086.6859522064,
        3148511.6383598773,
        0.0
      ],
      [
        708076.3616891959,
        3148500.998064248,
        0.0
      ],
      [
        708070.959919707,
        3148494.3664522762,
        0.0
      ],
      [
        708050.1260433776,
        3148498.442858902,
        0.0
      ],
      [
        708041.2672540576,
        3148494.1031854833,
        0.0
      ],
      [
        708035.344628428,
        3148487.200938566,
        0.0
      ],
      [
        708054.7689647338,
        3148458.785075768,
        0.0
      ],
      [
        708059.4015949277,
        3148449.454855946,
        0.0
      ],
      [
        708055.4104172976,
        3148437.357763929,
        0.0
      ],
      [
        708051.3638086979,
        3148428.3970507397,
        0.0
      ],
      [
        708031.8426191448,
        3148423.4922202965,
        0.0
      ],
      [
        708031.3801001187,
        3148438.108806829,
        0.0
      ],
      [
        708031.8234751553,
        3148478.249685288,
        0.0
      ],
      [
        708032.04586178,
        3148498.3833157206,
        0.0
      ],
      [
        708035.7898672153,
        3148502.310996357,
        0.0
      ],
      [
        708035.9545549441,
        3148502.3679336323,
        0.0
      ],
      [
        708052.7137769668,
        3148508.162077805,
        0.0
      ],
      [
        708055.6239967387,
        3148509.306728102,
        0.0
      ],
      [
        708062.1141690902,
        3148511.596268013,
        0.0
      ]
    ]
  ]
}