{
  "code": "233263139",
  "epsg": 32639,
  "bbox_utm": {
    "minx": 688336.0248600888,
    "miny": 3142968.5779712037,
    "maxx": 688915.5957400895,
    "maxy": 3143548.148851205
  },
  "polygon_utm": [
    [
      [
        688725.989600089,
        3143381.8771998454,
        0.0
      ],
      [
        688750.32600009,
        3143419.302099845,
        0.0
      ],
      [
        688765.6366000887,
        3143425.4756998457,
        0.0
      ],
      [
        688772.4621000896,
        3143429.309499844,
        0.0
      ],
      [
        688787.4967174038,
        3143429.260290848,
        0.0
      ],
      [
        688801.2802367778,
        3143422.1584054544,
        0.0
      ],
      [
        688822.2401524363,
        3143393.72689283,
        0.0
      ],
      [
        688832.7999000895,
        3143375.057799844,
        0.0
      ],
      [
        688820.7613000905,
        3143352.0918998453,
        0.0
      ],
      [
        688814.8346000889,
        3143344.683499843,
        0.0
      ],
      [
        688805.7594000895,
        3143337.089999847,
        0.0
      ],
      [
        688798.906700089,
        3143328.9407998445,
        0.0
      ],
      [
        688767.0508000897,
        3143272.081699844,
        0.0
      ],
      [
        688712.4142000905,
        3143177.2548998455,
        0.0
      ],
      [
        688685.1885000888,
        3143129.2857998447,
        0.0
      ],
      [
        688701.8914455817,
        3143094.712193662,
        0.0
      ],
      [
        688668.7842878702,
        3143093.659604757,
        0.0
      ],
      [
        688612.4735872581,
        3143096.943543932,
        0.0
      ],
      [
        688579.3664456424,
        3143095.8912060824,
        0.0
      ],
      [
        688540.0685948862,
        3143087.417322565,
        0.0
      ],
      [
        688487.4457991428,
        3143090.2377511095,
        0.0
      ],
      [
        688460.6463667614,
        3143089.286533399,
        0.0
      ],
      [
        688441.673105643,
        3143092.1217345637,
        0.0
      ],
      [
        688424.0065000885,
        3143097.001799847,
        0.0
      ],
      [
        688436.9711000882,
        3143125.8942998466,
        0.0
      ],
      [
        688437.8972000887,
        3143134.599099845,
        0.0
      ],
      [
        688437.5268000894,
        3143141.4517998467,
        0.0
      ],
      [
        688439.3789000878,
        3143148.489799847,
        0.0
      ],
      [
        688437.712000089,
        3143152.008699846,
        0.0
      ],
      [
        688431.6001000879,
        3143156.268499848,
        0.0
      ],
      [
        688425.3030000885,
        3143162.0099998466,
        0.0
      ],
      [
        688420.4876000879,
        3143170.1591998464,
        0.0
      ],
      [
        688418.820700089,
        3143178.1231998457,
        0.0
      ],
      [
        688421.4555000884,
        3143185.882399847,
        0.0
      ],
      [
        688434.4704416665,
        3143213.8765199566,
        0.0
      ],
      [
        688455.8544893406,
        3143224.679005298,
        0.0
      ],
      [
        688476.2707766618,
        3143230.2356284014,
        0.0
      ],
      [
        688491.4306828624,
        3143235.708292357,
        0.0
      ],
      [
        688503.7284211515,
        3143255.780428987,
        0.0
      ],
      [
        688519.6470600269,
        3143279.571705737,
        0.0
      ],
      [
        688555.6994770224,
        3143260.7953943233,
        0.0
      ],
      [
        688587.0630864084,
        3143239.3289749883,
        0.0
      ],
      [
        688624.6926558164,
        3143220.5780050466,
        0.0
      ],
      [
        688642.6718487734,
        3143247.0177003145,
        0.0
      ],
      [
        688653.3840588094,
        3143267.5876834802,
        0.0
      ],
      [
        688670.75383992,
        3143299.2479941156,
        0.0
      ],
      [
        688683.1990000881,
        3143321.5243998445,
        0.0
      ],
      [
        688692.0188000879,
        3143335.010199845,
        0.0
      ],
      [
        688718.9275000895,
        3143377.900399845,
        0.0
      ],
      [
        688725.989600089,
        3143381.8771998454,
        0.0
      ]
    ]
  ]
}