{
  "code": "233262921",
  "epsg": 32639,
  "bbox_utm": {
    "minx": 688565.1673260924,
    "miny": 3142844.4751558313,
    "maxx": 689184.1804107743,
    "maxy": 3143463.488240513
  },
  "polygon_utm": [
    [
      [
        688848.1141342774,
        3143370.3428823,
        0.0
      ],
      [
        688855.949276753,
        3143357.130834593,
        0.0
      ],
      [
        688860.3887554556,
        3143342.556807822,
        0.0
      ],
      [
        688863.0596925067,
        3143323.5086023537,
        0.0
      ],
      [
        688866.2520840894,
        3143304.7302362747,
        0.0
      ],
      [
        688875.7186138683,
        3143288.144469711,
        0.0
      ],
      [
        688895.7313795616,
        3143269.6353911897,
        0.0
      ],
      [
        688907.5214713829,
        3143255.702023329,
        0.0
      ],
      [
        688919.5032248836,
        3143246.217595466,
        0.0
      ],
      [
        688935.1518971554,
        3143237.5764691075,
        0.0
      ],
      [
        688949.1357326594,
        3143234.4006610326,
        0.0
      ],
      [
        688961.3510444526,
        3143226.7506537284,
        0.0
      ],
      [
        688973.837568772,
        3143218.5819518575,
        0.0
      ],
      [
        688981.1305529801,
        3143206.4072056226,
        0.0
      ],
      [
        688992.9752649267,
        3143189.074904461,
        0.0
      ],
      [
        689003.6430566087,
        3143179.5694458717,
        0.0
      ],
      [
        689012.4753127174,
        3143169.7730531734,
        0.0
      ],
      [
        689026.8561420322,
        3143158.234897089,
        0.0
      ],
      [
        689039.4265828339,
        3143144.83706122,
        0.0
      ],
      [
        689055.7729236381,
        3143125.484659554,
        0.0
      ],
      [
        689064.1592367778,
        3143110.712125594,
        0.0
      ],
      [
        689060.1538000918,
        3143105.3899998455,
        0.0
      ],
      [
        689059.7834000909,
        3143080.016499843,
        0.0
      ],
      [
        689058.3017000898,
        3143063.903299845,
        0.0
      ],
      [
        689056.4326000904,
        3143053.6230998435,
        0.0
      ],
      [
        689055.7896000897,
        3143050.0863998435,
        0.0
      ],
      [
        689054.2271000893,
        3143041.492999844,
        0.0
      ],
      [
        689047.0040000894,
        3143017.971499844,
        0.0
      ],
      [
        689034.9654000907,
        3143003.5252998434,
        0.0
      ],
      [
        689015.6245026364,
        3142989.6321123727,
        0.0
      ],
      [
        688987.8122495066,
        3142969.833455051,
        0.0
      ],
      [
        688959.207242112,
        3142950.2836695765,
        0.0
      ],
      [
        688935.5623296329,
        3142932.9055965,
        0.0
      ],
      [
        688910.9878855175,
        3142973.5720470096,
        0.0
      ],
      [
        688877.6608885963,
        3143019.067274253,
        0.0
      ],
      [
        688845.6867846971,
        3143045.7541713137,
        0.0
      ],
      [
        688808.4898595661,
        3143070.265284168,
        0.0
      ],
      [
        688749.2997393913,
        3143089.194032163,
        0.0
      ],
      [
        688701.8914455817,
        3143094.712193662,
        0.0
      ],
      [
        688685.1885000888,
        3143129.2857998447,
        0.0
      ],
      [
        688712.4142000905,
        3143177.2548998455,
        0.0
      ],
      [
        688767.0508000897,
        3143272.081699844,
        0.0
      ],
      [
        688798.906700089,
        3143328.9407998445,
        0.0
      ],
      [
        688805.7594000895,
        3143337.0899998466,
        0.0
      ],
      [
        688814.8346000889,
        3143344.683499843,
        0.0
      ],
      [
        688820.7613000905,
        3143352.0918998453,
        0.0
      ],
      [
        688832.7999000895,
        3143375.057799844,
        0.0
      ],
      [
        688848.1141342774,
        3143370.3428823,
        0.0
      ]
    ]
  ]
}