{
  "code": "233287151",
  "epsg": 32639,
  "bbox_utm": {
    "minx": 707782.5932904237,
    "miny": 3148310.379902666,
    "maxx": 708078.2428158864,
    "maxy": 3148606.0294281286
  },
  "polygon_utm": [
    [
      [
        707861.7218641835,
        3148362.8229382234,
        0.0
      ],
      [
        707881.116724064,
        3148410.487420499,
        0.0
      ],
      [
        707906.143363741,
        3148481.519911244,
        0.0
      ],
      [
        707918.8685124156,
        3148519.9156654784,
        0.0
      ],
      [
        707928.6670564039,
        3148545.4488562364,
        0.0
      ],
      [
        707934.7097260467,
        3148545.5555772586,
        0.0
      ],
      [
        707945.9510896289,
        3148563.793781634,
        0.0
      ],
      [
        707951.8095058504,
        3148559.45270629,
        0.0
      ],
      [
        707955.9438492835,
        3148563.4473953503,
        0.0
      ],
      [
        707971.2788196052,
        3148558.2279437957,
        0.0
      ],
      [
        707969.767108339,
        3148554.5410189624,
        0.0
      ],
      [
        707999.1142421266,
        3148544.6016762704,
        0.0
      ],
      [
        707996.5428702682,
        3148526.516552006,
        0.0
      ],
      [
        707992.4366899376,
        3148506.0512780217,
        0.0
      ],
      [
        707988.9940070345,
        3148492.6567314435,
        0.0
      ],
      [
        707982.065813429,
        3148465.6450710944,
        0.0
      ],
      [
        707953.0263419598,
        3148475.6810210105,
        0.0
      ],
      [
        707945.6584636073,
        3148476.2045027213,
        0.0
      ],
      [
        707937.6735862353,
        3148452.1411390854,
        0.0
      ],
      [
        707936.5424738319,
        3148434.342782122,
        0.0
      ],
      [
        707933.0858537762,
        3148421.732274982,
        0.0
      ],
      [
        707929.345541167,
        3148417.744510609,
        0.0
      ],
      [
        707925.0314887299,
        3148409.0405602227,
        0.0
      ],
      [
        707927.4008384735,
        3148401.3696989315,
        0.0
      ],
      [
        707923.2275533145,
        3148384.6940618237,
        0.0
      ],
      [
        707915.5558786659,
        3148365.211418259,
        0.0
      ],
      [
        707912.2604028392,
        3148358.3555638962,
        0.0
      ],
      [
        707905.5286769001,
        3148352.6155491606,
        0.0
      ],
      [
        707861.7218641835,
        3148362.8229382234,
        0.0
      ]
    ]
  ]
}