{
  "code": "233249874",
  "epsg": 32639,
  "bbox_utm": {
    "minx": 674722.860428615,
    "miny": 3138789.5311415107,
    "maxx": 675488.6627636775,
    "maxy": 3139555.3334765737
  },
  "polygon_utm": [
    [
      [
        674832.2607621953,
        3138978.9939769725,
        0.0
      ],
      [
        674837.8742010575,
        3138990.5869761733,
        0.0
      ],
      [
        674843.7079497837,
        3139005.0607061437,
        0.0
      ],
      [
        674848.2465559324,
        3139018.2073119604,
        0.0
      ],
      [
        674860.6217032243,
        3139034.8705378734,
        0.0
      ],
      [
        674935.2866501448,
        3139089.0781940366,
        0.0
      ],
      [
        674975.0660101762,
        3139119.6189940884,
        0.0
      ],
      [
        675102.9620233065,
        3139219.2162150964,
        0.0
      ],
      [
        675177.8837524202,
        3139273.690139379,
        0.0
      ],
      [
        675323.9050097867,
        3139391.9990338404,
        0.0
      ],
      [
        675340.0809427826,
        3139382.8221970643,
        0.0
      ],
      [
        675379.2624300972,
        3139336.8195306426,
        0.0
      ],
      [
        675361.8401335506,
        3139323.6061470206,
        0.0
      ],
      [
        675331.3016725961,
        3139300.4453308093,
        0.0
      ],
      [
        675307.4343302746,
        3139282.3815877903,
        0.0
      ],
      [
        675264.2661666147,
        3139250.2761994507,
        0.0
      ],
      [
        675220.1516174787,
        3139217.6247199513,
        0.0
      ],
      [
        675169.0192986755,
        3139179.911400558,
        0.0
      ],
      [
        675135.3546344116,
        3139153.7768647214,
        0.0
      ],
      [
        675091.0313315308,
        3139119.375216592,
        0.0
      ],
      [
        675071.2684159493,
        3139104.433462697,
        0.0
      ],
      [
        675046.366576562,
        3139086.1775554437,
        0.0
      ],
      [
        675013.3653801006,
        3139062.272168646,
        0.0
      ],
      [
        674958.8832125355,
        3139022.722688356,
        0.0
      ],
      [
        674934.6236288956,
        3139009.5456011263,
        0.0
      ],
      [
        674910.388032681,
        3138994.3088647774,
        0.0
      ],
      [
        674896.9120225996,
        3138985.836630304,
        0.0
      ],
      [
        674877.617451885,
        3138973.9078060864,
        0.0
      ],
      [
        674861.1487749954,
        3138963.726120188,
        0.0
      ],
      [
        674849.6488259622,
        3138956.780973791,
        0.0
      ],
      [
        674843.1656133276,
        3138952.865584244,
        0.0
      ],
      [
        674832.2607621953,
        3138978.9939769725,
        0.0
      ]
    ]
  ]
}