{
  "code": "233286714",
  "epsg": 32639,
  "bbox_utm": {
    "minx": 707735.5299171116,
    "miny": 3148156.084374755,
    "maxx": 707976.7249078248,
    "maxy": 3148397.2793654692
  },
  "polygon_utm": [
    [
      [
        707812.0776633308,
        3148197.4945136006,
        0.0
      ],
      [
        707806.7261480362,
        3148202.8905553822,
        0.0
      ],
      [
        707834.2149844521,
        3148283.379705888,
        0.0
      ],
      [
        707861.7218641834,
        3148362.822938224,
        0.0
      ],
      [
        707905.5286769001,
        3148352.6155491606,
        0.0
      ],
      [
        707892.5306710667,
        3148344.5425783666,
        0.0
      ],
      [
        707882.7684636882,
        3148331.8206651416,
        0.0
      ],
      [
        707877.7490653789,
        3148325.8494394366,
        0.0
      ],
      [
        707875.1519098363,
        3148316.6528604496,
        0.0
      ],
      [
        707872.5847430637,
        3148305.7573821857,
        0.0
      ],
      [
        707870.8126830934,
        3148294.4837572626,
        0.0
      ],
      [
        707863.7469254944,
        3148277.887663935,
        0.0
      ],
      [
        707857.432692138,
        3148248.493734558,
        0.0
      ],
      [
        707855.4231196938,
        3148243.2292413358,
        0.0
      ],
      [
        707859.525580088,
        3148234.1508736936,
        0.0
      ],
      [
        707856.9587642667,
        3148200.9012151957,
        0.0
      ],
      [
        707854.2117362239,
        3148192.7477114135,
        0.0
      ],
      [
        707847.6803320954,
        3148190.540802,
        0.0
      ],
      [
        707812.0776633308,
        3148197.4945136006,
        0.0
      ]
    ]
  ]
}