{
  "code": "233487009",
  "epsg": 32639,
  "bbox_utm": {
    "minx": 707406.7302009126,
    "miny": 3146460.192700879,
    "maxx": 707553.2498110968,
    "maxy": 3146606.7123110634
  },
  "polygon_utm": [
    [
      [
        707520.5096118568,
        3146568.4599190205,
        0.0
      ],
      [
        707513.416644534,
        3146556.140015034,
        0.0
      ],
      [
        707501.338686778,
        3146535.539769091,
        0.0
      ],
      [
        707488.0210108467,
        3146511.9020675984,
        0.0
      ],
      [
        707476.5692353875,
        3146490.519849098,
        0.0
      ],
      [
        707472.316999399,
        3146481.124073763,
        0.0
      ],
      [
        707456.7387001531,
        3146488.1559997457,
        0.0
      ],
      [
        707456.3490569423,
        3146488.2900225534,
        0.0
      ],
      [
        707447.0362001518,
        3146491.493299748,
        0.0
      ],
      [
        707439.4704001526,
        3146493.604699745,
        0.0
      ],
      [
        707442.5202001518,
        3146496.5371997464,
        0.0
      ],
      [
        707444.3506566964,
        3146499.763736374,
        0.0
      ],
      [
        707453.6868279518,
        3146516.220558911,
        0.0
      ],
      [
        707461.8497292252,
        3146530.609264297,
        0.0
      ],
      [
        707470.7199847738,
        3146546.9517467325,
        0.0
      ],
      [
        707483.1473385212,
        3146569.9218302467,
        0.0
      ],
      [
        707486.2922644601,
        3146575.7347501107,
        0.0
      ],
      [
        707491.658272747,
        3146585.78093818,
        0.0
      ],
      [
        707520.5096118568,
        3146568.4599190205,
        0.0
      ]
    ]
  ]
}