{
  "code": "233473181",
  "epsg": 32639,
  "bbox_utm": {
    "minx": 708284.4405475958,
    "miny": 3148319.2141894572,
    "maxx": 708551.0263412917,
    "maxy": 3148585.7999831527
  },
  "polygon_utm": [
    [
      [
        708386.1935992504,
        3148442.684794785,
        0.0
      ],
      [
        708436.0558719262,
        3148520.9557237877,
        0.0
      ],
      [
        708456.0811097678,
        3148547.7162983394,
        0.0
      ],
      [
        708479.0503761942,
        3148526.94589492,
        0.0
      ],
      [
        708439.8584377078,
        3148454.6155419643,
        0.0
      ],
      [
        708377.4551918319,
        3148357.297874271,
        0.0
      ],
      [
        708362.9625234825,
        3148374.2970532733,
        0.0
      ],
      [
        708356.4165126934,
        3148387.7765615904,
        0.0
      ],
      [
        708367.4862815683,
        3148415.6860108115,
        0.0
      ],
      [
        708386.1935992504,
        3148442.684794785,
        0.0
      ]
    ]
  ]
}