{
  "code": "233413446",
  "epsg": 32639,
  "bbox_utm": {
    "minx": 686113.4938862552,
    "miny": 3146298.9267410454,
    "maxx": 686725.2718085968,
    "maxy": 3146910.704663388
  },
  "polygon_utm": [
    [
      [
        686485.3897744077,
        3146806.481357024,
        0.0
      ],
      [
        686498.009385596,
        3146806.158258046,
        0.0
      ],
      [
        686510.7614210345,
        3146797.4712003125,
        0.0
      ],
      [
        686521.4115830833,
        3146788.750868561,
        0.0
      ],
      [
        686530.0343616767,
        3146775.292513073,
        0.0
      ],
      [
        686543.518873273,
        3146753.5450302023,
        0.0
      ],
      [
        686540.5067438185,
        3146744.6083442983,
        0.0
      ],
      [
        686552.2907068938,
        3146730.6771246227,
        0.0
      ],
      [
        686557.3262859052,
        3146711.410195843,
        0.0
      ],
      [
        686568.7172826848,
        3146689.106577971,
        0.0
      ],
      [
        686576.897494623,
        3146670.412272728,
        0.0
      ],
      [
        686583.6337609083,
        3146643.3288912764,
        0.0
      ],
      [
        686572.8884417561,
        3146624.857673539,
        0.0
      ],
      [
        686566.2972683907,
        3146609.589552432,
        0.0
      ],
      [
        686558.1213529878,
        3146594.819210521,
        0.0
      ],
      [
        686536.0884664769,
        3146558.9138643555,
        0.0
      ],
      [
        686525.8353680804,
        3146542.5419281637,
        0.0
      ],
      [
        686518.1600081146,
        3146529.348138028,
        0.0
      ],
      [
        686512.545192475,
        3146518.8014187957,
        0.0
      ],
      [
        686502.8257852733,
        3146501.9150097477,
        0.0
      ],
      [
        686493.5821863853,
        3146488.1734770946,
        0.0
      ],
      [
        686485.4557355237,
        3146470.2664712225,
        0.0
      ],
      [
        686474.151508177,
        3146453.877833369,
        0.0
      ],
      [
        686464.4650820723,
        3146434.9003146896,
        0.0
      ],
      [
        686453.1607896037,
        3146418.5116527313,
        0.0
      ],
      [
        686442.3736826847,
        3146402.654062422,
        0.0
      ],
      [
        686434.7477633368,
        3146386.3235870944,
        0.0
      ],
      [
        686424.0476987393,
        3146398.1809076765,
        0.0
      ],
      [
        686404.8901940275,
        3146413.0417904607,
        0.0
      ],
      [
        686384.7231101637,
        3146425.272234199,
        0.0
      ],
      [
        686357.6172259342,
        3146444.1905697444,
        0.0
      ],
      [
        686337.8765202945,
        3146462.7025206946,
        0.0
      ],
      [
        686312.4133943738,
        3146477.4637274183,
        0.0
      ],
      [
        686288.0013064311,
        3146492.2415840663,
        0.0
      ],
      [
        686269.4440031756,
        3146502.406009439,
        0.0
      ],
      [
        686255.1319339436,
        3146510.0231098915,
        0.0
      ],
      [
        686268.8737172018,
        3146538.476451898,
        0.0
      ],
      [
        686283.140912936,
        3146566.9380554184,
        0.0
      ],
      [
        686295.3474429186,
        3146592.7525907704,
        0.0
      ],
      [
        686308.6462118649,
        3146615.9699273063,
        0.0
      ],
      [
        686322.4456026368,
        3146640.763812738,
        0.0
      ],
      [
        686329.5956126648,
        3146653.9490307365,
        0.0
      ],
      [
        686337.2380105505,
        3146669.2335659075,
        0.0
      ],
      [
        686350.1599685962,
        3146683.03294846,
        0.0
      ],
      [
        686366.102441527,
        3146705.24624532,
        0.0
      ],
      [
        686378.9912440904,
        3146721.136629037,
        0.0
      ],
      [
        686393.4068105663,
        3146740.188454954,
        0.0
      ],
      [
        686409.3491212686,
        3146762.401714827,
        0.0
      ],
      [
        686422.7136396281,
        3146781.436887641,
        0.0
      ],
      [
        686435.6105527984,
        3146796.804494499,
        0.0
      ],
      [
        686447.4564880265,
        3146812.155464446,
        0.0
      ],
      [
        686458.3176424064,
        3146823.3078173385,
        0.0
      ],
      [
        686485.3897744077,
        3146806.481357024,
        0.0
      ]
    ]
  ]
}