{
  "code": "233454315",
  "epsg": 32639,
  "bbox_utm": {
    "minx": 678569.0232404589,
    "miny": 3101037.0372575964,
    "maxx": 679146.7110982311,
    "maxy": 3101614.7251153686
  },
  "polygon_utm": [
    [
      [
        678651.5500772836,
        3101381.5408042297,
        0.0
      ],
      [
        678653.8745136869,
        3101402.5685649505,
        0.0
      ],
      [
        678660.9304811086,
        3101424.7164840847,
        0.0
      ],
      [
        678673.2375922699,
        3101448.517138964,
        0.0
      ],
      [
        678699.1491501059,
        3101479.8681698986,
        0.0
      ],
      [
        678842.6213232691,
        3101411.15703323,
        0.0
      ],
      [
        678901.5382476165,
        3101387.369525705,
        0.0
      ],
      [
        678907.2072186655,
        3101396.3762444607,
        0.0
      ],
      [
        678938.3669502613,
        3101394.217335117,
        0.0
      ],
      [
        679064.1842614065,
        3101342.039177373,
        0.0
      ],
      [
        679053.3952621765,
        3101287.2953922963,
        0.0
      ],
      [
        679030.5839734715,
        3101225.0240692734,
        0.0
      ],
      [
        679010.3466427049,
        3101171.894203067,
        0.0
      ],
      [
        678955.0898794149,
        3101192.931162196,
        0.0
      ],
      [
        678874.4592818291,
        3101222.167963352,
        0.0
      ],
      [
        678862.3900150992,
        3101217.7891413555,
        0.0
      ],
      [
        678826.3259899288,
        3101230.3718462815,
        0.0
      ],
      [
        678797.1113743613,
        3101243.581661001,
        0.0
      ],
      [
        678749.3257085239,
        3101263.862191658,
        0.0
      ],
      [
        678702.0833350482,
        3101283.1013014675,
        0.0
      ],
      [
        678691.9518412196,
        3101290.297883049,
        0.0
      ],
      [
        678670.2081779687,
        3101297.8461685874,
        0.0
      ],
      [
        678653.0475112203,
        3101316.4842624385,
        0.0
      ],
      [
        678658.6932304582,
        3101327.065043337,
        0.0
      ],
      [
        678662.1821267692,
        3101340.762643338,
        0.0
      ],
      [
        678660.3806855878,
        3101355.4310161644,
        0.0
      ],
      [
        678655.2105616236,
        3101357.034911912,
        0.0
      ],
      [
        678651.5500772836,
        3101381.5408042297,
        0.0
      ]
    ]
  ]
}