{
  "code": "233413536",
  "epsg": 32639,
  "bbox_utm": {
    "minx": 686013.0538849348,
    "miny": 3146421.78413633,
    "maxx": 686630.7266998658,
    "maxy": 3147039.4569512615
  },
  "polygon_utm": [
    [
      [
        686340.3196550576,
        3146939.610508076,
        0.0
      ],
      [
        686364.1889221144,
        3146925.8705464113,
        0.0
      ],
      [
        686392.7709103152,
        3146913.2509295614,
        0.0
      ],
      [
        686399.3991147812,
        3146892.9637079635,
        0.0
      ],
      [
        686435.8632569568,
        3146880.468876729,
        0.0
      ],
      [
        686451.2838815406,
        3146869.209674328,
        0.0
      ],
      [
        686471.4834146741,
        3146854.8888652534,
        0.0
      ],
      [
        686464.9170869112,
        3146838.0528562427,
        0.0
      ],
      [
        686458.3176424064,
        3146823.3078173385,
        0.0
      ],
      [
        686447.4564880265,
        3146812.155464446,
        0.0
      ],
      [
        686435.6105527984,
        3146796.804494499,
        0.0
      ],
      [
        686422.7136396281,
        3146781.436887641,
        0.0
      ],
      [
        686409.3491212686,
        3146762.401714827,
        0.0
      ],
      [
        686393.4068105663,
        3146740.188454954,
        0.0
      ],
      [
        686378.9912440904,
        3146721.136629037,
        0.0
      ],
      [
        686366.102441527,
        3146705.246245319,
        0.0
      ],
      [
        686350.1599685962,
        3146683.03294846,
        0.0
      ],
      [
        686337.2380105505,
        3146669.233565908,
        0.0
      ],
      [
        686329.5956126648,
        3146653.9490307365,
        0.0
      ],
      [
        686322.4456026368,
        3146640.763812738,
        0.0
      ],
      [
        686308.6462118649,
        3146615.9699273063,
        0.0
      ],
      [
        686295.3474429186,
        3146592.7525907704,
        0.0
      ],
      [
        686283.140912936,
        3146566.9380554184,
        0.0
      ],
      [
        686268.8737172018,
        3146538.476451898,
        0.0
      ],
      [
        686255.1319339436,
        3146510.0231098915,
        0.0
      ],
      [
        686241.3536324381,
        3146517.1257682787,
        0.0
      ],
      [
        686224.3646015023,
        3146527.837918131,
        0.0
      ],
      [
        686211.6373086034,
        3146534.9572101748,
        0.0
      ],
      [
        686191.979607821,
        3146548.2416527276,
        0.0
      ],
      [
        686177.659387732,
        3146556.381568774,
        0.0
      ],
      [
        686172.2971701266,
        3146563.094384042,
        0.0
      ],
      [
        686182.3359235731,
        3146593.057631857,
        0.0
      ],
      [
        686190.4709841565,
        3146610.4414621354,
        0.0
      ],
      [
        686201.3243020056,
        3146622.1164925434,
        0.0
      ],
      [
        686212.1032333879,
        3146638.496316363,
        0.0
      ],
      [
        686225.4186285848,
        3146660.667954524,
        0.0
      ],
      [
        686236.1313775791,
        3146681.2297760556,
        0.0
      ],
      [
        686248.395722944,
        3146703.3847531,
        0.0
      ],
      [
        686258.5581187495,
        3146725.5064722924,
        0.0
      ],
      [
        686265.1578685823,
        3146740.2514991276,
        0.0
      ],
      [
        686270.1233192544,
        3146758.6308339518,
        0.0
      ],
      [
        686271.4269723597,
        3146775.906483757,
        0.0
      ],
      [
        686274.5927972214,
        3146808.375029047,
        0.0
      ],
      [
        686273.6044322548,
        3146837.640538427,
        0.0
      ],
      [
        686274.9245955748,
        3146853.8705842523,
        0.0
      ],
      [
        686284.6026577301,
        3146873.3700272203,
        0.0
      ],
      [
        686288.5997396435,
        3146886.505112279,
        0.0
      ],
      [
        686290.4949410374,
        3146899.606944815,
        0.0
      ],
      [
        686296.5773395947,
        3146913.820730572,
        0.0
      ],
      [
        686301.1081254578,
        3146926.441345202,
        0.0
      ],
      [
        686306.1312960666,
        3146941.1612263806,
        0.0
      ],
      [
        686313.8561914032,
        3146951.2179776994,
        0.0
      ],
      [
        686340.3196550576,
        3146939.610508076,
        0.0
      ]
    ]
  ]
}