{
  "code": "233472704",
  "epsg": 32639,
  "bbox_utm": {
    "minx": 708557.5008846144,
    "miny": 3119112.5460362346,
    "maxx": 709131.8426867095,
    "maxy": 3119686.8878383297
  },
  "polygon_utm": [
    [
      [
        708906.0438526523,
        3119199.82281881,
        0.0
      ],
      [
        708878.024604633,
        3119205.0970604504,
        0.0
      ],
      [
        708853.134586952,
        3119272.278586563,
        0.0
      ],
      [
        708826.7381145624,
        3119335.23999171,
        0.0
      ],
      [
        708789.9596894966,
        3119449.3870667005,
        0.0
      ],
      [
        708747.1550816718,
        3119546.6543577327,
        0.0
      ],
      [
        708753.635110911,
        3119567.7343281074,
        0.0
      ],
      [
        708755.3836524434,
        3119588.2071251343,
        0.0
      ],
      [
        708777.2217701195,
        3119604.8390094587,
        0.0
      ],
      [
        708830.5126269648,
        3119480.499884538,
        0.0
      ],
      [
        708874.8445101437,
        3119506.4374869736,
        0.0
      ],
      [
        708885.9311156638,
        3119475.1823516516,
        0.0
      ],
      [
        708942.1884896521,
        3119332.0242235153,
        0.0
      ],
      [
        708917.0883750729,
        3119321.1002974096,
        0.0
      ],
      [
        708906.2932832701,
        3119305.709931624,
        0.0
      ],
      [
        708935.5845722887,
        3119217.255936109,
        0.0
      ],
      [
        708938.5648152742,
        3119208.256181971,
        0.0
      ],
      [
        708936.6969159032,
        3119194.594865105,
        0.0
      ],
      [
        708906.0438526523,
        3119199.82281881,
        0.0
      ]
    ]
  ]
}