{
  "code": "233495204",
  "epsg": 32639,
  "bbox_utm": {
    "minx": 684516.3344400777,
    "miny": 3145170.9954398586,
    "maxx": 685126.3407600804,
    "maxy": 3145781.001759861
  },
  "polygon_utm": [
    [
      [
        684872.8484000779,
        3145569.1112998608,
        0.0
      ],
      [
        684901.041800079,
        3145539.3577998593,
        0.0
      ],
      [
        684928.1707000784,
        3145510.72769986,
        0.0
      ],
      [
        684996.6129000804,
        3145437.4747998593,
        0.0
      ],
      [
        685039.19700008,
        3145391.8531998596,
        0.0
      ],
      [
        685021.5113396521,
        3145372.076961627,
        0.0
      ],
      [
        684981.3566997324,
        3145318.107082847,
        0.0
      ],
      [
        684947.7094000801,
        3145269.9199998598,
        0.0
      ],
      [
        684935.6053000791,
        3145278.505199858,
        0.0
      ],
      [
        684849.4512000792,
        3145337.1074998593,
        0.0
      ],
      [
        684772.1940000796,
        3145389.518999858,
        0.0
      ],
      [
        684756.2998000791,
        3145400.3016998586,
        0.0
      ],
      [
        684603.478200078,
        3145504.1067998605,
        0.0
      ],
      [
        684612.0875000788,
        3145512.9425998605,
        0.0
      ],
      [
        684671.564500079,
        3145578.760799861,
        0.0
      ],
      [
        684727.9801000793,
        3145638.45639986,
        0.0
      ],
      [
        684767.1212000789,
        3145681.096199861,
        0.0
      ],
      [
        684768.2045000789,
        3145682.07719986,
        0.0
      ],
      [
        684872.8484000779,
        3145569.1112998608,
        0.0
      ]
    ]
  ]
}