{
  "code": "233581284",
  "epsg": 32639,
  "bbox_utm": {
    "minx": 698632.2921416865,
    "miny": 3134457.795008281,
    "maxx": 698932.9267155457,
    "maxy": 3134758.42958214
  },
  "polygon_utm": [
    [
      [
        698675.2399379521,
        3134552.777330416,
        0.0
      ],
      [
        698741.4644058608,
        3134682.660478335,
        0.0
      ],
      [
        698761.0070966528,
        3134678.277562333,
        0.0
      ],
      [
        698780.5220842117,
        3134706.872026312,
        0.0
      ],
      [
        698804.8870448773,
        3134697.3356226645,
        0.0
      ],
      [
        698815.6350263222,
        3134715.3137134197,
        0.0
      ],
      [
        698889.9789192801,
        3134673.6721222852,
        0.0
      ],
      [
        698880.0687685683,
        3134669.808631562,
        0.0
      ],
      [
        698770.9472677265,
        3134500.910877001,
        0.0
      ],
      [
        698675.2399379521,
        3134552.777330416,
        0.0
      ]
    ]
  ]
}