{
  "code": "233562036",
  "epsg": 32639,
  "bbox_utm": {
    "minx": 698882.1238874226,
    "miny": 3135808.0784979872,
    "maxx": 699197.7674701953,
    "maxy": 3136123.7220807597
  },
  "polygon_utm": [
    [
      [
        699028.5438104522,
        3135853.1704383832,
        0.0
      ],
      [
        698937.3828485899,
        3135955.27120326,
        0.0
      ],
      [
        699052.1091105314,
        3136078.6301403637,
        0.0
      ],
      [
        699142.5085090279,
        3135969.7536595254,
        0.0
      ],
      [
        699028.5438104522,
        3135853.1704383832,
        0.0
      ]
    ]
  ]
}