{
  "code": "233561910",
  "epsg": 32639,
  "bbox_utm": {
    "minx": 699030.2006176513,
    "miny": 3135868.4505589153,
    "maxx": 699392.0350368553,
    "maxy": 3136230.2849781183
  },
  "polygon_utm": [
    [
      [
        699190.9737238962,
        3136018.1598686012,
        0.0
      ],
      [
        699102.8273850725,
        3136128.683071886,
        0.0
      ],
      [
        699145.1295916212,
        3136178.594346804,
        0.0
      ],
      [
        699319.4082694341,
        3135952.2809907985,
        0.0
      ],
      [
        699275.7541820412,
        3135920.14119023,
        0.0
      ],
      [
        699190.9737238962,
        3136018.1598686012,
        0.0
      ]
    ]
  ]
}