{
  "code": "233562731",
  "epsg": 32639,
  "bbox_utm": {
    "minx": 698659.7957309417,
    "miny": 3135449.7013367913,
    "maxx": 699015.3421486078,
    "maxy": 3135805.247754457
  },
  "polygon_utm": [
    [
      [
        698941.2137793548,
        3135539.7466070317,
        0.0
      ],
      [
        698910.3044932862,
        3135500.493682172,
        0.0
      ],
      [
        698733.9241001948,
        3135726.7861717814,
        0.0
      ],
      [
        698760.8187495759,
        3135754.4554090765,
        0.0
      ],
      [
        698941.2137793548,
        3135539.7466070317,
        0.0
      ]
    ]
  ]
}