{
  "code": "233562786",
  "epsg": 32639,
  "bbox_utm": {
    "minx": 698605.8843702961,
    "miny": 3135391.5719804303,
    "maxx": 698996.9675935394,
    "maxy": 3135782.6552036735
  },
  "polygon_utm": [
    [
      [
        698692.5474705494,
        3135684.2181270854,
        0.0
      ],
      [
        698733.9241001948,
        3135726.7861717814,
        0.0
      ],
      [
        698910.3044932862,
        3135500.493682172,
        0.0
      ],
      [
        698868.0514964345,
        3135447.441012322,
        0.0
      ],
      [
        698692.5474705494,
        3135684.2181270854,
        0.0
      ]
    ]
  ]
}