{
  "code": "233562849",
  "epsg": 32639,
  "bbox_utm": {
    "minx": 698574.4924278081,
    "miny": 3135358.005461253,
    "maxx": 698955.0738712788,
    "maxy": 3135738.586904724
  },
  "polygon_utm": [
    [
      [
        698868.0514964345,
        3135447.441012322,
        0.0
      ],
      [
        698837.0713643178,
        3135412.374238892,
        0.0
      ],
      [
        698661.5148026524,
        3135652.2921036547,
        0.0
      ],
      [
        698692.5474705494,
        3135684.2181270854,
        0.0
      ],
      [
        698868.0514964345,
        3135447.441012322,
        0.0
      ]
    ]
  ]
}