{
  "code": "233597319",
  "epsg": 32639,
  "bbox_utm": {
    "minx": 646628.1469070709,
    "miny": 3192664.7021189844,
    "maxx": 646788.227481222,
    "maxy": 3192824.7826931356
  },
  "polygon_utm": [
    [
      [
        646720.3555795058,
        3192787.2203583666,
        0.0
      ],
      [
        646725.5594030344,
        3192796.9643894453,
        0.0
      ],
      [
        646729.3289616002,
        3192801.9140396854,
        0.0
      ],
      [
        646744.1535057698,
        3192788.563381116,
        0.0
      ],
      [
        646744.9275737386,
        3192768.7860670104,
        0.0
      ],
      [
        646739.8263179798,
        3192758.307124334,
        0.0
      ],
      [
        646736.3214147666,
        3192745.76554539,
        0.0
      ],
      [
        646733.8103668096,
        3192737.402275402,
        0.0
      ],
      [
        646732.3723547435,
        3192726.969734592,
        0.0
      ],
      [
        646723.7133556326,
        3192708.114210099,
        0.0
      ],
      [
        646705.1309269094,
        3192687.5707724346,
        0.0
      ],
      [
        646689.855538016,
        3192695.188000327,
        0.0
      ],
      [
        646678.8129392759,
        3192699.213843617,
        0.0
      ],
      [
        646671.4468145544,
        3192702.2448329586,
        0.0
      ],
      [
        646681.1657413429,
        3192720.072317072,
        0.0
      ],
      [
        646695.5022008244,
        3192745.2483008434,
        0.0
      ],
      [
        646705.7377776266,
        3192763.6030053166,
        0.0
      ],
      [
        646717.0133667613,
        3192782.4915846586,
        0.0
      ],
      [
        646717.3832482758,
        3192783.212705221,
        0.0
      ],
      [
        646720.3555795058,
        3192787.2203583666,
        0.0
      ]
    ]
  ]
}