{
  "code": "233562564",
  "epsg": 32639,
  "bbox_utm": {
    "minx": 698802.1307424614,
    "miny": 3135609.7710862746,
    "maxx": 699145.7014763863,
    "maxy": 3135953.3418202
  },
  "polygon_utm": [
    [
      [
        698860.9266600637,
        3135871.2877281345,
        0.0
      ],
      [
        698891.9406152752,
        3135904.260286782,
        0.0
      ],
      [
        699086.905558784,
        3135699.2228086484,
        0.0
      ],
      [
        699051.806789534,
        3135658.8526196927,
        0.0
      ],
      [
        698860.9266600637,
        3135871.2877281345,
        0.0
      ]
    ]
  ]
}