{
  "code": "233562696",
  "epsg": 32639,
  "bbox_utm": {
    "minx": 698678.7432464391,
    "miny": 3135480.0364302527,
    "maxx": 699096.7144838911,
    "maxy": 3135898.0076677054
  },
  "polygon_utm": [
    [
      [
        698760.8187495759,
        3135754.4554090765,
        0.0
      ],
      [
        698828.8605477399,
        3135838.2974909265,
        0.0
      ],
      [
        699014.6389807544,
        3135616.3539428273,
        0.0
      ],
      [
        698941.2137793548,
        3135539.746607032,
        0.0
      ],
      [
        698760.8187495759,
        3135754.4554090765,
        0.0
      ]
    ]
  ]
}