{
  "code": "233516679",
  "epsg": 32639,
  "bbox_utm": {
    "minx": 708293.7241889403,
    "miny": 3148239.9962781044,
    "maxx": 708628.4987418907,
    "maxy": 3148574.770831055
  },
  "polygon_utm": [
    [
      [
        708542.903770452,
        3148475.5259553725,
        0.0
      ],
      [
        708544.1699503835,
        3148463.391074797,
        0.0
      ],
      [
        708544.7677389989,
        3148451.8979624594,
        0.0
      ],
      [
        708539.2261414051,
        3148438.335234903,
        0.0
      ],
      [
        708492.0814040729,
        3148358.738804878,
        0.0
      ],
      [
        708495.0668001557,
        3148355.8179997397,
        0.0
      ],
      [
        708487.0623001573,
        3148349.957599738,
        0.0
      ],
      [
        708480.9504001566,
        3148342.9196997397,
        0.0
      ],
      [
        708462.9851001557,
        3148323.2874997356,
        0.0
      ],
      [
        708447.4276001548,
        3148306.433599739,
        0.0
      ],
      [
        708441.786846456,
        3148293.727603774,
        0.0
      ],
      [
        708440.4459318575,
        3148287.82121424,
        0.0
      ],
      [
        708401.6097308034,
        3148328.965887692,
        0.0
      ],
      [
        708377.4551918319,
        3148357.297874271,
        0.0
      ],
      [
        708439.8584377078,
        3148454.6155419643,
        0.0
      ],
      [
        708479.0503761942,
        3148526.945894919,
        0.0
      ],
      [
        708542.903770452,
        3148475.5259553725,
        0.0
      ]
    ]
  ]
}