{
  "code": "233562191",
  "epsg": 32639,
  "bbox_utm": {
    "minx": 698828.194009427,
    "miny": 3135648.013129726,
    "maxx": 699186.6617618825,
    "maxy": 3136006.480882182
  },
  "polygon_utm": [
    [
      [
        699028.5438104522,
        3135853.1704383832,
        0.0
      ],
      [
        699122.9151560343,
        3135747.9829230285,
        0.0
      ],
      [
        699086.905558784,
        3135699.2228086484,
        0.0
      ],
      [
        698891.9406152752,
        3135904.260286782,
        0.0
      ],
      [
        698937.3828485899,
        3135955.2712032595,
        0.0
      ],
      [
        699028.5438104522,
        3135853.1704383832,
        0.0
      ]
    ]
  ]
}