{
  "code": "233567556",
  "epsg": 32639,
  "bbox_utm": {
    "minx": 688424.1285967423,
    "miny": 3143238.6725645596,
    "maxx": 688776.2997673134,
    "maxy": 3143590.8437351314
  },
  "polygon_utm": [
    [
      [
        688636.0240000889,
        3143438.150799845,
        0.0
      ],
      [
        688725.989600089,
        3143381.8771998454,
        0.0
      ],
      [
        688718.9275000895,
        3143377.900399845,
        0.0
      ],
      [
        688692.0188000879,
        3143335.010199845,
        0.0
      ],
      [
        688683.1990000881,
        3143321.5243998445,
        0.0
      ],
      [
        688648.5170944036,
        3143341.7816260834,
        0.0
      ],
      [
        688611.3549567102,
        3143364.201040084,
        0.0
      ],
      [
        688571.0391860947,
        3143386.570099778,
        0.0
      ],
      [
        688517.9747683402,
        3143417.1040481837,
        0.0
      ],
      [
        688474.4387639668,
        3143443.6061123577,
        0.0
      ],
      [
        688525.4975000897,
        3143507.991899846,
        0.0
      ],
      [
        688636.0240000889,
        3143438.150799845,
        0.0
      ]
    ]
  ]
}