{
  "code": "233563035",
  "epsg": 32639,
  "bbox_utm": {
    "minx": 698504.3327924658,
    "miny": 3135286.446126415,
    "maxx": 698931.1530992454,
    "maxy": 3135713.2664331947
  },
  "polygon_utm": [
    [
      [
        698658.8556757281,
        3135497.315640386,
        0.0
      ],
      [
        698598.4145273934,
        3135587.375882674,
        0.0
      ],
      [
        698661.5148026524,
        3135652.2921036547,
        0.0
      ],
      [
        698837.0713643178,
        3135412.374238892,
        0.0
      ],
      [
        698771.8665503773,
        3135347.420455955,
        0.0
      ],
      [
        698658.8556757281,
        3135497.315640386,
        0.0
      ]
    ]
  ]
}