{
  "code": "233578921",
  "epsg": 32639,
  "bbox_utm": {
    "minx": 698926.79315192,
    "miny": 3133507.5891607567,
    "maxx": 699201.878517662,
    "maxy": 3133782.674526498
  },
  "polygon_utm": [
    [
      [
        698966.0910613117,
        3133621.673338099,
        0.0
      ],
      [
        699092.9346303524,
        3133714.3717660177,
        0.0
      ],
      [
        699162.5806082702,
        3133703.502660308,
        0.0
      ],
      [
        699147.3325236386,
        3133577.605020596,
        0.0
      ],
      [
        698983.1739229241,
        3133575.8919212366,
        0.0
      ],
      [
        698966.0910613117,
        3133621.673338099,
        0.0
      ]
    ]
  ]
}