{
  "code": "233516484",
  "epsg": 32639,
  "bbox_utm": {
    "minx": 708505.3336589942,
    "miny": 3148262.19854937,
    "maxx": 708737.6709961873,
    "maxy": 3148494.535886563
  },
  "polygon_utm": [
    [
      [
        708690.4260205036,
        3148300.158104455,
        0.0
      ],
      [
        708684.7642304644,
        3148304.5024308614,
        0.0
      ],
      [
        708649.9362317356,
        3148330.749301445,
        0.0
      ],
      [
        708621.1074943253,
        3148355.860610443,
        0.0
      ],
      [
        708593.8784094593,
        3148379.693017374,
        0.0
      ],
      [
        708568.788305806,
        3148401.471727406,
        0.0
      ],
      [
        708545.8788233912,
        3148418.844440943,
        0.0
      ],
      [
        708538.5247071646,
        3148424.260264998,
        0.0
      ],
      [
        708542.6249001562,
        3148432.0050997394,
        0.0
      ],
      [
        708546.6628001567,
        3148439.045599739,
        0.0
      ],
      [
        708558.5971030758,
        3148461.228236195,
        0.0
      ],
      [
        708704.4799480169,
        3148337.5986271612,
        0.0
      ],
      [
        708698.0230479244,
        3148316.3720143395,
        0.0
      ],
      [
        708690.2362001565,
        3148295.5061997375,
        0.0
      ],
      [
        708690.4260205036,
        3148300.158104455,
        0.0
      ]
    ]
  ]
}