{
  "code": "233692179",
  "epsg": 32639,
  "bbox_utm": {
    "minx": 699444.021139466,
    "miny": 3133757.8641053634,
    "maxx": 700063.1917595766,
    "maxy": 3134377.034725474
  },
  "polygon_utm": [
    [
      [
        699911.6044425387,
        3133951.9297618777,
        0.0
      ],
      [
        699893.3678169132,
        3133930.977463367,
        0.0
      ],
      [
        699830.1049052217,
        3133875.4657948744,
        0.0
      ],
      [
        699860.0602662164,
        3133846.655597271,
        0.0
      ],
      [
        699777.9736641544,
        3133846.3170510936,
        0.0
      ],
      [
        699733.5456993389,
        3133921.997873725,
        0.0
      ],
      [
        699671.471713739,
        3134045.541774874,
        0.0
      ],
      [
        699646.4955848454,
        3134091.1874586754,
        0.0
      ],
      [
        699595.6084565038,
        3134237.9517025184,
        0.0
      ],
      [
        699617.9080339645,
        3134288.581779744,
        0.0
      ],
      [
        699911.6044425387,
        3133951.9297618777,
        0.0
      ]
    ]
  ]
}