{
  "code": "233692074",
  "epsg": 32639,
  "bbox_utm": {
    "minx": 699967.163820339,
    "miny": 3133674.0982187027,
    "maxx": 700240.5160043788,
    "maxy": 3133947.450402743
  },
  "polygon_utm": [
    [
      [
        700201.4656923731,
        3133884.8812435763,
        0.0
      ],
      [
        700122.536924385,
        3133760.0005148365,
        0.0
      ],
      [
        700096.9401986207,
        3133717.6875086217,
        0.0
      ],
      [
        700006.2141323447,
        3133792.585906863,
        0.0
      ],
      [
        700046.1966557503,
        3133793.2614591713,
        0.0
      ],
      [
        700095.9224715466,
        3133840.169900896,
        0.0
      ],
      [
        700147.4690777977,
        3133903.861112824,
        0.0
      ],
      [
        700201.4656923731,
        3133884.8812435763,
        0.0
      ]
    ]
  ]
}