{
  "code": "233691835",
  "epsg": 32639,
  "bbox_utm": {
    "minx": 700031.1808650589,
    "miny": 3133373.2764911302,
    "maxx": 700670.6732803413,
    "maxy": 3134012.768906412
  },
  "polygon_utm": [
    [
      [
        700579.3172210153,
        3133511.2106061787,
        0.0
      ],
      [
        700573.4355295098,
        3133501.1641539666,
        0.0
      ],
      [
        700548.219712167,
        3133514.086675685,
        0.0
      ],
      [
        700520.6010522174,
        3133529.062597537,
        0.0
      ],
      [
        700485.8463008188,
        3133561.455437156,
        0.0
      ],
      [
        700428.4607624786,
        3133593.9886501124,
        0.0
      ],
      [
        700390.6916284722,
        3133617.9543525586,
        0.0
      ],
      [
        700341.3574543749,
        3133641.2008964056,
        0.0
      ],
      [
        700358.6423526846,
        3133677.0920014954,
        0.0
      ],
      [
        700304.2903210152,
        3133717.005843389,
        0.0
      ],
      [
        700251.0793651798,
        3133751.7040263796,
        0.0
      ],
      [
        700232.0339688075,
        3133757.663940414,
        0.0
      ],
      [
        700211.5745987208,
        3133722.7666112958,
        0.0
      ],
      [
        700174.5359633376,
        3133734.7044159044,
        0.0
      ],
      [
        700122.536924385,
        3133760.0005148365,
        0.0
      ],
      [
        700201.4656923731,
        3133884.8812435763,
        0.0
      ],
      [
        700220.8118196069,
        3133861.127481999,
        0.0
      ],
      [
        700319.8499966708,
        3133792.6537578176,
        0.0
      ],
      [
        700448.0779808355,
        3133678.6059046183,
        0.0
      ],
      [
        700579.3172210153,
        3133511.2106061787,
        0.0
      ]
    ]
  ]
}