{
  "code": "233686301",
  "epsg": 32639,
  "bbox_utm": {
    "minx": 698849.8147925454,
    "miny": 3134778.9567799093,
    "maxx": 699268.5804829601,
    "maxy": 3135197.7224703245
  },
  "polygon_utm": [
    [
      [
        698917.8068027801,
        3135085.538537896,
        0.0
      ],
      [
        698971.6599130922,
        3135137.217631856,
        0.0
      ],
      [
        699012.1637125525,
        3135137.898800265,
        0.0
      ],
      [
        699079.3015567673,
        3135096.790590932,
        0.0
      ],
      [
        699061.1388941495,
        3135104.1755999504,
        0.0
      ],
      [
        699032.8391689693,
        3135097.418260624,
        0.0
      ],
      [
        698988.5866042946,
        3135038.048510077,
        0.0
      ],
      [
        699029.0752189329,
        3135008.369712111,
        0.0
      ],
      [
        699077.4302795728,
        3135074.0900933524,
        0.0
      ],
      [
        699109.4673565237,
        3135046.363236986,
        0.0
      ],
      [
        699094.1267565677,
        3135019.93292945,
        0.0
      ],
      [
        699163.9021112518,
        3134938.4026081865,
        0.0
      ],
      [
        699200.5884727254,
        3134884.581380212,
        0.0
      ],
      [
        699154.0026995754,
        3134838.7804499688,
        0.0
      ],
      [
        698917.8068027801,
        3135085.538537896,
        0.0
      ]
    ]
  ]
}