{
  "code": "233691161",
  "epsg": 32639,
  "bbox_utm": {
    "minx": 700159.5009347767,
    "miny": 3133749.409004333,
    "maxx": 700453.2542379523,
    "maxy": 3134043.1623075088
  },
  "polygon_utm": [
    [
      [
        700214.7543738753,
        3133908.1398902894,
        0.0
      ],
      [
        700317.395240752,
        3133999.917554024,
        0.0
      ],
      [
        700411.2894803558,
        3133862.2565734065,
        0.0
      ],
      [
        700319.8499966708,
        3133792.6537578176,
        0.0
      ],
      [
        700220.8118196069,
        3133861.127481999,
        0.0
      ],
      [
        700201.4656923731,
        3133884.8812435763,
        0.0
      ],
      [
        700214.7543738753,
        3133908.1398902894,
        0.0
      ]
    ]
  ]
}