{
  "code": "233692230",
  "epsg": 32639,
  "bbox_utm": {
    "minx": 699656.9804992828,
    "miny": 3134292.75763482,
    "maxx": 700026.4798505768,
    "maxy": 3134662.2569861137
  },
  "polygon_utm": [
    [
      [
        699926.5703134785,
        3134395.3459235225,
        0.0
      ],
      [
        699900.7269834459,
        3134367.688693397,
        0.0
      ],
      [
        699876.6696268028,
        3134358.906788868,
        0.0
      ],
      [
        699709.7661208963,
        3134520.4597019353,
        0.0
      ],
      [
        699852.1101809448,
        3134566.8338069553,
        0.0
      ],
      [
        699907.6064063812,
        3134583.4750789315,
        0.0
      ],
      [
        699973.6942289635,
        3134596.107832066,
        0.0
      ],
      [
        699973.5794149041,
        3134540.6183299795,
        0.0
      ],
      [
        699968.1245177421,
        3134427.4563770397,
        0.0
      ],
      [
        699965.5967887834,
        3134376.9655247116,
        0.0
      ],
      [
        699926.5703134785,
        3134395.3459235225,
        0.0
      ]
    ]
  ]
}