{
  "code": "233690476",
  "epsg": 32639,
  "bbox_utm": {
    "minx": 700150.7100300773,
    "miny": 3134051.8553692424,
    "maxx": 700556.5819921587,
    "maxy": 3134457.727331324
  },
  "polygon_utm": [
    [
      [
        700291.2652685097,
        3134113.5964930896,
        0.0
      ],
      [
        700265.4544755237,
        3134208.4343395764,
        0.0
      ],
      [
        700263.9492276551,
        3134297.4009015737,
        0.0
      ],
      [
        700267.7327147216,
        3134322.591958997,
        0.0
      ],
      [
        700275.4944424188,
        3134361.4607117497,
        0.0
      ],
      [
        700310.6289187953,
        3134399.745622455,
        0.0
      ],
      [
        700443.3427945809,
        3134269.028594699,
        0.0
      ],
      [
        700437.5971756384,
        3134235.428368327,
        0.0
      ],
      [
        700433.9912389541,
        3134199.770343122,
        0.0
      ],
      [
        700421.0400607578,
        3134156.625157765,
        0.0
      ],
      [
        700359.4597899993,
        3134126.2673337664,
        0.0
      ],
      [
        700316.5875890865,
        3134109.8370781112,
        0.0
      ],
      [
        700291.2652685097,
        3134113.5964930896,
        0.0
      ]
    ]
  ]
}