{
  "code": "233690919",
  "epsg": 32639,
  "bbox_utm": {
    "minx": 700046.3427951613,
    "miny": 3133817.919968275,
    "maxx": 700362.5706483505,
    "maxy": 3134134.147821464
  },
  "polygon_utm": [
    [
      [
        700271.0015515642,
        3134067.1865461627,
        0.0
      ],
      [
        700317.395240752,
        3133999.917554024,
        0.0
      ],
      [
        700214.7543738753,
        3133908.1398902894,
        0.0
      ],
      [
        700201.4656923731,
        3133884.8812435763,
        0.0
      ],
      [
        700147.4690777971,
        3133903.861112824,
        0.0
      ],
      [
        700091.5182027597,
        3133976.2046469073,
        0.0
      ],
      [
        700271.0015515642,
        3134067.1865461627,
        0.0
      ]
    ]
  ]
}