{
  "code": "233677996",
  "epsg": 32639,
  "bbox_utm": {
    "minx": 699759.6242842821,
    "miny": 3127109.8556520124,
    "maxx": 700137.0090424635,
    "maxy": 3127487.2404101933
  },
  "polygon_utm": [
    [
      [
        699874.9983149647,
        3127279.390611244,
        0.0
      ],
      [
        699912.6209752806,
        3127327.688677181,
        0.0
      ],
      [
        699952.7781262182,
        3127381.790992386,
        0.0
      ],
      [
        699996.1372356627,
        3127433.328301882,
        0.0
      ],
      [
        700004.3769405342,
        3127413.039773644,
        0.0
      ],
      [
        700016.774677801,
        3127395.963980078,
        0.0
      ],
      [
        700033.3304573634,
        3127382.1009473233,
        0.0
      ],
      [
        700045.0518398085,
        3127373.9180243257,
        0.0
      ],
      [
        700065.3540794149,
        3127356.4516816325,
        0.0
      ],
      [
        699995.8470042811,
        3127263.094054927,
        0.0
      ],
      [
        699920.6192015664,
        3127165.4495204384,
        0.0
      ],
      [
        699914.0659146145,
        3127163.767760324,
        0.0
      ],
      [
        699831.2792473307,
        3127217.895161425,
        0.0
      ],
      [
        699874.9983149647,
        3127279.390611244,
        0.0
      ]
    ]
  ]
}