{
  "code": "233677774",
  "epsg": 32639,
  "bbox_utm": {
    "minx": 638006.1589966164,
    "miny": 3257461.842879992,
    "maxx": 638109.3894204149,
    "maxy": 3257565.0733037908
  },
  "polygon_utm": [
    [
      [
        638053.403900018,
        3257545.215299942,
        0.0
      ],
      [
        638094.642217015,
        3257525.548967812,
        0.0
      ],
      [
        638067.860388269,
        3257480.648083841,
        0.0
      ],
      [
        638020.9062000162,
        3257510.6806999426,
        0.0
      ],
      [
        638041.8825000173,
        3257535.7238999424,
        0.0
      ],
      [
        638051.0781000147,
        3257546.268099942,
        0.0
      ],
      [
        638053.403900018,
        3257545.215299942,
        0.0
      ]
    ]
  ]
}