{
  "code": "233689180",
  "epsg": 32639,
  "bbox_utm": {
    "minx": 698672.2298006006,
    "miny": 3134808.315975178,
    "maxx": 699058.7888129668,
    "maxy": 3135194.8749875445
  },
  "polygon_utm": [
    [
      [
        698973.239815927,
        3134965.0316425804,
        0.0
      ],
      [
        698938.6071693165,
        3134928.069797952,
        0.0
      ],
      [
        698933.1190165897,
        3134925.8837440447,
        0.0
      ],
      [
        698920.2189054902,
        3134910.748617804,
        0.0
      ],
      [
        698905.9333085148,
        3134899.7777921483,
        0.0
      ],
      [
        698892.6381864292,
        3134892.487767112,
        0.0
      ],
      [
        698883.4369888583,
        3134892.071397436,
        0.0
      ],
      [
        698879.6975846683,
        3134895.410969031,
        0.0
      ],
      [
        698872.9858466642,
        3134903.4116248707,
        0.0
      ],
      [
        698865.2352427014,
        3134910.6096477224,
        0.0
      ],
      [
        698854.8149123341,
        3134920.118321652,
        0.0
      ],
      [
        698847.1302812272,
        3134923.3915973925,
        0.0
      ],
      [
        698838.6697957395,
        3134925.866669038,
        0.0
      ],
      [
        698832.2650828861,
        3134931.255247328,
        0.0
      ],
      [
        698827.1314927053,
        3134939.282417579,
        0.0
      ],
      [
        698826.0702562724,
        3134947.639730955,
        0.0
      ],
      [
        698821.3487847645,
        3134954.626924225,
        0.0
      ],
      [
        698815.4965022366,
        3134958.4544409793,
        0.0
      ],
      [
        698809.5588732279,
        3134959.5324352304,
        0.0
      ],
      [
        698803.5314978951,
        3134958.1225572126,
        0.0
      ],
      [
        698795.6344416349,
        3134958.382470862,
        0.0
      ],
      [
        698786.5186534465,
        3134960.7156989393,
        0.0
      ],
      [
        698779.2919738829,
        3134968.053398017,
        0.0
      ],
      [
        698769.1523604394,
        3134976.5199166364,
        0.0
      ],
      [
        698755.8170313966,
        3134987.288259103,
        0.0
      ],
      [
        698743.8715062223,
        3134993.630673911,
        0.0
      ],
      [
        698737.7430722793,
        3134998.2387401,
        0.0
      ],
      [
        698727.4525166529,
        3135007.2983338498,
        0.0
      ],
      [
        698730.1853213453,
        3135009.6275667762,
        0.0
      ],
      [
        698793.4816543701,
        3135063.0349969356,
        0.0
      ],
      [
        698816.9330211328,
        3135076.515031158,
        0.0
      ],
      [
        698839.5857116185,
        3135106.208315016,
        0.0
      ],
      [
        698882.6493493831,
        3135111.119565286,
        0.0
      ],
      [
        698917.8068027801,
        3135085.538537896,
        0.0
      ],
      [
        699003.5660969145,
        3134995.944265811,
        0.0
      ],
      [
        698989.5985960303,
        3134977.8694253787,
        0.0
      ],
      [
        698973.239815927,
        3134965.0316425804,
        0.0
      ]
    ]
  ]
}