{
  "code": "233686459",
  "epsg": 32639,
  "bbox_utm": {
    "minx": 698876.3635029229,
    "miny": 3134614.3031489206,
    "maxx": 699312.0691676787,
    "maxy": 3135050.0088136764
  },
  "polygon_utm": [
    [
      [
        699141.2988131191,
        3134780.7250324003,
        0.0
      ],
      [
        699129.5069495756,
        3134777.90933309,
        0.0
      ],
      [
        699087.3291511794,
        3134814.1032035286,
        0.0
      ],
      [
        699078.1157642184,
        3134798.76805401,
        0.0
      ],
      [
        699051.1195066995,
        3134823.963147206,
        0.0
      ],
      [
        699039.5632534804,
        3134838.425436353,
        0.0
      ],
      [
        698991.094560559,
        3134888.9084838154,
        0.0
      ],
      [
        698972.0746811181,
        3134877.857945664,
        0.0
      ],
      [
        698938.6071693165,
        3134928.069797952,
        0.0
      ],
      [
        698973.239815927,
        3134965.0316425804,
        0.0
      ],
      [
        698989.5985960303,
        3134977.8694253787,
        0.0
      ],
      [
        699021.8503019828,
        3134953.024672208,
        0.0
      ],
      [
        699045.540383721,
        3134936.672818496,
        0.0
      ],
      [
        699057.9725686398,
        3134932.6943597156,
        0.0
      ],
      [
        699094.727763127,
        3134890.3898830977,
        0.0
      ],
      [
        699130.8867343942,
        3134852.262928852,
        0.0
      ],
      [
        699167.5719757015,
        3134814.1447994197,
        0.0
      ],
      [
        699200.237278726,
        3134780.4083432187,
        0.0
      ],
      [
        699245.8273204109,
        3134729.0919186026,
        0.0
      ],
      [
        699249.825501285,
        3134726.0184876123,
        0.0
      ],
      [
        699231.0226732367,
        3134686.442537218,
        0.0
      ],
      [
        699141.2988131191,
        3134780.7250324003,
        0.0
      ]
    ]
  ]
}