{
  "code": "233674681",
  "epsg": 32639,
  "bbox_utm": {
    "minx": 699514.7620900532,
    "miny": 3135065.1103591206,
    "maxx": 699769.0414899956,
    "maxy": 3135319.3897590633
  },
  "polygon_utm": [
    [
      [
        699701.9313707311,
        3135140.6216925136,
        0.0
      ],
      [
        699644.1871242963,
        3135101.435987684,
        0.0
      ],
      [
        699581.8722093176,
        3135239.61971827,
        0.0
      ],
      [
        699618.1109614659,
        3135274.7778218924,
        0.0
      ],
      [
        699649.7338395615,
        3135283.0641305,
        0.0
      ],
      [
        699701.9313707311,
        3135140.6216925136,
        0.0
      ]
    ]
  ]
}