{
  "code": "233690575",
  "epsg": 32639,
  "bbox_utm": {
    "minx": 700017.9552971132,
    "miny": 3133916.6430914635,
    "maxx": 700313.1759273061,
    "maxy": 3134211.8637216557
  },
  "polygon_utm": [
    [
      [
        700060.129672855,
        3134089.79523757,
        0.0
      ],
      [
        700107.1754226391,
        3134108.389060586,
        0.0
      ],
      [
        700227.463816857,
        3134152.302166212,
        0.0
      ],
      [
        700271.0015515642,
        3134067.1865461636,
        0.0
      ],
      [
        700091.5182027597,
        3133976.2046469073,
        0.0
      ],
      [
        700060.129672855,
        3134089.79523757,
        0.0
      ]
    ]
  ]
}