{
  "code": "233690544",
  "epsg": 32639,
  "bbox_utm": {
    "minx": 699731.971844561,
    "miny": 3133967.508034475,
    "maxx": 700587.9822662248,
    "maxy": 3134823.5184561387
  },
  "polygon_utm": [
    [
      [
        700358.9115074945,
        3134656.0166513543,
        0.0
      ],
      [
        700335.386531807,
        3134615.8349786215,
        0.0
      ],
      [
        700311.2059452141,
        3134614.378751774,
        0.0
      ],
      [
        700291.4108868208,
        3134602.5274507906,
        0.0
      ],
      [
        700265.7105212961,
        3134566.4967043377,
        0.0
      ],
      [
        700248.5758017423,
        3134584.004699704,
        0.0
      ],
      [
        700223.520118409,
        3134572.0644842433,
        0.0
      ],
      [
        700218.8970273249,
        3134534.296487972,
        0.0
      ],
      [
        700224.5825201496,
        3134509.2660820335,
        0.0
      ],
      [
        700188.5376496398,
        3134462.5908069774,
        0.0
      ],
      [
        700139.4246203512,
        3134441.868216732,
        0.0
      ],
      [
        700106.0577831591,
        3134423.5059170844,
        0.0
      ],
      [
        700090.6653159868,
        3134400.212792607,
        0.0
      ],
      [
        700149.0804884098,
        3134368.744944473,
        0.0
      ],
      [
        700177.6824780793,
        3134357.7121436796,
        0.0
      ],
      [
        700202.4554067336,
        3134386.39890499,
        0.0
      ],
      [
        700206.514678655,
        3134333.072849966,
        0.0
      ],
      [
        700227.463816857,
        3134152.302166212,
        0.0
      ],
      [
        700107.1754226391,
        3134108.3890605867,
        0.0
      ],
      [
        700060.129672855,
        3134089.79523757,
        0.0
      ],
      [
        700023.4016429328,
        3134145.7112019425,
        0.0
      ],
      [
        699973.8361329692,
        3134213.973698832,
        0.0
      ],
      [
        699961.0426032912,
        3134285.99800259,
        0.0
      ],
      [
        699964.1901574184,
        3134348.868595489,
        0.0
      ],
      [
        699968.1245177421,
        3134427.4563770397,
        0.0
      ],
      [
        699973.5794149041,
        3134540.6183299795,
        0.0
      ],
      [
        699973.6942289635,
        3134596.107832066,
        0.0
      ],
      [
        700047.8625920159,
        3134628.7692327197,
        0.0
      ],
      [
        700123.2419545818,
        3134652.029165976,
        0.0
      ],
      [
        700228.1859367966,
        3134669.508154718,
        0.0
      ],
      [
        700282.5937559814,
        3134688.2265715706,
        0.0
      ],
      [
        700308.6835120938,
        3134701.231253044,
        0.0
      ],
      [
        700358.9115074945,
        3134656.0166513543,
        0.0
      ]
    ]
  ]
}