{
  "code": "233691459",
  "epsg": 32639,
  "bbox_utm": {
    "minx": 700375.9927786307,
    "miny": 3133467.7285143943,
    "maxx": 700680.3674211206,
    "maxy": 3133772.1031568847
  },
  "polygon_utm": [
    [
      [
        700495.6453087984,
        3133728.6210651,
        0.0
      ],
      [
        700608.282218916,
        3133541.0182165382,
        0.0
      ],
      [
        700579.3172210153,
        3133511.2106061787,
        0.0
      ],
      [
        700448.0779808355,
        3133678.6059046183,
        0.0
      ],
      [
        700495.6453087984,
        3133728.6210651,
        0.0
      ]
    ]
  ]
}