{
  "code": "233689056",
  "epsg": 32639,
  "bbox_utm": {
    "minx": 698546.5741575998,
    "miny": 3134490.099667889,
    "maxx": 699226.6624149049,
    "maxy": 3135170.1879251944
  },
  "polygon_utm": [
    [
      [
        699078.4401981874,
        3134670.003168172,
        0.0
      ],
      [
        699069.5084840807,
        3134662.048852984,
        0.0
      ],
      [
        699033.2335698709,
        3134698.556487767,
        0.0
      ],
      [
        699003.8279621624,
        3134694.921229542,
        0.0
      ],
      [
        698986.7130146129,
        3134711.384089615,
        0.0
      ],
      [
        698889.9789192801,
        3134673.6721222852,
        0.0
      ],
      [
        698815.6350263222,
        3134715.313713419,
        0.0
      ],
      [
        698804.8870448773,
        3134697.3356226645,
        0.0
      ],
      [
        698780.5220842117,
        3134706.872026312,
        0.0
      ],
      [
        698761.0070966528,
        3134678.277562333,
        0.0
      ],
      [
        698741.4644058608,
        3134682.660478335,
        0.0
      ],
      [
        698705.6308275912,
        3134717.130364613,
        0.0
      ],
      [
        698643.7296229291,
        3134831.2508763154,
        0.0
      ],
      [
        698671.2570231969,
        3134884.0579486922,
        0.0
      ],
      [
        698690.0864912125,
        3134953.4690967854,
        0.0
      ],
      [
        698737.7430722793,
        3134998.2387401,
        0.0
      ],
      [
        698743.8715062223,
        3134993.630673911,
        0.0
      ],
      [
        698755.8170313966,
        3134987.288259103,
        0.0
      ],
      [
        698769.1523604394,
        3134976.5199166364,
        0.0
      ],
      [
        698779.2919738829,
        3134968.053398017,
        0.0
      ],
      [
        698786.5186534465,
        3134960.7156989393,
        0.0
      ],
      [
        698795.6344416349,
        3134958.382470862,
        0.0
      ],
      [
        698803.5314978951,
        3134958.1225572126,
        0.0
      ],
      [
        698809.5588732279,
        3134959.5324352304,
        0.0
      ],
      [
        698815.4965022366,
        3134958.4544409793,
        0.0
      ],
      [
        698821.3487847645,
        3134954.626924225,
        0.0
      ],
      [
        698826.0702562724,
        3134947.639730955,
        0.0
      ],
      [
        698827.1314927053,
        3134939.282417579,
        0.0
      ],
      [
        698832.2650828861,
        3134931.255247328,
        0.0
      ],
      [
        698838.6697957395,
        3134925.866669038,
        0.0
      ],
      [
        698847.1302812272,
        3134923.3915973925,
        0.0
      ],
      [
        698854.8149123341,
        3134920.118321652,
        0.0
      ],
      [
        698865.2352427014,
        3134910.6096477224,
        0.0
      ],
      [
        698872.9858466642,
        3134903.4116248707,
        0.0
      ],
      [
        698879.6975846683,
        3134895.4109690296,
        0.0
      ],
      [
        698883.4369888583,
        3134892.071397436,
        0.0
      ],
      [
        698892.6381864292,
        3134892.487767112,
        0.0
      ],
      [
        698905.9333085148,
        3134899.7777921483,
        0.0
      ],
      [
        698920.2189054902,
        3134910.748617804,
        0.0
      ],
      [
        698933.1190165897,
        3134925.8837440447,
        0.0
      ],
      [
        698938.6071693165,
        3134928.069797952,
        0.0
      ],
      [
        698972.074681118,
        3134877.857945665,
        0.0
      ],
      [
        698991.094560559,
        3134888.9084838154,
        0.0
      ],
      [
        699039.5632534804,
        3134838.4254363514,
        0.0
      ],
      [
        699051.1195066995,
        3134823.9631472044,
        0.0
      ],
      [
        699078.1157642184,
        3134798.76805401,
        0.0
      ],
      [
        699087.3291511794,
        3134814.1032035286,
        0.0
      ],
      [
        699129.5069495756,
        3134777.90933309,
        0.0
      ],
      [
        699092.7622897937,
        3134725.730682258,
        0.0
      ],
      [
        699078.4401981874,
        3134670.003168172,
        0.0
      ]
    ]
  ]
}