{
  "code": "233691871",
  "epsg": 32639,
  "bbox_utm": {
    "minx": 700006.6842959115,
    "miny": 3133285.263265293,
    "maxx": 700638.4756148764,
    "maxy": 3133917.0545842582
  },
  "polygon_utm": [
    [
      [
        700174.5359633376,
        3133734.7044159044,
        0.0
      ],
      [
        700211.5745987208,
        3133722.7666112958,
        0.0
      ],
      [
        700232.0339688075,
        3133757.663940413,
        0.0
      ],
      [
        700251.0793651798,
        3133751.7040263796,
        0.0
      ],
      [
        700304.2903210152,
        3133717.005843389,
        0.0
      ],
      [
        700358.6423526846,
        3133677.0920014954,
        0.0
      ],
      [
        700341.3574543749,
        3133641.200896405,
        0.0
      ],
      [
        700390.6916284722,
        3133617.9543525586,
        0.0
      ],
      [
        700428.4607624786,
        3133593.9886501124,
        0.0
      ],
      [
        700485.8463008188,
        3133561.455437156,
        0.0
      ],
      [
        700520.6010522174,
        3133529.062597537,
        0.0
      ],
      [
        700548.219712167,
        3133514.086675685,
        0.0
      ],
      [
        700529.963976562,
        3133442.317334715,
        0.0
      ],
      [
        700428.7995609236,
        3133511.802725162,
        0.0
      ],
      [
        700347.8937049432,
        3133565.9258883316,
        0.0
      ],
      [
        700262.8683845145,
        3133614.7445062352,
        0.0
      ],
      [
        700140.4688187363,
        3133695.38903766,
        0.0
      ],
      [
        700096.9401986207,
        3133717.6875086217,
        0.0
      ],
      [
        700122.536924385,
        3133760.0005148365,
        0.0
      ],
      [
        700174.5359633376,
        3133734.7044159044,
        0.0
      ]
    ]
  ]
}