{
  "code": "233692119",
  "epsg": 32639,
  "bbox_utm": {
    "minx": 699766.6320707066,
    "miny": 3133665.1293414584,
    "maxx": 700210.9419123129,
    "maxy": 3134109.439183065
  },
  "polygon_utm": [
    [
      [
        700147.4690777977,
        3133903.861112824,
        0.0
      ],
      [
        700095.9224715466,
        3133840.169900896,
        0.0
      ],
      [
        700046.1966557503,
        3133793.2614591713,
        0.0
      ],
      [
        700006.2141323447,
        3133792.585906863,
        0.0
      ],
      [
        699924.5075495039,
        3133832.038829182,
        0.0
      ],
      [
        699860.0602662164,
        3133846.655597271,
        0.0
      ],
      [
        699830.1049052217,
        3133875.4657948744,
        0.0
      ],
      [
        699893.3678169132,
        3133930.977463367,
        0.0
      ],
      [
        699937.7620824579,
        3133981.9826176604,
        0.0
      ],
      [
        699956.8069431293,
        3133976.02238057,
        0.0
      ],
      [
        700012.1910360516,
        3133937.1724547027,
        0.0
      ],
      [
        700035.3385299505,
        3133937.563575671,
        0.0
      ],
      [
        700091.5182027597,
        3133976.2046469073,
        0.0
      ],
      [
        700147.4690777977,
        3133903.861112824,
        0.0
      ]
    ]
  ]
}