{
  "code": "233674614",
  "epsg": 32639,
  "bbox_utm": {
    "minx": 699662.353973442,
    "miny": 3127157.5816778974,
    "maxx": 700084.548358137,
    "maxy": 3127579.7760625924
  },
  "polygon_utm": [
    [
      [
        699817.3906595464,
        3127229.7084229332,
        0.0
      ],
      [
        699796.5710536244,
        3127246.642863216,
        0.0
      ],
      [
        699757.660847454,
        3127274.7960677193,
        0.0
      ],
      [
        699750.7650959162,
        3127277.822708317,
        0.0
      ],
      [
        699765.060378504,
        3127335.6795133017,
        0.0
      ],
      [
        699782.0226099963,
        3127391.485848021,
        0.0
      ],
      [
        699797.564252706,
        3127437.840045689,
        0.0
      ],
      [
        699810.6679035883,
        3127472.629968578,
        0.0
      ],
      [
        699813.5968597516,
        3127486.2974666613,
        0.0
      ],
      [
        699813.8939841755,
        3127499.920634742,
        0.0
      ],
      [
        699818.9989220861,
        3127509.434545873,
        0.0
      ],
      [
        699825.1565793137,
        3127518.966179473,
        0.0
      ],
      [
        699854.6329623065,
        3127519.4625790645,
        0.0
      ],
      [
        699877.8547185434,
        3127516.1872753967,
        0.0
      ],
      [
        699910.0864349558,
        3127509.39737124,
        0.0
      ],
      [
        699929.2208246515,
        3127498.720446117,
        0.0
      ],
      [
        699944.1884386434,
        3127485.3544497294,
        0.0
      ],
      [
        699970.4303756569,
        3127459.084000331,
        0.0
      ],
      [
        699991.2940262279,
        3127439.532024556,
        0.0
      ],
      [
        699996.1372356627,
        3127433.328301882,
        0.0
      ],
      [
        699952.7781262182,
        3127381.790992386,
        0.0
      ],
      [
        699912.6209752806,
        3127327.688677181,
        0.0
      ],
      [
        699874.9983149647,
        3127279.390611244,
        0.0
      ],
      [
        699831.2792473307,
        3127217.895161425,
        0.0
      ],
      [
        699817.3906595464,
        3127229.7084229332,
        0.0
      ]
    ]
  ]
}