{
  "code": "233692366",
  "epsg": 32639,
  "bbox_utm": {
    "minx": 699395.9959808169,
    "miny": 3133838.223773866,
    "maxx": 700191.9378968969,
    "maxy": 3134634.165689946
  },
  "polygon_utm": [
    [
      [
        699617.9080339645,
        3134288.581779744,
        0.0
      ],
      [
        699709.7661208963,
        3134520.459701935,
        0.0
      ],
      [
        699876.6696268028,
        3134358.906788868,
        0.0
      ],
      [
        699900.7269834459,
        3134367.688693397,
        0.0
      ],
      [
        699926.5703134785,
        3134395.3459235225,
        0.0
      ],
      [
        699965.5967812326,
        3134376.9655250907,
        0.0
      ],
      [
        699964.1901574191,
        3134348.868595489,
        0.0
      ],
      [
        699961.0426032912,
        3134285.99800259,
        0.0
      ],
      [
        699970.0258437493,
        3134235.4246537453,
        0.0
      ],
      [
        699877.1541805301,
        3134143.2407872584,
        0.0
      ],
      [
        699915.1104075916,
        3134076.875392766,
        0.0
      ],
      [
        699950.3793018947,
        3134045.014731972,
        0.0
      ],
      [
        699937.7620824579,
        3133981.9826176604,
        0.0
      ],
      [
        699911.6044425387,
        3133951.9297618777,
        0.0
      ],
      [
        699617.9080339645,
        3134288.581779744,
        0.0
      ]
    ]
  ]
}