{
  "code": "233691411",
  "epsg": 32639,
  "bbox_utm": {
    "minx": 700279.1921845828,
    "miny": 3133641.875770861,
    "maxx": 700536.3031208864,
    "maxy": 3133898.9867071644
  },
  "polygon_utm": [
    [
      [
        700411.2894803558,
        3133862.2565734065,
        0.0
      ],
      [
        700495.6453087984,
        3133728.6210651,
        0.0
      ],
      [
        700448.0779808355,
        3133678.6059046183,
        0.0
      ],
      [
        700319.8499966708,
        3133792.6537578176,
        0.0
      ],
      [
        700411.2894803558,
        3133862.2565734065,
        0.0
      ]
    ]
  ]
}