{
  "code": "233620154",
  "epsg": 32639,
  "bbox_utm": {
    "minx": 704048.5008083917,
    "miny": 3124258.1056120223,
    "maxx": 704475.2159559936,
    "maxy": 3124684.8207596247
  },
  "polygon_utm": [
    [
      [
        704129.735537956,
        3124379.4067418864,
        0.0
      ],
      [
        704127.0266445061,
        3124475.762732084,
        0.0
      ],
      [
        704195.8418151559,
        3124516.7635352975,
        0.0
      ],
      [
        704201.9078400984,
        3124531.5376407914,
        0.0
      ],
      [
        704256.1063461346,
        3124564.95252595,
        0.0
      ],
      [
        704274.2548885376,
        3124581.506126609,
        0.0
      ],
      [
        704291.3233495159,
        3124599.6129233507,
        0.0
      ],
      [
        704307.910292383,
        3124615.091844363,
        0.0
      ],
      [
        704330.4058484309,
        3124623.8614528244,
        0.0
      ],
      [
        704341.4984735213,
        3124621.9565738267,
        0.0
      ],
      [
        704385.1944725801,
        3124592.320900819,
        0.0
      ],
      [
        704388.1655606129,
        3124542.07552299,
        0.0
      ],
      [
        704394.277696279,
        3124492.931823552,
        0.0
      ],
      [
        704396.6901198793,
        3124475.159862398,
        0.0
      ],
      [
        704252.067020377,
        3124371.030617093,
        0.0
      ],
      [
        704154.9992326777,
        3124319.064918823,
        0.0
      ],
      [
        704129.735537956,
        3124379.4067418864,
        0.0
      ]
    ]
  ]
}