{
  "code": "233764500",
  "epsg": 32639,
  "bbox_utm": {
    "minx": 704065.1213204677,
    "miny": 3125352.475473873,
    "maxx": 704571.73202121,
    "maxy": 3125859.0861746143
  },
  "polygon_utm": [
    [
      [
        704164.1240486184,
        3125595.975477591,
        0.0
      ],
      [
        704166.108336461,
        3125603.0819173055,
        0.0
      ],
      [
        704169.0509973693,
        3125615.705521759,
        0.0
      ],
      [
        704169.0981252786,
        3125628.279331329,
        0.0
      ],
      [
        704168.274525664,
        3125645.5530237984,
        0.0
      ],
      [
        704166.737776018,
        3125658.361507254,
        0.0
      ],
      [
        704160.4719168311,
        3125670.5647982396,
        0.0
      ],
      [
        704152.1362573311,
        3125680.6370059117,
        0.0
      ],
      [
        704146.4734091272,
        3125688.3977350155,
        0.0
      ],
      [
        704141.0377833835,
        3125698.257853598,
        0.0
      ],
      [
        704137.4942777166,
        3125705.2692012205,
        0.0
      ],
      [
        704137.6269607858,
        3125712.8676123424,
        0.0
      ],
      [
        704142.0433102271,
        3125716.3486940763,
        0.0
      ],
      [
        704152.0144470508,
        3125718.3536615744,
        0.0
      ],
      [
        704162.2938296954,
        3125717.7445834707,
        0.0
      ],
      [
        704175.7094338952,
        3125718.49911504,
        0.0
      ],
      [
        704191.525605382,
        3125717.4613922234,
        0.0
      ],
      [
        704223.8755894275,
        3125719.589318922,
        0.0
      ],
      [
        704237.5589244107,
        3125720.0865896298,
        0.0
      ],
      [
        704250.4886088069,
        3125718.475428843,
        0.0
      ],
      [
        704265.8053652784,
        3125715.85760027,
        0.0
      ],
      [
        704272.939543188,
        3125714.4087076723,
        0.0
      ],
      [
        704285.0119857424,
        3125716.7118717874,
        0.0
      ],
      [
        704298.4230889009,
        3125717.728400604,
        0.0
      ],
      [
        704306.5696350329,
        3125718.654366526,
        0.0
      ],
      [
        704317.7378406193,
        3125712.298127418,
        0.0
      ],
      [
        704325.7743555976,
        3125704.316392188,
        0.0
      ],
      [
        704332.1368891802,
        3125701.8065107204,
        0.0
      ],
      [
        704341.3228401521,
        3125703.5361942914,
        0.0
      ],
      [
        704350.8441169364,
        3125701.0806779517,
        0.0
      ],
      [
        704360.9279064466,
        3125696.5393590024,
        0.0
      ],
      [
        704369.6550020787,
        3125694.3321242905,
        0.0
      ],
      [
        704379.4845907097,
        3125689.262569558,
        0.0
      ],
      [
        704387.4400383702,
        3125685.994318797,
        0.0
      ],
      [
        704398.5046553242,
        3125685.660891062,
        0.0
      ],
      [
        704409.8685624842,
        3125683.2371323523,
        0.0
      ],
      [
        704413.594332867,
        3125680.9438363826,
        0.0
      ],
      [
        704411.7274023612,
        3125667.029046104,
        0.0
      ],
      [
        704414.2993051935,
        3125655.2861466487,
        0.0
      ],
      [
        704424.9456819245,
        3125648.659043604,
        0.0
      ],
      [
        704431.4074440079,
        3125640.388280519,
        0.0
      ],
      [
        704435.2098680262,
        3125633.6433595773,
        0.0
      ],
      [
        704441.5273844528,
        3125633.75211935,
        0.0
      ],
      [
        704460.6873283559,
        3125622.0328435544,
        0.0
      ],
      [
        704476.7426531314,
        3125607.1168648466,
        0.0
      ],
      [
        704489.0676952101,
        3125594.756038703,
        0.0
      ],
      [
        704499.3590639611,
        3125578.1691641067,
        0.0
      ],
      [
        704470.1893243804,
        3125528.9461197355,
        0.0
      ],
      [
        704408.6687265036,
        3125554.0810176176,
        0.0
      ],
      [
        704391.2467121382,
        3125526.0155408722,
        0.0
      ],
      [
        704384.3576081847,
        3125528.516374982,
        0.0
      ],
      [
        704362.8769854456,
        3125491.4750588574,
        0.0
      ],
      [
        704164.1240486184,
        3125595.975477591,
        0.0
      ]
    ]
  ]
}