{
  "code": "233775861",
  "epsg": 32639,
  "bbox_utm": {
    "minx": 703345.7832540106,
    "miny": 3124410.125826795,
    "maxx": 703924.6259067738,
    "maxy": 3124988.9684795584
  },
  "polygon_utm": [
    [
      [
        703676.7491357893,
        3124904.585728499,
        0.0
      ],
      [
        703684.6689385484,
        3124903.4117696756,
        0.0
      ],
      [
        703699.7188146017,
        3124901.050324203,
        0.0
      ],
      [
        703710.4094338209,
        3124899.530969505,
        0.0
      ],
      [
        703722.8178873587,
        3124897.648157254,
        0.0
      ],
      [
        703742.461099338,
        3124896.151399868,
        0.0
      ],
      [
        703751.9738652955,
        3124894.2189494846,
        0.0
      ],
      [
        703765.988760192,
        3124890.792020372,
        0.0
      ],
      [
        703781.0476612817,
        3124887.906921709,
        0.0
      ],
      [
        703789.0169110764,
        3124883.8523968197,
        0.0
      ],
      [
        703790.9045584105,
        3124881.265253598,
        0.0
      ],
      [
        703790.186705895,
        3124877.061691974,
        0.0
      ],
      [
        703785.8732642401,
        3124867.557382153,
        0.0
      ],
      [
        703776.3622784233,
        3124854.034602507,
        0.0
      ],
      [
        703768.2303945271,
        3124836.868122467,
        0.0
      ],
      [
        703753.4966254354,
        3124805.442854296,
        0.0
      ],
      [
        703739.9294232472,
        3124775.085357813,
        0.0
      ],
      [
        703727.3567555747,
        3124748.1502861776,
        0.0
      ],
      [
        703713.1673908352,
        3124717.42004428,
        0.0
      ],
      [
        703695.0911396896,
        3124725.5926882466,
        0.0
      ],
      [
        703677.7020766645,
        3124695.4315077155,
        0.0
      ],
      [
        703669.0389395196,
        3124678.517741169,
        0.0
      ],
      [
        703646.0108568444,
        3124639.3532631067,
        0.0
      ],
      [
        703604.4519511097,
        3124559.7913790755,
        0.0
      ],
      [
        703599.1390780822,
        3124547.126266336,
        0.0
      ],
      [
        703591.8577582963,
        3124541.7622867078,
        0.0
      ],
      [
        703588.0570640352,
        3124533.0524770888,
        0.0
      ],
      [
        703563.7300873727,
        3124492.8176343325,
        0.0
      ],
      [
        703557.8218337545,
        3124499.527379259,
        0.0
      ],
      [
        703552.1499181592,
        3124507.8129350054,
        0.0
      ],
      [
        703543.3279426077,
        3124515.520595927,
        0.0
      ],
      [
        703537.923784426,
        3124523.5487731937,
        0.0
      ],
      [
        703532.7963463361,
        3124530.795807957,
        0.0
      ],
      [
        703529.9708917986,
        3124542.0116732675,
        0.0
      ],
      [
        703528.4265398812,
        3124547.6173470723,
        0.0
      ],
      [
        703527.5799724311,
        3124558.6051397873,
        0.0
      ],
      [
        703527.5814880114,
        3124566.2019833587,
        0.0
      ],
      [
        703524.7739904474,
        3124576.3702876656,
        0.0
      ],
      [
        703522.4196991918,
        3124583.1408843216,
        0.0
      ],
      [
        703518.9076958696,
        3124588.3198922486,
        0.0
      ],
      [
        703513.5110338348,
        3124588.227440803,
        0.0
      ],
      [
        703509.2586291546,
        3124590.5122210532,
        0.0
      ],
      [
        703504.997253964,
        3124593.320765595,
        0.0
      ],
      [
        703499.272296007,
        3124597.021094255,
        0.0
      ],
      [
        703491.3897427189,
        3124603.6969863786,
        0.0
      ],
      [
        703479.5046023739,
        3124613.4478176865,
        0.0
      ],
      [
        703599.7409421154,
        3124773.205686598,
        0.0
      ],
      [
        703645.113027161,
        3124860.6901737037,
        0.0
      ],
      [
        703668.4254872694,
        3124906.2766720206,
        0.0
      ],
      [
        703676.7491357893,
        3124904.585728499,
        0.0
      ]
    ]
  ]
}