{
  "code": "233776266",
  "epsg": 32639,
  "bbox_utm": {
    "minx": 703251.41888651,
    "miny": 3124540.4114252958,
    "maxx": 703762.673633245,
    "maxy": 3125051.666172031
  },
  "polygon_utm": [
    [
      [
        703598.710997019,
        3124940.837929022,
        0.0
      ],
      [
        703636.4687760244,
        3124919.4812534084,
        0.0
      ],
      [
        703668.4254872694,
        3124906.2766720206,
        0.0
      ],
      [
        703645.113027161,
        3124860.6901737037,
        0.0
      ],
      [
        703599.7409421154,
        3124773.205686598,
        0.0
      ],
      [
        703479.5046023739,
        3124613.4478176865,
        0.0
      ],
      [
        703467.7062539487,
        3124625.819715164,
        0.0
      ],
      [
        703452.222421323,
        3124638.1284905165,
        0.0
      ],
      [
        703442.6736424129,
        3124642.156278159,
        0.0
      ],
      [
        703427.7612035284,
        3124651.8552791304,
        0.0
      ],
      [
        703416.6419125113,
        3124655.332273609,
        0.0
      ],
      [
        703402.2739487492,
        3124663.9927886035,
        0.0
      ],
      [
        703390.0030375338,
        3124673.213129593,
        0.0
      ],
      [
        703380.3825750852,
        3124681.431025575,
        0.0
      ],
      [
        703368.1251492081,
        3124689.865735002,
        0.0
      ],
      [
        703355.064544921,
        3124699.072568075,
        0.0
      ],
      [
        703346.5240207278,
        3124705.7372221365,
        0.0
      ],
      [
        703345.6670324857,
        3124709.651887827,
        0.0
      ],
      [
        703365.0719349874,
        3124760.5414101924,
        0.0
      ],
      [
        703377.8308049816,
        3124784.335735062,
        0.0
      ],
      [
        703391.9372424671,
        3124806.31942925,
        0.0
      ],
      [
        703405.1686865855,
        3124833.2652314613,
        0.0
      ],
      [
        703427.2158765814,
        3124868.220537884,
        0.0
      ],
      [
        703450.0226572908,
        3124889.567312325,
        0.0
      ],
      [
        703476.9964109038,
        3124913.604994897,
        0.0
      ],
      [
        703498.2056059799,
        3124935.972235036,
        0.0
      ],
      [
        703524.0543913936,
        3124964.1818857957,
        0.0
      ],
      [
        703541.7126277811,
        3124978.62977964,
        0.0
      ],
      [
        703598.710997019,
        3124940.837929022,
        0.0
      ]
    ]
  ]
}