{
  "code": "233731001",
  "epsg": 32639,
  "bbox_utm": {
    "minx": 645224.5109541176,
    "miny": 3188724.469771564,
    "maxx": 645506.6353635925,
    "maxy": 3189006.5941810394
  },
  "polygon_utm": [
    [
      [
        645352.251171524,
        3188796.273318574,
        0.0
      ],
      [
        645326.7250439022,
        3188827.7273997855,
        0.0
      ],
      [
        645299.0006486056,
        3188867.488031476,
        0.0
      ],
      [
        645270.2294516468,
        3188907.235466683,
        0.0
      ],
      [
        645285.2084791848,
        3188923.570459656,
        0.0
      ],
      [
        645321.5853846195,
        3188945.38242096,
        0.0
      ],
      [
        645368.9685360222,
        3188966.2906939713,
        0.0
      ],
      [
        645385.9161727498,
        3188950.8768062554,
        0.0
      ],
      [
        645394.1237391462,
        3188934.2122670976,
        0.0
      ],
      [
        645403.4141704342,
        3188915.349168651,
        0.0
      ],
      [
        645416.0024633502,
        3188889.7901123012,
        0.0
      ],
      [
        645443.8252162541,
        3188842.2177768648,
        0.0
      ],
      [
        645460.9168660633,
        3188815.346135989,
        0.0
      ],
      [
        645448.4574288989,
        3188806.855661516,
        0.0
      ],
      [
        645403.2656965163,
        3188778.160983131,
        0.0
      ],
      [
        645374.1129319238,
        3188764.773258632,
        0.0
      ],
      [
        645352.251171524,
        3188796.273318574,
        0.0
      ]
    ]
  ]
}