{
  "code": "233811266",
  "epsg": 32639,
  "bbox_utm": {
    "minx": 702544.7981470644,
    "miny": 3124808.0388036068,
    "maxx": 703477.4252953872,
    "maxy": 3125740.6659519286
  },
  "polygon_utm": [
    [
      [
        702895.5012295003,
        3124949.2375056357,
        0.0
      ],
      [
        702842.9664828215,
        3125003.3495089132,
        0.0
      ],
      [
        702797.155673616,
        3124941.271253367,
        0.0
      ],
      [
        702789.1779085109,
        3124945.850140878,
        0.0
      ],
      [
        702772.1247224543,
        3124957.6086777886,
        0.0
      ],
      [
        702766.3155032778,
        3124958.55730612,
        0.0
      ],
      [
        702757.8604490941,
        3124960.246619845,
        0.0
      ],
      [
        702748.8744428064,
        3124962.188825149,
        0.0
      ],
      [
        702737.3896371173,
        3124971.6849008724,
        0.0
      ],
      [
        702727.1450792144,
        3124985.6552691585,
        0.0
      ],
      [
        702730.6919101463,
        3124993.836201574,
        0.0
      ],
      [
        702736.9113793012,
        3124999.7052146792,
        0.0
      ],
      [
        702746.3523197396,
        3125001.9619440134,
        0.0
      ],
      [
        702754.1691066339,
        3125006.8104365026,
        0.0
      ],
      [
        702764.0605265077,
        3125013.527982955,
        0.0
      ],
      [
        702771.5604117735,
        3125021.514446332,
        0.0
      ],
      [
        702773.6479371468,
        3125038.052775728,
        0.0
      ],
      [
        702775.3475633784,
        3125046.4641026026,
        0.0
      ],
      [
        702777.6004918253,
        3125053.3131882288,
        0.0
      ],
      [
        702784.6319817516,
        3125057.886330808,
        0.0
      ],
      [
        702791.4002261126,
        3125062.454981834,
        0.0
      ],
      [
        702800.7829830563,
        3125068.116062619,
        0.0
      ],
      [
        702805.4497660586,
        3125072.3868917176,
        0.0
      ],
      [
        702805.8421062878,
        3125080.2519872566,
        0.0
      ],
      [
        702804.9048326733,
        3125088.8802138446,
        0.0
      ],
      [
        702808.9467548002,
        3125098.9031833857,
        0.0
      ],
      [
        702815.3801815312,
        3125107.6572534237,
        0.0
      ],
      [
        702823.4198642875,
        3125114.8670759657,
        0.0
      ],
      [
        702829.8085521567,
        3125126.239835422,
        0.0
      ],
      [
        702843.8892897732,
        3125134.338663406,
        0.0
      ],
      [
        702855.8283196557,
        3125144.496486969,
        0.0
      ],
      [
        702868.9985375266,
        3125159.6522984793,
        0.0
      ],
      [
        702877.0023687726,
        3125168.9570776317,
        0.0
      ],
      [
        702880.53114319,
        3125178.185414357,
        0.0
      ],
      [
        702889.0211679579,
        3125189.8559927205,
        0.0
      ],
      [
        702897.7609924575,
        3125202.3166667586,
        0.0
      ],
      [
        702905.7602976746,
        3125211.883303527,
        0.0
      ],
      [
        702910.9310907163,
        3125217.4724607635,
        0.0
      ],
      [
        702920.2241888902,
        3125228.370918377,
        0.0
      ],
      [
        702928.5001174264,
        3125237.1564493524,
        0.0
      ],
      [
        702934.9244296437,
        3125246.434229129,
        0.0
      ],
      [
        702944.2309064502,
        3125256.5470833094,
        0.0
      ],
      [
        702944.9311223074,
        3125261.7979053124,
        0.0
      ],
      [
        702930.2473168278,
        3125273.5963661755,
        0.0
      ],
      [
        702958.6125617139,
        3125308.6574267866,
        0.0
      ],
      [
        702983.4020076161,
        3125337.2397944015,
        0.0
      ],
      [
        703048.7534720366,
        3125411.3073551604,
        0.0
      ],
      [
        703122.5421728214,
        3125500.056768016,
        0.0
      ],
      [
        703213.3892129435,
        3125607.433502169,
        0.0
      ],
      [
        703295.0783632372,
        3125511.3911023536,
        0.0
      ],
      [
        703241.3928976381,
        3125448.13080009,
        0.0
      ],
      [
        703199.0919983228,
        3125396.590624374,
        0.0
      ],
      [
        703151.5797872538,
        3125341.817972225,
        0.0
      ],
      [
        703047.774102835,
        3125222.168621116,
        0.0
      ],
      [
        703027.1269602454,
        3125197.7168000964,
        0.0
      ],
      [
        703069.8270347388,
        3125164.3939680033,
        0.0
      ],
      [
        703061.0201939939,
        3125155.8611491416,
        0.0
      ],
      [
        703052.7487719799,
        3125146.8135943227,
        0.0
      ],
      [
        703041.871806995,
        3125136.1498236153,
        0.0
      ],
      [
        703033.0783545291,
        3125126.8314003716,
        0.0
      ],
      [
        703026.3818511132,
        3125118.072713782,
        0.0
      ],
      [
        703018.8956188277,
        3125109.300526838,
        0.0
      ],
      [
        703008.2863045946,
        3125098.3793880097,
        0.0
      ],
      [
        702998.2392556523,
        3125085.372286326,
        0.0
      ],
      [
        702986.367402884,
        3125071.286207401,
        0.0
      ],
      [
        702976.0839159109,
        3125056.703374994,
        0.0
      ],
      [
        702970.0875537259,
        3125053.1955901845,
        0.0
      ],
      [
        702965.9965216832,
        3125046.0531006884,
        0.0
      ],
      [
        702959.349142989,
        3125034.413816096,
        0.0
      ],
      [
        702952.1484208857,
        3125024.3367584124,
        0.0
      ],
      [
        702946.259419951,
        3125014.5440580077,
        0.0
      ],
      [
        702895.5012295003,
        3124949.2375056357,
        0.0
      ]
    ]
  ]
}