{
  "code": "233812854",
  "epsg": 32639,
  "bbox_utm": {
    "minx": 702215.0518598163,
    "miny": 3124896.8111937013,
    "maxx": 703149.0541436074,
    "maxy": 3125830.8134774924
  },
  "polygon_utm": [
    [
      [
        702775.6340594265,
        3125399.830492632,
        0.0
      ],
      [
        702614.3878334262,
        3125220.5301471124,
        0.0
      ],
      [
        702502.1969441945,
        3125098.1224602764,
        0.0
      ],
      [
        702482.0124977545,
        3125077.3465887695,
        0.0
      ],
      [
        702470.6531521236,
        3125064.0556479273,
        0.0
      ],
      [
        702469.8055318117,
        3125051.9916713224,
        0.0
      ],
      [
        702468.4225003312,
        3125040.442449497,
        0.0
      ],
      [
        702453.850651836,
        3125030.240091386,
        0.0
      ],
      [
        702440.6707688882,
        3125031.0632386636,
        0.0
      ],
      [
        702434.7634358831,
        3125037.7731720954,
        0.0
      ],
      [
        702414.1949830607,
        3125039.5182112786,
        0.0
      ],
      [
        702399.2214827967,
        3125052.884262221,
        0.0
      ],
      [
        702384.3997250929,
        3125057.3467356013,
        0.0
      ],
      [
        702463.4602305316,
        3125146.1838360727,
        0.0
      ],
      [
        702564.2830180045,
        3125255.82356313,
        0.0
      ],
      [
        702583.405129779,
        3125277.10507058,
        0.0
      ],
      [
        702569.4489104797,
        3125292.5835163677,
        0.0
      ],
      [
        702550.9331450663,
        3125297.50654902,
        0.0
      ],
      [
        702535.9419178492,
        3125311.9195865523,
        0.0
      ],
      [
        702545.2307909578,
        3125323.0795092136,
        0.0
      ],
      [
        702581.6455410911,
        3125364.8252122435,
        0.0
      ],
      [
        702597.3856100715,
        3125383.6914244094,
        0.0
      ],
      [
        702617.4978268857,
        3125408.656821112,
        0.0
      ],
      [
        702632.5597823095,
        3125420.9629870504,
        0.0
      ],
      [
        702652.2705133595,
        3125438.5872561927,
        0.0
      ],
      [
        702713.8201127492,
        3125504.074385864,
        0.0
      ],
      [
        702752.0629018513,
        3125546.637102429,
        0.0
      ],
      [
        702897.9920597553,
        3125697.384579808,
        0.0
      ],
      [
        702979.7062783309,
        3125628.611318557,
        0.0
      ],
      [
        702970.441716843,
        3125617.9469641405,
        0.0
      ],
      [
        702775.6340594265,
        3125399.830492632,
        0.0
      ]
    ]
  ]
}