{
  "code": "233812966",
  "epsg": 32639,
  "bbox_utm": {
    "minx": 702186.1299747628,
    "miny": 3124922.2808751455,
    "maxx": 702649.617655615,
    "maxy": 3125385.768555998
  },
  "polygon_utm": [
    [
      [
        702550.9331450663,
        3125297.50654902,
        0.0
      ],
      [
        702569.4489104797,
        3125292.5835163677,
        0.0
      ],
      [
        702583.405129779,
        3125277.10507058,
        0.0
      ],
      [
        702564.2830180045,
        3125255.82356313,
        0.0
      ],
      [
        702463.4602305316,
        3125146.1838360727,
        0.0
      ],
      [
        702384.3997250929,
        3125057.3467356013,
        0.0
      ],
      [
        702357.1744948108,
        3125078.8863232117,
        0.0
      ],
      [
        702338.6227495866,
        3125054.995152109,
        0.0
      ],
      [
        702339.8273838953,
        3125046.1095041544,
        0.0
      ],
      [
        702345.8952567161,
        3125029.9721941915,
        0.0
      ],
      [
        702344.0748416951,
        3125013.1765877353,
        0.0
      ],
      [
        702337.9622639434,
        3125001.0228929506,
        0.0
      ],
      [
        702327.5129122818,
        3124996.1298445906,
        0.0
      ],
      [
        702301.9117088412,
        3125015.0778672392,
        0.0
      ],
      [
        702284.4753836837,
        3125018.448162502,
        0.0
      ],
      [
        702269.6714757902,
        3125021.863308988,
        0.0
      ],
      [
        702277.3011153273,
        3125037.7100262204,
        0.0
      ],
      [
        702262.9612835265,
        3125044.8003225713,
        0.0
      ],
      [
        702252.3425005989,
        3125049.8584237364,
        0.0
      ],
      [
        702252.8425281482,
        3125082.3481968595,
        0.0
      ],
      [
        702266.7542009014,
        3125100.397362284,
        0.0
      ],
      [
        702272.349231917,
        3125112.0182149326,
        0.0
      ],
      [
        702278.6491183107,
        3125113.173282118,
        0.0
      ],
      [
        702287.4921898423,
        3125119.6105579473,
        0.0
      ],
      [
        702295.7017318147,
        3125132.3237118777,
        0.0
      ],
      [
        702302.9831933121,
        3125137.686617093,
        0.0
      ],
      [
        702319.1968949859,
        3125144.249450642,
        0.0
      ],
      [
        702321.2225049275,
        3125148.9989476646,
        0.0
      ],
      [
        702329.0839517184,
        3125151.2284162752,
        0.0
      ],
      [
        702338.4623664464,
        3125157.150946746,
        0.0
      ],
      [
        702347.3410651267,
        3125161.493306678,
        0.0
      ],
      [
        702356.2911422247,
        3125161.6457888274,
        0.0
      ],
      [
        702363.0728554551,
        3125165.4285454736,
        0.0
      ],
      [
        702367.1151076041,
        3125175.4512744886,
        0.0
      ],
      [
        702369.6047011759,
        3125183.875882148,
        0.0
      ],
      [
        702372.5761452966,
        3125194.928126,
        0.0
      ],
      [
        702379.8218383929,
        3125202.3859912697,
        0.0
      ],
      [
        702392.1448326389,
        3125220.931968822,
        0.0
      ],
      [
        702398.8283245212,
        3125230.475790856,
        0.0
      ],
      [
        702403.8163601529,
        3125246.80121045,
        0.0
      ],
      [
        702413.1500340531,
        3125255.3424194683,
        0.0
      ],
      [
        702424.643135766,
        3125260.7771349684,
        0.0
      ],
      [
        702436.1362276284,
        3125266.211859925,
        0.0
      ],
      [
        702453.4204851424,
        3125271.745310585,
        0.0
      ],
      [
        702466.4840376494,
        3125277.730715629,
        0.0
      ],
      [
        702474.2382345457,
        3125286.245031159,
        0.0
      ],
      [
        702480.0383325397,
        3125285.8200304136,
        0.0
      ],
      [
        702492.7629056362,
        3125280.7981448676,
        0.0
      ],
      [
        702503.3012398388,
        3125280.4539408814,
        0.0
      ],
      [
        702535.9419178492,
        3125311.9195865523,
        0.0
      ],
      [
        702550.9331450663,
        3125297.50654902,
        0.0
      ]
    ]
  ]
}