{
  "code": "233813349",
  "epsg": 32639,
  "bbox_utm": {
    "minx": 702538.2448221275,
    "miny": 3125419.62260382,
    "maxx": 703081.6193709054,
    "maxy": 3125962.997152599
  },
  "polygon_utm": [
    [
      [
        702652.2497656642,
        3125547.814696287,
        0.0
      ],
      [
        702615.8697576672,
        3125581.245556545,
        0.0
      ],
      [
        702621.522280922,
        3125589.4619882274,
        0.0
      ],
      [
        702648.1700808578,
        3125617.1579073933,
        0.0
      ],
      [
        702667.8268148025,
        3125637.924234778,
        0.0
      ],
      [
        702689.196927239,
        3125650.8617985575,
        0.0
      ],
      [
        702706.8371192298,
        3125666.3550558104,
        0.0
      ],
      [
        702728.6352448282,
        3125685.0625051926,
        0.0
      ],
      [
        702737.8968062063,
        3125697.79340725,
        0.0
      ],
      [
        702783.5538638133,
        3125737.862872594,
        0.0
      ],
      [
        702846.7609770866,
        3125798.662823616,
        0.0
      ],
      [
        702865.9443010221,
        3125816.277971813,
        0.0
      ],
      [
        702890.3651904678,
        3125835.5542027997,
        0.0
      ],
      [
        702900.6525042161,
        3125849.874205656,
        0.0
      ],
      [
        702910.3775496802,
        3125866.2800310296,
        0.0
      ],
      [
        702923.2433350947,
        3125883.7872352363,
        0.0
      ],
      [
        702954.2873471339,
        3125854.4578359104,
        0.0
      ],
      [
        702987.4193972105,
        3125826.2118483875,
        0.0
      ],
      [
        703003.9944353658,
        3125811.5651510158,
        0.0
      ],
      [
        702971.9186280544,
        3125778.0134874787,
        0.0
      ],
      [
        702897.9920597553,
        3125697.384579808,
        0.0
      ],
      [
        702752.0629018513,
        3125546.637102429,
        0.0
      ],
      [
        702713.8201127492,
        3125504.074385864,
        0.0
      ],
      [
        702708.8934245151,
        3125498.8325211825,
        0.0
      ],
      [
        702652.2497656642,
        3125547.814696287,
        0.0
      ]
    ]
  ]
}