{
  "code": "233812034",
  "epsg": 32639,
  "bbox_utm": {
    "minx": 702363.1582508992,
    "miny": 3124941.737954681,
    "maxx": 703152.0687619353,
    "maxy": 3125730.648465717
  },
  "polygon_utm": [
    [
      [
        702673.9239974534,
        3125218.9265184193,
        0.0
      ],
      [
        702675.825159629,
        3125200.0990373483,
        0.0
      ],
      [
        702678.7167143885,
        3125184.9556426373,
        0.0
      ],
      [
        702684.2764034172,
        3125167.762205982,
        0.0
      ],
      [
        702691.9777641741,
        3125148.509736618,
        0.0
      ],
      [
        702684.8126543332,
        3125136.337998904,
        0.0
      ],
      [
        702671.4191661336,
        3125118.8210684643,
        0.0
      ],
      [
        702658.9356145815,
        3125109.7019165386,
        0.0
      ],
      [
        702639.0634732485,
        3125101.504498151,
        0.0
      ],
      [
        702626.4815974004,
        3125098.1465005684,
        0.0
      ],
      [
        702620.3068059799,
        3125089.658897131,
        0.0
      ],
      [
        702608.8136078243,
        3125084.2239208673,
        0.0
      ],
      [
        702595.7052278756,
        3125080.8569723614,
        0.0
      ],
      [
        702572.6473262593,
        3125074.1769917645,
        0.0
      ],
      [
        702560.6901373316,
        3125065.0668975646,
        0.0
      ],
      [
        702551.9186066599,
        3125054.4394562575,
        0.0
      ],
      [
        702546.0022860798,
        3125061.6730656424,
        0.0
      ],
      [
        702502.1969441945,
        3125098.1224602764,
        0.0
      ],
      [
        702614.3878334262,
        3125220.530147113,
        0.0
      ],
      [
        702775.6340594265,
        3125399.830492632,
        0.0
      ],
      [
        702970.441716843,
        3125617.9469641405,
        0.0
      ],
      [
        703013.0300686401,
        3125585.583420014,
        0.0
      ],
      [
        702935.1217122203,
        3125496.8526088214,
        0.0
      ],
      [
        702673.9239974534,
        3125218.9265184193,
        0.0
      ]
    ]
  ]
}