{
  "code": "233815154",
  "epsg": 32639,
  "bbox_utm": {
    "minx": 702099.3933373805,
    "miny": 3125288.994910872,
    "maxx": 702690.6125207889,
    "maxy": 3125880.21409428
  },
  "polygon_utm": [
    [
      [
        702589.4915826658,
        3125661.209337393,
        0.0
      ],
      [
        702599.6371625997,
        3125653.000555884,
        0.0
      ],
      [
        702602.9075767573,
        3125646.508011688,
        0.0
      ],
      [
        702569.2642724067,
        3125612.1445742506,
        0.0
      ],
      [
        702606.1526374449,
        3125579.7700923365,
        0.0
      ],
      [
        702569.4084535206,
        3125541.94841088,
        0.0
      ],
      [
        702548.1630769653,
        3125521.6788881966,
        0.0
      ],
      [
        702533.127973275,
        3125507.8017668203,
        0.0
      ],
      [
        702522.5719746087,
        3125509.1933641275,
        0.0
      ],
      [
        702517.3252352311,
        3125508.05614348,
        0.0
      ],
      [
        702508.0275648097,
        3125497.420126691,
        0.0
      ],
      [
        702502.852262429,
        3125492.0931408494,
        0.0
      ],
      [
        702492.938805658,
        3125486.6853644447,
        0.0
      ],
      [
        702485.41674012,
        3125480.008682888,
        0.0
      ],
      [
        702478.1623616505,
        3125473.074629888,
        0.0
      ],
      [
        702473.0450740041,
        3125464.3434516685,
        0.0
      ],
      [
        702465.041164015,
        3125455.0391822234,
        0.0
      ],
      [
        702456.2296907199,
        3125446.7688962086,
        0.0
      ],
      [
        702449.2027947631,
        3125441.93422622,
        0.0
      ],
      [
        702432.9002982207,
        3125440.6085780133,
        0.0
      ],
      [
        702419.6896281826,
        3125443.2647175663,
        0.0
      ],
      [
        702407.518501342,
        3125446.724401053,
        0.0
      ],
      [
        702391.4480036922,
        3125447.2363275234,
        0.0
      ],
      [
        702379.0493593514,
        3125448.596660103,
        0.0
      ],
      [
        702365.1248769165,
        3125446.7877543885,
        0.0
      ],
      [
        702348.0282309982,
        3125445.7106285766,
        0.0
      ],
      [
        702334.61236007,
        3125444.958175107,
        0.0
      ],
      [
        702315.093098856,
        3125446.9830723307,
        0.0
      ],
      [
        702295.1098322525,
        3125445.332972771,
        0.0
      ],
      [
        702279.7665996107,
        3125449.5245614164,
        0.0
      ],
      [
        702261.5991956859,
        3125449.4770717095,
        0.0
      ],
      [
        702248.8615356069,
        3125455.28469661,
        0.0
      ],
      [
        702227.2366146769,
        3125472.728150493,
        0.0
      ],
      [
        702183.8532207246,
        3125515.4708825704,
        0.0
      ],
      [
        702317.1545997038,
        3125665.995925545,
        0.0
      ],
      [
        702332.0915872235,
        3125654.7253751494,
        0.0
      ],
      [
        702391.4465505918,
        3125725.410839241,
        0.0
      ],
      [
        702453.8894662014,
        3125676.708156034,
        0.0
      ],
      [
        702501.7155667503,
        3125728.6004271386,
        0.0
      ],
      [
        702589.4915826658,
        3125661.209337393,
        0.0
      ]
    ]
  ]
}