{
  "code": "233811059",
  "epsg": 32639,
  "bbox_utm": {
    "minx": 702909.3023676075,
    "miny": 3124983.935223097,
    "maxx": 703524.6675600737,
    "maxy": 3125599.3004155625
  },
  "polygon_utm": [
    [
      [
        703294.7027579036,
        3125071.8445363063,
        0.0
      ],
      [
        703281.9954907789,
        3125075.8182105194,
        0.0
      ],
      [
        703257.5174326735,
        3125090.592247241,
        0.0
      ],
      [
        703241.6692417893,
        3125093.46441763,
        0.0
      ],
      [
        703226.2131213181,
        3125104.201722932,
        0.0
      ],
      [
        703208.2500793866,
        3125107.5616402687,
        0.0
      ],
      [
        703191.5192038231,
        3125100.4647935685,
        0.0
      ],
      [
        703181.0702365646,
        3125095.571002016,
        0.0
      ],
      [
        703159.9214445156,
        3125100.448179279,
        0.0
      ],
      [
        703144.0150753538,
        3125106.7247848487,
        0.0
      ],
      [
        703106.7540021255,
        3125129.9246672043,
        0.0
      ],
      [
        703069.8270347388,
        3125164.3939680033,
        0.0
      ],
      [
        703027.1269602454,
        3125197.7168000964,
        0.0
      ],
      [
        703047.7741028343,
        3125222.168621116,
        0.0
      ],
      [
        703151.5797872538,
        3125341.817972225,
        0.0
      ],
      [
        703199.0919983228,
        3125396.590624374,
        0.0
      ],
      [
        703241.3928976381,
        3125448.13080009,
        0.0
      ],
      [
        703295.0783632372,
        3125511.3911023536,
        0.0
      ],
      [
        703310.6775083113,
        3125492.27471207,
        0.0
      ],
      [
        703329.4892868657,
        3125470.0700427154,
        0.0
      ],
      [
        703345.6060373005,
        3125451.4863632545,
        0.0
      ],
      [
        703363.2842984402,
        3125433.977170802,
        0.0
      ],
      [
        703378.8388078803,
        3125417.4793660124,
        0.0
      ],
      [
        703393.3314563483,
        3125401.4872506177,
        0.0
      ],
      [
        703404.3662221283,
        3125387.5314326365,
        0.0
      ],
      [
        703406.8429674356,
        3125381.2872661334,
        0.0
      ],
      [
        703282.8751330446,
        3125239.811310516,
        0.0
      ],
      [
        703371.7068959107,
        3125162.121029728,
        0.0
      ],
      [
        703344.2228131342,
        3125132.41614723,
        0.0
      ],
      [
        703342.2334610324,
        3125125.571479889,
        0.0
      ],
      [
        703294.7027579036,
        3125071.8445363063,
        0.0
      ]
    ]
  ]
}