{
  "code": "233984560",
  "epsg": 32639,
  "bbox_utm": {
    "minx": 702691.6156985736,
    "miny": 3126268.554380196,
    "maxx": 702994.3855438118,
    "maxy": 3126571.324225434
  },
  "polygon_utm": [
    [
      [
        702783.7893377305,
        3126510.2798486864,
        0.0
      ],
      [
        702782.6157416134,
        3126517.331511689,
        0.0
      ],
      [
        702782.6955678961,
        3126528.0713904,
        0.0
      ],
      [
        702790.3912155374,
        3126524.536040995,
        0.0
      ],
      [
        702794.9149530573,
        3126521.7322540823,
        0.0
      ],
      [
        702804.4530654073,
        3126518.2283861325,
        0.0
      ],
      [
        702822.4317396054,
        3126513.8210696164,
        0.0
      ],
      [
        702840.3835852138,
        3126510.984811352,
        0.0
      ],
      [
        702853.615587911,
        3126507.0202638074,
        0.0
      ],
      [
        702862.1814388296,
        3126498.7853398686,
        0.0
      ],
      [
        702867.071327923,
        3126489.9637649157,
        0.0
      ],
      [
        702877.8055188418,
        3126478.099067282,
        0.0
      ],
      [
        702887.4779437559,
        3126466.740052407,
        0.0
      ],
      [
        702913.0324728852,
        3126450.414151854,
        0.0
      ],
      [
        702925.2833448774,
        3126442.2422134974,
        0.0
      ],
      [
        702934.982700468,
        3126429.3121527256,
        0.0
      ],
      [
        702922.1623401882,
        3126409.187272242,
        0.0
      ],
      [
        702914.5882546642,
        3126390.1997180213,
        0.0
      ],
      [
        702903.4902889963,
        3126361.722841504,
        0.0
      ],
      [
        702888.2077178613,
        3126331.6028824975,
        0.0
      ],
      [
        702879.3308808431,
        3126311.80721523,
        0.0
      ],
      [
        702751.0185419174,
        3126389.4999995427,
        0.0
      ],
      [
        702758.7846008535,
        3126401.9431836116,
        0.0
      ],
      [
        702764.9272400248,
        3126412.262878405,
        0.0
      ],
      [
        702780.2770804925,
        3126438.4548547054,
        0.0
      ],
      [
        702785.8172254671,
        3126453.216822797,
        0.0
      ],
      [
        702789.1756445271,
        3126472.394082522,
        0.0
      ],
      [
        702787.064814972,
        3126488.0729813213,
        0.0
      ],
      [
        702779.7211305327,
        3126501.829064732,
        0.0
      ],
      [
        702783.7893377305,
        3126510.2798486864,
        0.0
      ]
    ]
  ]
}