{
  "code": "233998295",
  "epsg": 32639,
  "bbox_utm": {
    "minx": 702684.594250936,
    "miny": 3135241.72102864,
    "maxx": 703642.4636295837,
    "maxy": 3136199.5904072877
  },
  "polygon_utm": [
    [
      [
        703119.9190217515,
        3135483.0339281796,
        0.0
      ],
      [
        703212.2654761346,
        3135620.713562048,
        0.0
      ],
      [
        702890.5586308202,
        3135940.239976952,
        0.0
      ],
      [
        702924.4486473994,
        3135988.9758192166,
        0.0
      ],
      [
        702957.3761714308,
        3136032.4609142155,
        0.0
      ],
      [
        702979.5998708903,
        3136062.7519246237,
        0.0
      ],
      [
        702996.6012195421,
        3136046.219398538,
        0.0
      ],
      [
        703109.962709011,
        3135940.3412551335,
        0.0
      ],
      [
        703436.4992496994,
        3135676.910793335,
        0.0
      ],
      [
        703367.6602999269,
        3135518.696252716,
        0.0
      ],
      [
        703254.3096827646,
        3135378.559511304,
        0.0
      ],
      [
        703119.9190217515,
        3135483.0339281796,
        0.0
      ]
    ]
  ]
}