{
  "code": "233998309",
  "epsg": 32639,
  "bbox_utm": {
    "minx": 703253.4002632407,
    "miny": 3135911.5935711707,
    "maxx": 703961.7638565154,
    "maxy": 3136619.9571644445
  },
  "polygon_utm": [
    [
      [
        703492.4912921599,
        3136092.425983694,
        0.0
      ],
      [
        703547.245447676,
        3136212.706253105,
        0.0
      ],
      [
        703440.9319580419,
        3136275.7798440345,
        0.0
      ],
      [
        703533.556130083,
        3136396.7097140215,
        0.0
      ],
      [
        703530.5157361076,
        3136451.0911085224,
        0.0
      ],
      [
        703582.0686065461,
        3136512.692664242,
        0.0
      ],
      [
        703691.3991660369,
        3136518.762365406,
        0.0
      ],
      [
        703744.9340713534,
        3136465.251034513,
        0.0
      ],
      [
        703774.2321617142,
        3136352.700802933,
        0.0
      ],
      [
        703674.6357807314,
        3136147.9024352035,
        0.0
      ],
      [
        703609.6148023956,
        3136012.7883702097,
        0.0
      ],
      [
        703492.4912921599,
        3136092.425983694,
        0.0
      ]
    ]
  ]
}