{
  "code": "233995821",
  "epsg": 32639,
  "bbox_utm": {
    "minx": 704074.1879366145,
    "miny": 3135582.199888266,
    "maxx": 704732.1654066637,
    "maxy": 3136240.177358316
  },
  "polygon_utm": [
    [
      [
        704246.9659189433,
        3135697.6802383796,
        0.0
      ],
      [
        704260.9082121849,
        3135743.4597922834,
        0.0
      ],
      [
        704285.0252667738,
        3135778.9462540513,
        0.0
      ],
      [
        704308.2618678005,
        3135804.4722745414,
        0.0
      ],
      [
        704316.806335938,
        3135827.6508080373,
        0.0
      ],
      [
        704319.8737994045,
        3135863.2970057447,
        0.0
      ],
      [
        704320.918565677,
        3135894.1973159416,
        0.0
      ],
      [
        704331.5036713332,
        3135921.074927496,
        0.0
      ],
      [
        704363.8372534945,
        3135968.218354338,
        0.0
      ],
      [
        704388.9150894363,
        3136008.9552623327,
        0.0
      ],
      [
        704422.8080921441,
        3136057.172335674,
        0.0
      ],
      [
        704439.6866578233,
        3136085.205319825,
        0.0
      ],
      [
        704460.1023819607,
        3136121.6741050826,
        0.0
      ],
      [
        704484.933973108,
        3136146.18057688,
        0.0
      ],
      [
        704529.3888203313,
        3136131.2466591923,
        0.0
      ],
      [
        704555.8513903095,
        3136122.2827370535,
        0.0
      ],
      [
        704559.3874243348,
        3136100.360288696,
        0.0
      ],
      [
        704488.2474573927,
        3136015.382838697,
        0.0
      ],
      [
        704440.3229061284,
        3135926.619099247,
        0.0
      ],
      [
        704504.1126430029,
        3135888.988080281,
        0.0
      ],
      [
        704486.0991112409,
        3135835.2868561456,
        0.0
      ],
      [
        704494.5486734174,
        3135772.6210533665,
        0.0
      ],
      [
        704455.3164810687,
        3135789.7396643907,
        0.0
      ],
      [
        704406.1790848369,
        3135771.093803883,
        0.0
      ],
      [
        704389.9073160144,
        3135738.3597550793,
        0.0
      ],
      [
        704327.1113958964,
        3135718.431330204,
        0.0
      ],
      [
        704262.3738689552,
        3135689.0478513697,
        0.0
      ],
      [
        704249.237535432,
        3135676.196669702,
        0.0
      ],
      [
        704246.9659189433,
        3135697.6802383796,
        0.0
      ]
    ]
  ]
}