{
  "code": "233977261",
  "epsg": 32639,
  "bbox_utm": {
    "minx": 701517.2564534623,
    "miny": 3126206.4103538822,
    "maxx": 702013.9963351268,
    "maxy": 3126703.1502355468
  },
  "polygon_utm": [
    [
      [
        701696.0393102461,
        3126548.583850153,
        0.0
      ],
      [
        701747.3264000972,
        3126598.1709512416,
        0.0
      ],
      [
        701746.4795920345,
        3126617.014153276,
        0.0
      ],
      [
        701762.5261658083,
        3126617.8107031747,
        0.0
      ],
      [
        701787.1199077193,
        3126611.419056907,
        0.0
      ],
      [
        701816.3484161622,
        3126595.677443483,
        0.0
      ],
      [
        701858.2642963352,
        3126577.0086675347,
        0.0
      ],
      [
        701883.6745224157,
        3126569.059597672,
        0.0
      ],
      [
        701906.961324868,
        3126562.12210661,
        0.0
      ],
      [
        701924.4576234496,
        3126555.086156997,
        0.0
      ],
      [
        701943.033494889,
        3126546.497115693,
        0.0
      ],
      [
        701919.7724822941,
        3126520.9577874034,
        0.0
      ],
      [
        701903.4892846642,
        3126518.585526092,
        0.0
      ],
      [
        701891.6400450438,
        3126503.1930217408,
        0.0
      ],
      [
        701873.3224042676,
        3126496.5955832223,
        0.0
      ],
      [
        701838.3197347545,
        3126480.2855761345,
        0.0
      ],
      [
        701804.9051252137,
        3126463.478826083,
        0.0
      ],
      [
        701772.0791476301,
        3126443.01535509,
        0.0
      ],
      [
        701749.3706900987,
        3126415.9140934125,
        0.0
      ],
      [
        701726.2068962804,
        3126384.6144337384,
        0.0
      ],
      [
        701706.8880768698,
        3126343.951078831,
        0.0
      ],
      [
        701687.5884335693,
        3126333.14651746,
        0.0
      ],
      [
        701672.4289641409,
        3126326.6029829825,
        0.0
      ],
      [
        701653.0669989366,
        3126319.4642489646,
        0.0
      ],
      [
        701645.8483023981,
        3126310.436452716,
        0.0
      ],
      [
        701631.8572523019,
        3126297.1029534796,
        0.0
      ],
      [
        701625.102692695,
        3126291.749886255,
        0.0
      ],
      [
        701588.2192937001,
        3126324.1251220754,
        0.0
      ],
      [
        701592.6814220338,
        3126340.439726332,
        0.0
      ],
      [
        701598.4649062624,
        3126371.9678785666,
        0.0
      ],
      [
        701632.1056885639,
        3126437.4941619025,
        0.0
      ],
      [
        701628.7781965828,
        3126447.3903927905,
        0.0
      ],
      [
        701651.7908750325,
        3126487.5921803825,
        0.0
      ],
      [
        701647.1071498933,
        3126502.8947437205,
        0.0
      ],
      [
        701690.3110606833,
        3126544.8197533675,
        0.0
      ],
      [
        701696.0393102461,
        3126548.583850153,
        0.0
      ]
    ]
  ]
}