{
  "code": "233997689",
  "epsg": 32639,
  "bbox_utm": {
    "minx": 702166.1753588407,
    "miny": 3136555.766681511,
    "maxx": 702667.0435412254,
    "maxy": 3137056.6348638963
  },
  "polygon_utm": [
    [
      [
        702406.533654997,
        3136645.3454148914,
        0.0
      ],
      [
        702333.4133337401,
        3136675.497302339,
        0.0
      ],
      [
        702289.9084014591,
        3136696.7351854322,
        0.0
      ],
      [
        702314.0804213899,
        3136759.9546301533,
        0.0
      ],
      [
        702327.8941618077,
        3136813.5757593066,
        0.0
      ],
      [
        702340.7274739421,
        3136862.992884235,
        0.0
      ],
      [
        702347.4282955236,
        3136901.8373846007,
        0.0
      ],
      [
        702362.8487378312,
        3136923.036269424,
        0.0
      ],
      [
        702357.1773271832,
        3136947.014413821,
        0.0
      ],
      [
        702379.6744356307,
        3136985.0822664127,
        0.0
      ],
      [
        702409.1455507464,
        3136984.5399697013,
        0.0
      ],
      [
        702449.5298375405,
        3136961.1561911707,
        0.0
      ],
      [
        702480.3396343268,
        3136943.88902627,
        0.0
      ],
      [
        702504.0495627155,
        3136972.557220975,
        0.0
      ],
      [
        702543.310498607,
        3136953.34147118,
        0.0
      ],
      [
        702529.748848378,
        3136885.0703858496,
        0.0
      ],
      [
        702507.0065001225,
        3136799.893554542,
        0.0
      ],
      [
        702496.5052481352,
        3136798.666964518,
        0.0
      ],
      [
        702472.7821953339,
        3136709.285755604,
        0.0
      ],
      [
        702454.1929963568,
        3136627.319278995,
        0.0
      ],
      [
        702406.533654997,
        3136645.3454148914,
        0.0
      ]
    ]
  ]
}