{
  "code": "233998279",
  "epsg": 32639,
  "bbox_utm": {
    "minx": 702373.9660119731,
    "miny": 3135825.187307579,
    "maxx": 703179.3346975846,
    "maxy": 3136630.5559931905
  },
  "polygon_utm": [
    [
      [
        702866.5183885169,
        3136452.244421002,
        0.0
      ],
      [
        702844.9838425432,
        3136419.4243940916,
        0.0
      ],
      [
        702761.785031971,
        3136300.7559662294,
        0.0
      ],
      [
        702802.746539354,
        3136243.883733447,
        0.0
      ],
      [
        702904.5685405196,
        3136135.714220251,
        0.0
      ],
      [
        702979.5998708903,
        3136062.7519246237,
        0.0
      ],
      [
        702957.3761714308,
        3136032.4609142155,
        0.0
      ],
      [
        702924.4486473994,
        3135988.9758192166,
        0.0
      ],
      [
        702890.5586308202,
        3135940.239976952,
        0.0
      ],
      [
        702838.0058997883,
        3135997.9615496835,
        0.0
      ],
      [
        702790.1786384828,
        3136056.287456592,
        0.0
      ],
      [
        702745.5615933777,
        3136111.527784771,
        0.0
      ],
      [
        702714.8627567207,
        3136152.874465291,
        0.0
      ],
      [
        702683.325834899,
        3136197.0854429007,
        0.0
      ],
      [
        702674.164405979,
        3136209.7519330336,
        0.0
      ],
      [
        702644.7675722651,
        3136251.905827143,
        0.0
      ],
      [
        702620.399138907,
        3136292.3138575554,
        0.0
      ],
      [
        702603.293641886,
        3136315.704795198,
        0.0
      ],
      [
        702597.5340375595,
        3136321.756106446,
        0.0
      ],
      [
        702576.9044573146,
        3136351.2366062617,
        0.0
      ],
      [
        702573.7008386673,
        3136361.6497373935,
        0.0
      ],
      [
        702576.7088318655,
        3136370.33735323,
        0.0
      ],
      [
        702584.5574650608,
        3136380.5472250506,
        0.0
      ],
      [
        702589.2300560164,
        3136391.8803378097,
        0.0
      ],
      [
        702612.5352585556,
        3136421.1973063187,
        0.0
      ],
      [
        702623.6173843826,
        3136434.6029436276,
        0.0
      ],
      [
        702636.4223497165,
        3136447.2530024634,
        0.0
      ],
      [
        702651.6785943415,
        3136462.6928950157,
        0.0
      ],
      [
        702663.2440195617,
        3136478.592939297,
        0.0
      ],
      [
        702683.6343728895,
        3136501.448341401,
        0.0
      ],
      [
        702709.6998105024,
        3136515.503323817,
        0.0
      ],
      [
        702835.6887789632,
        3136470.557915442,
        0.0
      ],
      [
        702866.5183885169,
        3136452.244421002,
        0.0
      ]
    ]
  ]
}