{
  "code": "233997919",
  "epsg": 32639,
  "bbox_utm": {
    "minx": 702467.0255102661,
    "miny": 3136432.7607655087,
    "maxx": 703046.223418421,
    "maxy": 3137011.9586736644
  },
  "polygon_utm": [
    [
      [
        702612.843462025,
        3136579.790962217,
        0.0
      ],
      [
        702638.0480946092,
        3136644.0762907634,
        0.0
      ],
      [
        702653.1276930873,
        3136685.1588737383,
        0.0
      ],
      [
        702689.7415656802,
        3136759.06021154,
        0.0
      ],
      [
        702703.9303357727,
        3136790.7063595816,
        0.0
      ],
      [
        702723.4683051752,
        3136817.2103456273,
        0.0
      ],
      [
        702745.0382467385,
        3136847.93618765,
        0.0
      ],
      [
        702751.9530825128,
        3136874.2236871445,
        0.0
      ],
      [
        702784.6810889384,
        3136929.2161153564,
        0.0
      ],
      [
        702844.5033897895,
        3136876.8576895064,
        0.0
      ],
      [
        702904.4160042723,
        3136819.26702556,
        0.0
      ],
      [
        702861.2228182574,
        3136760.9539054562,
        0.0
      ],
      [
        702802.6989372815,
        3136676.2084515905,
        0.0
      ],
      [
        702753.5519205702,
        3136596.857427712,
        0.0
      ],
      [
        702709.6998105024,
        3136515.503323817,
        0.0
      ],
      [
        702672.6307165737,
        3136529.523019097,
        0.0
      ],
      [
        702608.8329244148,
        3136568.207655745,
        0.0
      ],
      [
        702612.843462025,
        3136579.790962217,
        0.0
      ]
    ]
  ]
}