{
  "code": "233975931",
  "epsg": 32639,
  "bbox_utm": {
    "minx": 701448.9394532526,
    "miny": 3126415.2554041473,
    "maxx": 701740.0914642471,
    "maxy": 3126706.4074151423
  },
  "polygon_utm": [
    [
      [
        701593.6004005324,
        3126658.417794823,
        0.0
      ],
      [
        701627.4772252777,
        3126647.992954357,
        0.0
      ],
      [
        701598.8593807973,
        3126565.7907475177,
        0.0
      ],
      [
        701690.3110606833,
        3126544.8197533675,
        0.0
      ],
      [
        701599.656338929,
        3126456.8485485753,
        0.0
      ],
      [
        701571.409525574,
        3126476.7981669744,
        0.0
      ],
      [
        701543.0720369564,
        3126471.078767495,
        0.0
      ],
      [
        701530.9644939619,
        3126470.8732202183,
        0.0
      ],
      [
        701498.7198568162,
        3126478.1832725406,
        0.0
      ],
      [
        701530.9631560257,
        3126595.0195845915,
        0.0
      ],
      [
        701552.6348555174,
        3126590.1493075555,
        0.0
      ],
      [
        701558.9695548407,
        3126589.209221185,
        0.0
      ],
      [
        701577.7086360109,
        3126633.0045737326,
        0.0
      ],
      [
        701576.9776995128,
        3126645.040021199,
        0.0
      ],
      [
        701542.6278614745,
        3126652.314058464,
        0.0
      ],
      [
        701541.4594643855,
        3126659.103869442,
        0.0
      ],
      [
        701569.2700917729,
        3126664.8142707143,
        0.0
      ],
      [
        701593.6004005324,
        3126658.417794823,
        0.0
      ]
    ]
  ]
}