{
  "code": "233975975",
  "epsg": 32639,
  "bbox_utm": {
    "minx": 701384.7426705253,
    "miny": 3126430.5590874464,
    "maxx": 701651.3782495202,
    "maxy": 3126697.194666441
  },
  "polygon_utm": [
    [
      [
        701542.6278614745,
        3126652.314058464,
        0.0
      ],
      [
        701576.9776995128,
        3126645.040021199,
        0.0
      ],
      [
        701577.7086360109,
        3126633.004573733,
        0.0
      ],
      [
        701558.9695548407,
        3126589.209221185,
        0.0
      ],
      [
        701552.6348555174,
        3126590.1493075555,
        0.0
      ],
      [
        701530.9631560257,
        3126595.0195845915,
        0.0
      ],
      [
        701498.7198568162,
        3126478.1832725406,
        0.0
      ],
      [
        701492.5628738978,
        3126468.6498844456,
        0.0
      ],
      [
        701485.6394875811,
        3126473.246817993,
        0.0
      ],
      [
        701476.9946598025,
        3126486.1957599157,
        0.0
      ],
      [
        701465.6733464923,
        3126501.718397411,
        0.0
      ],
      [
        701458.4122840347,
        3126526.2149449238,
        0.0
      ],
      [
        701461.679471218,
        3126550.8901140606,
        0.0
      ],
      [
        701472.8516801586,
        3126575.175574288,
        0.0
      ],
      [
        701480.7498393168,
        3126606.215104879,
        0.0
      ],
      [
        701485.4895069824,
        3126637.20095327,
        0.0
      ],
      [
        701489.3896614937,
        3126655.600828893,
        0.0
      ],
      [
        701508.3047414119,
        3126658.017183621,
        0.0
      ],
      [
        701541.4594643855,
        3126659.103869442,
        0.0
      ],
      [
        701542.6278614745,
        3126652.314058464,
        0.0
      ]
    ]
  ]
}