{
  "code": "233979016",
  "epsg": 32639,
  "bbox_utm": {
    "minx": 701701.5758923001,
    "miny": 3126432.986633593,
    "maxx": 702170.0429711279,
    "maxy": 3126901.4537124205
  },
  "polygon_utm": [
    [
      [
        701876.0761308623,
        3126675.2662327895,
        0.0
      ],
      [
        701916.8240910231,
        3126694.2929669255,
        0.0
      ],
      [
        701983.669425698,
        3126726.8593184277,
        0.0
      ],
      [
        702031.6351950841,
        3126754.9141071863,
        0.0
      ],
      [
        702082.7680778953,
        3126782.4991480256,
        0.0
      ],
      [
        702087.1895130996,
        3126785.705250823,
        0.0
      ],
      [
        702092.0247004621,
        3126780.0376637257,
        0.0
      ],
      [
        702102.4232938453,
        3126772.357467148,
        0.0
      ],
      [
        702103.1191027239,
        3126762.4167997884,
        0.0
      ],
      [
        702092.2875197827,
        3126749.13695732,
        0.0
      ],
      [
        702075.2816936427,
        3126727.37091362,
        0.0
      ],
      [
        702064.6015887723,
        3126705.1887208,
        0.0
      ],
      [
        702052.8597142054,
        3126683.512247318,
        0.0
      ],
      [
        702029.1351919025,
        3126654.298312061,
        0.0
      ],
      [
        702002.2788290768,
        3126623.4596020887,
        0.0
      ],
      [
        701973.9767423243,
        3126584.7389313667,
        0.0
      ],
      [
        701951.4204617218,
        3126548.7350951913,
        0.0
      ],
      [
        701931.7828543658,
        3126557.8298862404,
        0.0
      ],
      [
        701915.3037488714,
        3126566.9784233677,
        0.0
      ],
      [
        701889.9202106895,
        3126573.356411038,
        0.0
      ],
      [
        701870.336129439,
        3126579.3092447193,
        0.0
      ],
      [
        701845.3900165774,
        3126590.9329877873,
        0.0
      ],
      [
        701792.83919444,
        3126615.7068548226,
        0.0
      ],
      [
        701768.4997607041,
        3126622.626630482,
        0.0
      ],
      [
        701805.0545927997,
        3126640.5341191706,
        0.0
      ],
      [
        701841.0829138237,
        3126658.4327511634,
        0.0
      ],
      [
        701876.0761308623,
        3126675.2662327895,
        0.0
      ]
    ]
  ]
}