{
  "code": "234058170",
  "epsg": 32639,
  "bbox_utm": {
    "minx": 703191.2424951204,
    "miny": 3125338.3632217026,
    "maxx": 703688.1652080558,
    "maxy": 3125835.2859346378
  },
  "polygon_utm": [
    [
      [
        703412.1154802425,
        3125688.3686905117,
        0.0
      ],
      [
        703471.3745121586,
        3125764.296975647,
        0.0
      ],
      [
        703488.4722437005,
        3125749.9217032865,
        0.0
      ],
      [
        703506.4972680307,
        3125742.89646588,
        0.0
      ],
      [
        703527.7438656667,
        3125732.2593937386,
        0.0
      ],
      [
        703543.2444001404,
        3125718.904512355,
        0.0
      ],
      [
        703559.8427661218,
        3125702.9491078537,
        0.0
      ],
      [
        703570.0429142666,
        3125691.598841707,
        0.0
      ],
      [
        703573.3812058645,
        3125681.178676194,
        0.0
      ],
      [
        703588.2566361896,
        3125673.5756443865,
        0.0
      ],
      [
        703523.4221776181,
        3125584.9776547602,
        0.0
      ],
      [
        703485.7713724836,
        3125538.7553390646,
        0.0
      ],
      [
        703393.7233815445,
        3125409.3521806933,
        0.0
      ],
      [
        703353.9936042676,
        3125453.7254978325,
        0.0
      ],
      [
        703337.3862472854,
        3125470.205250923,
        0.0
      ],
      [
        703316.4506686428,
        3125493.42130283,
        0.0
      ],
      [
        703291.1510669865,
        3125525.4685211666,
        0.0
      ],
      [
        703412.1154802425,
        3125688.3686905117,
        0.0
      ]
    ]
  ]
}