{
  "code": "234031261",
  "epsg": 32639,
  "bbox_utm": {
    "minx": 684663.3602472341,
    "miny": 3147383.1536648176,
    "maxx": 685605.6678547792,
    "maxy": 3148325.461272363
  },
  "polygon_utm": [
    [
      [
        684968.9002000791,
        3147719.676799859,
        0.0
      ],
      [
        684990.1184000801,
        3147766.8976998585,
        0.0
      ],
      [
        685013.41680008,
        3147812.4543998586,
        0.0
      ],
      [
        685035.2591000791,
        3147849.898299857,
        0.0
      ],
      [
        685046.7003000802,
        3147873.820799859,
        0.0
      ],
      [
        685052.9409000807,
        3147887.1341998572,
        0.0
      ],
      [
        685062.9260000789,
        3147919.377599858,
        0.0
      ],
      [
        685069.79070008,
        3147937.4754998577,
        0.0
      ],
      [
        685082.8961000792,
        3147972.2150998563,
        0.0
      ],
      [
        685088.5126000787,
        3147983.6562998584,
        0.0
      ],
      [
        685112.0191000794,
        3148027.9648998575,
        0.0
      ],
      [
        685125.9565000802,
        3148049.1830998575,
        0.0
      ],
      [
        685143.8464000806,
        3148076.6419998584,
        0.0
      ],
      [
        685154.0395000803,
        3148091.8274998586,
        0.0
      ],
      [
        685171.0972000806,
        3148114.293899858,
        0.0
      ],
      [
        685191.4834000799,
        3148137.5922998576,
        0.0
      ],
      [
        685211.6615000804,
        3148156.730299856,
        0.0
      ],
      [
        685221.1363000802,
        3148164.422699858,
        0.0
      ],
      [
        685232.6717000789,
        3148173.7880998575,
        0.0
      ],
      [
        685256.17810008,
        3148190.8458998566,
        0.0
      ],
      [
        685264.8429343567,
        3148149.235028947,
        0.0
      ],
      [
        685283.7925658785,
        3148080.5213605314,
        0.0
      ],
      [
        685295.485277883,
        3148005.4192452426,
        0.0
      ],
      [
        685298.0969179632,
        3147973.045340691,
        0.0
      ],
      [
        685301.7265019335,
        3147942.778665484,
        0.0
      ],
      [
        685299.9867434611,
        3147919.746979701,
        0.0
      ],
      [
        685297.2454845445,
        3147893.562530067,
        0.0
      ],
      [
        685283.8559510808,
        3147876.0985436626,
        0.0
      ],
      [
        685266.7226304288,
        3147862.7582730567,
        0.0
      ],
      [
        685244.9920304386,
        3147840.9804336405,
        0.0
      ],
      [
        685230.067196917,
        3147820.878142508,
        0.0
      ],
      [
        685218.3524106588,
        3147797.16651564,
        0.0
      ],
      [
        685203.4356940696,
        3147776.5414890004,
        0.0
      ],
      [
        685178.1747789823,
        3147745.297129142,
        0.0
      ],
      [
        685152.4047359781,
        3147712.9990797048,
        0.0
      ],
      [
        685133.9494826086,
        3147683.4301812053,
        0.0
      ],
      [
        685122.8296279293,
        3147655.2836463563,
        0.0
      ],
      [
        685115.9047465837,
        3147644.4566357564,
        0.0
      ],
      [
        685110.5273913982,
        3147635.483876507,
        0.0
      ],
      [
        685097.3426664601,
        3147604.9520306736,
        0.0
      ],
      [
        685083.5834619657,
        3147544.0863395636,
        0.0
      ],
      [
        685072.4345856401,
        3147517.7690373245,
        0.0
      ],
      [
        685058.6992968997,
        3147522.258780049,
        0.0
      ],
      [
        685035.7852149678,
        3147542.2895660633,
        0.0
      ],
      [
        685014.8333502576,
        3147571.2394641605,
        0.0
      ],
      [
        684997.0423969554,
        3147599.716135541,
        0.0
      ],
      [
        684985.4335502023,
        3147636.132421754,
        0.0
      ],
      [
        684984.5961118711,
        3147655.9870540714,
        0.0
      ],
      [
        684980.9139679895,
        3147672.921374714,
        0.0
      ],
      [
        684972.9791374445,
        3147692.925879423,
        0.0
      ],
      [
        684970.122106748,
        3147707.5203573597,
        0.0
      ],
      [
        684967.3016000796,
        3147718.7774998583,
        0.0
      ],
      [
        684968.9002000791,
        3147719.676799859,
        0.0
      ]
    ]
  ]
}