{
  "code": "234052635",
  "epsg": 32639,
  "bbox_utm": {
    "minx": 703804.0656086975,
    "miny": 3125505.2003021184,
    "maxx": 704222.9887786591,
    "maxy": 3125924.1234720796
  },
  "polygon_utm": [
    [
      [
        704055.8216666935,
        3125677.4099586993,
        0.0
      ],
      [
        704008.9038013129,
        3125618.9777796133,
        0.0
      ],
      [
        703960.4743020848,
        3125648.5305604204,
        0.0
      ],
      [
        703918.3030073659,
        3125589.6563013447,
        0.0
      ],
      [
        703907.5579786625,
        3125602.0447982354,
        0.0
      ],
      [
        703863.911775835,
        3125629.0607641097,
        0.0
      ],
      [
        703872.9654385827,
        3125653.838219743,
        0.0
      ],
      [
        703882.9370958573,
        3125686.48946312,
        0.0
      ],
      [
        703895.1943579332,
        3125708.7024793513,
        0.0
      ],
      [
        703908.9679824845,
        3125734.60859334,
        0.0
      ],
      [
        703933.7568637775,
        3125793.7074792995,
        0.0
      ],
      [
        703911.9025613446,
        3125809.048153091,
        0.0
      ],
      [
        703923.5522322005,
        3125835.9653378935,
        0.0
      ],
      [
        703925.5950711543,
        3125839.667472853,
        0.0
      ],
      [
        703958.4778025445,
        3125826.087886677,
        0.0
      ],
      [
        703983.4638562056,
        3125812.372713512,
        0.0
      ],
      [
        703997.3765001461,
        3125799.515063501,
        0.0
      ],
      [
        704021.5167121489,
        3125773.7364471457,
        0.0
      ],
      [
        704032.270724745,
        3125760.824519413,
        0.0
      ],
      [
        704050.9665611053,
        3125745.429707598,
        0.0
      ],
      [
        704089.231271982,
        3125725.1325114616,
        0.0
      ],
      [
        704100.8672850855,
        3125722.189281488,
        0.0
      ],
      [
        704111.4143868466,
        3125721.3228264884,
        0.0
      ],
      [
        704123.0594132413,
        3125717.8559007454,
        0.0
      ],
      [
        704128.9584523663,
        3125711.6708551976,
        0.0
      ],
      [
        704132.8146947741,
        3125701.7835934064,
        0.0
      ],
      [
        704137.7328587424,
        3125691.3907074244,
        0.0
      ],
      [
        704144.1943880087,
        3125683.1198347975,
        0.0
      ],
      [
        704153.3602411352,
        3125670.704469683,
        0.0
      ],
      [
        704163.1426115218,
        3125653.0609617303,
        0.0
      ],
      [
        704161.3609213933,
        3125634.170866125,
        0.0
      ],
      [
        704157.4103581738,
        3125618.9105805247,
        0.0
      ],
      [
        704149.1670712847,
        3125608.291360889,
        0.0
      ],
      [
        704055.8216666935,
        3125677.4099586993,
        0.0
      ]
    ]
  ]
}