{
  "code": "234066474",
  "epsg": 32639,
  "bbox_utm": {
    "minx": 686218.1417568977,
    "miny": 3146013.7165926676,
    "maxx": 686635.217515282,
    "maxy": 3146430.792351052
  },
  "polygon_utm": [
    [
      [
        686365.3381228569,
        3146122.205391065,
        0.0
      ],
      [
        686365.0818044385,
        3146138.4114904753,
        0.0
      ],
      [
        686309.3670000826,
        3146172.015099854,
        0.0
      ],
      [
        686355.0141000829,
        3146244.6742998543,
        0.0
      ],
      [
        686377.171200083,
        3146280.1019998537,
        0.0
      ],
      [
        686392.9343000822,
        3146305.305999853,
        0.0
      ],
      [
        686414.7933000837,
        3146340.2015998536,
        0.0
      ],
      [
        686426.5960000838,
        3146359.0431998526,
        0.0
      ],
      [
        686434.7073000836,
        3146371.2100998545,
        0.0
      ],
      [
        686452.0474296787,
        3146356.007813093,
        0.0
      ],
      [
        686461.1131691058,
        3146347.78489963,
        0.0
      ],
      [
        686479.8487816905,
        3146326.3810858866,
        0.0
      ],
      [
        686499.8775115637,
        3146306.3049783465,
        0.0
      ],
      [
        686520.9779898555,
        3146284.938576314,
        0.0
      ],
      [
        686543.9922720972,
        3146258.8963385704,
        0.0
      ],
      [
        686521.0235044751,
        3146215.654582134,
        0.0
      ],
      [
        686483.7459527844,
        3146146.5638016523,
        0.0
      ],
      [
        686447.059623507,
        3146073.2988438657,
        0.0
      ],
      [
        686365.3381228569,
        3146122.205391065,
        0.0
      ]
    ]
  ]
}