{
  "code": "234000359",
  "epsg": 32639,
  "bbox_utm": {
    "minx": 702394.197954977,
    "miny": 3136212.4159905096,
    "maxx": 702599.4820480525,
    "maxy": 3136417.700083585
  },
  "polygon_utm": [
    [
      [
        702428.5995546808,
        3136278.2998833237,
        0.0
      ],
      [
        702468.6049904018,
        3136338.65244465,
        0.0
      ],
      [
        702504.4926090805,
        3136388.373784574,
        0.0
      ],
      [
        702529.0988774307,
        3136370.045380114,
        0.0
      ],
      [
        702565.0804483488,
        3136358.099992704,
        0.0
      ],
      [
        702564.5661869918,
        3136326.687143599,
        0.0
      ],
      [
        702539.69549583,
        3136304.278340049,
        0.0
      ],
      [
        702517.036149844,
        3136275.626579809,
        0.0
      ],
      [
        702494.4662746,
        3136241.7422895203,
        0.0
      ],
      [
        702428.5995546808,
        3136278.2998833237,
        0.0
      ]
    ]
  ]
}