{
  "code": "234051809",
  "epsg": 32639,
  "bbox_utm": {
    "minx": 703797.1366160981,
    "miny": 3125786.456458154,
    "maxx": 704071.3890009726,
    "maxy": 3126060.708843029
  },
  "polygon_utm": [
    [
      [
        703945.399881733,
        3125836.3405603142,
        0.0
      ],
      [
        703927.6289145934,
        3125843.8933169697,
        0.0
      ],
      [
        703895.7721909482,
        3125859.062168898,
        0.0
      ],
      [
        703863.6613213768,
        3125873.7028532117,
        0.0
      ],
      [
        703836.3155282231,
        3125886.8538119337,
        0.0
      ],
      [
        703860.4111523833,
        3125924.9854903067,
        0.0
      ],
      [
        703883.3997737288,
        3125966.241255847,
        0.0
      ],
      [
        703899.6793861337,
        3125999.5238671177,
        0.0
      ],
      [
        703909.8574675035,
        3126020.1290789186,
        0.0
      ],
      [
        703933.9206085424,
        3125998.8022844265,
        0.0
      ],
      [
        703952.883674352,
        3125983.150330926,
        0.0
      ],
      [
        703975.7726267492,
        3125968.8754717717,
        0.0
      ],
      [
        704032.2100888477,
        3125932.913001746,
        0.0
      ],
      [
        704016.4031852544,
        3125902.7812935784,
        0.0
      ],
      [
        703996.6973228224,
        3125869.7013050904,
        0.0
      ],
      [
        703973.8686340391,
        3125834.47216536,
        0.0
      ],
      [
        703967.9404069725,
        3125827.0362222646,
        0.0
      ],
      [
        703945.399881733,
        3125836.3405603142,
        0.0
      ]
    ]
  ]
}