{
  "code": "234051591",
  "epsg": 32639,
  "bbox_utm": {
    "minx": 703607.2242313577,
    "miny": 3125401.7954869824,
    "maxx": 703961.1090716943,
    "maxy": 3125755.68032732
  },
  "polygon_utm": [
    [
      [
        703686.1180715656,
        3125648.012509898,
        0.0
      ],
      [
        703696.1477064593,
        3125646.6129305186,
        0.0
      ],
      [
        703704.035580194,
        3125647.2721074815,
        0.0
      ],
      [
        703713.9843608431,
        3125650.5860033156,
        0.0
      ],
      [
        703736.1943944087,
        3125645.2044390137,
        0.0
      ],
      [
        703743.5647971192,
        3125645.330892169,
        0.0
      ],
      [
        703753.5405288967,
        3125647.0736685186,
        0.0
      ],
      [
        703830.6858841572,
        3125601.248972784,
        0.0
      ],
      [
        703884.9512321149,
        3125569.17637178,
        0.0
      ],
      [
        703900.4164334085,
        3125557.9166169823,
        0.0
      ],
      [
        703910.5540945034,
        3125550.2325304127,
        0.0
      ],
      [
        703908.0027172498,
        3125545.473827855,
        0.0
      ],
      [
        703880.8824602419,
        3125499.430796923,
        0.0
      ],
      [
        703855.8869214612,
        3125513.6703085597,
        0.0
      ],
      [
        703843.6434174967,
        3125521.3183180667,
        0.0
      ],
      [
        703830.8015544921,
        3125533.1470839423,
        0.0
      ],
      [
        703815.2554997662,
        3125549.120452585,
        0.0
      ],
      [
        703800.2179721342,
        3125566.1502952417,
        0.0
      ],
      [
        703786.2963183252,
        3125579.5321514336,
        0.0
      ],
      [
        703768.6984642701,
        3125592.327051103,
        0.0
      ],
      [
        703753.2693865767,
        3125601.4920523195,
        0.0
      ],
      [
        703735.7344982154,
        3125610.6209361884,
        0.0
      ],
      [
        703718.2535442952,
        3125616.607522054,
        0.0
      ],
      [
        703691.7509542673,
        3125626.6303632916,
        0.0
      ],
      [
        703676.8753913486,
        3125634.233304879,
        0.0
      ],
      [
        703657.7792085486,
        3125642.2877462604,
        0.0
      ],
      [
        703666.2278492192,
        3125658.0450173793,
        0.0
      ],
      [
        703686.1180715656,
        3125648.012509898,
        0.0
      ]
    ]
  ]
}