{
  "code": "234035805",
  "epsg": 32639,
  "bbox_utm": {
    "minx": 685456.1200949863,
    "miny": 3146119.3588807727,
    "maxx": 685775.0543100546,
    "maxy": 3146438.2930958415
  },
  "polygon_utm": [
    [
      [
        685615.2037945566,
        3146392.7310651173,
        0.0
      ],
      [
        685641.5375520911,
        3146356.020434212,
        0.0
      ],
      [
        685668.3392966727,
        3146322.9773898493,
        0.0
      ],
      [
        685687.635985309,
        3146299.2281938875,
        0.0
      ],
      [
        685658.8344158515,
        3146259.0340024955,
        0.0
      ],
      [
        685617.2164119955,
        3146198.244680701,
        0.0
      ],
      [
        685593.0367914762,
        3146164.920911497,
        0.0
      ],
      [
        685568.8541945717,
        3146198.528728175,
        0.0
      ],
      [
        685543.5384197319,
        3146237.3476484534,
        0.0
      ],
      [
        685546.1562929144,
        3146271.377348575,
        0.0
      ],
      [
        685554.6039571796,
        3146302.3613773,
        0.0
      ],
      [
        685556.1213914176,
        3146339.510943799,
        0.0
      ],
      [
        685615.2037945566,
        3146392.7310651173,
        0.0
      ]
    ]
  ]
}