{
  "code": "234000346",
  "epsg": 32639,
  "bbox_utm": {
    "minx": 702220.850924621,
    "miny": 3136221.522708057,
    "maxx": 702551.7662231572,
    "maxy": 3136552.4380065924
  },
  "polygon_utm": [
    [
      [
        702408.8309596571,
        3136449.636468984,
        0.0
      ],
      [
        702467.2792925297,
        3136416.0927668805,
        0.0
      ],
      [
        702504.4926090805,
        3136388.373784574,
        0.0
      ],
      [
        702468.6049904018,
        3136338.65244465,
        0.0
      ],
      [
        702428.5995546808,
        3136278.2998833237,
        0.0
      ],
      [
        702268.1245386975,
        3136370.8132988135,
        0.0
      ],
      [
        702313.9229501365,
        3136461.620816676,
        0.0
      ],
      [
        702329.104348089,
        3136495.660831325,
        0.0
      ],
      [
        702349.3310282244,
        3136483.1623419877,
        0.0
      ],
      [
        702408.8309596571,
        3136449.636468984,
        0.0
      ]
    ]
  ]
}