{
  "code": "234051456",
  "epsg": 32639,
  "bbox_utm": {
    "minx": 703603.9229171656,
    "miny": 3125834.4744657073,
    "maxx": 703970.5783407486,
    "maxy": 3126201.129889291
  },
  "polygon_utm": [
    [
      [
        703872.7424691971,
        3126126.881826771,
        0.0
      ],
      [
        703856.1123091786,
        3126114.0238315803,
        0.0
      ],
      [
        703863.4955089489,
        3126082.7194240578,
        0.0
      ],
      [
        703859.9633018861,
        3126073.7532612286,
        0.0
      ],
      [
        703862.9821466594,
        3126051.2793503655,
        0.0
      ],
      [
        703868.0258338677,
        3126033.5548669845,
        0.0
      ],
      [
        703888.2284161772,
        3126022.376931677,
        0.0
      ],
      [
        703909.8574675035,
        3126020.1290789186,
        0.0
      ],
      [
        703899.6793861337,
        3125999.5238671177,
        0.0
      ],
      [
        703883.3997737288,
        3125966.241255847,
        0.0
      ],
      [
        703860.4111523833,
        3125924.9854903067,
        0.0
      ],
      [
        703836.3155282231,
        3125886.8538119337,
        0.0
      ],
      [
        703820.8777668237,
        3125896.5421825857,
        0.0
      ],
      [
        703794.7852740821,
        3125913.3817415168,
        0.0
      ],
      [
        703763.3924614895,
        3125932.2258079965,
        0.0
      ],
      [
        703733.0346682704,
        3125952.1353951446,
        0.0
      ],
      [
        703713.8670541148,
        3125964.379129736,
        0.0
      ],
      [
        703679.6446640139,
        3125994.699619287,
        0.0
      ],
      [
        703664.6437904107,
        3126009.6341361366,
        0.0
      ],
      [
        703665.3570959356,
        3126014.0991466013,
        0.0
      ],
      [
        703680.8403797264,
        3126032.437755034,
        0.0
      ],
      [
        703684.9396000784,
        3126039.056262286,
        0.0
      ],
      [
        703690.0602497645,
        3126047.525781328,
        0.0
      ],
      [
        703696.4969893624,
        3126056.0178759177,
        0.0
      ],
      [
        703704.9945494379,
        3126067.164594059,
        0.0
      ],
      [
        703721.2853286578,
        3126084.4693345977,
        0.0
      ],
      [
        703730.3676916553,
        3126092.221040897,
        0.0
      ],
      [
        703745.8032363637,
        3126097.986361472,
        0.0
      ],
      [
        703761.2297798955,
        3126104.2753985208,
        0.0
      ],
      [
        703782.692354643,
        3126111.7157558408,
        0.0
      ],
      [
        703789.2053983563,
        3126115.7564341337,
        0.0
      ],
      [
        703796.4316848931,
        3126124.2620966416,
        0.0
      ],
      [
        703805.4195805347,
        3126137.512657382,
        0.0
      ],
      [
        703820.9359481016,
        3126138.564791684,
        0.0
      ],
      [
        703851.9147298869,
        3126143.81130111,
        0.0
      ],
      [
        703864.9946883027,
        3126148.7505430644,
        0.0
      ],
      [
        703872.7424691971,
        3126126.881826771,
        0.0
      ]
    ]
  ]
}