{
  "code": "234047831",
  "epsg": 32639,
  "bbox_utm": {
    "minx": 702778.8299615334,
    "miny": 3125877.771258606,
    "maxx": 703402.3746265897,
    "maxy": 3126501.3159236624
  },
  "polygon_utm": [
    [
      [
        703006.3495666792,
        3126120.418042181,
        0.0
      ],
      [
        702998.1316344053,
        3126123.6825472717,
        0.0
      ],
      [
        702983.1058781983,
        3126124.73527364,
        0.0
      ],
      [
        702968.2806748933,
        3126129.4583829707,
        0.0
      ],
      [
        702954.240659009,
        3126134.4568535374,
        0.0
      ],
      [
        702932.486813696,
        3126144.0381142255,
        0.0
      ],
      [
        702890.032099911,
        3126163.2187161245,
        0.0
      ],
      [
        702872.2221293024,
        3126173.1293737097,
        0.0
      ],
      [
        702867.9077708271,
        3126179.079876638,
        0.0
      ],
      [
        702869.6384256755,
        3126185.6575132385,
        0.0
      ],
      [
        702916.2055442162,
        3126264.767906332,
        0.0
      ],
      [
        702933.8525891007,
        3126295.190403874,
        0.0
      ],
      [
        702970.6853773238,
        3126358.4188495004,
        0.0
      ],
      [
        702993.5515831783,
        3126391.549640835,
        0.0
      ],
      [
        703003.6655419299,
        3126385.174623086,
        0.0
      ],
      [
        703019.1735954544,
        3126371.2962100944,
        0.0
      ],
      [
        703032.8168117777,
        3126358.695500883,
        0.0
      ],
      [
        703046.1162354548,
        3126350.8034596513,
        0.0
      ],
      [
        703056.9616745417,
        3126347.8459226466,
        0.0
      ],
      [
        703076.5423932938,
        3126342.1566984877,
        0.0
      ],
      [
        703094.8160293489,
        3126335.921302269,
        0.0
      ],
      [
        703117.3503674751,
        3126326.8777051177,
        0.0
      ],
      [
        703191.0176664706,
        3126283.873724599,
        0.0
      ],
      [
        703211.5092213555,
        3126271.128390362,
        0.0
      ],
      [
        703221.6413370563,
        3126263.7060981356,
        0.0
      ],
      [
        703228.8915534735,
        3126255.448711351,
        0.0
      ],
      [
        703230.8595578357,
        3126248.148588293,
        0.0
      ],
      [
        703228.3215375871,
        3126242.6047816537,
        0.0
      ],
      [
        703219.2703729277,
        3126233.0206540595,
        0.0
      ],
      [
        703216.4825743424,
        3126226.686801359,
        0.0
      ],
      [
        703215.1363407945,
        3126213.0437889537,
        0.0
      ],
      [
        703218.9737419816,
        3126204.2040987764,
        0.0
      ],
      [
        703231.150125114,
        3126185.0302167186,
        0.0
      ],
      [
        703241.1087550287,
        3126172.366439813,
        0.0
      ],
      [
        703252.1113070191,
        3126160.244374687,
        0.0
      ],
      [
        703266.3038642409,
        3126146.3434495223,
        0.0
      ],
      [
        703279.0772555787,
        3126138.442486748,
        0.0
      ],
      [
        703292.3501984575,
        3126132.121631867,
        0.0
      ],
      [
        703306.3096821776,
        3126131.8368103406,
        0.0
      ],
      [
        703310.8202472806,
        3126129.818651037,
        0.0
      ],
      [
        703313.296817296,
        3126123.5748665174,
        0.0
      ],
      [
        703312.596842519,
        3126118.324383178,
        0.0
      ],
      [
        703284.6624983861,
        3126089.0343000353,
        0.0
      ],
      [
        703255.73341383,
        3126056.322155908,
        0.0
      ],
      [
        703256.1938648332,
        3126044.805282706,
        0.0
      ],
      [
        703256.404544037,
        3126032.498342692,
        0.0
      ],
      [
        703252.523489057,
        3126028.5030043116,
        0.0
      ],
      [
        703242.3655007883,
        3126022.0428777775,
        0.0
      ],
      [
        703234.3267062269,
        3126014.833250005,
        0.0
      ],
      [
        703222.215316593,
        3125999.4341746294,
        0.0
      ],
      [
        703213.3945104971,
        3125987.5375414337,
        0.0
      ],
      [
        703166.2771086288,
        3126021.788389216,
        0.0
      ],
      [
        703114.5876398031,
        3126057.4427484665,
        0.0
      ],
      [
        703097.9573083838,
        3126067.6352934353,
        0.0
      ],
      [
        703084.2425614393,
        3126076.6990556307,
        0.0
      ],
      [
        703073.7222808502,
        3126083.7220603772,
        0.0
      ],
      [
        703064.9308429426,
        3126089.7269373443,
        0.0
      ],
      [
        703055.3475217684,
        3126095.8492364464,
        0.0
      ],
      [
        703044.8451881183,
        3126101.824860489,
        0.0
      ],
      [
        703029.5601746554,
        3126110.337949829,
        0.0
      ],
      [
        703022.3839036637,
        3126114.2750657503,
        0.0
      ],
      [
        703013.7778520983,
        3126117.140039393,
        0.0
      ],
      [
        703006.3495666792,
        3126120.418042181,
        0.0
      ]
    ]
  ]
}