{
  "code": "234048834",
  "epsg": 32639,
  "bbox_utm": {
    "minx": 703425.4073952658,
    "miny": 3125597.4631847986,
    "maxx": 703739.1793254951,
    "maxy": 3125911.2351150285
  },
  "polygon_utm": [
    [
      [
        703549.9138485334,
        3125852.080615981,
        0.0
      ],
      [
        703548.9866379565,
        3125844.7306459644,
        0.0
      ],
      [
        703543.3483227605,
        3125835.728325771,
        0.0
      ],
      [
        703536.1486061632,
        3125825.651511449,
        0.0
      ],
      [
        703533.6958968267,
        3125815.1321960413,
        0.0
      ],
      [
        703580.0536662727,
        3125783.4472709936,
        0.0
      ],
      [
        703615.2214894381,
        3125759.428542572,
        0.0
      ],
      [
        703642.974208978,
        3125737.902029514,
        0.0
      ],
      [
        703690.9478848197,
        3125704.149511379,
        0.0
      ],
      [
        703657.7792085486,
        3125642.2877462604,
        0.0
      ],
      [
        703650.345937201,
        3125645.8273713524,
        0.0
      ],
      [
        703619.8170383095,
        3125675.6883788165,
        0.0
      ],
      [
        703602.1027843627,
        3125695.2917009303,
        0.0
      ],
      [
        703591.8936273792,
        3125707.1656531156,
        0.0
      ],
      [
        703580.6764759469,
        3125716.4029775294,
        0.0
      ],
      [
        703566.3006223014,
        3125725.5861543766,
        0.0
      ],
      [
        703543.9472059929,
        3125739.3473999626,
        0.0
      ],
      [
        703521.602819473,
        3125752.584955109,
        0.0
      ],
      [
        703501.9086919683,
        3125764.8202199214,
        0.0
      ],
      [
        703481.1706792335,
        3125776.5137476665,
        0.0
      ],
      [
        703473.6388359413,
        3125785.81425758,
        0.0
      ],
      [
        703477.5632648664,
        3125802.645172196,
        0.0
      ],
      [
        703490.847088669,
        3125826.4466786655,
        0.0
      ],
      [
        703506.8977291513,
        3125842.4376400565,
        0.0
      ],
      [
        703525.5985159634,
        3125857.4263056503,
        0.0
      ],
      [
        703530.183938447,
        3125866.410553567,
        0.0
      ],
      [
        703542.319150819,
        3125865.0469801687,
        0.0
      ],
      [
        703549.9138485334,
        3125852.080615981,
        0.0
      ]
    ]
  ]
}