{
  "code": "234058530",
  "epsg": 32639,
  "bbox_utm": {
    "minx": 703519.6996490794,
    "miny": 3124890.7218623324,
    "maxx": 704194.732579495,
    "maxy": 3125565.7547927476
  },
  "polygon_utm": [
    [
      [
        703708.0541001386,
        3125386.470699778,
        0.0
      ],
      [
        703743.6142001384,
        3125359.8005997776,
        0.0
      ],
      [
        703778.0630001384,
        3125333.315799778,
        0.0
      ],
      [
        703813.4379001389,
        3125305.904899778,
        0.0
      ],
      [
        703848.8127001389,
        3125278.308799777,
        0.0
      ],
      [
        703876.0384001385,
        3125252.5647997768,
        0.0
      ],
      [
        703942.1579001383,
        3125202.3731997767,
        0.0
      ],
      [
        703951.8769001388,
        3125192.717199777,
        0.0
      ],
      [
        703984.4737001394,
        3125169.5660997755,
        0.0
      ],
      [
        704025.5900001393,
        3125142.710799777,
        0.0
      ],
      [
        704042.25880014,
        3125131.9686997766,
        0.0
      ],
      [
        704052.8157001393,
        3125122.7082997747,
        0.0
      ],
      [
        704056.4715906938,
        3125118.7912863526,
        0.0
      ],
      [
        704070.3237646165,
        3125109.2444686224,
        0.0
      ],
      [
        704077.3390081018,
        3125099.410955609,
        0.0
      ],
      [
        704086.0596997954,
        3125082.272169591,
        0.0
      ],
      [
        704093.7994427453,
        3125060.9253155785,
        0.0
      ],
      [
        704098.2993037213,
        3125044.237853856,
        0.0
      ],
      [
        704097.192330275,
        3125032.038155301,
        0.0
      ],
      [
        704093.3764001399,
        3125033.252499777,
        0.0
      ],
      [
        704089.3018001394,
        3125033.2524997764,
        0.0
      ],
      [
        704072.4478001404,
        3125038.253099777,
        0.0
      ],
      [
        704026.3308001403,
        3125067.8864997774,
        0.0
      ],
      [
        703935.5786001385,
        3125134.005999776,
        0.0
      ],
      [
        703888.350400138,
        3125169.195699775,
        0.0
      ],
      [
        703832.0469001394,
        3125214.756999777,
        0.0
      ],
      [
        703805.3769001372,
        3125235.3151997775,
        0.0
      ],
      [
        703767.4091001388,
        3125266.6153997784,
        0.0
      ],
      [
        703732.7750001383,
        3125292.54459978,
        0.0
      ],
      [
        703712.0317001374,
        3125307.916999778,
        0.0
      ],
      [
        703675.5456001379,
        3125335.883499779,
        0.0
      ],
      [
        703649.9868001381,
        3125354.40439978,
        0.0
      ],
      [
        703620.2958001372,
        3125373.34889978,
        0.0
      ],
      [
        703616.132924853,
        3125376.098608999,
        0.0
      ],
      [
        703618.5865109632,
        3125378.8910628515,
        0.0
      ],
      [
        703639.2276824061,
        3125403.6055237805,
        0.0
      ],
      [
        703657.8625001379,
        3125424.438499779,
        0.0
      ],
      [
        703708.0541001386,
        3125386.470699778,
        0.0
      ]
    ]
  ]
}