{
  "code": "234049271",
  "epsg": 32639,
  "bbox_utm": {
    "minx": 703484.6170163964,
    "miny": 3125743.924024366,
    "maxx": 703865.2202013299,
    "maxy": 3126124.5272092996
  },
  "polygon_utm": [
    [
      [
        703552.1188845595,
        3125969.2010903936,
        0.0
      ],
      [
        703562.4681658903,
        3125979.8556565046,
        0.0
      ],
      [
        703578.7009023232,
        3126000.564366395,
        0.0
      ],
      [
        703593.4440592192,
        3126016.008973061,
        0.0
      ],
      [
        703597.0034219744,
        3126023.4039797364,
        0.0
      ],
      [
        703601.3165187201,
        3126032.9073272124,
        0.0
      ],
      [
        703609.6362777204,
        3126039.074323254,
        0.0
      ],
      [
        703625.3890478159,
        3126041.7018148727,
        0.0
      ],
      [
        703627.7202763222,
        3126044.6691009435,
        0.0
      ],
      [
        703630.3686370737,
        3126035.3699961687,
        0.0
      ],
      [
        703653.5346349368,
        3126012.5867223153,
        0.0
      ],
      [
        703676.566865379,
        3125989.932111669,
        0.0
      ],
      [
        703701.1695280663,
        3125967.82829444,
        0.0
      ],
      [
        703733.6959003991,
        3125944.2888563992,
        0.0
      ],
      [
        703757.1290467965,
        3125928.9751659776,
        0.0
      ],
      [
        703775.2079237873,
        3125918.8082127622,
        0.0
      ],
      [
        703793.8402442832,
        3125907.079191429,
        0.0
      ],
      [
        703810.848317768,
        3125897.941612532,
        0.0
      ],
      [
        703763.1469856778,
        3125823.782132722,
        0.0
      ],
      [
        703761.9233369281,
        3125833.714556285,
        0.0
      ],
      [
        703754.9267282336,
        3125842.5001821816,
        0.0
      ],
      [
        703711.7902340922,
        3125870.5725212363,
        0.0
      ],
      [
        703676.2558857132,
        3125823.862992131,
        0.0
      ],
      [
        703625.686398572,
        3125855.475219306,
        0.0
      ],
      [
        703571.8354360337,
        3125894.5846156543,
        0.0
      ],
      [
        703580.5938330465,
        3125905.516574277,
        0.0
      ],
      [
        703570.6778633595,
        3125931.0156875104,
        0.0
      ],
      [
        703556.1227039748,
        3125950.6727804933,
        0.0
      ],
      [
        703544.4062880198,
        3125958.3297956972,
        0.0
      ],
      [
        703538.9888999582,
        3125961.1213913723,
        0.0
      ],
      [
        703552.1188845595,
        3125969.2010903936,
        0.0
      ]
    ]
  ]
}