{
  "code": "234031234",
  "epsg": 32639,
  "bbox_utm": {
    "minx": 685605.7030075826,
    "miny": 3146505.165352013,
    "maxx": 685850.737021016,
    "maxy": 3146750.1993654463
  },
  "polygon_utm": [
    [
      [
        685728.0918019817,
        3146567.0638861256,
        0.0
      ],
      [
        685704.4350249524,
        3146600.678544084,
        0.0
      ],
      [
        685680.4012059369,
        3146624.875294179,
        0.0
      ],
      [
        685644.1002803033,
        3146660.3821373247,
        0.0
      ],
      [
        685657.0394833039,
        3146673.1352094957,
        0.0
      ],
      [
        685672.5154085523,
        3146691.6799565833,
        0.0
      ],
      [
        685687.4493305237,
        3146711.2619164702,
        0.0
      ],
      [
        685692.6463975027,
        3146715.003994935,
        0.0
      ],
      [
        685704.7323103781,
        3146715.1945063844,
        0.0
      ],
      [
        685719.560971347,
        3146708.107945683,
        0.0
      ],
      [
        685735.3252168006,
        3146708.3564768666,
        0.0
      ],
      [
        685751.6973628638,
        3146703.3858081424,
        0.0
      ],
      [
        685763.4638905227,
        3146690.4993168563,
        0.0
      ],
      [
        685775.3953129464,
        3146667.1577779865,
        0.0
      ],
      [
        685790.9474166689,
        3146647.533484697,
        0.0
      ],
      [
        685802.3534541917,
        3146624.183595117,
        0.0
      ],
      [
        685812.3397482953,
        3146590.876446902,
        0.0
      ],
      [
        685788.447945791,
        3146572.7215186087,
        0.0
      ],
      [
        685760.902426206,
        3146552.940345084,
        0.0
      ],
      [
        685749.3984868644,
        3146540.170211075,
        0.0
      ],
      [
        685728.0918019817,
        3146567.0638861256,
        0.0
      ]
    ]
  ]
}