{
  "code": "234057429",
  "epsg": 32639,
  "bbox_utm": {
    "minx": 685865.3113846378,
    "miny": 3146146.803378801,
    "maxx": 686349.1234092,
    "maxy": 3146630.6154033625
  },
  "polygon_utm": [
    [
      [
        686056.8846443647,
        3146216.1600110866,
        0.0
      ],
      [
        686041.6452144412,
        3146215.9193823095,
        0.0
      ],
      [
        686028.4665074525,
        3146218.325823478,
        0.0
      ],
      [
        686007.969700082,
        3146223.0263998555,
        0.0
      ],
      [
        686023.3650000838,
        3146261.515299854,
        0.0
      ],
      [
        686052.0664000821,
        3146327.143399854,
        0.0
      ],
      [
        686081.3667000828,
        3146397.5516998544,
        0.0
      ],
      [
        686087.2431000812,
        3146411.672499853,
        0.0
      ],
      [
        686121.3697000821,
        3146489.0261998535,
        0.0
      ],
      [
        686149.0210000839,
        3146554.479299854,
        0.0
      ],
      [
        686152.1868000838,
        3146561.499399854,
        0.0
      ],
      [
        686163.483745516,
        3146555.373229446,
        0.0
      ],
      [
        686193.4792039283,
        3146536.50033955,
        0.0
      ],
      [
        686206.465093756,
        3146529.646562105,
        0.0
      ],
      [
        686200.3080015373,
        3146520.137225834,
        0.0
      ],
      [
        686191.6639212612,
        3146501.6994344504,
        0.0
      ],
      [
        686182.5356317649,
        3146480.6395110292,
        0.0
      ],
      [
        686174.9259437404,
        3146463.2638076553,
        0.0
      ],
      [
        686167.8665004598,
        3146444.3280994906,
        0.0
      ],
      [
        686161.8662697194,
        3146424.88620918,
        0.0
      ],
      [
        686151.6373234866,
        3146406.9461645973,
        0.0
      ],
      [
        686144.652136177,
        3146383.305494933,
        0.0
      ],
      [
        686135.5401761765,
        3146361.1998775415,
        0.0
      ],
      [
        686127.9963981303,
        3146339.641900169,
        0.0
      ],
      [
        686119.9023231583,
        3146319.643895191,
        0.0
      ],
      [
        686110.2647664389,
        3146297.529885023,
        0.0
      ],
      [
        686100.6436851005,
        3146274.3703033826,
        0.0
      ],
      [
        686091.0308197895,
        3146250.687915773,
        0.0
      ],
      [
        686081.0079991374,
        3146219.6783757643,
        0.0
      ],
      [
        686056.8846443647,
        3146216.1600110866,
        0.0
      ]
    ]
  ]
}