{
  "code": "234056280",
  "epsg": 32639,
  "bbox_utm": {
    "minx": 703906.0292346096,
    "miny": 3125620.641029511,
    "maxx": 704339.4074411502,
    "maxy": 3126054.019236052
  },
  "polygon_utm": [
    [
      [
        703973.8686340391,
        3125834.47216536,
        0.0
      ],
      [
        703996.6973228224,
        3125869.7013050904,
        0.0
      ],
      [
        704016.4031852544,
        3125902.781293578,
        0.0
      ],
      [
        704032.2100888477,
        3125932.913001746,
        0.0
      ],
      [
        704048.8516164112,
        3125929.7938741734,
        0.0
      ],
      [
        704062.5211999754,
        3125931.076512349,
        0.0
      ],
      [
        704066.5707541385,
        3125940.5756039955,
        0.0
      ],
      [
        704081.2032028174,
        3125947.113417558,
        0.0
      ],
      [
        704094.9447803329,
        3125944.206446421,
        0.0
      ],
      [
        704111.2555738655,
        3125945.0106797097,
        0.0
      ],
      [
        704119.543650521,
        3125953.0110631147,
        0.0
      ],
      [
        704136.3808775644,
        3125953.8243813864,
        0.0
      ],
      [
        704151.8188569047,
        3125944.136452702,
        0.0
      ],
      [
        704151.4905063472,
        3125932.605862603,
        0.0
      ],
      [
        704164.8587605342,
        3125920.7868971294,
        0.0
      ],
      [
        704169.2594360195,
        3125909.861458995,
        0.0
      ],
      [
        704168.3596268402,
        3125900.9403224266,
        0.0
      ],
      [
        704159.0456600182,
        3125891.3506422625,
        0.0
      ],
      [
        704158.6722886871,
        3125882.438544974,
        0.0
      ],
      [
        704205.0631856077,
        3125848.923141216,
        0.0
      ],
      [
        704198.0126083385,
        3125830.204662609,
        0.0
      ],
      [
        704277.4962687872,
        3125786.2572608814,
        0.0
      ],
      [
        704265.5435485963,
        3125761.691746568,
        0.0
      ],
      [
        704260.1824455969,
        3125751.907941365,
        0.0
      ],
      [
        704260.9206021219,
        3125739.6096945913,
        0.0
      ],
      [
        704256.067922328,
        3125730.8823613403,
        0.0
      ],
      [
        704248.78313009,
        3125725.780287346,
        0.0
      ],
      [
        704227.220988913,
        3125724.0997562273,
        0.0
      ],
      [
        704210.1247071245,
        3125723.019933621,
        0.0
      ],
      [
        704188.8077776714,
        3125722.3914309978,
        0.0
      ],
      [
        704163.2657019445,
        3125722.476128875,
        0.0
      ],
      [
        704146.686870608,
        3125721.9291650904,
        0.0
      ],
      [
        704128.8009047732,
        3125720.8358841767,
        0.0
      ],
      [
        704115.8487442129,
        3125723.756464572,
        0.0
      ],
      [
        704103.9630028972,
        3125725.9095821404,
        0.0
      ],
      [
        704089.9264432077,
        3125730.645094574,
        0.0
      ],
      [
        704076.6525757727,
        3125736.96533695,
        0.0
      ],
      [
        704060.955682239,
        3125746.3871656843,
        0.0
      ],
      [
        704046.0169973772,
        3125757.655574026,
        0.0
      ],
      [
        704032.6801958666,
        3125767.6418417827,
        0.0
      ],
      [
        704023.5550349603,
        3125777.7004761375,
        0.0
      ],
      [
        704013.8719452025,
        3125789.5830566455,
        0.0
      ],
      [
        704002.0650753636,
        3125802.476877706,
        0.0
      ],
      [
        703984.1365762687,
        3125819.194524761,
        0.0
      ],
      [
        703967.9404069725,
        3125827.0362222646,
        0.0
      ],
      [
        703973.8686340391,
        3125834.47216536,
        0.0
      ]
    ]
  ]
}