{
  "code": "234051735",
  "epsg": 32639,
  "bbox_utm": {
    "minx": 703590.8733384431,
    "miny": 3125594.6570043103,
    "maxx": 703944.7053813686,
    "maxy": 3125948.4890472353
  },
  "polygon_utm": [
    [
      [
        703743.5647971192,
        3125645.330892169,
        0.0
      ],
      [
        703736.1943944087,
        3125645.2044390137,
        0.0
      ],
      [
        703713.9843608431,
        3125650.5860033156,
        0.0
      ],
      [
        703704.035580194,
        3125647.2721074815,
        0.0
      ],
      [
        703696.1477064593,
        3125646.6129305186,
        0.0
      ],
      [
        703686.1180715656,
        3125648.012509898,
        0.0
      ],
      [
        703666.2278492192,
        3125658.0450173793,
        0.0
      ],
      [
        703690.9478848197,
        3125704.149511379,
        0.0
      ],
      [
        703724.313867763,
        3125754.4893919025,
        0.0
      ],
      [
        703750.8986088425,
        3125801.0457640802,
        0.0
      ],
      [
        703763.1469856778,
        3125823.782132722,
        0.0
      ],
      [
        703810.848317768,
        3125897.941612532,
        0.0
      ],
      [
        703836.9228876367,
        3125882.1494787764,
        0.0
      ],
      [
        703857.6431394714,
        3125871.5040788157,
        0.0
      ],
      [
        703869.3508705925,
        3125864.3710038,
        0.0
      ],
      [
        703844.3011315506,
        3125820.460231412,
        0.0
      ],
      [
        703800.9460984527,
        3125738.5167197376,
        0.0
      ],
      [
        703775.9317650388,
        3125692.5108071826,
        0.0
      ],
      [
        703764.2007268119,
        3125670.3069358976,
        0.0
      ],
      [
        703753.5405288967,
        3125647.0736685186,
        0.0
      ],
      [
        703743.5647971192,
        3125645.330892169,
        0.0
      ]
    ]
  ]
}