{
  "code": "234058374",
  "epsg": 32639,
  "bbox_utm": {
    "minx": 703354.10701632,
    "miny": 3125191.0347026675,
    "maxx": 703856.6870473019,
    "maxy": 3125693.61473365
  },
  "polygon_utm": [
    [
      [
        703514.6312941757,
        3125421.9011174166,
        0.0
      ],
      [
        703620.150406771,
        3125564.1091911327,
        0.0
      ],
      [
        703655.4972048859,
        3125621.8175863666,
        0.0
      ],
      [
        703676.6723044241,
        3125615.3704005103,
        0.0
      ],
      [
        703707.9489700604,
        3125603.3339130892,
        0.0
      ],
      [
        703732.8093535863,
        3125596.950028953,
        0.0
      ],
      [
        703755.5908860695,
        3125588.958898057,
        0.0
      ],
      [
        703760.9992630959,
        3125580.669697016,
        0.0
      ],
      [
        703734.1803943403,
        3125547.729269438,
        0.0
      ],
      [
        703710.038608281,
        3125512.2153581902,
        0.0
      ],
      [
        703680.6589738512,
        3125475.0399321644,
        0.0
      ],
      [
        703665.777706464,
        3125452.2578849713,
        0.0
      ],
      [
        703645.7754035926,
        3125421.005902184,
        0.0
      ],
      [
        703630.9119569055,
        3125397.1763494303,
        0.0
      ],
      [
        703592.5548602435,
        3125361.4185641967,
        0.0
      ],
      [
        703574.4246777593,
        3125343.8195985095,
        0.0
      ],
      [
        703551.1823269636,
        3125317.226968121,
        0.0
      ],
      [
        703528.4394182716,
        3125292.214553058,
        0.0
      ],
      [
        703501.5294946032,
        3125264.5112998686,
        0.0
      ],
      [
        703495.2387322942,
        3125262.831849951,
        0.0
      ],
      [
        703490.8923422969,
        3125270.6156950127,
        0.0
      ],
      [
        703477.2998140206,
        3125295.5293849367,
        0.0
      ],
      [
        703449.794800526,
        3125333.301820515,
        0.0
      ],
      [
        703514.6312941757,
        3125421.9011174166,
        0.0
      ]
    ]
  ]
}