{
  "code": "234074259",
  "epsg": 32639,
  "bbox_utm": {
    "minx": 696450.4880304388,
    "miny": 3129307.4852698743,
    "maxx": 696964.2431794163,
    "maxy": 3129821.2404188514
  },
  "polygon_utm": [
    [
      [
        696689.8802780809,
        3129514.851603349,
        0.0
      ],
      [
        696665.75013189,
        3129509.7382884054,
        0.0
      ],
      [
        696640.0932574262,
        3129501.4576525125,
        0.0
      ],
      [
        696615.4628443453,
        3129494.7651160485,
        0.0
      ],
      [
        696601.3664519985,
        3129487.7236047797,
        0.0
      ],
      [
        696597.8301352422,
        3129478.762482924,
        0.0
      ],
      [
        696583.5644654594,
        3129481.9298631777,
        0.0
      ],
      [
        696572.4650933078,
        3129484.6260728515,
        0.0
      ],
      [
        696573.0966974174,
        3129510.0347882165,
        0.0
      ],
      [
        696571.6855604884,
        3129515.7718137335,
        0.0
      ],
      [
        696554.5341547747,
        3129518.367701338,
        0.0
      ],
      [
        696561.265577565,
        3129540.9972546725,
        0.0
      ],
      [
        696577.3683359402,
        3129585.7763466765,
        0.0
      ],
      [
        696523.88162315,
        3129605.051046716,
        0.0
      ],
      [
        696545.4286177171,
        3129649.9632058023,
        0.0
      ],
      [
        696550.7987981897,
        3129648.4381036065,
        0.0
      ],
      [
        696566.099423668,
        3129646.3352417736,
        0.0
      ],
      [
        696590.6617093486,
        3129641.2439423604,
        0.0
      ],
      [
        696617.1223642104,
        3129632.780318284,
        0.0
      ],
      [
        696641.7064131657,
        3129626.3803005815,
        0.0
      ],
      [
        696667.0321268755,
        3129622.8728151685,
        0.0
      ],
      [
        696681.8456326859,
        3129618.405497292,
        0.0
      ],
      [
        696692.9145182894,
        3129617.5417696736,
        0.0
      ],
      [
        696702.8874553855,
        3129619.2782228985,
        0.0
      ],
      [
        696707.0715012033,
        3129620.918645993,
        0.0
      ],
      [
        696714.4218069412,
        3129622.0879296665,
        0.0
      ],
      [
        696721.8329128362,
        3129619.5925343162,
        0.0
      ],
      [
        696743.4357458714,
        3129618.3799578757,
        0.0
      ],
      [
        696757.1446422036,
        3129617.0364248566,
        0.0
      ],
      [
        696771.3624296824,
        3129616.7486939216,
        0.0
      ],
      [
        696780.3262773668,
        3129615.8501133663,
        0.0
      ],
      [
        696790.438231039,
        3129609.2102131373,
        0.0
      ],
      [
        696800.584953689,
        3129600.4762078347,
        0.0
      ],
      [
        696811.205816977,
        3129594.892105002,
        0.0
      ],
      [
        696825.6322065091,
        3129582.0397658083,
        0.0
      ],
      [
        696842.0854688631,
        3129573.934132282,
        0.0
      ],
      [
        696863.8187936795,
        3129564.8688297803,
        0.0
      ],
      [
        696890.8495867052,
        3129553.7968246755,
        0.0
      ],
      [
        696887.7876137596,
        3129547.9855662948,
        0.0
      ],
      [
        696877.2362096661,
        3129549.381390806,
        0.0
      ],
      [
        696854.545921222,
        3129552.6703853593,
        0.0
      ],
      [
        696828.6632917264,
        3129558.0011230456,
        0.0
      ],
      [
        696810.1831641933,
        3129561.360085673,
        0.0
      ],
      [
        696785.4921278403,
        3129558.331917904,
        0.0
      ],
      [
        696752.9418459788,
        3129553.07869443,
        0.0
      ],
      [
        696740.2506622918,
        3129556.5338253663,
        0.0
      ],
      [
        696708.1224088595,
        3129557.571806962,
        0.0
      ],
      [
        696704.8380582515,
        3129533.4283367987,
        0.0
      ],
      [
        696689.8802780809,
        3129514.851603349,
        0.0
      ]
    ]
  ]
}