{
  "code": "234048564",
  "epsg": 32639,
  "bbox_utm": {
    "minx": 703194.3823896459,
    "miny": 3125823.718049399,
    "maxx": 703734.3154198198,
    "maxy": 3126363.651079573
  },
  "polygon_utm": [
    [
      [
        703517.8417790881,
        3125972.01859247,
        0.0
      ],
      [
        703475.6784674446,
        3126004.8227689657,
        0.0
      ],
      [
        703436.6830008627,
        3126037.1574068367,
        0.0
      ],
      [
        703383.4285958668,
        3125979.668740419,
        0.0
      ],
      [
        703365.6703242902,
        3126001.89036172,
        0.0
      ],
      [
        703353.3379603843,
        3126014.775512398,
        0.0
      ],
      [
        703328.8347412334,
        3126031.119206551,
        0.0
      ],
      [
        703287.7878406827,
        3126060.275972473,
        0.0
      ],
      [
        703271.5156796707,
        3126074.168270389,
        0.0
      ],
      [
        703284.6624983861,
        3126089.0343000353,
        0.0
      ],
      [
        703312.596842519,
        3126118.324383178,
        0.0
      ],
      [
        703333.3313786247,
        3126137.538039998,
        0.0
      ],
      [
        703351.3467534722,
        3126131.0365418997,
        0.0
      ],
      [
        703356.673889337,
        3126127.460836119,
        0.0
      ],
      [
        703374.231797066,
        3126147.6678469065,
        0.0
      ],
      [
        703427.1534239632,
        3126224.532338455,
        0.0
      ],
      [
        703435.549396748,
        3126226.2477376,
        0.0
      ],
      [
        703455.251693793,
        3126213.4892042726,
        0.0
      ],
      [
        703474.3917020926,
        3126202.8164368314,
        0.0
      ],
      [
        703501.9546654024,
        3126192.2880573203,
        0.0
      ],
      [
        703518.8812976782,
        3126187.8635708992,
        0.0
      ],
      [
        703543.7672852376,
        3126179.908621184,
        0.0
      ],
      [
        703549.63885488,
        3126175.2946500597,
        0.0
      ],
      [
        703562.9164146887,
        3126168.712261533,
        0.0
      ],
      [
        703576.8461374567,
        3126154.8071770226,
        0.0
      ],
      [
        703593.3990874155,
        3126141.470921846,
        0.0
      ],
      [
        703614.6810142538,
        3126128.73962056,
        0.0
      ],
      [
        703645.9473112901,
        3126117.2272900925,
        0.0
      ],
      [
        703657.182129795,
        3126106.9429654144,
        0.0
      ],
      [
        703656.3538285625,
        3126093.832457402,
        0.0
      ],
      [
        703643.5881180794,
        3126070.563975905,
        0.0
      ],
      [
        703629.7694767194,
        3126047.277409733,
        0.0
      ],
      [
        703625.3890478159,
        3126041.7018148727,
        0.0
      ],
      [
        703609.6362777204,
        3126039.074323254,
        0.0
      ],
      [
        703601.3165187201,
        3126032.9073272124,
        0.0
      ],
      [
        703597.0034219744,
        3126023.4039797364,
        0.0
      ],
      [
        703593.4440592192,
        3126016.008973061,
        0.0
      ],
      [
        703578.7009023232,
        3126000.564366395,
        0.0
      ],
      [
        703562.4681658903,
        3125979.8556565046,
        0.0
      ],
      [
        703552.1188845595,
        3125969.2010903936,
        0.0
      ],
      [
        703538.9888999582,
        3125961.1213913723,
        0.0
      ],
      [
        703517.8417790881,
        3125972.01859247,
        0.0
      ]
    ]
  ]
}