{
  "code": "234031496",
  "epsg": 32639,
  "bbox_utm": {
    "minx": 684804.6452456614,
    "miny": 3145001.455259289,
    "maxx": 685039.6516053159,
    "maxy": 3145236.4616189427
  },
  "polygon_utm": [
    [
      [
        684918.8894204858,
        3145178.5474232202,
        0.0
      ],
      [
        684945.5192084743,
        3145156.4785840097,
        0.0
      ],
      [
        684981.6252849023,
        3145133.512569406,
        0.0
      ],
      [
        685006.0792682223,
        3145116.1161487387,
        0.0
      ],
      [
        684976.2130252179,
        3145076.4263206874,
        0.0
      ],
      [
        684945.1478333347,
        3145046.1307518645,
        0.0
      ],
      [
        684898.3584452949,
        3145079.911411743,
        0.0
      ],
      [
        684838.2175827549,
        3145127.079384206,
        0.0
      ],
      [
        684872.3458564049,
        3145163.1748968074,
        0.0
      ],
      [
        684896.0779293869,
        3145191.7861263673,
        0.0
      ],
      [
        684918.8894204858,
        3145178.5474232202,
        0.0
      ]
    ]
  ]
}