{
  "code": "234158364",
  "epsg": 32639,
  "bbox_utm": {
    "minx": 707993.3261610098,
    "miny": 3147283.2634511087,
    "maxx": 708278.8460317707,
    "maxy": 3147568.7833218696
  },
  "polygon_utm": [
    [
      [
        708218.049858955,
        3147353.5497735515,
        0.0
      ],
      [
        708181.5936061456,
        3147364.9920686916,
        0.0
      ],
      [
        708088.0016033667,
        3147394.367202886,
        0.0
      ],
      [
        708034.1147139757,
        3147411.280342474,
        0.0
      ],
      [
        708039.3277550833,
        3147428.629399831,
        0.0
      ],
      [
        708051.7315452575,
        3147455.518327433,
        0.0
      ],
      [
        708063.0842803793,
        3147482.388645591,
        0.0
      ],
      [
        708070.3484322209,
        3147502.649999011,
        0.0
      ],
      [
        708145.2873189175,
        3147473.901087954,
        0.0
      ],
      [
        708212.3859102982,
        3147448.15996047,
        0.0
      ],
      [
        708238.0574788048,
        3147438.1550317053,
        0.0
      ],
      [
        708232.5426889367,
        3147397.0067611597,
        0.0
      ],
      [
        708232.0138688833,
        3147367.4512284664,
        0.0
      ],
      [
        708232.7057308063,
        3147358.0505009824,
        0.0
      ],
      [
        708231.2817150528,
        3147349.3967739674,
        0.0
      ],
      [
        708218.049858955,
        3147353.5497735515,
        0.0
      ]
    ]
  ]
}