{
  "code": "234480801",
  "epsg": 32639,
  "bbox_utm": {
    "minx": 686068.7214814799,
    "miny": 3144538.3091495447,
    "maxx": 686539.3820116965,
    "maxy": 3145008.9696797617
  },
  "polygon_utm": [
    [
      [
        686158.946300083,
        3144844.2197998543,
        0.0
      ],
      [
        686171.7006000819,
        3144856.389099854,
        0.0
      ],
      [
        686220.9627000827,
        3144904.129999856,
        0.0
      ],
      [
        686258.0243026239,
        3144896.8406695286,
        0.0
      ],
      [
        686327.8440626762,
        3144869.7040279773,
        0.0
      ],
      [
        686403.7228758824,
        3144858.3524448914,
        0.0
      ],
      [
        686472.1447930941,
        3144853.1589495377,
        0.0
      ],
      [
        686399.086022353,
        3144752.6399238985,
        0.0
      ],
      [
        686357.6855691501,
        3144711.193803882,
        0.0
      ],
      [
        686287.7916974834,
        3144643.14882945,
        0.0
      ],
      [
        686185.2861242988,
        3144775.932843072,
        0.0
      ],
      [
        686135.9587000824,
        3144819.1137998556,
        0.0
      ],
      [
        686158.946300083,
        3144844.2197998543,
        0.0
      ]
    ]
  ]
}