{
  "code": "234451335",
  "epsg": 32639,
  "bbox_utm": {
    "minx": 681753.2023761587,
    "miny": 3125101.705158467,
    "maxx": 681916.871613086,
    "maxy": 3125265.374395394
  },
  "polygon_utm": [
    [
      [
        681865.2967633826,
        3125224.9131085975,
        0.0
      ],
      [
        681868.7013168312,
        3125191.703592269,
        0.0
      ],
      [
        681855.0544224789,
        3125188.8755862876,
        0.0
      ],
      [
        681857.285818919,
        3125163.505119594,
        0.0
      ],
      [
        681862.5047777162,
        3125132.15654612,
        0.0
      ],
      [
        681856.7301373117,
        3125131.020504587,
        0.0
      ],
      [
        681811.2745188499,
        3125125.086478028,
        0.0
      ],
      [
        681801.3726724135,
        3125221.577261046,
        0.0
      ],
      [
        681828.3189995604,
        3125232.7277811863,
        0.0
      ],
      [
        681851.87161357,
        3125241.993075833,
        0.0
      ],
      [
        681865.2967633826,
        3125224.9131085975,
        0.0
      ]
    ]
  ]
}