{
  "code": "234487345",
  "epsg": 32639,
  "bbox_utm": {
    "minx": 704392.3708178662,
    "miny": 3230971.3921973673,
    "maxx": 704998.2541710213,
    "maxy": 3231577.2755505224
  },
  "polygon_utm": [
    [
      [
        704478.9255826026,
        3231202.7935559177,
        0.0
      ],
      [
        704495.8351428666,
        3231220.230157076,
        0.0
      ],
      [
        704608.7876741291,
        3231353.093204161,
        0.0
      ],
      [
        704706.8876665565,
        3231470.1138734957,
        0.0
      ],
      [
        704752.1044442756,
        3231459.483729995,
        0.0
      ],
      [
        704790.2653753588,
        3231447.7263550055,
        0.0
      ],
      [
        704838.0935757428,
        3231428.854995215,
        0.0
      ],
      [
        704888.0180521689,
        3231409.5022153878,
        0.0
      ],
      [
        704898.5544789473,
        3231403.980142102,
        0.0
      ],
      [
        704911.6994062847,
        3231398.5048980913,
        0.0
      ],
      [
        704897.5297208936,
        3231373.8481575884,
        0.0
      ],
      [
        704883.7326251495,
        3231357.5052969535,
        0.0
      ],
      [
        704870.466504687,
        3231340.6527607073,
        0.0
      ],
      [
        704803.455304608,
        3231265.204275048,
        0.0
      ],
      [
        704738.5486565747,
        3231188.7550983047,
        0.0
      ],
      [
        704644.4990820724,
        3231078.553874394,
        0.0
      ],
      [
        704478.9255826026,
        3231202.7935559177,
        0.0
      ]
    ]
  ]
}