{
  "code": "234477104",
  "epsg": 32639,
  "bbox_utm": {
    "minx": 686156.5130069595,
    "miny": 3145276.237809915,
    "maxx": 686736.2476318796,
    "maxy": 3145855.9724348355
  },
  "polygon_utm": [
    [
      [
        686548.6588000843,
        3145542.2224998535,
        0.0
      ],
      [
        686552.5834000827,
        3145539.0579998526,
        0.0
      ],
      [
        686571.4421000832,
        3145521.1117998543,
        0.0
      ],
      [
        686575.4612000831,
        3145517.250299852,
        0.0
      ],
      [
        686586.9549000836,
        3145506.207399852,
        0.0
      ],
      [
        686594.8634000837,
        3145495.8654998518,
        0.0
      ],
      [
        686600.3385000823,
        3145487.3486998524,
        0.0
      ],
      [
        686603.8365000832,
        3145479.5922998516,
        0.0
      ],
      [
        686606.1178000835,
        3145471.5316998526,
        0.0
      ],
      [
        686608.2470000843,
        3145459.0605998514,
        0.0
      ],
      [
        686610.8324000833,
        3145450.3916998524,
        0.0
      ],
      [
        686613.6043000834,
        3145446.002899853,
        0.0
      ],
      [
        686614.4825000843,
        3145444.6123998538,
        0.0
      ],
      [
        686621.9347000845,
        3145439.137299853,
        0.0
      ],
      [
        686632.7329000846,
        3145431.989299852,
        0.0
      ],
      [
        686642.0101000832,
        3145425.4495998514,
        0.0
      ],
      [
        686651.7436000842,
        3145418.7577998517,
        0.0
      ],
      [
        686653.0173000838,
        3145417.229399851,
        0.0
      ],
      [
        686614.9307735879,
        3145397.1977870786,
        0.0
      ],
      [
        686583.6800385204,
        3145378.923023496,
        0.0
      ],
      [
        686555.5162327513,
        3145364.880721899,
        0.0
      ],
      [
        686540.2075660115,
        3145359.057042047,
        0.0
      ],
      [
        686524.3897594321,
        3145405.177533969,
        0.0
      ],
      [
        686516.2419899696,
        3145421.7826807247,
        0.0
      ],
      [
        686478.1617282936,
        3145453.0794089446,
        0.0
      ],
      [
        686459.5695841964,
        3145465.3357746634,
        0.0
      ],
      [
        686437.7475994998,
        3145465.7749726726,
        0.0
      ],
      [
        686405.4769949622,
        3145462.1269232114,
        0.0
      ],
      [
        686374.4044670821,
        3145465.8190324763,
        0.0
      ],
      [
        686348.8087160038,
        3145472.2124969815,
        0.0
      ],
      [
        686331.0050457071,
        3145484.481497895,
        0.0
      ],
      [
        686314.7490783553,
        3145498.6052510184,
        0.0
      ],
      [
        686296.9892581498,
        3145524.7327339128,
        0.0
      ],
      [
        686288.8790764278,
        3145538.9852289376,
        0.0
      ],
      [
        686282.2099830573,
        3145553.521954728,
        0.0
      ],
      [
        686280.2177671291,
        3145563.164725518,
        0.0
      ],
      [
        686276.5341178474,
        3145571.7348901876,
        0.0
      ],
      [
        686271.7498433964,
        3145583.4252451174,
        0.0
      ],
      [
        686268.3207059817,
        3145592.522350688,
        0.0
      ],
      [
        686260.4940198378,
        3145605.471931016,
        0.0
      ],
      [
        686250.0438575873,
        3145618.1185758784,
        0.0
      ],
      [
        686246.651923924,
        3145624.8630627384,
        0.0
      ],
      [
        686244.0296911665,
        3145632.7963014008,
        0.0
      ],
      [
        686243.0005562013,
        3145639.7088521454,
        0.0
      ],
      [
        686241.7065950162,
        3145646.747946094,
        0.0
      ],
      [
        686239.7433387552,
        3145654.5608520578,
        0.0
      ],
      [
        686239.9234839274,
        3145659.7929831776,
        0.0
      ],
      [
        686240.9662679529,
        3145660.3323903875,
        0.0
      ],
      [
        686241.8314243405,
        3145672.111943342,
        0.0
      ],
      [
        686245.3117942223,
        3145684.717204617,
        0.0
      ],
      [
        686255.632193954,
        3145696.907627428,
        0.0
      ],
      [
        686263.2175520451,
        3145715.8528602296,
        0.0
      ],
      [
        686277.0058255914,
        3145741.4326764843,
        0.0
      ],
      [
        686281.3529162256,
        3145749.0837976234,
        0.0
      ],
      [
        686290.2534186323,
        3145773.153202704,
        0.0
      ],
      [
        686312.8427308094,
        3145752.1962157073,
        0.0
      ],
      [
        686406.5248298515,
        3145678.376239471,
        0.0
      ],
      [
        686490.6162919641,
        3145612.771590456,
        0.0
      ],
      [
        686542.8128929625,
        3145569.671324563,
        0.0
      ],
      [
        686548.6588000843,
        3145542.2224998535,
        0.0
      ]
    ]
  ]
}