{
  "code": "236282016",
  "epsg": 32639,
  "bbox_utm": {
    "minx": 705220.319990949,
    "miny": 3240702.6532666055,
    "maxx": 705616.0280583331,
    "maxy": 3241098.36133399
  },
  "polygon_utm": [
    [
      [
        705343.480541882,
        3240767.2963351053,
        0.0
      ],
      [
        705372.3967893887,
        3240998.404009923,
        0.0
      ],
      [
        705441.6783342676,
        3240989.030044588,
        0.0
      ],
      [
        705450.1618180631,
        3241038.985122876,
        0.0
      ],
      [
        705492.8675074002,
        3241041.831610078,
        0.0
      ],
      [
        705468.7727619382,
        3240759.182990518,
        0.0
      ],
      [
        705343.480541882,
        3240767.2963351053,
        0.0
      ]
    ]
  ]
}