{
  "code": "236288841",
  "epsg": 32639,
  "bbox_utm": {
    "minx": 703753.6891088989,
    "miny": 3124778.928352765,
    "maxx": 704136.8818061,
    "maxy": 3125162.1210499657
  },
  "polygon_utm": [
    [
      [
        704053.8308012836,
        3124873.7291321782,
        0.0
      ],
      [
        704033.5991838147,
        3124886.4792726855,
        0.0
      ],
      [
        704027.218310426,
        3124890.0370165273,
        0.0
      ],
      [
        704008.6022053225,
        3124900.719302812,
        0.0
      ],
      [
        703964.4357960961,
        3124927.203899938,
        0.0
      ],
      [
        703929.8452955834,
        3124948.0900479783,
        0.0
      ],
      [
        703914.4152797435,
        3124957.2554052835,
        0.0
      ],
      [
        703908.9885582201,
        3124966.5924928933,
        0.0
      ],
      [
        703891.9161889636,
        3124979.396980897,
        0.0
      ],
      [
        703859.4948444142,
        3124996.65314543,
        0.0
      ],
      [
        703834.498324072,
        3125010.8933771937,
        0.0
      ],
      [
        703808.4309227847,
        3125026.163062942,
        0.0
      ],
      [
        703832.6903721729,
        3125054.8698871075,
        0.0
      ],
      [
        703837.5445941943,
        3125077.234976899,
        0.0
      ],
      [
        703850.366103023,
        3125068.270682457,
        0.0
      ],
      [
        703899.3869667704,
        3125035.0586878927,
        0.0
      ],
      [
        703962.2586424191,
        3124992.6543842563,
        0.0
      ],
      [
        703999.0899602319,
        3124963.948357637,
        0.0
      ],
      [
        704036.3759763038,
        3124939.441404084,
        0.0
      ],
      [
        704064.6308310678,
        3124919.494495961,
        0.0
      ],
      [
        704082.1399922142,
        3124911.9367272304,
        0.0
      ],
      [
        704076.6095434057,
        3124896.648440775,
        0.0
      ],
      [
        704071.6955509265,
        3124876.131660071,
        0.0
      ],
      [
        704071.3805101676,
        3124863.8144258317,
        0.0
      ],
      [
        704053.8308012836,
        3124873.7291321782,
        0.0
      ]
    ]
  ]
}