{
  "code": "236287086",
  "epsg": 32639,
  "bbox_utm": {
    "minx": 699719.6891668969,
    "miny": 3135427.85805808,
    "maxx": 700172.2106326587,
    "maxy": 3135880.3795238417
  },
  "polygon_utm": [
    [
      [
        699841.4535083739,
        3135571.6685592113,
        0.0
      ],
      [
        699860.0361363806,
        3135592.919382327,
        0.0
      ],
      [
        699883.9848346588,
        3135607.9798058085,
        0.0
      ],
      [
        699924.4118902,
        3135644.2555578896,
        0.0
      ],
      [
        699965.8199444478,
        3135684.7352935993,
        0.0
      ],
      [
        700013.398160659,
        3135733.6940552765,
        0.0
      ],
      [
        700059.9593848702,
        3135780.54198524,
        0.0
      ],
      [
        700087.8145167764,
        3135813.4647856327,
        0.0
      ],
      [
        700107.5647089784,
        3135765.6447036024,
        0.0
      ],
      [
        700049.5023792291,
        3135714.414680574,
        0.0
      ],
      [
        700008.0416200384,
        3135677.0743420064,
        0.0
      ],
      [
        699956.1843510725,
        3135632.2304372736,
        0.0
      ],
      [
        699912.7074162116,
        3135589.6219268613,
        0.0
      ],
      [
        699875.4361716337,
        3135553.3993856916,
        0.0
      ],
      [
        699837.0773271063,
        3135519.252204357,
        0.0
      ],
      [
        699813.2874661929,
        3135494.7727962886,
        0.0
      ],
      [
        699784.3350905771,
        3135526.7362440294,
        0.0
      ],
      [
        699841.4535083739,
        3135571.6685592113,
        0.0
      ]
    ]
  ]
}