{
  "code": "236287336",
  "epsg": 32639,
  "bbox_utm": {
    "minx": 699802.0776739501,
    "miny": 3135270.406495403,
    "maxx": 700310.4105087206,
    "maxy": 3135778.739330173
  },
  "polygon_utm": [
    [
      [
        699940.5556098521,
        3135436.205246474,
        0.0
      ],
      [
        699967.306846185,
        3135472.2505181325,
        0.0
      ],
      [
        700017.0430930062,
        3135518.106003159,
        0.0
      ],
      [
        700045.8625435925,
        3135556.279909904,
        0.0
      ],
      [
        700076.8920225103,
        3135588.2100781905,
        0.0
      ],
      [
        700106.7631124886,
        3135626.4017286357,
        0.0
      ],
      [
        700152.2370314046,
        3135675.3257239405,
        0.0
      ],
      [
        700178.0236058179,
        3135706.1203537774,
        0.0
      ],
      [
        700217.4613438661,
        3135676.4294222724,
        0.0
      ],
      [
        700185.5221294026,
        3135636.1089251363,
        0.0
      ],
      [
        700146.4133674982,
        3135584.1517827716,
        0.0
      ],
      [
        700080.4473762646,
        3135502.4284524107,
        0.0
      ],
      [
        700009.2734021544,
        3135417.4763894873,
        0.0
      ],
      [
        699940.0256046304,
        3135343.0254717986,
        0.0
      ],
      [
        699895.0268388046,
        3135390.4209135314,
        0.0
      ],
      [
        699940.5556098521,
        3135436.205246474,
        0.0
      ]
    ]
  ]
}