{
  "code": "236287200",
  "epsg": 32639,
  "bbox_utm": {
    "minx": 703529.8819599814,
    "miny": 3125096.6502855252,
    "maxx": 703882.4077234991,
    "maxy": 3125449.1760490434
  },
  "polygon_utm": [
    [
      [
        703615.9061537647,
        3125376.3365554726,
        0.0
      ],
      [
        703620.2958001372,
        3125373.34889978,
        0.0
      ],
      [
        703649.9868001381,
        3125354.40439978,
        0.0
      ],
      [
        703675.5456001379,
        3125335.883499779,
        0.0
      ],
      [
        703712.0317001374,
        3125307.916999778,
        0.0
      ],
      [
        703732.7750001383,
        3125292.54459978,
        0.0
      ],
      [
        703767.4091001388,
        3125266.6153997784,
        0.0
      ],
      [
        703805.3769001372,
        3125235.3151997775,
        0.0
      ],
      [
        703832.0469001394,
        3125214.756999777,
        0.0
      ],
      [
        703799.8712538041,
        3125169.489779096,
        0.0
      ],
      [
        703791.119276877,
        3125175.7003167407,
        0.0
      ],
      [
        703756.9574517764,
        3125202.356602817,
        0.0
      ],
      [
        703731.8716453828,
        3125221.834129674,
        0.0
      ],
      [
        703710.5251469769,
        3125238.232467121,
        0.0
      ],
      [
        703669.9561880128,
        3125270.0178208244,
        0.0
      ],
      [
        703647.5209975353,
        3125288.493069375,
        0.0
      ],
      [
        703624.0239543994,
        3125307.4740062556,
        0.0
      ],
      [
        703603.7127497386,
        3125324.9379114923,
        0.0
      ],
      [
        703580.2427833411,
        3125342.3476741198,
        0.0
      ],
      [
        703615.9061537647,
        3125376.3365554726,
        0.0
      ]
    ]
  ]
}