{
  "code": "236281936",
  "epsg": 32639,
  "bbox_utm": {
    "minx": 685028.1070953633,
    "miny": 3145262.629602437,
    "maxx": 685366.5090907034,
    "maxy": 3145601.0315977773
  },
  "polygon_utm": [
    [
      [
        685263.256698381,
        3145359.1402965756,
        0.0
      ],
      [
        685227.5941928526,
        3145370.607362716,
        0.0
      ],
      [
        685197.959064864,
        3145366.4811182646,
        0.0
      ],
      [
        685163.8527237055,
        3145379.280155633,
        0.0
      ],
      [
        685076.4502375547,
        3145421.8339665984,
        0.0
      ],
      [
        685078.7740778114,
        3145424.485128799,
        0.0
      ],
      [
        685095.2051709121,
        3145449.3210420078,
        0.0
      ],
      [
        685140.2035118851,
        3145512.779637909,
        0.0
      ],
      [
        685159.081471932,
        3145498.9570636866,
        0.0
      ],
      [
        685177.9060855228,
        3145488.532718906,
        0.0
      ],
      [
        685195.6796769423,
        3145478.09187731,
        0.0
      ],
      [
        685217.4235235502,
        3145465.883176989,
        0.0
      ],
      [
        685232.323207189,
        3145454.3513352484,
        0.0
      ],
      [
        685252.9832087791,
        3145444.217371774,
        0.0
      ],
      [
        685318.165948512,
        3145410.728370977,
        0.0
      ],
      [
        685304.6297840206,
        3145385.6760765845,
        0.0
      ],
      [
        685286.7785655456,
        3145350.8815623047,
        0.0
      ],
      [
        685263.256698381,
        3145359.1402965756,
        0.0
      ]
    ]
  ]
}