{
  "code": "236287941",
  "epsg": 32639,
  "bbox_utm": {
    "minx": 700161.6878481673,
    "miny": 3135253.0167068294,
    "maxx": 700499.6782362347,
    "maxy": 3135591.007094896
  },
  "polygon_utm": [
    [
      [
        700253.8328517643,
        3135330.5358041227,
        0.0
      ],
      [
        700264.5603712476,
        3135349.5610360363,
        0.0
      ],
      [
        700275.2169925534,
        3135372.772520541,
        0.0
      ],
      [
        700292.596605511,
        3135402.902407787,
        0.0
      ],
      [
        700317.3757564545,
        3135431.0638088696,
        0.0
      ],
      [
        700328.041052721,
        3135453.7519158376,
        0.0
      ],
      [
        700354.3005670004,
        3135487.6960784188,
        0.0
      ],
      [
        700377.9298783431,
        3135521.5956690987,
        0.0
      ],
      [
        700389.1475667146,
        3135542.7227537436,
        0.0
      ],
      [
        700433.8730998625,
        3135511.5513183335,
        0.0
      ],
      [
        700410.8408422288,
        3135473.4742507446,
        0.0
      ],
      [
        700374.8973699188,
        3135421.045793348,
        0.0
      ],
      [
        700346.6577392122,
        3135379.739805415,
        0.0
      ],
      [
        700322.5108715143,
        3135345.3077122555,
        0.0
      ],
      [
        700296.8389537743,
        3135307.7091459143,
        0.0
      ],
      [
        700227.4929845395,
        3135301.3010479813,
        0.0
      ],
      [
        700253.8328517643,
        3135330.5358041227,
        0.0
      ]
    ]
  ]
}