{
  "code": "236287606",
  "epsg": 32639,
  "bbox_utm": {
    "minx": 699835.1273671355,
    "miny": 3135165.271742436,
    "maxx": 700403.987834327,
    "maxy": 3135734.132209628
  },
  "polygon_utm": [
    [
      [
        700018.2564755182,
        3135321.8400597963,
        0.0
      ],
      [
        700044.4552143428,
        3135359.446807305,
        0.0
      ],
      [
        700072.7401428744,
        3135398.135651484,
        0.0
      ],
      [
        700090.6993182134,
        3135425.1343523795,
        0.0
      ],
      [
        700116.4158288179,
        3135460.1156756734,
        0.0
      ],
      [
        700133.2431171983,
        3135491.806025716,
        0.0
      ],
      [
        700164.5064104338,
        3135541.0136223873,
        0.0
      ],
      [
        700183.0354240302,
        3135565.4046975924,
        0.0
      ],
      [
        700210.2673704345,
        3135604.075474471,
        0.0
      ],
      [
        700234.4759592079,
        3135634.8437049338,
        0.0
      ],
      [
        700247.8509286916,
        3135652.8664286,
        0.0
      ],
      [
        700278.5169270851,
        3135628.5230010594,
        0.0
      ],
      [
        700246.3634770126,
        3135585.3197117043,
        0.0
      ],
      [
        700220.0950532616,
        3135551.8993481304,
        0.0
      ],
      [
        700182.5110353748,
        3135503.108103152,
        0.0
      ],
      [
        700149.6519596239,
        3135454.9201685744,
        0.0
      ],
      [
        700106.0118185022,
        3135390.8468534504,
        0.0
      ],
      [
        700070.0844852452,
        3135337.3725103247,
        0.0
      ],
      [
        700039.1958351819,
        3135297.069161474,
        0.0
      ],
      [
        700013.6114071052,
        3135254.2382520605,
        0.0
      ],
      [
        699997.9015442091,
        3135249.7851937287,
        0.0
      ],
      [
        699960.5982743775,
        3135246.5375234634,
        0.0
      ],
      [
        699972.9043918297,
        3135265.5892529115,
        0.0
      ],
      [
        699984.7198276797,
        3135282.5389293944,
        0.0
      ],
      [
        700001.3313159388,
        3135295.905615985,
        0.0
      ],
      [
        700018.2564755182,
        3135321.8400597963,
        0.0
      ]
    ]
  ]
}