{
  "code": "236286559",
  "epsg": 32639,
  "bbox_utm": {
    "minx": 699618.0099720835,
    "miny": 3135532.741187775,
    "maxx": 700046.1359888098,
    "maxy": 3135960.867204501
  },
  "polygon_utm": [
    [
      [
        699733.115320544,
        3135693.3661720217,
        0.0
      ],
      [
        699783.9387520337,
        3135737.1445281208,
        0.0
      ],
      [
        699819.3177718709,
        3135760.7723413464,
        0.0
      ],
      [
        699871.2279603888,
        3135802.4755855096,
        0.0
      ],
      [
        699911.7427715854,
        3135833.5181263834,
        0.0
      ],
      [
        699952.16892704,
        3135869.7933537588,
        0.0
      ],
      [
        699984.9751292774,
        3135858.8328857827,
        0.0
      ],
      [
        699934.1175570468,
        3135817.147070662,
        0.0
      ],
      [
        699871.8998743129,
        3135762.7074652356,
        0.0
      ],
      [
        699801.389350924,
        3135700.800086265,
        0.0
      ],
      [
        699705.8772860479,
        3135623.8150385167,
        0.0
      ],
      [
        699679.1708316158,
        3135647.44155184,
        0.0
      ],
      [
        699733.115320544,
        3135693.3661720217,
        0.0
      ]
    ]
  ]
}