{
  "code": "236288454",
  "epsg": 32639,
  "bbox_utm": {
    "minx": 700252.9718255681,
    "miny": 3135256.763945241,
    "maxx": 700543.6071270796,
    "maxy": 3135547.3992467527
  },
  "polygon_utm": [
    [
      [
        700357.1567690874,
        3135303.496032375,
        0.0
      ],
      [
        700322.9212031893,
        3135305.5335293557,
        0.0
      ],
      [
        700314.7679033808,
        3135305.39548962,
        0.0
      ],
      [
        700305.5581356984,
        3135305.501288443,
        0.0
      ],
      [
        700317.792780523,
        3135328.7396156667,
        0.0
      ],
      [
        700344.7619046167,
        3135367.4070058046,
        0.0
      ],
      [
        700360.4287965754,
        3135389.918239762,
        0.0
      ],
      [
        700383.0151417544,
        3135423.2770065432,
        0.0
      ],
      [
        700397.1525913691,
        3135442.8834230695,
        0.0
      ],
      [
        700408.4279473315,
        3135460.6093408903,
        0.0
      ],
      [
        700421.5265810186,
        3135479.4129923293,
        0.0
      ],
      [
        700438.9677184558,
        3135505.8799179653,
        0.0
      ],
      [
        700465.5076525925,
        3135492.1970056267,
        0.0
      ],
      [
        700491.0208169492,
        3135461.4852469317,
        0.0
      ],
      [
        700490.4667864384,
        3135447.6049376484,
        0.0
      ],
      [
        700483.8281228596,
        3135435.715232238,
        0.0
      ],
      [
        700474.8356802299,
        3135423.000487816,
        0.0
      ],
      [
        700459.6906253197,
        3135400.759698828,
        0.0
      ],
      [
        700450.9788679479,
        3135387.0028284257,
        0.0
      ],
      [
        700445.8782835472,
        3135377.494603294,
        0.0
      ],
      [
        700433.0337054312,
        3135359.218510598,
        0.0
      ],
      [
        700412.9267676368,
        3135334.79987925,
        0.0
      ],
      [
        700406.3101162773,
        3135321.601900184,
        0.0
      ],
      [
        700394.0002956655,
        3135302.8113962547,
        0.0
      ],
      [
        700389.3414511547,
        3135298.2832740285,
        0.0
      ],
      [
        700357.1567690874,
        3135303.496032375,
        0.0
      ]
    ]
  ]
}