{
  "code": "236289866",
  "epsg": 32639,
  "bbox_utm": {
    "minx": 703432.2835790539,
    "miny": 3125057.5795622086,
    "maxx": 703686.2927611166,
    "maxy": 3125311.5887442715
  },
  "polygon_utm": [
    [
      [
        703566.0764433927,
        3125098.148812265,
        0.0
      ],
      [
        703559.5379739814,
        3125106.242382409,
        0.0
      ],
      [
        703556.1995721973,
        3125116.663061968,
        0.0
      ],
      [
        703544.820371866,
        3125135.3282342493,
        0.0
      ],
      [
        703538.777793207,
        3125149.8936937978,
        0.0
      ],
      [
        703530.5844414241,
        3125167.0417421865,
        0.0
      ],
      [
        703526.5131820074,
        3125189.499317396,
        0.0
      ],
      [
        703521.0419979683,
        3125201.455054427,
        0.0
      ],
      [
        703511.8136995616,
        3125217.537522323,
        0.0
      ],
      [
        703505.2177998282,
        3125233.6650780123,
        0.0
      ],
      [
        703497.0873619352,
        3125247.14687906,
        0.0
      ],
      [
        703495.4182034574,
        3125252.3571639527,
        0.0
      ],
      [
        703519.7765774183,
        3125275.3017182625,
        0.0
      ],
      [
        703551.3232011492,
        3125247.552384588,
        0.0
      ],
      [
        703582.9058828666,
        3125217.7081143376,
        0.0
      ],
      [
        703612.9452062009,
        3125185.741814207,
        0.0
      ],
      [
        703623.1581367133,
        3125176.889345314,
        0.0
      ],
      [
        703571.0727460963,
        3125093.8665882177,
        0.0
      ],
      [
        703566.0764433927,
        3125098.148812265,
        0.0
      ]
    ]
  ]
}