{
  "code": "236288814",
  "epsg": 32639,
  "bbox_utm": {
    "minx": 703500.9429827915,
    "miny": 3125198.956553913,
    "maxx": 703632.2039057645,
    "maxy": 3125330.217476886
  },
  "polygon_utm": [
    [
      [
        703575.3672861845,
        3125288.8277442837,
        0.0
      ],
      [
        703599.971095233,
        3125266.7223305497,
        0.0
      ],
      [
        703613.3703111376,
        3125255.4825211996,
        0.0
      ],
      [
        703582.9058828666,
        3125217.7081143376,
        0.0
      ],
      [
        703551.3232011492,
        3125247.552384588,
        0.0
      ],
      [
        703519.7765774183,
        3125275.3017182625,
        0.0
      ],
      [
        703551.2810648793,
        3125311.4659164613,
        0.0
      ],
      [
        703575.3672861845,
        3125288.8277442837,
        0.0
      ]
    ]
  ]
}