{
  "code": "236374179",
  "epsg": 32639,
  "bbox_utm": {
    "minx": 687150.7588033404,
    "miny": 3143348.8310246826,
    "maxx": 687382.6018467289,
    "maxy": 3143580.6740680714
  },
  "polygon_utm": [
    [
      [
        687300.5920133446,
        3143404.224610536,
        0.0
      ],
      [
        687251.391330546,
        3143444.1645491733,
        0.0
      ],
      [
        687204.097550239,
        3143483.5241646804,
        0.0
      ],
      [
        687250.9247164935,
        3143547.5536333015,
        0.0
      ],
      [
        687261.6280488293,
        3143535.693987876,
        0.0
      ],
      [
        687286.7556400772,
        3143509.4186358317,
        0.0
      ],
      [
        687306.0931915719,
        3143483.574349286,
        0.0
      ],
      [
        687316.9793267545,
        3143460.2109559323,
        0.0
      ],
      [
        687323.1764025416,
        3143434.157904274,
        0.0
      ],
      [
        687328.2890321364,
        3143410.1796981366,
        0.0
      ],
      [
        687329.2630998304,
        3143381.9514594525,
        0.0
      ],
      [
        687300.5920133446,
        3143404.224610536,
        0.0
      ]
    ]
  ]
}