{
  "code": "236320884",
  "epsg": 32639,
  "bbox_utm": {
    "minx": 702435.9413769066,
    "miny": 3125529.959372813,
    "maxx": 702784.6164135702,
    "maxy": 3125878.634409477
  },
  "polygon_utm": [
    [
      [
        702588.2117796906,
        3125828.8236899534,
        0.0
      ],
      [
        702613.3568752343,
        3125805.679019543,
        0.0
      ],
      [
        702631.4705671436,
        3125793.4154483615,
        0.0
      ],
      [
        702646.4077320279,
        3125782.1454019984,
        0.0
      ],
      [
        702651.9224716757,
        3125767.5713792667,
        0.0
      ],
      [
        702659.0433866776,
        3125751.4531628736,
        0.0
      ],
      [
        702673.4899340088,
        3125738.079275921,
        0.0
      ],
      [
        702693.3351153692,
        3125716.9395699343,
        0.0
      ],
      [
        702714.2422119959,
        3125695.294115334,
        0.0
      ],
      [
        702718.8422237264,
        3125688.0385193746,
        0.0
      ],
      [
        702710.0847379072,
        3125676.6258956837,
        0.0
      ],
      [
        702693.2163683795,
        3125662.193553456,
        0.0
      ],
      [
        702682.5760240512,
        3125653.106195358,
        0.0
      ],
      [
        702671.605399535,
        3125647.9422125733,
        0.0
      ],
      [
        702665.0872853246,
        3125644.163895707,
        0.0
      ],
      [
        702606.1526374449,
        3125579.7700923365,
        0.0
      ],
      [
        702569.2642724067,
        3125612.1445742506,
        0.0
      ],
      [
        702602.9075767573,
        3125646.508011688,
        0.0
      ],
      [
        702599.6371625997,
        3125653.000555884,
        0.0
      ],
      [
        702589.4915826658,
        3125661.209337393,
        0.0
      ],
      [
        702501.7155667503,
        3125728.6004271386,
        0.0
      ],
      [
        702588.2117796906,
        3125828.8236899534,
        0.0
      ]
    ]
  ]
}