{
  "code": "236338209",
  "epsg": 32639,
  "bbox_utm": {
    "minx": 684914.5692930922,
    "miny": 3144904.715543915,
    "maxx": 685153.9608540332,
    "maxy": 3145144.107104856
  },
  "polygon_utm": [
    [
      [
        684958.2249865434,
        3145050.2580578458,
        0.0
      ],
      [
        684980.7334932067,
        3145073.098087655,
        0.0
      ],
      [
        684991.2815527538,
        3145087.6447147853,
        0.0
      ],
      [
        685010.3820905852,
        3145109.908310436,
        0.0
      ],
      [
        685040.0177561393,
        3145097.299782962,
        0.0
      ],
      [
        685058.7237319439,
        3145077.7213792005,
        0.0
      ],
      [
        685087.5711327102,
        3145048.3661385323,
        0.0
      ],
      [
        685118.4387682684,
        3145024.2721295715,
        0.0
      ],
      [
        685077.7246546097,
        3144938.9143383354,
        0.0
      ],
      [
        685046.3067263537,
        3144964.568862671,
        0.0
      ],
      [
        685007.4573917664,
        3144994.813346958,
        0.0
      ],
      [
        684963.2543370685,
        3145031.249274412,
        0.0
      ],
      [
        684955.2644790644,
        3145037.922271192,
        0.0
      ],
      [
        684950.0913788571,
        3145042.119638283,
        0.0
      ],
      [
        684958.2249865434,
        3145050.2580578458,
        0.0
      ]
    ]
  ]
}