{
  "code": "236478309",
  "epsg": 32639,
  "bbox_utm": {
    "minx": 698383.0322760423,
    "miny": 3133363.6730387346,
    "maxx": 698781.4815975134,
    "maxy": 3133762.1223602067
  },
  "polygon_utm": [
    [
      [
        698603.7848562532,
        3133448.591290107,
        0.0
      ],
      [
        698513.7683380307,
        3133544.4542786865,
        0.0
      ],
      [
        698447.3397830125,
        3133614.537284437,
        0.0
      ],
      [
        698546.8569407273,
        3133705.2010285677,
        0.0
      ],
      [
        698637.8545563768,
        3133613.5441554594,
        0.0
      ],
      [
        698717.1740905431,
        3133527.973236892,
        0.0
      ],
      [
        698620.041875757,
        3133420.594370374,
        0.0
      ],
      [
        698603.7848562532,
        3133448.591290107,
        0.0
      ]
    ]
  ]
}