{
  "code": "236474974",
  "epsg": 32639,
  "bbox_utm": {
    "minx": 698532.4079080977,
    "miny": 3132609.1424027863,
    "maxx": 699187.7985501139,
    "maxy": 3133264.5330448025
  },
  "polygon_utm": [
    [
      [
        698638.0840129894,
        3132721.464276295,
        0.0
      ],
      [
        698626.0351426714,
        3132749.5334708677,
        0.0
      ],
      [
        698626.7702542719,
        3132831.217997949,
        0.0
      ],
      [
        698861.7487830713,
        3133003.739670766,
        0.0
      ],
      [
        699085.1662352668,
        3133152.211171293,
        0.0
      ],
      [
        699094.1713155402,
        3133067.592297621,
        0.0
      ],
      [
        698638.0840129894,
        3132721.464276295,
        0.0
      ]
    ]
  ]
}