{
  "code": "236480814",
  "epsg": 32639,
  "bbox_utm": {
    "minx": 696638.5978871321,
    "miny": 3133086.0191124645,
    "maxx": 697416.3255240263,
    "maxy": 3133863.7467493596
  },
  "polygon_utm": [
    [
      [
        697278.2370443353,
        3133666.19447324,
        0.0
      ],
      [
        697305.2215758986,
        3133625.811388947,
        0.0
      ],
      [
        697258.7109151632,
        3133574.7804666683,
        0.0
      ],
      [
        697135.5409959556,
        3133450.2294226727,
        0.0
      ],
      [
        697068.2464034602,
        3133383.147383611,
        0.0
      ],
      [
        697062.0551937387,
        3133375.715231111,
        0.0
      ],
      [
        696958.5073724024,
        3133273.478431922,
        0.0
      ],
      [
        696896.5240292095,
        3133203.3438179907,
        0.0
      ],
      [
        696786.137647233,
        3133259.095238689,
        0.0
      ],
      [
        696749.7018352598,
        3133298.27658279,
        0.0
      ],
      [
        696820.1551936531,
        3133365.409590132,
        0.0
      ],
      [
        696883.2250384259,
        3133433.4669417376,
        0.0
      ],
      [
        696948.6596918737,
        3133485.8585770517,
        0.0
      ],
      [
        697024.354285701,
        3133554.1261384995,
        0.0
      ],
      [
        697079.3182075061,
        3133603.2028511516,
        0.0
      ],
      [
        697144.8208003729,
        3133651.4081526054,
        0.0
      ],
      [
        697212.1133552518,
        3133718.489268891,
        0.0
      ],
      [
        697254.7986351927,
        3133746.422043834,
        0.0
      ],
      [
        697278.2370443353,
        3133666.19447324,
        0.0
      ]
    ]
  ]
}