{
  "code": "236478820",
  "epsg": 32639,
  "bbox_utm": {
    "minx": 697163.6171818469,
    "miny": 3132363.172473259,
    "maxx": 698862.779324742,
    "maxy": 3134062.334616155
  },
  "polygon_utm": [
    [
      [
        698513.7683380307,
        3133544.4542786865,
        0.0
      ],
      [
        698603.7848562532,
        3133448.591290107,
        0.0
      ],
      [
        698620.041875757,
        3133420.594370374,
        0.0
      ],
      [
        698452.4981751723,
        3133243.977864285,
        0.0
      ],
      [
        698321.1988939394,
        3133102.521225036,
        0.0
      ],
      [
        698225.9888045186,
        3133005.6451904373,
        0.0
      ],
      [
        698091.5449309493,
        3132863.0890652696,
        0.0
      ],
      [
        698042.9471952587,
        3132810.9698049766,
        0.0
      ],
      [
        697887.1499779993,
        3132938.2017146926,
        0.0
      ],
      [
        697830.5245854834,
        3132988.5614674147,
        0.0
      ],
      [
        697801.5516572511,
        3132958.759896386,
        0.0
      ],
      [
        697778.0528574889,
        3132979.3085566936,
        0.0
      ],
      [
        697750.6214472475,
        3132920.215172251,
        0.0
      ],
      [
        697734.0617273992,
        3132840.361763018,
        0.0
      ],
      [
        697598.2915759278,
        3132903.0136066633,
        0.0
      ],
      [
        697474.2895115947,
        3132954.3451703563,
        0.0
      ],
      [
        697417.9627514372,
        3132986.911756568,
        0.0
      ],
      [
        697488.3368618621,
        3133184.9295233064,
        0.0
      ],
      [
        697528.7141270286,
        3133288.2121093897,
        0.0
      ],
      [
        697424.3066768151,
        3133363.9505331637,
        0.0
      ],
      [
        697453.1746839257,
        3133400.0305326837,
        0.0
      ],
      [
        697406.3546308319,
        3133430.6602829676,
        0.0
      ],
      [
        697501.3402652855,
        3133541.133335146,
        0.0
      ],
      [
        697673.506251672,
        3133441.399544097,
        0.0
      ],
      [
        697770.972208032,
        3133403.240517946,
        0.0
      ],
      [
        697872.5076955181,
        3133373.5263044983,
        0.0
      ],
      [
        698040.2256080157,
        3133288.3800490214,
        0.0
      ],
      [
        698171.0166877514,
        3133397.3651003554,
        0.0
      ],
      [
        698316.2204422107,
        3133525.438471212,
        0.0
      ],
      [
        698447.3397830125,
        3133614.537284437,
        0.0
      ],
      [
        698513.7683380307,
        3133544.4542786865,
        0.0
      ]
    ]
  ]
}