{
  "code": "236478264",
  "epsg": 32639,
  "bbox_utm": {
    "minx": 698477.7253418007,
    "miny": 3133467.5371095603,
    "maxx": 698900.7782331322,
    "maxy": 3133890.590000891
  },
  "polygon_utm": [
    [
      [
        698831.6466342057,
        3133668.1004880713,
        0.0
      ],
      [
        698773.0960336772,
        3133582.309669285,
        0.0
      ],
      [
        698717.1740905431,
        3133527.9732368933,
        0.0
      ],
      [
        698637.8545563768,
        3133613.5441554594,
        0.0
      ],
      [
        698546.8569407273,
        3133705.2010285677,
        0.0
      ],
      [
        698679.7256509708,
        3133815.2705803034,
        0.0
      ],
      [
        698693.1578203811,
        3133830.1538735586,
        0.0
      ],
      [
        698831.6466342057,
        3133668.1004880713,
        0.0
      ]
    ]
  ]
}