{
  "code": "236476211",
  "epsg": 32639,
  "bbox_utm": {
    "minx": 698557.8940684901,
    "miny": 3132878.5887446264,
    "maxx": 699015.8077494699,
    "maxy": 3133336.5024256064
  },
  "polygon_utm": [
    [
      [
        698634.9211948068,
        3133035.5327810887,
        0.0
      ],
      [
        698623.31030863,
        3133100.255449763,
        0.0
      ],
      [
        698724.234402916,
        3133170.006974149,
        0.0
      ],
      [
        698780.1757007453,
        3133223.2981922366,
        0.0
      ],
      [
        698828.1030682296,
        3133252.3729991163,
        0.0
      ],
      [
        698857.3013601785,
        3133268.5689260964,
        0.0
      ],
      [
        698922.2072915458,
        3133226.730429916,
        0.0
      ],
      [
        698950.3915093299,
        3133177.9927753424,
        0.0
      ],
      [
        698634.3091627806,
        3132946.522244137,
        0.0
      ],
      [
        698634.9211948068,
        3133035.5327810887,
        0.0
      ]
    ]
  ]
}