{
  "code": "236479991",
  "epsg": 32639,
  "bbox_utm": {
    "minx": 697098.0487574303,
    "miny": 3133169.255445935,
    "maxx": 697457.7389430654,
    "maxy": 3133528.9456315693
  },
  "polygon_utm": [
    [
      [
        697327.0280916309,
        3133327.7772454116,
        0.0
      ],
      [
        697239.3173573555,
        3133222.6602581423,
        0.0
      ],
      [
        697149.4330696639,
        3133311.2076036977,
        0.0
      ],
      [
        697335.0902794948,
        3133475.5408193623,
        0.0
      ],
      [
        697406.3546308319,
        3133430.6602829676,
        0.0
      ],
      [
        697327.0280916309,
        3133327.7772454116,
        0.0
      ]
    ]
  ]
}