{
  "code": "236557255",
  "epsg": 32639,
  "bbox_utm": {
    "minx": 707481.8802190033,
    "miny": 3145865.145105951,
    "maxx": 707791.1648942161,
    "maxy": 3146174.4297811636
  },
  "polygon_utm": [
    [
      [
        707741.6978714023,
        3145958.8000248712,
        0.0
      ],
      [
        707726.4931055228,
        3145926.6288686115,
        0.0
      ],
      [
        707703.4835543465,
        3145934.591356786,
        0.0
      ],
      [
        707671.4058370922,
        3145949.9776065187,
        0.0
      ],
      [
        707661.0329506854,
        3145956.855340751,
        0.0
      ],
      [
        707631.0993102782,
        3145984.8314479324,
        0.0
      ],
      [
        707605.9419212776,
        3146010.2766996827,
        0.0
      ],
      [
        707578.5856978089,
        3146041.174681391,
        0.0
      ],
      [
        707553.6913210449,
        3146066.624534953,
        0.0
      ],
      [
        707536.68962867,
        3146091.6903807134,
        0.0
      ],
      [
        707526.0637440338,
        3146112.946018503,
        0.0
      ],
      [
        707558.7403692723,
        3146108.2915807664,
        0.0
      ],
      [
        707593.6844759919,
        3146064.4525125492,
        0.0
      ],
      [
        707617.6575566562,
        3146076.380765453,
        0.0
      ],
      [
        707642.8286617401,
        3146050.1514365515,
        0.0
      ],
      [
        707667.6866188733,
        3146041.6985080424,
        0.0
      ],
      [
        707689.9816078523,
        3146020.9574259915,
        0.0
      ],
      [
        707701.8938270268,
        3146009.875459745,
        0.0
      ],
      [
        707712.128322397,
        3145995.9348590435,
        0.0
      ],
      [
        707746.9813691857,
        3145987.135217265,
        0.0
      ],
      [
        707741.6978714023,
        3145958.8000248712,
        0.0
      ]
    ]
  ]
}