{
  "code": "236557284",
  "epsg": 32639,
  "bbox_utm": {
    "minx": 707791.0967752701,
    "miny": 3146101.3376619616,
    "maxx": 708025.0041397433,
    "maxy": 3146335.2450264352
  },
  "polygon_utm": [
    [
      [
        707931.5876483164,
        3146295.656269715,
        0.0
      ],
      [
        707947.5824143448,
        3146290.4471570454,
        0.0
      ],
      [
        707960.7892209083,
        3146286.823196274,
        0.0
      ],
      [
        707964.3011001535,
        3146286.044199744,
        0.0
      ],
      [
        707968.1411017438,
        3146250.0495393947,
        0.0
      ],
      [
        707970.3958738726,
        3146219.1021481603,
        0.0
      ],
      [
        707965.6569630374,
        3146197.183611323,
        0.0
      ],
      [
        707953.8025426064,
        3146153.9582294384,
        0.0
      ],
      [
        707938.6628937777,
        3146147.938131746,
        0.0
      ],
      [
        707924.7416001533,
        3146134.752999744,
        0.0
      ],
      [
        707912.6176001539,
        3146139.158799744,
        0.0
      ],
      [
        707904.5489949033,
        3146142.2853619405,
        0.0
      ],
      [
        707899.245763313,
        3146144.340349499,
        0.0
      ],
      [
        707896.8131001532,
        3146145.2829997414,
        0.0
      ],
      [
        707895.6268238127,
        3146145.9667729046,
        0.0
      ],
      [
        707893.0569668495,
        3146147.4480459965,
        0.0
      ],
      [
        707890.5508896029,
        3146148.892556274,
        0.0
      ],
      [
        707883.474114133,
        3146152.971630418,
        0.0
      ],
      [
        707875.5384303513,
        3146157.5457818313,
        0.0
      ],
      [
        707868.4636093827,
        3146160.4715528195,
        0.0
      ],
      [
        707861.4382922573,
        3146163.3768516425,
        0.0
      ],
      [
        707854.4484534905,
        3146164.066787771,
        0.0
      ],
      [
        707851.6365449445,
        3146164.344338851,
        0.0
      ],
      [
        707845.7050411409,
        3146164.929811403,
        0.0
      ],
      [
        707860.8527439508,
        3146177.944947768,
        0.0
      ],
      [
        707878.6015372295,
        3146214.8674647594,
        0.0
      ],
      [
        707895.5780839202,
        3146243.408446542,
        0.0
      ],
      [
        707906.8240898966,
        3146283.877012317,
        0.0
      ],
      [
        707912.8158885059,
        3146301.8296886533,
        0.0
      ],
      [
        707931.5876483164,
        3146295.656269715,
        0.0
      ]
    ]
  ]
}