{
  "code": "236595235",
  "epsg": 32639,
  "bbox_utm": {
    "minx": 706674.9353372883,
    "miny": 3240227.821582259,
    "maxx": 706880.0613253019,
    "maxy": 3240432.9475702723
  },
  "polygon_utm": [
    [
      [
        706756.9297988382,
        3240260.8713587974,
        0.0
      ],
      [
        706760.954689117,
        3240297.6501667257,
        0.0
      ],
      [
        706766.6470998138,
        3240328.752301105,
        0.0
      ],
      [
        706776.758300824,
        3240403.6438576994,
        0.0
      ],
      [
        706798.5339715539,
        3240403.391124101,
        0.0
      ],
      [
        706795.6461130319,
        3240361.4452473484,
        0.0
      ],
      [
        706779.3031645613,
        3240257.1252948325,
        0.0
      ],
      [
        706767.132030835,
        3240257.5273015564,
        0.0
      ],
      [
        706756.4626910364,
        3240257.879719515,
        0.0
      ],
      [
        706756.9297988382,
        3240260.8713587974,
        0.0
      ]
    ]
  ]
}