{
  "code": "236592414",
  "epsg": 32639,
  "bbox_utm": {
    "minx": 706338.8315180079,
    "miny": 3239463.144146486,
    "maxx": 707326.5829840596,
    "maxy": 3240450.895612538
  },
  "polygon_utm": [
    [
      [
        706911.156214815,
        3240296.619234044,
        0.0
      ],
      [
        706904.3175983417,
        3240242.5387280514,
        0.0
      ],
      [
        706893.7867929797,
        3240133.396564123,
        0.0
      ],
      [
        706881.78607464,
        3240019.038469606,
        0.0
      ],
      [
        706877.2208757988,
        3239954.6215787204,
        0.0
      ],
      [
        706864.0988322792,
        3239815.8564236243,
        0.0
      ],
      [
        706855.0931965007,
        3239708.8133880347,
        0.0
      ],
      [
        706845.2926168244,
        3239616.801252536,
        0.0
      ],
      [
        706804.3151347074,
        3239604.642131365,
        0.0
      ],
      [
        706754.2582872525,
        3239604.2514987793,
        0.0
      ],
      [
        706765.2341847994,
        3239689.0212563933,
        0.0
      ],
      [
        706782.0540291972,
        3239825.2607450797,
        0.0
      ],
      [
        706791.4748680609,
        3239909.4818603545,
        0.0
      ],
      [
        706804.6418371634,
        3240017.11738702,
        0.0
      ],
      [
        706816.348262693,
        3240119.018431697,
        0.0
      ],
      [
        706822.23907911,
        3240167.894058417,
        0.0
      ],
      [
        706827.3699044165,
        3240221.5976052624,
        0.0
      ],
      [
        706829.6870857074,
        3240245.851179806,
        0.0
      ],
      [
        706840.7183986201,
        3240309.7882602448,
        0.0
      ],
      [
        706864.924357199,
        3240305.262723822,
        0.0
      ],
      [
        706911.156214815,
        3240296.619234044,
        0.0
      ]
    ]
  ]
}