{
  "code": "236557356",
  "epsg": 32639,
  "bbox_utm": {
    "minx": 707873.4860975323,
    "miny": 3146042.860208503,
    "maxx": 708255.9371004831,
    "maxy": 3146425.3112114538
  },
  "polygon_utm": [
    [
      [
        708110.6119008779,
        3146160.648985878,
        0.0
      ],
      [
        708105.0616109611,
        3146147.476101122,
        0.0
      ],
      [
        708088.3325290006,
        3146097.4960660674,
        0.0
      ],
      [
        708054.4890468689,
        3146108.6659206524,
        0.0
      ],
      [
        707983.5243752059,
        3146138.0084517105,
        0.0
      ],
      [
        707958.2882249175,
        3146152.9914022954,
        0.0
      ],
      [
        707973.7913140913,
        3146212.8861793466,
        0.0
      ],
      [
        707974.4502466226,
        3146235.1249250835,
        0.0
      ],
      [
        707973.6753337837,
        3146264.137184325,
        0.0
      ],
      [
        707969.0464548708,
        3146288.1129654255,
        0.0
      ],
      [
        707971.945778382,
        3146317.451437293,
        0.0
      ],
      [
        707973.1302411861,
        3146339.699264001,
        0.0
      ],
      [
        707970.7189170375,
        3146357.176718261,
        0.0
      ],
      [
        708012.7629770178,
        3146343.0137832337,
        0.0
      ],
      [
        708024.3659958858,
        3146370.6753538894,
        0.0
      ],
      [
        708055.4521370048,
        3146352.939310347,
        0.0
      ],
      [
        708083.0482937155,
        3146337.1944600935,
        0.0
      ],
      [
        708092.1463038819,
        3146331.5882814936,
        0.0
      ],
      [
        708126.365318762,
        3146310.502664732,
        0.0
      ],
      [
        708163.2881904001,
        3146288.666385601,
        0.0
      ],
      [
        708171.1349730978,
        3146275.991772372,
        0.0
      ],
      [
        708134.798880041,
        3146249.72338921,
        0.0
      ],
      [
        708124.0300720424,
        3146234.366448536,
        0.0
      ],
      [
        708113.8791271028,
        3146213.790493938,
        0.0
      ],
      [
        708107.9649016975,
        3146191.4588629655,
        0.0
      ],
      [
        708102.8343683027,
        3146169.4025322427,
        0.0
      ],
      [
        708110.6119008779,
        3146160.648985878,
        0.0
      ]
    ]
  ]
}