{
  "code": "236579244",
  "epsg": 32639,
  "bbox_utm": {
    "minx": 682271.741176404,
    "miny": 3125963.8159212884,
    "maxx": 682577.524554104,
    "maxy": 3126269.599298988
  },
  "polygon_utm": [
    [
      [
        682487.4138628533,
        3126201.1025753943,
        0.0
      ],
      [
        682479.7676844676,
        3126184.7483325345,
        0.0
      ],
      [
        682470.6228245611,
        3126163.1333788633,
        0.0
      ],
      [
        682462.9926916069,
        3126145.731811972,
        0.0
      ],
      [
        682453.7270550326,
        3126131.971464632,
        0.0
      ],
      [
        682443.9350134656,
        3126118.203021111,
        0.0
      ],
      [
        682426.8299031088,
        3126100.6558177234,
        0.0
      ],
      [
        682407.6996578012,
        3126077.8398076277,
        0.0
      ],
      [
        682396.3364057019,
        3126063.5234393724,
        0.0
      ],
      [
        682381.4171301811,
        3126040.7721043485,
        0.0
      ],
      [
        682368.5470403491,
        3126021.718630185,
        0.0
      ],
      [
        682363.5003369959,
        3126007.4992609597,
        0.0
      ],
      [
        682349.0707209664,
        3126021.4194816365,
        0.0
      ],
      [
        682357.219451366,
        3126039.3528712625,
        0.0
      ],
      [
        682366.2841877576,
        3126066.2044055057,
        0.0
      ],
      [
        682373.850166396,
        3126087.7951773233,
        0.0
      ],
      [
        682372.4595575699,
        3126109.772097776,
        0.0
      ],
      [
        682374.2996397468,
        3126127.0847001686,
        0.0
      ],
      [
        682384.1802386953,
        3126135.0929940133,
        0.0
      ],
      [
        682411.8049351771,
        3126153.325478005,
        0.0
      ],
      [
        682433.1612628122,
        3126168.319085176,
        0.0
      ],
      [
        682452.4039700889,
        3126183.803998551,
        0.0
      ],
      [
        682471.1122001588,
        3126199.8044769405,
        0.0
      ],
      [
        682487.6746196578,
        3126218.3908024463,
        0.0
      ],
      [
        682494.4209474773,
        3126224.7796707414,
        0.0
      ],
      [
        682500.1950095415,
        3126225.915959317,
        0.0
      ],
      [
        682487.4138628533,
        3126201.1025753943,
        0.0
      ]
    ]
  ]
}