{
  "code": "236557200",
  "epsg": 32639,
  "bbox_utm": {
    "minx": 707712.6118627746,
    "miny": 3146170.666056579,
    "maxx": 707820.963955744,
    "maxy": 3146279.018149549
  },
  "polygon_utm": [
    [
      [
        707805.3560024161,
        3146254.368752901,
        0.0
      ],
      [
        707805.4850853198,
        3146247.0491822264,
        0.0
      ],
      [
        707792.106546348,
        3146230.6005794057,
        0.0
      ],
      [
        707774.8646367036,
        3146194.733185049,
        0.0
      ],
      [
        707742.123595368,
        3146203.0467776973,
        0.0
      ],
      [
        707735.1625438277,
        3146240.056353321,
        0.0
      ],
      [
        707728.7821868261,
        3146244.1277870066,
        0.0
      ],
      [
        707728.0907331988,
        3146253.529396548,
        0.0
      ],
      [
        707779.0599930328,
        3146254.9510210785,
        0.0
      ],
      [
        707805.3560024161,
        3146254.368752901,
        0.0
      ]
    ]
  ]
}