{
  "code": "236586741",
  "epsg": 32639,
  "bbox_utm": {
    "minx": 706543.2804412511,
    "miny": 3239417.3949451223,
    "maxx": 707692.6162429685,
    "maxy": 3240566.73074684
  },
  "polygon_utm": [
    [
      [
        707143.314396126,
        3240319.5204963293,
        0.0
      ],
      [
        707205.9076463524,
        3240318.584979167,
        0.0
      ],
      [
        707208.3241336681,
        3240208.436993052,
        0.0
      ],
      [
        707208.5671182899,
        3240100.6866853423,
        0.0
      ],
      [
        707208.9442246733,
        3240010.542563925,
        0.0
      ],
      [
        707209.8215988077,
        3239874.547867065,
        0.0
      ],
      [
        707215.7826627764,
        3239719.006890238,
        0.0
      ],
      [
        707121.1008441042,
        3239591.724599995,
        0.0
      ],
      [
        707020.1140214432,
        3239581.5857739393,
        0.0
      ],
      [
        707028.1913475834,
        3239825.58520753,
        0.0
      ],
      [
        707031.4749333367,
        3239874.414826564,
        0.0
      ],
      [
        707031.3852609657,
        3239936.672320669,
        0.0
      ],
      [
        707035.4895347405,
        3240055.038406138,
        0.0
      ],
      [
        707047.1228487602,
        3240218.158204026,
        0.0
      ],
      [
        707046.0891901567,
        3240332.2774781073,
        0.0
      ],
      [
        707058.3781168119,
        3240402.0210276986,
        0.0
      ],
      [
        707078.3004668554,
        3240396.1579562174,
        0.0
      ],
      [
        707143.8888241423,
        3240402.539918023,
        0.0
      ],
      [
        707143.314396126,
        3240319.5204963293,
        0.0
      ]
    ]
  ]
}