{
  "code": "236658181",
  "epsg": 32639,
  "bbox_utm": {
    "minx": 648009.3079179863,
    "miny": 3189756.051541188,
    "maxx": 648186.2855733638,
    "maxy": 3189933.029196565
  },
  "polygon_utm": [
    [
      [
        648038.5018513711,
        3189801.1625044337,
        0.0
      ],
      [
        648041.7603350007,
        3189832.9759314847,
        0.0
      ],
      [
        648048.2060932954,
        3189861.184053438,
        0.0
      ],
      [
        648105.2006964699,
        3189907.7466743686,
        0.0
      ],
      [
        648126.3851057591,
        3189888.746087207,
        0.0
      ],
      [
        648157.0916399789,
        3189862.0545013896,
        0.0
      ],
      [
        648128.7341341149,
        3189827.83691747,
        0.0
      ],
      [
        648087.8533563619,
        3189790.334206699,
        0.0
      ],
      [
        648076.4503466637,
        3189781.3340633847,
        0.0
      ],
      [
        648038.5018513711,
        3189801.1625044337,
        0.0
      ]
    ]
  ]
}