{
  "code": "236783584",
  "epsg": 32639,
  "bbox_utm": {
    "minx": 701347.1151987531,
    "miny": 3240064.935625113,
    "maxx": 702309.8943634017,
    "maxy": 3241027.7147897617
  },
  "polygon_utm": [
    [
      [
        701834.3241703773,
        3240233.4451567554,
        0.0
      ],
      [
        701850.0116475484,
        3240289.752547831,
        0.0
      ],
      [
        701866.1342095709,
        3240380.307130651,
        0.0
      ],
      [
        701840.8736138095,
        3240393.347315374,
        0.0
      ],
      [
        701819.6483013544,
        3240472.8629388646,
        0.0
      ],
      [
        701782.000130066,
        3240537.561035969,
        0.0
      ],
      [
        701736.5521551674,
        3240689.273943465,
        0.0
      ],
      [
        701700.2913219542,
        3240793.4216773906,
        0.0
      ],
      [
        701669.50106567,
        3240883.1402576496,
        0.0
      ],
      [
        701736.1665703948,
        3240887.4348857068,
        0.0
      ],
      [
        701773.6601582421,
        3240890.1749090976,
        0.0
      ],
      [
        701779.4430416985,
        3240858.1143567925,
        0.0
      ],
      [
        701797.0553752028,
        3240864.6519063935,
        0.0
      ],
      [
        701823.4373985118,
        3240788.3430978577,
        0.0
      ],
      [
        701856.8478677209,
        3240668.5819473383,
        0.0
      ],
      [
        701892.0679412367,
        3240564.4149451237,
        0.0
      ],
      [
        701922.0022078669,
        3240464.3034718535,
        0.0
      ],
      [
        701969.4832747984,
        3240315.736837359,
        0.0
      ],
      [
        701987.5084964847,
        3240240.3137933537,
        0.0
      ],
      [
        701843.2167442674,
        3240202.475505777,
        0.0
      ],
      [
        701834.3241703773,
        3240233.4451567554,
        0.0
      ]
    ]
  ]
}