{
  "code": "236722239",
  "epsg": 32639,
  "bbox_utm": {
    "minx": 680551.7053220584,
    "miny": 3244384.337170329,
    "maxx": 680789.8389757082,
    "maxy": 3244622.470823979
  },
  "polygon_utm": [
    [
      [
        680592.9841035218,
        3244435.66349585,
        0.0
      ],
      [
        680679.9349720322,
        3244588.4517306,
        0.0
      ],
      [
        680695.242855977,
        3244576.251006702,
        0.0
      ],
      [
        680748.5601942448,
        3244533.5443708417,
        0.0
      ],
      [
        680678.4710646216,
        3244418.3562637074,
        0.0
      ],
      [
        680592.9841035218,
        3244435.66349585,
        0.0
      ]
    ]
  ]
}