{
  "code": "236878804",
  "epsg": 32639,
  "bbox_utm": {
    "minx": 701589.420716723,
    "miny": 3239793.3551560086,
    "maxx": 702016.7861966756,
    "maxy": 3240220.7206359613
  },
  "polygon_utm": [
    [
      [
        701754.2092256255,
        3239869.9039310515,
        0.0
      ],
      [
        701712.805734877,
        3239881.6212688223,
        0.0
      ],
      [
        701690.2702795527,
        3239887.9662904507,
        0.0
      ],
      [
        701697.6669320157,
        3239911.962357618,
        0.0
      ],
      [
        701707.4218273386,
        3239950.0078310785,
        0.0
      ],
      [
        701704.886170427,
        3239975.3841275857,
        0.0
      ],
      [
        701706.410567514,
        3240007.057923399,
        0.0
      ],
      [
        701716.7293734087,
        3240027.992776582,
        0.0
      ],
      [
        701727.9436157548,
        3240057.244229209,
        0.0
      ],
      [
        701754.929894102,
        3240079.252725912,
        0.0
      ],
      [
        701766.5256268475,
        3240086.9808698785,
        0.0
      ],
      [
        701773.0173291252,
        3240103.1786319246,
        0.0
      ],
      [
        701775.5763401376,
        3240120.603623603,
        0.0
      ],
      [
        701782.1737738724,
        3240130.837096392,
        0.0
      ],
      [
        701789.0686298998,
        3240139.000666572,
        0.0
      ],
      [
        701795.2551237016,
        3240143.001329182,
        0.0
      ],
      [
        701804.1078481099,
        3240143.6771257957,
        0.0
      ],
      [
        701808.76266067,
        3240145.834854302,
        0.0
      ],
      [
        701833.5821667351,
        3240157.6885201293,
        0.0
      ],
      [
        701890.9331622436,
        3240158.1871706727,
        0.0
      ],
      [
        701915.9366338458,
        3240159.6684245397,
        0.0
      ],
      [
        701902.4599972928,
        3240125.7077009794,
        0.0
      ],
      [
        701890.694381311,
        3240083.4765223362,
        0.0
      ],
      [
        701874.4210384842,
        3240030.7892713337,
        0.0
      ],
      [
        701850.1379640244,
        3239959.2828904255,
        0.0
      ],
      [
        701816.5385004659,
        3239854.4073674306,
        0.0
      ],
      [
        701754.2092256255,
        3239869.9039310515,
        0.0
      ]
    ]
  ]
}