{
  "code": "236878026",
  "epsg": 32639,
  "bbox_utm": {
    "minx": 701250.1183427896,
    "miny": 3239257.330299413,
    "maxx": 701579.3791184693,
    "maxy": 3239586.5910750926
  },
  "polygon_utm": [
    [
      [
        701476.5663792485,
        3239529.054230597,
        0.0
      ],
      [
        701498.1286140328,
        3239518.8001551796,
        0.0
      ],
      [
        701517.5918432026,
        3239509.28717314,
        0.0
      ],
      [
        701499.3661703335,
        3239478.3540355056,
        0.0
      ],
      [
        701479.2882276927,
        3239448.9445326137,
        0.0
      ],
      [
        701455.1451775859,
        3239413.4965654574,
        0.0
      ],
      [
        701439.1687405012,
        3239388.0507781794,
        0.0
      ],
      [
        701420.5672504999,
        3239363.596162031,
        0.0
      ],
      [
        701406.5649186635,
        3239359.197762596,
        0.0
      ],
      [
        701396.1613733573,
        3239357.716605476,
        0.0
      ],
      [
        701385.0501358082,
        3239337.28574155,
        0.0
      ],
      [
        701370.5777641088,
        3239315.2389045865,
        0.0
      ],
      [
        701363.421421001,
        3239307.070451204,
        0.0
      ],
      [
        701342.6096393454,
        3239304.3675530814,
        0.0
      ],
      [
        701311.9056180563,
        3239315.498101778,
        0.0
      ],
      [
        701315.979508954,
        3239328.4111516112,
        0.0
      ],
      [
        701321.4117465313,
        3239338.2352515715,
        0.0
      ],
      [
        701328.1220566952,
        3239349.50872769,
        0.0
      ],
      [
        701340.6761940913,
        3239369.446204545,
        0.0
      ],
      [
        701352.1398894455,
        3239384.694946162,
        0.0
      ],
      [
        701360.6243011567,
        3239398.853323586,
        0.0
      ],
      [
        701375.1879022865,
        3239423.1066113566,
        0.0
      ],
      [
        701390.7780191055,
        3239448.2859758907,
        0.0
      ],
      [
        701401.8574577282,
        3239463.1387607493,
        0.0
      ],
      [
        701410.3646908506,
        3239476.000439903,
        0.0
      ],
      [
        701415.5177537638,
        3239486.857174584,
        0.0
      ],
      [
        701427.7810844289,
        3239508.475556833,
        0.0
      ],
      [
        701435.9018540892,
        3239521.070960684,
        0.0
      ],
      [
        701446.212954941,
        3239535.1318793255,
        0.0
      ],
      [
        701450.4426677332,
        3239539.2275930652,
        0.0
      ],
      [
        701454.2176208195,
        3239539.553821424,
        0.0
      ],
      [
        701476.5663792485,
        3239529.054230597,
        0.0
      ]
    ]
  ]
}