{
  "code": "236828696",
  "epsg": 32639,
  "bbox_utm": {
    "minx": 701965.484807152,
    "miny": 3239838.1749339034,
    "maxx": 702439.9835767535,
    "maxy": 3240312.673703505
  },
  "polygon_utm": [
    [
      [
        702145.6020753455,
        3239912.1285674716,
        0.0
      ],
      [
        702137.4896647141,
        3239913.800279429,
        0.0
      ],
      [
        702139.0654716213,
        3239927.835994353,
        0.0
      ],
      [
        702142.154500744,
        3239944.751992882,
        0.0
      ],
      [
        702150.2215633728,
        3239974.985863345,
        0.0
      ],
      [
        702154.0326152139,
        3239995.2868340556,
        0.0
      ],
      [
        702157.9232982984,
        3240018.442587992,
        0.0
      ],
      [
        702166.1436127729,
        3240047.38201032,
        0.0
      ],
      [
        702170.7964389317,
        3240064.325631464,
        0.0
      ],
      [
        702174.305299338,
        3240086.9556764043,
        0.0
      ],
      [
        702178.9883606622,
        3240116.8696876457,
        0.0
      ],
      [
        702185.4280964329,
        3240157.9689178728,
        0.0
      ],
      [
        702191.4248222681,
        3240194.6504021226,
        0.0
      ],
      [
        702195.256722078,
        3240228.439956447,
        0.0
      ],
      [
        702223.2218544199,
        3240239.312757325,
        0.0
      ],
      [
        702245.0236928836,
        3240244.8881649906,
        0.0
      ],
      [
        702267.9787191913,
        3240244.2586286855,
        0.0
      ],
      [
        702257.4691971989,
        3240190.1174675277,
        0.0
      ],
      [
        702246.2119583369,
        3240119.3613180714,
        0.0
      ],
      [
        702234.1331767755,
        3240036.1389692198,
        0.0
      ],
      [
        702212.1074288408,
        3239925.7614757493,
        0.0
      ],
      [
        702207.2446276102,
        3239905.960472418,
        0.0
      ],
      [
        702145.6020753455,
        3239912.1285674716,
        0.0
      ]
    ]
  ]
}