{
  "code": "236874114",
  "epsg": 32639,
  "bbox_utm": {
    "minx": 701312.6968193336,
    "miny": 3239686.521881663,
    "maxx": 701738.678235898,
    "maxy": 3240112.503298228
  },
  "polygon_utm": [
    [
      [
        701477.6063045026,
        3239764.873660931,
        0.0
      ],
      [
        701437.0985228338,
        3239784.9089001934,
        0.0
      ],
      [
        701424.961628429,
        3239792.9949934892,
        0.0
      ],
      [
        701438.2217709604,
        3239809.831527913,
        0.0
      ],
      [
        701450.2831869979,
        3239835.466533821,
        0.0
      ],
      [
        701459.85739936,
        3239854.313008947,
        0.0
      ],
      [
        701476.491048028,
        3239886.7733430234,
        0.0
      ],
      [
        701496.599202628,
        3239929.152373849,
        0.0
      ],
      [
        701509.7304930501,
        3239953.2497440907,
        0.0
      ],
      [
        701525.9252087238,
        3239981.0329323793,
        0.0
      ],
      [
        701539.4306953482,
        3240013.4376357906,
        0.0
      ],
      [
        701548.9862218223,
        3240033.321185129,
        0.0
      ],
      [
        701558.5692730397,
        3240051.648810147,
        0.0
      ],
      [
        701595.8843035325,
        3240035.1895495867,
        0.0
      ],
      [
        701626.4134268025,
        3240019.1289340826,
        0.0
      ],
      [
        701612.414458626,
        3239985.1589787053,
        0.0
      ],
      [
        701598.3510828762,
        3239954.8194129886,
        0.0
      ],
      [
        701577.430426167,
        3239899.4557933286,
        0.0
      ],
      [
        701559.4628265629,
        3239854.0015709726,
        0.0
      ],
      [
        701542.4274564853,
        3239814.7894046255,
        0.0
      ],
      [
        701523.9107034327,
        3239770.881630281,
        0.0
      ],
      [
        701514.940474693,
        3239747.3763697436,
        0.0
      ],
      [
        701477.6063045026,
        3239764.873660931,
        0.0
      ]
    ]
  ]
}