{
  "code": "236874101",
  "epsg": 32639,
  "bbox_utm": {
    "minx": 701679.0002420706,
    "miny": 3239738.985604478,
    "maxx": 702163.4109313643,
    "maxy": 3240223.3962937715
  },
  "polygon_utm": [
    [
      [
        701959.9274374571,
        3240149.035690117,
        0.0
      ],
      [
        701988.2428003005,
        3240140.200009894,
        0.0
      ],
      [
        702008.6559851042,
        3240135.8932465217,
        0.0
      ],
      [
        702012.3280371645,
        3240134.661452386,
        0.0
      ],
      [
        702008.1917042308,
        3240117.9865853516,
        0.0
      ],
      [
        702002.5835520725,
        3240096.097608196,
        0.0
      ],
      [
        701993.3234596945,
        3240059.617439065,
        0.0
      ],
      [
        701986.4626391013,
        3240034.852734707,
        0.0
      ],
      [
        701981.216305536,
        3240007.263241476,
        0.0
      ],
      [
        701973.3680569263,
        3239979.368104046,
        0.0
      ],
      [
        701966.8966524872,
        3239947.3469243417,
        0.0
      ],
      [
        701958.0701487907,
        3239915.8026694492,
        0.0
      ],
      [
        701950.7614748836,
        3239886.8793026307,
        0.0
      ],
      [
        701945.6835740414,
        3239864.4805389415,
        0.0
      ],
      [
        701939.3300013414,
        3239840.50267657,
        0.0
      ],
      [
        701937.1437148838,
        3239824.121437547,
        0.0
      ],
      [
        701930.908101476,
        3239808.18713152,
        0.0
      ],
      [
        701908.9189608565,
        3239813.1147570154,
        0.0
      ],
      [
        701895.0376692538,
        3239816.6298372843,
        0.0
      ],
      [
        701866.8818369637,
        3239823.782769071,
        0.0
      ],
      [
        701847.382756194,
        3239827.976461104,
        0.0
      ],
      [
        701830.0831362703,
        3239833.1171050365,
        0.0
      ],
      [
        701832.2496303754,
        3239843.2722660713,
        0.0
      ],
      [
        701835.1198845655,
        3239857.8497539414,
        0.0
      ],
      [
        701841.257467107,
        3239871.9663711535,
        0.0
      ],
      [
        701844.9418497448,
        3239884.742449946,
        0.0
      ],
      [
        701851.3415839317,
        3239906.1269506454,
        0.0
      ],
      [
        701855.8707431245,
        3239930.072251118,
        0.0
      ],
      [
        701866.4162472406,
        3239967.613074019,
        0.0
      ],
      [
        701874.2494500706,
        3239989.022871476,
        0.0
      ],
      [
        701892.8287807221,
        3240051.348982274,
        0.0
      ],
      [
        701908.2250702744,
        3240094.6822931524,
        0.0
      ],
      [
        701920.5947288298,
        3240132.255028677,
        0.0
      ],
      [
        701929.0701041702,
        3240154.1947667296,
        0.0
      ],
      [
        701959.9274374571,
        3240149.035690117,
        0.0
      ]
    ]
  ]
}