{
  "code": "236874091",
  "epsg": 32639,
  "bbox_utm": {
    "minx": 701773.8306532702,
    "miny": 3239684.253235533,
    "maxx": 702273.5198457572,
    "maxy": 3240183.94242802
  },
  "polygon_utm": [
    [
      [
        702110.5270952532,
        3240066.6271650917,
        0.0
      ],
      [
        702109.8529809279,
        3240045.8632575,
        0.0
      ],
      [
        702103.3902784926,
        3240020.7164019044,
        0.0
      ],
      [
        702098.4891321377,
        3239995.7269316157,
        0.0
      ],
      [
        702095.2706658662,
        3239971.41579795,
        0.0
      ],
      [
        702091.4848291065,
        3239949.6885546558,
        0.0
      ],
      [
        702084.1544117803,
        3239914.6688154023,
        0.0
      ],
      [
        702078.5103503778,
        3239887.461014379,
        0.0
      ],
      [
        702073.515583986,
        3239860.3943858156,
        0.0
      ],
      [
        702068.6948599045,
        3239830.866449182,
        0.0
      ],
      [
        702065.114304128,
        3239812.2554590097,
        0.0
      ],
      [
        702053.9953852799,
        3239755.637405888,
        0.0
      ],
      [
        702017.0176073697,
        3239767.6918066773,
        0.0
      ],
      [
        701992.5466734101,
        3239780.227697361,
        0.0
      ],
      [
        701965.7851464924,
        3239789.6101117013,
        0.0
      ],
      [
        701945.7868362844,
        3239799.8908064654,
        0.0
      ],
      [
        701936.8234037741,
        3239805.4386477354,
        0.0
      ],
      [
        701938.4040825473,
        3239819.21512505,
        0.0
      ],
      [
        701942.8680354179,
        3239832.1348379967,
        0.0
      ],
      [
        701946.7761591042,
        3239846.990202122,
        0.0
      ],
      [
        701950.0671578937,
        3239859.8890733137,
        0.0
      ],
      [
        701953.2255215648,
        3239872.915279349,
        0.0
      ],
      [
        701957.3574470502,
        3239889.8497898434,
        0.0
      ],
      [
        701961.7753218185,
        3239905.36264068,
        0.0
      ],
      [
        701968.2683318339,
        3239928.824059603,
        0.0
      ],
      [
        701971.517852585,
        3239944.056726571,
        0.0
      ],
      [
        701976.7236794655,
        3239966.5873261127,
        0.0
      ],
      [
        701981.0249751601,
        3239981.3198153027,
        0.0
      ],
      [
        701984.7589317014,
        3239998.6362202237,
        0.0
      ],
      [
        701988.6416114068,
        3240014.9176419848,
        0.0
      ],
      [
        701992.8646142902,
        3240034.058478343,
        0.0
      ],
      [
        701997.4854763725,
        3240052.817249978,
        0.0
      ],
      [
        702002.3278380632,
        3240073.7848144276,
        0.0
      ],
      [
        702010.7607958975,
        3240105.4514058596,
        0.0
      ],
      [
        702012.9159946225,
        3240112.5582576646,
        0.0
      ],
      [
        702108.5183301569,
        3240076.9674388403,
        0.0
      ],
      [
        702110.5270952532,
        3240066.6271650917,
        0.0
      ]
    ]
  ]
}