{
  "code": "236874039",
  "epsg": 32639,
  "bbox_utm": {
    "minx": 701633.5450722701,
    "miny": 3239420.303658332,
    "maxx": 702576.3707534033,
    "maxy": 3240363.1293394663
  },
  "polygon_utm": [
    [
      [
        702131.162257721,
        3239903.0523815905,
        0.0
      ],
      [
        702120.2132607221,
        3239844.232756222,
        0.0
      ],
      [
        702107.0867914732,
        3239790.562284289,
        0.0
      ],
      [
        702099.6208946999,
        3239741.1426127832,
        0.0
      ],
      [
        702087.345215778,
        3239683.5956999813,
        0.0
      ],
      [
        702070.5773540362,
        3239600.0278557893,
        0.0
      ],
      [
        702064.3067265621,
        3239571.381456726,
        0.0
      ],
      [
        702057.5083671894,
        3239557.7714300007,
        0.0
      ],
      [
        702047.12806475,
        3239554.993041352,
        0.0
      ],
      [
        702014.6591035955,
        3239562.7177942945,
        0.0
      ],
      [
        702018.4705865064,
        3239583.019418618,
        0.0
      ],
      [
        702042.8513639002,
        3239678.395768954,
        0.0
      ],
      [
        702060.0751016355,
        3239736.2898978284,
        0.0
      ],
      [
        702080.7562666646,
        3239863.7655062447,
        0.0
      ],
      [
        702111.000678778,
        3240010.6052685683,
        0.0
      ],
      [
        702122.0416227856,
        3240064.23770025,
        0.0
      ],
      [
        702135.9323000071,
        3240074.860403765,
        0.0
      ],
      [
        702141.0123795518,
        3240111.7852217257,
        0.0
      ],
      [
        702146.2727978319,
        3240167.90850514,
        0.0
      ],
      [
        702151.5515721292,
        3240222.994266546,
        0.0
      ],
      [
        702195.256722078,
        3240228.439956447,
        0.0
      ],
      [
        702191.4248222681,
        3240194.6504021226,
        0.0
      ],
      [
        702185.4280964335,
        3240157.9689178728,
        0.0
      ],
      [
        702178.9883606622,
        3240116.8696876457,
        0.0
      ],
      [
        702174.305299338,
        3240086.9556764043,
        0.0
      ],
      [
        702170.7964389317,
        3240064.325631464,
        0.0
      ],
      [
        702166.1436127729,
        3240047.38201032,
        0.0
      ],
      [
        702157.9232982984,
        3240018.442587992,
        0.0
      ],
      [
        702154.0326152139,
        3239995.286834054,
        0.0
      ],
      [
        702150.2215633728,
        3239974.985863345,
        0.0
      ],
      [
        702142.154500744,
        3239944.751992882,
        0.0
      ],
      [
        702139.0654716213,
        3239927.835994353,
        0.0
      ],
      [
        702137.4896647141,
        3239913.800279429,
        0.0
      ],
      [
        702131.162257721,
        3239903.0523815905,
        0.0
      ]
    ]
  ]
}