{
  "code": "236877016",
  "epsg": 32639,
  "bbox_utm": {
    "minx": 701211.0840887601,
    "miny": 3239414.9280867297,
    "maxx": 701911.9866414334,
    "maxy": 3240115.8306394033
  },
  "polygon_utm": [
    [
      [
        701649.5434041475,
        3240008.644033374,
        0.0
      ],
      [
        701662.7090619053,
        3240001.354767065,
        0.0
      ],
      [
        701676.1124055636,
        3239995.366720611,
        0.0
      ],
      [
        701674.9608309532,
        3239986.7861199086,
        0.0
      ],
      [
        701679.9912792845,
        3239982.4654779476,
        0.0
      ],
      [
        701684.560184248,
        3239974.7644548495,
        0.0
      ],
      [
        701691.031772167,
        3239962.6873455066,
        0.0
      ],
      [
        701696.2644767906,
        3239946.9566568127,
        0.0
      ],
      [
        701690.0929629431,
        3239927.392197058,
        0.0
      ],
      [
        701680.9269078136,
        3239900.2519870885,
        0.0
      ],
      [
        701648.1174892363,
        3239787.4787566783,
        0.0
      ],
      [
        701642.7392345624,
        3239767.2796116294,
        0.0
      ],
      [
        701637.2053603979,
        3239748.5044063698,
        0.0
      ],
      [
        701628.2261487063,
        3239725.51764331,
        0.0
      ],
      [
        701607.8356275572,
        3239669.643470392,
        0.0
      ],
      [
        701596.3553800136,
        3239640.645910927,
        0.0
      ],
      [
        701596.5988446143,
        3239626.9016203247,
        0.0
      ],
      [
        701593.0966503344,
        3239618.5385323013,
        0.0
      ],
      [
        701585.2689341112,
        3239604.132433842,
        0.0
      ],
      [
        701572.1729370004,
        3239592.745916663,
        0.0
      ],
      [
        701560.9382576954,
        3239579.3171003223,
        0.0
      ],
      [
        701548.0810165099,
        3239554.44554421,
        0.0
      ],
      [
        701533.8561341693,
        3239533.1814731914,
        0.0
      ],
      [
        701521.1400487694,
        3239515.057022826,
        0.0
      ],
      [
        701496.1984046155,
        3239524.732410163,
        0.0
      ],
      [
        701473.0676421926,
        3239535.218125537,
        0.0
      ],
      [
        701446.5116498261,
        3239547.718520886,
        0.0
      ],
      [
        701426.8062534028,
        3239556.1896590507,
        0.0
      ],
      [
        701428.548242162,
        3239560.8898508325,
        0.0
      ],
      [
        701457.7654465416,
        3239618.9956360306,
        0.0
      ],
      [
        701475.6981817043,
        3239651.739002849,
        0.0
      ],
      [
        701500.3516732701,
        3239702.5003267727,
        0.0
      ],
      [
        701513.9173146316,
        3239731.534543679,
        0.0
      ],
      [
        701535.5849768969,
        3239774.201221194,
        0.0
      ],
      [
        701547.7690940221,
        3239807.620709568,
        0.0
      ],
      [
        701566.15364773,
        3239844.2627786696,
        0.0
      ],
      [
        701577.6337260371,
        3239873.2598042157,
        0.0
      ],
      [
        701589.1229289547,
        3239901.738132259,
        0.0
      ],
      [
        701604.8455568084,
        3239941.445643214,
        0.0
      ],
      [
        701624.9531390355,
        3239983.8247418907,
        0.0
      ],
      [
        701637.9462440313,
        3240015.7017033068,
        0.0
      ],
      [
        701649.5434041475,
        3240008.644033374,
        0.0
      ]
    ]
  ]
}