{
  "code": "236877009",
  "epsg": 32639,
  "bbox_utm": {
    "minx": 701622.926672356,
    "miny": 3239983.2647173866,
    "maxx": 701707.6406949272,
    "maxy": 3240067.9787399587
  },
  "polygon_utm": [
    [
      [
        701662.7090619053,
        3240001.354767065,
        0.0
      ],
      [
        701649.5434041475,
        3240008.644033374,
        0.0
      ],
      [
        701637.9462440313,
        3240015.7017033068,
        0.0
      ],
      [
        701643.8617344026,
        3240035.0020455024,
        0.0
      ],
      [
        701650.7922162665,
        3240055.8767367336,
        0.0
      ],
      [
        701671.2329526632,
        3240050.013433716,
        0.0
      ],
      [
        701688.0981965343,
        3240039.936409884,
        0.0
      ],
      [
        701692.621123252,
        3240034.8286032206,
        0.0
      ],
      [
        701686.0970903448,
        3240020.4460257185,
        0.0
      ],
      [
        701680.6661877169,
        3240003.22941596,
        0.0
      ],
      [
        701676.1124055636,
        3239995.366720611,
        0.0
      ],
      [
        701662.7090619053,
        3240001.354767065,
        0.0
      ]
    ]
  ]
}