{
  "code": "237002411",
  "epsg": 32639,
  "bbox_utm": {
    "minx": 701362.4838829079,
    "miny": 3239069.3902709633,
    "maxx": 701703.1223627048,
    "maxy": 3239410.0287507605
  },
  "polygon_utm": [
    [
      [
        701601.4278213806,
        3239339.5597650963,
        0.0
      ],
      [
        701621.5046482359,
        3239324.8693534825,
        0.0
      ],
      [
        701649.9595210393,
        3239308.252059705,
        0.0
      ],
      [
        701654.4597227339,
        3239304.4405616615,
        0.0
      ],
      [
        701637.3765633933,
        3239282.6064407974,
        0.0
      ],
      [
        701620.0280788728,
        3239261.0270263827,
        0.0
      ],
      [
        701605.7340162983,
        3239243.652367129,
        0.0
      ],
      [
        701597.2267998356,
        3239230.790278984,
        0.0
      ],
      [
        701589.9838516833,
        3239220.155619359,
        0.0
      ],
      [
        701579.7524173969,
        3239208.949196124,
        0.0
      ],
      [
        701572.3630313328,
        3239199.219897687,
        0.0
      ],
      [
        701562.680447202,
        3239186.4666867107,
        0.0
      ],
      [
        701550.0392063896,
        3239171.4560310533,
        0.0
      ],
      [
        701542.409765976,
        3239160.555092764,
        0.0
      ],
      [
        701535.8660712654,
        3239154.6023222357,
        0.0
      ],
      [
        701524.0722943821,
        3239150.6319493786,
        0.0
      ],
      [
        701508.899018114,
        3239146.082923522,
        0.0
      ],
      [
        701493.9703309822,
        3239142.446211416,
        0.0
      ],
      [
        701475.8590331262,
        3239134.472779748,
        0.0
      ],
      [
        701464.106528606,
        3239128.168428128,
        0.0
      ],
      [
        701458.1937914195,
        3239123.394242861,
        0.0
      ],
      [
        701454.329673641,
        3239120.7316665286,
        0.0
      ],
      [
        701442.2632304328,
        3239124.7985305605,
        0.0
      ],
      [
        701433.583180042,
        3239129.0550404675,
        0.0
      ],
      [
        701424.372623449,
        3239133.8210042464,
        0.0
      ],
      [
        701416.197860767,
        3239138.994428474,
        0.0
      ],
      [
        701411.1465228789,
        3239144.4825404948,
        0.0
      ],
      [
        701417.3722545159,
        3239153.6723377937,
        0.0
      ],
      [
        701434.1907668158,
        3239175.7610511533,
        0.0
      ],
      [
        701444.6095988438,
        3239191.121353527,
        0.0
      ],
      [
        701453.2634094768,
        3239203.0779885943,
        0.0
      ],
      [
        701478.3858493903,
        3239234.7823570934,
        0.0
      ],
      [
        701491.6443334256,
        3239251.7493952718,
        0.0
      ],
      [
        701505.0101538728,
        3239270.0154058323,
        0.0
      ],
      [
        701528.9271681862,
        3239303.5142923626,
        0.0
      ],
      [
        701545.0137571491,
        3239322.736403621,
        0.0
      ],
      [
        701556.8200202546,
        3239340.71534812,
        0.0
      ],
      [
        701568.2352512125,
        3239358.687355195,
        0.0
      ],
      [
        701601.4278213806,
        3239339.5597650963,
        0.0
      ]
    ]
  ]
}