{
  "code": "237090865",
  "epsg": 32639,
  "bbox_utm": {
    "minx": 707728.5276666519,
    "miny": 3144733.1115194946,
    "maxx": 708016.979299674,
    "maxy": 3145021.5631525167
  },
  "polygon_utm": [
    [
      [
        707893.1986879708,
        3144962.4958052114,
        0.0
      ],
      [
        707927.1903661734,
        3144980.355776371,
        0.0
      ],
      [
        707918.7345786208,
        3144923.1945783263,
        0.0
      ],
      [
        707913.446197769,
        3144835.490502928,
        0.0
      ],
      [
        707900.0659721135,
        3144774.318895641,
        0.0
      ],
      [
        707895.9369001532,
        3144777.2309997436,
        0.0
      ],
      [
        707886.8957001544,
        3144787.497499743,
        0.0
      ],
      [
        707870.1381001533,
        3144805.8039997444,
        0.0
      ],
      [
        707858.5909001536,
        3144821.434999745,
        0.0
      ],
      [
        707847.6070001532,
        3144835.9393997453,
        0.0
      ],
      [
        707818.3166001524,
        3144870.862599747,
        0.0
      ],
      [
        707847.625032353,
        3144971.917423964,
        0.0
      ],
      [
        707893.1986879708,
        3144962.4958052114,
        0.0
      ]
    ]
  ]
}