{
  "code": "237022725",
  "epsg": 32639,
  "bbox_utm": {
    "minx": 651117.4198253149,
    "miny": 3195994.5927960635,
    "maxx": 651280.7950913579,
    "maxy": 3196157.968062106
  },
  "polygon_utm": [
    [
      [
        651140.7591490353,
        3196078.3737292252,
        0.0
      ],
      [
        651144.3601901452,
        3196083.106018719,
        0.0
      ],
      [
        651236.0111798579,
        3196117.1008044314,
        0.0
      ],
      [
        651257.4557676375,
        3196077.817198397,
        0.0
      ],
      [
        651163.297459192,
        3196035.460053738,
        0.0
      ],
      [
        651140.7591490353,
        3196078.3737292252,
        0.0
      ]
    ]
  ]
}