{
  "code": "237021494",
  "epsg": 32639,
  "bbox_utm": {
    "minx": 701707.7506836952,
    "miny": 3238395.42932717,
    "maxx": 701875.9967098575,
    "maxy": 3238563.675353332
  },
  "polygon_utm": [
    [
      [
        701843.9917633283,
        3238494.916977378,
        0.0
      ],
      [
        701825.814057586,
        3238419.4644737644,
        0.0
      ],
      [
        701735.5872366567,
        3238448.9976542066,
        0.0
      ],
      [
        701755.885297089,
        3238539.6402067374,
        0.0
      ],
      [
        701848.160156896,
        3238512.219256071,
        0.0
      ],
      [
        701843.9917633283,
        3238494.916977378,
        0.0
      ]
    ]
  ]
}