{
  "code": "237021465",
  "epsg": 32639,
  "bbox_utm": {
    "minx": 701810.8639104319,
    "miny": 3238820.5211323164,
    "maxx": 701968.742633789,
    "maxy": 3238978.3998556733
  },
  "polygon_utm": [
    [
      [
        701833.4180137686,
        3238873.0834768936,
        0.0
      ],
      [
        701848.6664120748,
        3238954.294230913,
        0.0
      ],
      [
        701879.1435345279,
        3238941.344650117,
        0.0
      ],
      [
        701946.1885304522,
        3238924.892995973,
        0.0
      ],
      [
        701925.7088674869,
        3238844.6267570774,
        0.0
      ],
      [
        701833.4180137686,
        3238873.0834768936,
        0.0
      ]
    ]
  ]
}