{
  "code": "237090821",
  "epsg": 32639,
  "bbox_utm": {
    "minx": 707704.9068583746,
    "miny": 3144579.7441673493,
    "maxx": 708246.2135685997,
    "maxy": 3145121.050877575
  },
  "polygon_utm": [
    [
      [
        707991.9666645254,
        3144676.2974970075,
        0.0
      ],
      [
        707957.5383273073,
        3144705.5045173024,
        0.0
      ],
      [
        707933.3874096196,
        3144733.323631253,
        0.0
      ],
      [
        707919.6106492598,
        3144754.2644218584,
        0.0
      ],
      [
        707900.0659721135,
        3144774.318895641,
        0.0
      ],
      [
        707913.446197769,
        3144835.490502928,
        0.0
      ],
      [
        707918.7345786208,
        3144923.1945783263,
        0.0
      ],
      [
        707927.1903661734,
        3144980.355776371,
        0.0
      ],
      [
        708000.0559926016,
        3145022.4386275387,
        0.0
      ],
      [
        708050.1543784207,
        3145043.7213475425,
        0.0
      ],
      [
        708050.1366704595,
        3144985.1400764124,
        0.0
      ],
      [
        708051.0544548607,
        3144962.9268162353,
        0.0
      ],
      [
        708042.9142369844,
        3144919.160931228,
        0.0
      ],
      [
        708033.046412319,
        3144866.1065675565,
        0.0
      ],
      [
        708004.912565752,
        3144821.6738361334,
        0.0
      ],
      [
        707973.030062844,
        3144766.19075453,
        0.0
      ],
      [
        707992.4503554562,
        3144753.1954312637,
        0.0
      ],
      [
        707987.8904339913,
        3144743.4384596474,
        0.0
      ],
      [
        708015.9007098685,
        3144705.4879402737,
        0.0
      ],
      [
        708015.6103352506,
        3144692.1448395015,
        0.0
      ],
      [
        708029.7330556632,
        3144681.409783117,
        0.0
      ],
      [
        708014.1259377152,
        3144657.0736973817,
        0.0
      ],
      [
        707991.9666645254,
        3144676.2974970075,
        0.0
      ]
    ]
  ]
}