{
  "code": "237002404",
  "epsg": 32639,
  "bbox_utm": {
    "minx": 701456.9443595734,
    "miny": 3239049.9452456883,
    "maxx": 702023.3616258296,
    "maxy": 3239616.3625119445
  },
  "polygon_utm": [
    [
      [
        701891.686703384,
        3239527.8499926063,
        0.0
      ],
      [
        701917.9458400323,
        3239517.4205836784,
        0.0
      ],
      [
        701924.9162230445,
        3239506.648986218,
        0.0
      ],
      [
        701921.0677329791,
        3239488.4219124583,
        0.0
      ],
      [
        701922.7421145693,
        3239482.2257392798,
        0.0
      ],
      [
        701905.952595494,
        3239458.5808054903,
        0.0
      ],
      [
        701881.4351694519,
        3239429.6105223703,
        0.0
      ],
      [
        701845.074340494,
        3239392.1289602495,
        0.0
      ],
      [
        701808.6856828358,
        3239356.203406651,
        0.0
      ],
      [
        701780.5368868518,
        3239326.131081057,
        0.0
      ],
      [
        701731.3995724057,
        3239273.895827869,
        0.0
      ],
      [
        701695.5958444617,
        3239234.348866287,
        0.0
      ],
      [
        701668.4339730921,
        3239207.4070513523,
        0.0
      ],
      [
        701640.7690164482,
        3239179.4186661956,
        0.0
      ],
      [
        701622.8530954297,
        3239160.423199712,
        0.0
      ],
      [
        701613.2692869538,
        3239142.094149402,
        0.0
      ],
      [
        701589.3797378434,
        3239136.48266502,
        0.0
      ],
      [
        701564.9688333868,
        3239130.861998011,
        0.0
      ],
      [
        701558.8300327526,
        3239153.5821312377,
        0.0
      ],
      [
        701555.3897623585,
        3239171.161646504,
        0.0
      ],
      [
        701571.7417718223,
        3239190.129285456,
        0.0
      ],
      [
        701603.3294707271,
        3239232.1954502705,
        0.0
      ],
      [
        701631.9267778884,
        3239266.426120463,
        0.0
      ],
      [
        701689.0289617332,
        3239340.0740699065,
        0.0
      ],
      [
        701775.7694442855,
        3239447.970928005,
        0.0
      ],
      [
        701802.8568941464,
        3239479.061777886,
        0.0
      ],
      [
        701851.9193589931,
        3239535.4457596224,
        0.0
      ],
      [
        701891.686703384,
        3239527.8499926063,
        0.0
      ]
    ]
  ]
}