{
  "code": "237003386",
  "epsg": 32639,
  "bbox_utm": {
    "minx": 701310.8813770377,
    "miny": 3239169.8505331306,
    "maxx": 701763.6890337629,
    "maxy": 3239622.6581898564
  },
  "polygon_utm": [
    [
      [
        701631.1724050537,
        3239544.5033009984,
        0.0
      ],
      [
        701659.645148985,
        3239526.849073233,
        0.0
      ],
      [
        701680.7184284644,
        3239514.7707887283,
        0.0
      ],
      [
        701633.9149395427,
        3239448.569901809,
        0.0
      ],
      [
        701618.1031273328,
        3239428.574475635,
        0.0
      ],
      [
        701599.7489534393,
        3239404.9022312784,
        0.0
      ],
      [
        701577.3710834582,
        3239372.8574851314,
        0.0
      ],
      [
        701556.3917352867,
        3239350.176375405,
        0.0
      ],
      [
        701533.0077118943,
        3239316.03845118,
        0.0
      ],
      [
        701509.0471213269,
        3239285.003262894,
        0.0
      ],
      [
        701491.7075938779,
        3239262.9053972205,
        0.0
      ],
      [
        701471.8715152637,
        3239234.5373412347,
        0.0
      ],
      [
        701440.8192909332,
        3239250.5903792577,
        0.0
      ],
      [
        701393.8519823363,
        3239281.9267806155,
        0.0
      ],
      [
        701434.7412793706,
        3239328.8261489025,
        0.0
      ],
      [
        701461.2167777403,
        3239365.0938357534,
        0.0
      ],
      [
        701511.560650979,
        3239437.582938121,
        0.0
      ],
      [
        701551.3235861135,
        3239489.131638893,
        0.0
      ],
      [
        701573.1340253437,
        3239523.7600757675,
        0.0
      ],
      [
        701587.4185646111,
        3239541.6529503376,
        0.0
      ],
      [
        701600.6879886915,
        3239557.9713817528,
        0.0
      ],
      [
        701631.1724050537,
        3239544.5033009984,
        0.0
      ]
    ]
  ]
}