{
  "code": "237021449",
  "epsg": 32639,
  "bbox_utm": {
    "minx": 701649.4327826858,
    "miny": 3238248.653576805,
    "maxx": 701883.1675396543,
    "maxy": 3238482.3883337737
  },
  "polygon_utm": [
    [
      [
        701801.1299207563,
        3238282.044256372,
        0.0
      ],
      [
        701706.786264754,
        3238308.391896445,
        0.0
      ],
      [
        701735.5872366567,
        3238448.9976542066,
        0.0
      ],
      [
        701825.814057586,
        3238419.4644737644,
        0.0
      ],
      [
        701801.1299207563,
        3238282.044256372,
        0.0
      ]
    ]
  ]
}