{
  "code": "237092205",
  "epsg": 32639,
  "bbox_utm": {
    "minx": 707879.266378227,
    "miny": 3145075.233712386,
    "maxx": 708073.0850897225,
    "maxy": 3145269.052423882
  },
  "polygon_utm": [
    [
      [
        707983.90912968,
        3145103.225239879,
        0.0
      ],
      [
        707922.0999932154,
        3145119.918256437,
        0.0
      ],
      [
        707924.0824304896,
        3145156.565904315,
        0.0
      ],
      [
        707927.8443373137,
        3145241.364036525,
        0.0
      ],
      [
        707990.1497693596,
        3145226.772175639,
        0.0
      ],
      [
        708030.2514747342,
        3145215.2051266455,
        0.0
      ],
      [
        708025.848000154,
        3145201.672499743,
        0.0
      ],
      [
        708018.6195001539,
        3145175.9208997446,
        0.0
      ],
      [
        708015.6829001543,
        3145169.1440997426,
        0.0
      ],
      [
        708011.6169001558,
        3145163.722699742,
        0.0
      ],
      [
        708007.0538001528,
        3145160.0288997437,
        0.0
      ],
      [
        708006.8732001536,
        3145159.8825997435,
        0.0
      ],
      [
        708003.4848001539,
        3145154.9129997445,
        0.0
      ],
      [
        707999.8705001539,
        3145148.813899743,
        0.0
      ],
      [
        707996.2563001525,
        3145139.1005997453,
        0.0
      ],
      [
        707989.0277001542,
        3145117.4149997435,
        0.0
      ],
      [
        707985.1209001543,
        3145102.9220997426,
        0.0
      ],
      [
        707983.90912968,
        3145103.225239879,
        0.0
      ]
    ]
  ]
}