{
  "code": "237203414",
  "epsg": 32639,
  "bbox_utm": {
    "minx": 693433.5520896349,
    "miny": 3136567.8372939304,
    "maxx": 693737.8575629069,
    "maxy": 3136872.142767202
  },
  "polygon_utm": [
    [
      [
        693586.8759615861,
        3136807.8996437783,
        0.0
      ],
      [
        693616.6050758068,
        3136775.415649131,
        0.0
      ],
      [
        693644.2877732578,
        3136743.4214620693,
        0.0
      ],
      [
        693678.2804234541,
        3136707.6054694816,
        0.0
      ],
      [
        693694.3853524396,
        3136687.916556536,
        0.0
      ],
      [
        693692.5670551034,
        3136686.5129805095,
        0.0
      ],
      [
        693668.1563049942,
        3136667.272566037,
        0.0
      ],
      [
        693650.2554998231,
        3136652.0639148266,
        0.0
      ],
      [
        693628.1509678728,
        3136632.5342104887,
        0.0
      ],
      [
        693607.5841001025,
        3136615.661599826,
        0.0
      ],
      [
        693509.9236001046,
        3136713.301399827,
        0.0
      ],
      [
        693477.0243001024,
        3136744.8779998273,
        0.0
      ],
      [
        693489.3794375737,
        3136758.1561838924,
        0.0
      ],
      [
        693509.8302891948,
        3136774.2566192164,
        0.0
      ],
      [
        693533.8540803414,
        3136793.0322726513,
        0.0
      ],
      [
        693552.5544035172,
        3136807.5994813554,
        0.0
      ],
      [
        693570.8249007689,
        3136824.318461306,
        0.0
      ],
      [
        693586.8759615861,
        3136807.8996437783,
        0.0
      ]
    ]
  ]
}