{
  "code": "237275581",
  "epsg": 32639,
  "bbox_utm": {
    "minx": 697868.7076564969,
    "miny": 3240308.059753595,
    "maxx": 698117.4890239767,
    "maxy": 3240556.8411210747
  },
  "polygon_utm": [
    [
      [
        698073.5269630677,
        3240482.2485825447,
        0.0
      ],
      [
        698040.9220707127,
        3240441.321499231,
        0.0
      ],
      [
        697963.071406325,
        3240343.599948949,
        0.0
      ],
      [
        697942.167542413,
        3240360.12774269,
        0.0
      ],
      [
        697912.6697174059,
        3240377.252661657,
        0.0
      ],
      [
        698022.2692673327,
        3240521.3009257205,
        0.0
      ],
      [
        698073.5269630677,
        3240482.2485825447,
        0.0
      ]
    ]
  ]
}