{
  "code": "237275529",
  "epsg": 32639,
  "bbox_utm": {
    "minx": 697593.2280528091,
    "miny": 3240127.74382392,
    "maxx": 698035.1241930958,
    "maxy": 3240569.6399642075
  },
  "polygon_utm": [
    [
      [
        697739.6017574054,
        3240329.6294812267,
        0.0
      ],
      [
        697811.7520667263,
        3240423.483397768,
        0.0
      ],
      [
        697837.2427459181,
        3240456.86809259,
        0.0
      ],
      [
        697864.8138170792,
        3240490.548323045,
        0.0
      ],
      [
        697876.9213773365,
        3240506.511944166,
        0.0
      ],
      [
        697953.2342968305,
        3240443.322767374,
        0.0
      ],
      [
        697924.7471190569,
        3240402.3635216835,
        0.0
      ],
      [
        697898.1824378778,
        3240370.7754636765,
        0.0
      ],
      [
        697858.4253230246,
        3240318.207230906,
        0.0
      ],
      [
        697814.5337099899,
        3240263.491963054,
        0.0
      ],
      [
        697755.3098474283,
        3240190.871843961,
        0.0
      ],
      [
        697675.1179490744,
        3240254.5345097636,
        0.0
      ],
      [
        697739.6017574054,
        3240329.6294812267,
        0.0
      ]
    ]
  ]
}