{
  "code": "237458674",
  "epsg": 32639,
  "bbox_utm": {
    "minx": 701092.7932236999,
    "miny": 3127217.234419637,
    "maxx": 701383.0856439016,
    "maxy": 3127507.526839839
  },
  "polygon_utm": [
    [
      [
        701214.1165022274,
        3127300.972085282,
        0.0
      ],
      [
        701182.7406778164,
        3127319.296561256,
        0.0
      ],
      [
        701144.9685711486,
        3127342.2267577676,
        0.0
      ],
      [
        701134.2635694429,
        3127352.52106591,
        0.0
      ],
      [
        701147.5854179974,
        3127374.222112222,
        0.0
      ],
      [
        701166.6706886367,
        3127397.592192089,
        0.0
      ],
      [
        701171.6059802994,
        3127417.0558932875,
        0.0
      ],
      [
        701178.7710166373,
        3127429.224394043,
        0.0
      ],
      [
        701192.323510312,
        3127437.3109110016,
        0.0
      ],
      [
        701208.6854079769,
        3127434.9694025214,
        0.0
      ],
      [
        701228.0989916049,
        3127438.96506842,
        0.0
      ],
      [
        701249.7334911108,
        3127436.189240902,
        0.0
      ],
      [
        701270.3152606349,
        3127433.395596286,
        0.0
      ],
      [
        701293.5022546718,
        3127432.217529296,
        0.0
      ],
      [
        701314.101813075,
        3127428.3766906937,
        0.0
      ],
      [
        701328.3493880362,
        3127426.523258905,
        0.0
      ],
      [
        701341.6152981585,
        3127420.462909029,
        0.0
      ],
      [
        701336.0917210393,
        3127404.6556360954,
        0.0
      ],
      [
        701327.7319385039,
        3127400.847308342,
        0.0
      ],
      [
        701303.6052895512,
        3127364.296754312,
        0.0
      ],
      [
        701258.8674519199,
        3127301.2071287176,
        0.0
      ],
      [
        701249.570255884,
        3127290.5736635355,
        0.0
      ],
      [
        701245.8339334839,
        3127285.7961910553,
        0.0
      ],
      [
        701214.1165022274,
        3127300.972085282,
        0.0
      ]
    ]
  ]
}