{
  "code": "237452520",
  "epsg": 32639,
  "bbox_utm": {
    "minx": 700937.5943018578,
    "miny": 3126648.792925269,
    "maxx": 701093.9007985347,
    "maxy": 3126805.099421946
  },
  "polygon_utm": [
    [
      [
        700982.8190007166,
        3126703.5852556536,
        0.0
      ],
      [
        700976.4179339567,
        3126708.4531157142,
        0.0
      ],
      [
        700976.0350385372,
        3126715.5181265823,
        0.0
      ],
      [
        700961.1361856718,
        3126724.694532387,
        0.0
      ],
      [
        700959.923801383,
        3126734.1026502973,
        0.0
      ],
      [
        700978.4531092156,
        3126759.297473867,
        0.0
      ],
      [
        700989.7147128807,
        3126778.345385625,
        0.0
      ],
      [
        701021.7481415782,
        3126767.8877918064,
        0.0
      ],
      [
        701025.0677559862,
        3126773.9678487536,
        0.0
      ],
      [
        701069.1270941664,
        3126752.9758859454,
        0.0
      ],
      [
        701071.5712990094,
        3126748.5648781876,
        0.0
      ],
      [
        701061.455728467,
        3126724.036196591,
        0.0
      ],
      [
        701051.7733863367,
        3126705.0148735326,
        0.0
      ],
      [
        701043.8476062191,
        3126675.5469615897,
        0.0
      ],
      [
        700982.8190007166,
        3126703.5852556536,
        0.0
      ]
    ]
  ]
}