{
  "code": "237459309",
  "epsg": 32639,
  "bbox_utm": {
    "minx": 700965.6325258841,
    "miny": 3127003.760846306,
    "maxx": 701204.6817237085,
    "maxy": 3127242.810044131
  },
  "polygon_utm": [
    [
      [
        701101.2118883734,
        3127190.1096699783,
        0.0
      ],
      [
        701138.2361137734,
        3127180.2612047605,
        0.0
      ],
      [
        701170.5318383051,
        3127169.8088948475,
        0.0
      ],
      [
        701090.3946232649,
        3127051.643970593,
        0.0
      ],
      [
        701040.4440476049,
        3127078.5591276516,
        0.0
      ],
      [
        701011.664418243,
        3127099.0235914807,
        0.0
      ],
      [
        701014.1899195999,
        3127105.3519351333,
        0.0
      ],
      [
        700999.7824112875,
        3127116.6314617186,
        0.0
      ],
      [
        701003.8693310666,
        3127124.0338306064,
        0.0
      ],
      [
        701063.2769110284,
        3127191.562109059,
        0.0
      ],
      [
        701076.3832225825,
        3127194.926919844,
        0.0
      ],
      [
        701101.2118883734,
        3127190.1096699783,
        0.0
      ]
    ]
  ]
}