{
  "code": "237460530",
  "epsg": 32639,
  "bbox_utm": {
    "minx": 700459.0839791949,
    "miny": 3126813.3463735376,
    "maxx": 700700.2928725147,
    "maxy": 3127054.555266857
  },
  "polygon_utm": [
    [
      [
        700603.4908042038,
        3127011.9764526975,
        0.0
      ],
      [
        700618.4067058174,
        3127001.7525648447,
        0.0
      ],
      [
        700633.8755788417,
        3126989.9666296723,
        0.0
      ],
      [
        700649.8885783141,
        3126977.1422959766,
        0.0
      ],
      [
        700622.6094895529,
        3126940.0150129218,
        0.0
      ],
      [
        700594.7949830472,
        3126903.402449294,
        0.0
      ],
      [
        700569.1920646178,
        3126860.5415529623,
        0.0
      ],
      [
        700559.4029145319,
        3126847.804786869,
        0.0
      ],
      [
        700538.2232279694,
        3126854.7802257375,
        0.0
      ],
      [
        700509.4882733953,
        3126872.627983437,
        0.0
      ],
      [
        700518.7599040203,
        3126884.832131321,
        0.0
      ],
      [
        700524.2582938881,
        3126902.210572426,
        0.0
      ],
      [
        700530.4334586281,
        3126910.695763932,
        0.0
      ],
      [
        700533.2556206839,
        3126930.647975356,
        0.0
      ],
      [
        700529.8318556955,
        3126946.3042104016,
        0.0
      ],
      [
        700537.8736712504,
        3126968.9635596783,
        0.0
      ],
      [
        700545.4067599111,
        3126990.5666778646,
        0.0
      ],
      [
        700556.8634457606,
        3126998.093467453,
        0.0
      ],
      [
        700567.7494840669,
        3127008.2296207026,
        0.0
      ],
      [
        700574.9507870423,
        3127018.303507075,
        0.0
      ],
      [
        700582.8200599436,
        3127020.0078929327,
        0.0
      ],
      [
        700588.0839406311,
        3127020.096853526,
        0.0
      ],
      [
        700603.4908042038,
        3127011.9764526975,
        0.0
      ]
    ]
  ]
}