{
  "code": "237458740",
  "epsg": 32639,
  "bbox_utm": {
    "minx": 701156.686184524,
    "miny": 3127157.639735953,
    "maxx": 701295.9579089308,
    "maxy": 3127296.9114603596
  },
  "polygon_utm": [
    [
      [
        701265.2057550572,
        3127237.935880597,
        0.0
      ],
      [
        701276.0619483013,
        3127218.7396501275,
        0.0
      ],
      [
        701257.1743904727,
        3127214.752784949,
        0.0
      ],
      [
        701214.2597210951,
        3127199.3588903574,
        0.0
      ],
      [
        701188.1359247905,
        3127187.392535389,
        0.0
      ],
      [
        701176.5821451535,
        3127185.6252977718,
        0.0
      ],
      [
        701233.6609810585,
        3127266.209513807,
        0.0
      ],
      [
        701239.4067519016,
        3127268.9258985408,
        0.0
      ],
      [
        701265.2057550572,
        3127237.935880597,
        0.0
      ]
    ]
  ]
}