{
  "code": "237460374",
  "epsg": 32639,
  "bbox_utm": {
    "minx": 700654.4489845677,
    "miny": 3126809.80839555,
    "maxx": 700889.3142909015,
    "maxy": 3127044.6737018838
  },
  "polygon_utm": [
    [
      [
        700724.5031507517,
        3126986.2609387687,
        0.0
      ],
      [
        700769.1362231231,
        3126962.3971464774,
        0.0
      ],
      [
        700783.3930751455,
        3126960.0193003365,
        0.0
      ],
      [
        700819.5952386113,
        3126936.536812122,
        0.0
      ],
      [
        700855.7621042824,
        3126915.148997849,
        0.0
      ],
      [
        700845.0977233711,
        3126891.921096215,
        0.0
      ],
      [
        700828.7138292636,
        3126864.4059331366,
        0.0
      ],
      [
        700823.54733185,
        3126858.5566394175,
        0.0
      ],
      [
        700806.0168052025,
        3126867.6885771076,
        0.0
      ],
      [
        700785.2304966478,
        3126882.5273245396,
        0.0
      ],
      [
        700764.2670939325,
        3126907.8391932957,
        0.0
      ],
      [
        700757.2556936671,
        3126917.6728903144,
        0.0
      ],
      [
        700745.0158050277,
        3126925.322935327,
        0.0
      ],
      [
        700731.7408601207,
        3126931.907874248,
        0.0
      ],
      [
        700721.1067465153,
        3126938.013678616,
        0.0
      ],
      [
        700710.9370501887,
        3126947.7939632977,
        0.0
      ],
      [
        700697.1180508635,
        3126955.4173295945,
        0.0
      ],
      [
        700688.0011711868,
        3126965.2154188994,
        0.0
      ],
      [
        700707.4904266662,
        3126995.9254580163,
        0.0
      ],
      [
        700724.5031507517,
        3126986.2609387687,
        0.0
      ]
    ]
  ]
}