{
  "code": "237460341",
  "epsg": 32639,
  "bbox_utm": {
    "minx": 700657.1335080182,
    "miny": 3126905.2523239525,
    "maxx": 701009.6319385534,
    "maxy": 3127257.7507544877
  },
  "polygon_utm": [
    [
      [
        700934.7068191203,
        3127197.2415312235,
        0.0
      ],
      [
        700944.3324025581,
        3127188.5000178274,
        0.0
      ],
      [
        700959.2750199055,
        3127176.7057712553,
        0.0
      ],
      [
        700958.9525708465,
        3127164.653042606,
        0.0
      ],
      [
        700890.1136700852,
        3127094.346573579,
        0.0
      ],
      [
        700817.2489051914,
        3127012.972242669,
        0.0
      ],
      [
        700783.3930751455,
        3126960.0193003365,
        0.0
      ],
      [
        700769.1362231231,
        3126962.3971464774,
        0.0
      ],
      [
        700724.5031507517,
        3126986.2609387687,
        0.0
      ],
      [
        700707.4904266662,
        3126995.9254580163,
        0.0
      ],
      [
        700714.1918030551,
        3127004.419593814,
        0.0
      ],
      [
        700732.645859139,
        3127034.06448126,
        0.0
      ],
      [
        700749.1271300123,
        3127055.818990347,
        0.0
      ],
      [
        700741.0010506789,
        3127069.3002980393,
        0.0
      ],
      [
        700749.3080884435,
        3127076.2501729876,
        0.0
      ],
      [
        700777.2722951075,
        3127103.9606489227,
        0.0
      ],
      [
        700809.0893958283,
        3127121.7842118186,
        0.0
      ],
      [
        700838.3187946081,
        3127136.9450761545,
        0.0
      ],
      [
        700870.5912050763,
        3127158.9668324916,
        0.0
      ],
      [
        700933.5565351072,
        3127202.9837781037,
        0.0
      ],
      [
        700934.7068191203,
        3127197.2415312235,
        0.0
      ]
    ]
  ]
}