{
  "code": "237461586",
  "epsg": 32639,
  "bbox_utm": {
    "minx": 700381.1520956496,
    "miny": 3126546.9954333794,
    "maxx": 700953.6638971951,
    "maxy": 3127119.507234925
  },
  "polygon_utm": [
    [
      [
        700582.7240823803,
        3126714.1035742676,
        0.0
      ],
      [
        700541.1339330164,
        3126744.8295660433,
        0.0
      ],
      [
        700492.7185109516,
        3126774.3926990894,
        0.0
      ],
      [
        700469.9064854621,
        3126784.4835943296,
        0.0
      ],
      [
        700462.9394958704,
        3126791.6992563475,
        0.0
      ],
      [
        700470.6408930921,
        3126803.35311155,
        0.0
      ],
      [
        700484.0884166264,
        3126817.7230534963,
        0.0
      ],
      [
        700490.7281376647,
        3126829.882775063,
        0.0
      ],
      [
        700497.7615582604,
        3126849.9062379217,
        0.0
      ],
      [
        700501.7250426782,
        3126864.6397589664,
        0.0
      ],
      [
        700509.4882733953,
        3126872.627983437,
        0.0
      ],
      [
        700538.2232279694,
        3126854.7802257375,
        0.0
      ],
      [
        700559.402914532,
        3126847.8047868675,
        0.0
      ],
      [
        700569.1920646178,
        3126860.5415529623,
        0.0
      ],
      [
        700594.7949830472,
        3126903.402449294,
        0.0
      ],
      [
        700622.6094895529,
        3126940.015012921,
        0.0
      ],
      [
        700649.8885783141,
        3126977.1422959766,
        0.0
      ],
      [
        700674.2884508423,
        3126966.5549717983,
        0.0
      ],
      [
        700687.5367593846,
        3126961.540950887,
        0.0
      ],
      [
        700707.8761054495,
        3126941.980368024,
        0.0
      ],
      [
        700717.501700596,
        3126933.238481952,
        0.0
      ],
      [
        700730.2502423831,
        3126926.6446263087,
        0.0
      ],
      [
        700746.6569795979,
        3126921.684063296,
        0.0
      ],
      [
        700754.194761811,
        3126911.8592673996,
        0.0
      ],
      [
        700772.4730166991,
        3126889.6448072596,
        0.0
      ],
      [
        700794.400672126,
        3126869.587290632,
        0.0
      ],
      [
        700848.209919308,
        3126840.247806571,
        0.0
      ],
      [
        700861.5116216205,
        3126832.091958919,
        0.0
      ],
      [
        700865.2079129367,
        3126815.916429571,
        0.0
      ],
      [
        700866.5806179346,
        3126804.808704857,
        0.0
      ],
      [
        700871.6695719344,
        3126776.347151663,
        0.0
      ],
      [
        700871.8764969743,
        3126771.8982580663,
        0.0
      ],
      [
        700867.0826218745,
        3126767.364736761,
        0.0
      ],
      [
        700859.1325572315,
        3126762.646854932,
        0.0
      ],
      [
        700855.9688257747,
        3126755.1290016016,
        0.0
      ],
      [
        700855.2833416185,
        3126748.962610056,
        0.0
      ],
      [
        700861.39143662,
        3126738.0659052124,
        0.0
      ],
      [
        700868.6573617894,
        3126728.7602251694,
        0.0
      ],
      [
        700865.6176844977,
        3126713.9110564673,
        0.0
      ],
      [
        700859.2325978643,
        3126702.2791018975,
        0.0
      ],
      [
        700842.2260056887,
        3126711.5509479227,
        0.0
      ],
      [
        700833.2123933325,
        3126691.8863628986,
        0.0
      ],
      [
        700792.8558518944,
        3126711.8942961083,
        0.0
      ],
      [
        700767.4734022585,
        3126718.274535493,
        0.0
      ],
      [
        700738.406172684,
        3126724.5925085554,
        0.0
      ],
      [
        700706.0743195036,
        3126737.1410935665,
        0.0
      ],
      [
        700677.4627548953,
        3126747.657396324,
        0.0
      ],
      [
        700671.6989092631,
        3126745.9885182166,
        0.0
      ],
      [
        700664.1570028586,
        3126724.9085371117,
        0.0
      ],
      [
        700666.0903084645,
        3126703.988700645,
        0.0
      ],
      [
        700658.4332822829,
        3126689.7162910583,
        0.0
      ],
      [
        700637.3771665167,
        3126689.3603723277,
        0.0
      ],
      [
        700582.7240823803,
        3126714.1035742676,
        0.0
      ]
    ]
  ]
}