{
  "code": "237459965",
  "epsg": 32639,
  "bbox_utm": {
    "minx": 700854.7750211079,
    "miny": 3126854.159633357,
    "maxx": 701127.8036089032,
    "maxy": 3127127.188221152
  },
  "polygon_utm": [
    [
      [
        701064.982315056,
        3127020.9639552953,
        0.0
      ],
      [
        701043.442408665,
        3126994.8018408287,
        0.0
      ],
      [
        700980.3988580552,
        3126893.1637173276,
        0.0
      ],
      [
        700941.7947416164,
        3126902.986233024,
        0.0
      ],
      [
        700918.0272265198,
        3126907.298137276,
        0.0
      ],
      [
        700909.4453751855,
        3126916.581367935,
        0.0
      ],
      [
        700897.1876490066,
        3126925.2785738194,
        0.0
      ],
      [
        700914.0888248271,
        3126953.3262741673,
        0.0
      ],
      [
        700946.5422663344,
        3126995.7798941988,
        0.0
      ],
      [
        700968.6539066781,
        3127027.05854916,
        0.0
      ],
      [
        701026.9081832294,
        3127088.1841371814,
        0.0
      ],
      [
        701040.4440476049,
        3127078.5591276516,
        0.0
      ],
      [
        701085.3909810043,
        3127054.340112039,
        0.0
      ],
      [
        701064.982315056,
        3127020.9639552953,
        0.0
      ]
    ]
  ]
}