{
  "code": "237452296",
  "epsg": 32639,
  "bbox_utm": {
    "minx": 700971.381331986,
    "miny": 3126572.4103054763,
    "maxx": 701536.4741382038,
    "maxy": 3127137.5031116935
  },
  "polygon_utm": [
    [
      [
        701240.6307210632,
        3126855.1445133295,
        0.0
      ],
      [
        701137.5284427425,
        3126662.7290019724,
        0.0
      ],
      [
        701052.1088757314,
        3126669.662993898,
        0.0
      ],
      [
        701054.8415626512,
        3126694.8524446962,
        0.0
      ],
      [
        701090.9786733022,
        3126768.5366224176,
        0.0
      ],
      [
        701119.4530289785,
        3126812.7573048584,
        0.0
      ],
      [
        701126.0344544239,
        3126828.321222994,
        0.0
      ],
      [
        701148.4091910911,
        3126859.6051207897,
        0.0
      ],
      [
        701171.4699574481,
        3126881.472081452,
        0.0
      ],
      [
        701200.499851948,
        3126908.4164022366,
        0.0
      ],
      [
        701222.9541355923,
        3126934.98736257,
        0.0
      ],
      [
        701235.2413274053,
        3126955.624081941,
        0.0
      ],
      [
        701250.7680005995,
        3126987.0536867827,
        0.0
      ],
      [
        701269.5607215755,
        3127027.705156671,
        0.0
      ],
      [
        701290.8185372802,
        3127047.1844151975,
        0.0
      ],
      [
        701328.3419844412,
        3127023.464084643,
        0.0
      ],
      [
        701376.4289457304,
        3126997.8278206815,
        0.0
      ],
      [
        701422.651535278,
        3126973.469549964,
        0.0
      ],
      [
        701455.7465944584,
        3126962.5075188563,
        0.0
      ],
      [
        701406.1504817577,
        3126844.332879014,
        0.0
      ],
      [
        701384.1602444551,
        3126788.468882506,
        0.0
      ],
      [
        701240.6307210632,
        3126855.1445133295,
        0.0
      ]
    ]
  ]
}