{
  "code": "237462925",
  "epsg": 32639,
  "bbox_utm": {
    "minx": 700027.6830557565,
    "miny": 3126646.8017544234,
    "maxx": 700622.5131983539,
    "maxy": 3127241.63189702
  },
  "polygon_utm": [
    [
      [
        700446.0791379856,
        3127104.1242660237,
        0.0
      ],
      [
        700462.9853378339,
        3127100.743240088,
        0.0
      ],
      [
        700482.859596891,
        3127077.508125444,
        0.0
      ],
      [
        700530.7208843564,
        3127049.5078451363,
        0.0
      ],
      [
        700531.9771495868,
        3127037.481714652,
        0.0
      ],
      [
        700519.038642819,
        3127024.168150361,
        0.0
      ],
      [
        700515.0575543691,
        3127010.482113724,
        0.0
      ],
      [
        700537.537463697,
        3126988.862314489,
        0.0
      ],
      [
        700522.8295270929,
        3126955.6143454798,
        0.0
      ],
      [
        700525.6826547806,
        3126942.567493523,
        0.0
      ],
      [
        700527.5803206353,
        3126923.7426503566,
        0.0
      ],
      [
        700514.9336054849,
        3126893.1483676555,
        0.0
      ],
      [
        700501.1013456285,
        3126870.3910853867,
        0.0
      ],
      [
        700491.4448136677,
        3126849.799538898,
        0.0
      ],
      [
        700480.8592787905,
        3126821.858973674,
        0.0
      ],
      [
        700456.5165992863,
        3126797.876488998,
        0.0
      ],
      [
        700442.1400237118,
        3126776.157542052,
        0.0
      ],
      [
        700435.208417842,
        3126781.278585406,
        0.0
      ],
      [
        700298.1921114861,
        3126881.6317769056,
        0.0
      ],
      [
        700112.6587904133,
        3127017.8332737093,
        0.0
      ],
      [
        700132.6757507034,
        3127048.5510046384,
        0.0
      ],
      [
        700140.0824363214,
        3127108.912320642,
        0.0
      ],
      [
        700153.1890251562,
        3127112.276109392,
        0.0
      ],
      [
        700446.0791379856,
        3127104.1242660237,
        0.0
      ]
    ]
  ]
}