{
  "code": "237452070",
  "epsg": 32639,
  "bbox_utm": {
    "minx": 701236.8317966069,
    "miny": 3126814.843588567,
    "maxx": 701614.7389813199,
    "maxy": 3127192.7507732804
  },
  "polygon_utm": [
    [
      [
        701455.7465944584,
        3126962.5075188563,
        0.0
      ],
      [
        701422.651535278,
        3126973.469549964,
        0.0
      ],
      [
        701376.4289457304,
        3126997.8278206815,
        0.0
      ],
      [
        701328.3419844412,
        3127023.464084643,
        0.0
      ],
      [
        701290.8185372802,
        3127047.1844151975,
        0.0
      ],
      [
        701296.497797546,
        3127053.8282467583,
        0.0
      ],
      [
        701319.2947151937,
        3127075.6907259673,
        0.0
      ],
      [
        701342.5412934597,
        3127086.561060111,
        0.0
      ],
      [
        701360.7005375357,
        3127071.4170362838,
        0.0
      ],
      [
        701376.6721235006,
        3127030.045820637,
        0.0
      ],
      [
        701435.7911704788,
        3127005.90649551,
        0.0
      ],
      [
        701495.2003419002,
        3126980.2009044774,
        0.0
      ],
      [
        701560.7522406466,
        3126949.361782012,
        0.0
      ],
      [
        701558.2269821237,
        3126943.033220389,
        0.0
      ],
      [
        701553.6698784841,
        3126921.0333017358,
        0.0
      ],
      [
        701455.7465944584,
        3126962.5075188563,
        0.0
      ]
    ]
  ]
}