{
  "code": "237459875",
  "epsg": 32639,
  "bbox_utm": {
    "minx": 700818.2839535986,
    "miny": 3126917.891032775,
    "maxx": 701066.3306433443,
    "maxy": 3127165.937722521
  },
  "polygon_utm": [
    [
      [
        700864.9075042687,
        3126997.0170703395,
        0.0
      ],
      [
        700900.4838532975,
        3127041.6184561173,
        0.0
      ],
      [
        700944.4555100303,
        3127087.9333378337,
        0.0
      ],
      [
        700983.7514396417,
        3127130.5024811286,
        0.0
      ],
      [
        700999.7824112875,
        3127116.6314617195,
        0.0
      ],
      [
        701014.1899195999,
        3127105.3519351333,
        0.0
      ],
      [
        701011.664418243,
        3127099.0235914807,
        0.0
      ],
      [
        701026.9081773646,
        3127088.184128935,
        0.0
      ],
      [
        700968.6539066781,
        3127027.05854916,
        0.0
      ],
      [
        700946.5422663344,
        3126995.7798941988,
        0.0
      ],
      [
        700914.0888248271,
        3126953.3262741673,
        0.0
      ],
      [
        700857.7064195782,
        3126986.9429727304,
        0.0
      ],
      [
        700864.9075042687,
        3126997.0170703395,
        0.0
      ]
    ]
  ]
}