{
  "code": "237458944",
  "epsg": 32639,
  "bbox_utm": {
    "minx": 701063.7679794184,
    "miny": 3127141.9897880345,
    "maxx": 701268.6798806489,
    "maxy": 3127346.9016892645
  },
  "polygon_utm": [
    [
      [
        701239.4067519016,
        3127268.9258985403,
        0.0
      ],
      [
        701233.6609810585,
        3127266.209513807,
        0.0
      ],
      [
        701176.5821451535,
        3127185.6252977718,
        0.0
      ],
      [
        701137.0502306152,
        3127188.0980232437,
        0.0
      ],
      [
        701110.5891546587,
        3127196.0303019607,
        0.0
      ],
      [
        701093.0411081655,
        3127206.208824357,
        0.0
      ],
      [
        701164.0574119517,
        3127303.266179527,
        0.0
      ],
      [
        701239.4067519016,
        3127268.9258985403,
        0.0
      ]
    ]
  ]
}