{
  "code": "237587846",
  "epsg": 32639,
  "bbox_utm": {
    "minx": 694521.85650431,
    "miny": 3243830.4464431964,
    "maxx": 694781.1120496617,
    "maxy": 3244089.701988548
  },
  "polygon_utm": [
    [
      [
        694674.0010888153,
        3244008.1025523767,
        0.0
      ],
      [
        694669.2342690388,
        3243982.091368374,
        0.0
      ],
      [
        694690.5222510055,
        3243956.5265413816,
        0.0
      ],
      [
        694743.2716814275,
        3243920.0918088146,
        0.0
      ],
      [
        694744.0755431829,
        3243918.8091014447,
        0.0
      ],
      [
        694739.7706029708,
        3243911.475001174,
        0.0
      ],
      [
        694719.1649911075,
        3243912.4183505476,
        0.0
      ],
      [
        694700.7370582095,
        3243907.95381306,
        0.0
      ],
      [
        694672.4215557807,
        3243902.542007332,
        0.0
      ],
      [
        694642.8476882925,
        3243894.5157427453,
        0.0
      ],
      [
        694620.2153893396,
        3243892.0536923385,
        0.0
      ],
      [
        694589.2099791332,
        3243891.52266993,
        0.0
      ],
      [
        694558.8930107888,
        3243896.448761014,
        0.0
      ],
      [
        694595.162973128,
        3243939.5945201013,
        0.0
      ],
      [
        694579.047556235,
        3243952.2833377444,
        0.0
      ],
      [
        694622.634778753,
        3243994.257834028,
        0.0
      ],
      [
        694661.1395432671,
        3244028.625761814,
        0.0
      ],
      [
        694674.0010888153,
        3244008.1025523767,
        0.0
      ]
    ]
  ]
}