{
  "code": "237779849",
  "epsg": 32639,
  "bbox_utm": {
    "minx": 702391.6853976228,
    "miny": 3239841.2673158953,
    "maxx": 702691.8520092311,
    "maxy": 3240141.4339275034
  },
  "polygon_utm": [
    [
      [
        702554.5103947506,
        3240098.127143521,
        0.0
      ],
      [
        702553.3767416927,
        3239986.045978954,
        0.0
      ],
      [
        702549.7088346506,
        3239887.17399194,
        0.0
      ],
      [
        702549.5965874688,
        3239884.1482604104,
        0.0
      ],
      [
        702529.3770415008,
        3239884.1923141847,
        0.0
      ],
      [
        702529.0538728095,
        3240056.170084732,
        0.0
      ],
      [
        702529.0270121034,
        3240094.301352156,
        0.0
      ],
      [
        702546.4534239443,
        3240096.6867280426,
        0.0
      ],
      [
        702549.2882269636,
        3240098.552982988,
        0.0
      ],
      [
        702554.5103947506,
        3240098.127143521,
        0.0
      ]
    ]
  ]
}