{
  "code": "237783204",
  "epsg": 32639,
  "bbox_utm": {
    "minx": 702686.1675039291,
    "miny": 3240299.01990443,
    "maxx": 702832.8180784784,
    "maxy": 3240445.67047898
  },
  "polygon_utm": [
    [
      [
        702730.6854897728,
        3240322.011441452,
        0.0
      ],
      [
        702732.1792030379,
        3240355.240504805,
        0.0
      ],
      [
        702733.7606912266,
        3240383.542569144,
        0.0
      ],
      [
        702734.5279023913,
        3240413.6458025947,
        0.0
      ],
      [
        702734.6071821335,
        3240423.8283641967,
        0.0
      ],
      [
        702738.7375323467,
        3240424.334038473,
        0.0
      ],
      [
        702788.3000926346,
        3240424.7203969015,
        0.0
      ],
      [
        702780.340430458,
        3240319.969986509,
        0.0
      ],
      [
        702730.6854897728,
        3240322.011441452,
        0.0
      ]
    ]
  ]
}