{
  "code": "237736969",
  "epsg": 32639,
  "bbox_utm": {
    "minx": 697701.4142186021,
    "miny": 3240102.9307237575,
    "maxx": 698021.4564794848,
    "maxy": 3240422.972984641
  },
  "polygon_utm": [
    [
      [
        697942.167542413,
        3240360.12774269,
        0.0
      ],
      [
        697963.071406325,
        3240343.599948949,
        0.0
      ],
      [
        697803.4943653217,
        3240148.651046741,
        0.0
      ],
      [
        697787.6306188571,
        3240161.344679869,
        0.0
      ],
      [
        697759.7992917618,
        3240187.5778390835,
        0.0
      ],
      [
        697912.6697174059,
        3240377.252661657,
        0.0
      ],
      [
        697942.167542413,
        3240360.12774269,
        0.0
      ]
    ]
  ]
}