{
  "code": "237779669",
  "epsg": 32639,
  "bbox_utm": {
    "minx": 702383.0856651441,
    "miny": 3239934.0498486822,
    "maxx": 702742.1685833171,
    "maxy": 3240293.132766855
  },
  "polygon_utm": [
    [
      [
        702575.9660214975,
        3240240.8771908623,
        0.0
      ],
      [
        702572.4226110259,
        3239985.3474084213,
        0.0
      ],
      [
        702553.3767416927,
        3239986.045978954,
        0.0
      ],
      [
        702554.5103947506,
        3240098.127143521,
        0.0
      ],
      [
        702549.2882269636,
        3240098.552982988,
        0.0
      ],
      [
        702549.7608939285,
        3240115.9411265417,
        0.0
      ],
      [
        702551.7118709404,
        3240152.8104205877,
        0.0
      ],
      [
        702554.3062734563,
        3240197.472962723,
        0.0
      ],
      [
        702554.0882582793,
        3240241.8352071163,
        0.0
      ],
      [
        702575.9660214975,
        3240240.8771908623,
        0.0
      ]
    ]
  ]
}