{
  "code": "237811901",
  "epsg": 32639,
  "bbox_utm": {
    "minx": 707769.9566619282,
    "miny": 3147528.3352593533,
    "maxx": 707887.8881590504,
    "maxy": 3147646.2667564754
  },
  "polygon_utm": [
    [
      [
        707862.1938062732,
        3147613.4974615723,
        0.0
      ],
      [
        707859.8006968012,
        3147607.9830217394,
        0.0
      ],
      [
        707855.8624184743,
        3147598.908058742,
        0.0
      ],
      [
        707847.5884735896,
        3147591.1711697737,
        0.0
      ],
      [
        707835.8930143468,
        3147569.4709583414,
        0.0
      ],
      [
        707825.6001199932,
        3147550.3731205286,
        0.0
      ],
      [
        707810.5895876421,
        3147545.182616085,
        0.0
      ],
      [
        707802.9680349437,
        3147559.7064181003,
        0.0
      ],
      [
        707795.6510147055,
        3147571.879788248,
        0.0
      ],
      [
        707797.5654366367,
        3147582.645494734,
        0.0
      ],
      [
        707803.1888403558,
        3147606.826081501,
        0.0
      ],
      [
        707812.069346899,
        3147625.305522792,
        0.0
      ],
      [
        707823.4472001526,
        3147629.4193997434,
        0.0
      ],
      [
        707862.1938062732,
        3147613.4974615723,
        0.0
      ]
    ]
  ]
}