{
  "code": "237908986",
  "epsg": 32639,
  "bbox_utm": {
    "minx": 702792.7915023778,
    "miny": 3239365.1097429497,
    "maxx": 703105.9938727302,
    "maxy": 3239678.3121133028
  },
  "polygon_utm": [
    [
      [
        702907.3013874238,
        3239482.614644254,
        0.0
      ],
      [
        702917.4758657604,
        3239555.4316692236,
        0.0
      ],
      [
        702920.0489302443,
        3239586.6069617164,
        0.0
      ],
      [
        702924.7072405168,
        3239617.8193523358,
        0.0
      ],
      [
        702993.2620064453,
        3239633.568917538,
        0.0
      ],
      [
        702998.5306742012,
        3239630.5499663586,
        0.0
      ],
      [
        702986.586050336,
        3239540.0616721325,
        0.0
      ],
      [
        702975.3071590816,
        3239412.2287997585,
        0.0
      ],
      [
        702900.2547009068,
        3239409.852938715,
        0.0
      ],
      [
        702907.3013874238,
        3239482.614644254,
        0.0
      ]
    ]
  ]
}