{
  "code": "238025679",
  "epsg": 32639,
  "bbox_utm": {
    "minx": 708066.6948049206,
    "miny": 3147744.5035233772,
    "maxx": 708260.5920940123,
    "maxy": 3147938.400812469
  },
  "polygon_utm": [
    [
      [
        708147.2486001546,
        3147828.2832997413,
        0.0
      ],
      [
        708154.2866001547,
        3147852.360399742,
        0.0
      ],
      [
        708162.2506001549,
        3147876.622799741,
        0.0
      ],
      [
        708168.5477001552,
        3147894.58799974,
        0.0
      ],
      [
        708175.400400154,
        3147903.47809974,
        0.0
      ],
      [
        708181.3271001555,
        3147910.7011997416,
        0.0
      ],
      [
        708194.114098777,
        3147890.7574593,
        0.0
      ],
      [
        708183.1680992281,
        3147855.7897964767,
        0.0
      ],
      [
        708174.7524112575,
        3147826.357453696,
        0.0
      ],
      [
        708166.1339966345,
        3147793.522465903,
        0.0
      ],
      [
        708159.6210873374,
        3147772.2031361046,
        0.0
      ],
      [
        708133.1728001558,
        3147781.2402997413,
        0.0
      ],
      [
        708147.2486001546,
        3147828.2832997413,
        0.0
      ]
    ]
  ]
}