{
  "code": "238065141",
  "epsg": 32639,
  "bbox_utm": {
    "minx": 708181.0354401543,
    "miny": 3146621.5283397394,
    "maxx": 708495.6690601549,
    "maxy": 3146936.16195974
  },
  "polygon_utm": [
    [
      [
        708232.7601001544,
        3146783.226399741,
        0.0
      ],
      [
        708233.9255001555,
        3146787.4997997438,
        0.0
      ],
      [
        708235.3500001549,
        3146791.514099741,
        0.0
      ],
      [
        708235.9598229275,
        3146795.189254672,
        0.0
      ],
      [
        708236.1885001548,
        3146796.56739974,
        0.0
      ],
      [
        708240.1413001562,
        3146796.0464997394,
        0.0
      ],
      [
        708243.6377001549,
        3146795.916999741,
        0.0
      ],
      [
        708253.3498001543,
        3146796.564499742,
        0.0
      ],
      [
        708259.6951001548,
        3146797.600399741,
        0.0
      ],
      [
        708266.428800157,
        3146797.3413997404,
        0.0
      ],
      [
        708270.9612001559,
        3146795.5284997416,
        0.0
      ],
      [
        708274.5870001554,
        3146792.93859974,
        0.0
      ],
      [
        708278.9899001548,
        3146789.830699742,
        0.0
      ],
      [
        708281.4503001546,
        3146787.2407997395,
        0.0
      ],
      [
        708284.817200155,
        3146782.7083997405,
        0.0
      ],
      [
        708286.8891001551,
        3146778.04659974,
        0.0
      ],
      [
        708289.3495001553,
        3146775.068199741,
        0.0
      ],
      [
        708292.8459001544,
        3146772.866799743,
        0.0
      ],
      [
        708300.0976001557,
        3146769.370399742,
        0.0
      ],
      [
        708312.1407001554,
        3146765.4855997413,
        0.0
      ],
      [
        708322.2413001544,
        3146764.57909974,
        0.0
      ],
      [
        708331.435500155,
        3146764.0610997397,
        0.0
      ],
      [
        708341.2771001557,
        3146763.6725997403,
        0.0
      ],
      [
        708347.8814001562,
        3146762.377699741,
        0.0
      ],
      [
        708356.2986001549,
        3146759.5287997406,
        0.0
      ],
      [
        708363.8093001556,
        3146756.679899739,
        0.0
      ],
      [
        708372.7445001544,
        3146753.0539997406,
        0.0
      ],
      [
        708375.5934001547,
        3146753.18349974,
        0.0
      ],
      [
        708377.9243001546,
        3146753.830999742,
        0.0
      ],
      [
        708380.5142001549,
        3146757.19789974,
        0.0
      ],
      [
        708385.5646001558,
        3146764.9675997384,
        0.0
      ],
      [
        708386.8595001556,
        3146767.686999741,
        0.0
      ],
      [
        708387.3775001578,
        3146770.147399739,
        0.0
      ],
      [
        708380.1257001548,
        3146773.7732997397,
        0.0
      ],
      [
        708350.0828001564,
        3146787.370299741,
        0.0
      ],
      [
        708323.2773001562,
        3146798.895399741,
        0.0
      ],
      [
        708282.4863001554,
        3146812.103899741,
        0.0
      ],
      [
        708255.3522504467,
        3146820.557178765,
        0.0
      ],
      [
        708248.817500155,
        3146822.592999742,
        0.0
      ],
      [
        708244.1925001565,
        3146823.4807997392,
        0.0
      ],
      [
        708245.7096001566,
        3146826.4778997423,
        0.0
      ],
      [
        708252.702300155,
        3146839.1683997414,
        0.0
      ],
      [
        708256.0692001557,
        3146843.441799742,
        0.0
      ],
      [
        708259.0476001552,
        3146844.0891997404,
        0.0
      ],
      [
        708262.4145001555,
        3146843.4417997412,
        0.0
      ],
      [
        708267.9828001568,
        3146842.146799742,
        0.0
      ],
      [
        708271.7992001551,
        3146841.841699742,
        0.0
      ],
      [
        708282.7453001542,
        3146838.5208997414,
        0.0
      ],
      [
        708304.7595001559,
        3146832.564199742,
        0.0
      ],
      [
        708332.8599001551,
        3146823.2404997395,
        0.0
      ],
      [
        708360.9604001557,
        3146812.49239974,
        0.0
      ],
      [
        708389.3199001548,
        3146799.9312997404,
        0.0
      ],
      [
        708403.2203001558,
        3146792.6293997406,
        0.0
      ],
      [
        708408.5560001557,
        3146794.4513997408,
        0.0
      ],
      [
        708414.8028001547,
        3146796.2732997383,
        0.0
      ],
      [
        708418.9672001551,
        3146797.184299739,
        0.0
      ],
      [
        708424.5633001562,
        3146799.006299742,
        0.0
      ],
      [
        708431.5041001552,
        3146801.9560997398,
        0.0
      ],
      [
        708440.3536001561,
        3146807.335299739,
        0.0
      ],
      [
        708450.7214001549,
        3146799.78709974,
        0.0
      ],
      [
        708447.0775001548,
        3146796.0130997407,
        0.0
      ],
      [
        708443.9541001548,
        3146791.45819974,
        0.0
      ],
      [
        708439.1389001554,
        3146785.3415997415,
        0.0
      ],
      [
        708435.6252001559,
        3146780.135999739,
        0.0
      ],
      [
        708431.9812001556,
        3146776.23179974,
        0.0
      ],
      [
        708428.207200157,
        3146772.8480997374,
        0.0
      ],
      [
        708422.2583001548,
        3146768.0383997406,
        0.0
      ],
      [
        708417.377200155,
        3146763.4567997414,
        0.0
      ],
      [
        708402.4853001557,
        3146752.838199739,
        0.0
      ],
      [
        708394.1976001551,
        3146745.456999739,
        0.0
      ],
      [
        708387.5933001572,
        3146735.8742997386,
        0.0
      ],
      [
        708375.809200156,
        3146720.07589974,
        0.0
      ],
      [
        708371.0179001561,
        3146715.543499741,
        0.0
      ],
      [
        708366.6151001544,
        3146713.6010997393,
        0.0
      ],
      [
        708359.8813001548,
        3146714.7665997404,
        0.0
      ],
      [
        708342.9174001561,
        3146719.428399742,
        0.0
      ],
      [
        708312.0975001552,
        3146729.787999742,
        0.0
      ],
      [
        708290.3423001544,
        3146738.8526997403,
        0.0
      ],
      [
        708247.9973001555,
        3146758.535999741,
        0.0
      ],
      [
        708236.4723001549,
        3146762.1618997403,
        0.0
      ],
      [
        708233.752800155,
        3146762.2913997425,
        0.0
      ],
      [
        708231.810200156,
        3146761.9028997403,
        0.0
      ],
      [
        708225.9831001543,
        3146763.586299743,
        0.0
      ],
      [
        708232.7601001544,
        3146783.226399741,
        0.0
      ]
    ]
  ]
}