{
  "code": "238085709",
  "epsg": 32639,
  "bbox_utm": {
    "minx": 695349.5245120447,
    "miny": 3242980.1689876374,
    "maxx": 695449.4668697993,
    "maxy": 3243080.1113453917
  },
  "polygon_utm": [
    [
      [
        695435.1893901201,
        3243028.541722189,
        0.0
      ],
      [
        695407.5558561378,
        3242998.5042787334,
        0.0
      ],
      [
        695363.801991724,
        3243026.7958507035,
        0.0
      ],
      [
        695377.2756662855,
        3243061.7760542957,
        0.0
      ],
      [
        695435.1893901201,
        3243028.541722189,
        0.0
      ]
    ]
  ]
}