{
  "code": "238091351",
  "epsg": 32639,
  "bbox_utm": {
    "minx": 610642.3289043687,
    "miny": 3278556.0399558,
    "maxx": 610808.7626146234,
    "maxy": 3278722.4736660556
  },
  "polygon_utm": [
    [
      [
        610685.6414054272,
        3278592.143115678,
        0.0
      ],
      [
        610672.6350760341,
        3278594.340170187,
        0.0
      ],
      [
        610666.1051486908,
        3278598.1513999756,
        0.0
      ],
      [
        610673.3197588419,
        3278603.906882845,
        0.0
      ],
      [
        610681.3312093476,
        3278607.8615918946,
        0.0
      ],
      [
        610688.0239216061,
        3278613.870306866,
        0.0
      ],
      [
        610692.3337291123,
        3278624.506286848,
        0.0
      ],
      [
        610690.1646073865,
        3278633.786435882,
        0.0
      ],
      [
        610684.6351205675,
        3278641.483158504,
        0.0
      ],
      [
        610680.1545044369,
        3278648.156724016,
        0.0
      ],
      [
        610680.6152011157,
        3278654.1039189524,
        0.0
      ],
      [
        610685.744789105,
        3278660.6139362846,
        0.0
      ],
      [
        610690.8641724905,
        3278668.157354494,
        0.0
      ],
      [
        610690.8004312651,
        3278674.6161150765,
        0.0
      ],
      [
        610694.6724711166,
        3278676.9797081733,
        0.0
      ],
      [
        610703.5317070939,
        3278673.96664022,
        0.0
      ],
      [
        610714.5141790127,
        3278666.323774463,
        0.0
      ],
      [
        610715.2370725137,
        3278672.0151748187,
        0.0
      ],
      [
        610714.8855991188,
        3278681.3132231403,
        0.0
      ],
      [
        610718.202596519,
        3278687.2885985873,
        0.0
      ],
      [
        610730.6741952591,
        3278686.636592502,
        0.0
      ],
      [
        610746.8474391398,
        3278679.3033893714,
        0.0
      ],
      [
        610749.7522317446,
        3278674.422936559,
        0.0
      ],
      [
        610754.4797910163,
        3278669.0437298436,
        0.0
      ],
      [
        610757.9294336236,
        3278661.584896047,
        0.0
      ],
      [
        610764.2430645905,
        3278653.379212734,
        0.0
      ],
      [
        610772.8886008027,
        3278645.7133091753,
        0.0
      ],
      [
        610778.3875282359,
        3278641.1168450797,
        0.0
      ],
      [
        610784.1639894014,
        3278634.714487266,
        0.0
      ],
      [
        610784.9863703013,
        3278630.3302082047,
        0.0
      ],
      [
        610774.9461131025,
        3278621.446234556,
        0.0
      ],
      [
        610770.605763991,
        3278613.910438753,
        0.0
      ],
      [
        610756.6296503886,
        3278609.121634832,
        0.0
      ],
      [
        610748.8855454631,
        3278604.3943793224,
        0.0
      ],
      [
        610733.3386531716,
        3278600.881978173,
        0.0
      ],
      [
        610722.4708701872,
        3278596.8990322254,
        0.0
      ],
      [
        610710.8062262599,
        3278594.716872018,
        0.0
      ],
      [
        610703.8104978218,
        3278593.097558944,
        0.0
      ],
      [
        610697.3366527994,
        3278591.2250232687,
        0.0
      ],
      [
        610685.6414054272,
        3278592.143115678,
        0.0
      ]
    ]
  ]
}