{
  "code": "238031616",
  "epsg": 32639,
  "bbox_utm": {
    "minx": 708975.7330401585,
    "miny": 3147360.0171397347,
    "maxx": 709376.4176601587,
    "maxy": 3147760.701759735
  },
  "polygon_utm": [
    [
      [
        709217.4930001581,
        3147624.8543997346,
        0.0
      ],
      [
        709224.3457001594,
        3147624.4838997335,
        0.0
      ],
      [
        709228.7908001591,
        3147624.483899735,
        0.0
      ],
      [
        709236.1991001593,
        3147625.039599733,
        0.0
      ],
      [
        709243.7927001583,
        3147625.4099997347,
        0.0
      ],
      [
        709246.7577001608,
        3147626.0545997354,
        0.0
      ],
      [
        709269.0619001595,
        3147607.9867997365,
        0.0
      ],
      [
        709271.6140696192,
        3147605.7758963886,
        0.0
      ],
      [
        709279.1467001595,
        3147599.250499733,
        0.0
      ],
      [
        709291.1958001598,
        3147588.5739997267,
        0.0
      ],
      [
        709314.2586041983,
        3147568.874775419,
        0.0
      ],
      [
        709319.1770001587,
        3147564.673699733,
        0.0
      ],
      [
        709318.4338016454,
        3147552.7421952505,
        0.0
      ],
      [
        709302.4081457618,
        3147537.553639486,
        0.0
      ],
      [
        709291.4768737155,
        3147516.70327756,
        0.0
      ],
      [
        709285.5311715696,
        3147511.106755,
        0.0
      ],
      [
        709274.7212792787,
        3147513.006436598,
        0.0
      ],
      [
        709248.550429903,
        3147491.885308467,
        0.0
      ],
      [
        709232.9990253991,
        3147479.581389055,
        0.0
      ],
      [
        709219.7519833518,
        3147470.7175346552,
        0.0
      ],
      [
        709215.4245161305,
        3147462.796538149,
        0.0
      ],
      [
        709197.8963832248,
        3147443.397804925,
        0.0
      ],
      [
        709191.3824001602,
        3147443.0748997345,
        0.0
      ],
      [
        709182.1759489138,
        3147448.4054894,
        0.0
      ],
      [
        709159.5115921398,
        3147461.5282858834,
        0.0
      ],
      [
        709134.9208001599,
        3147475.7664997336,
        0.0
      ],
      [
        709062.7195282653,
        3147507.1496698135,
        0.0
      ],
      [
        709033.8776551047,
        3147539.646481522,
        0.0
      ],
      [
        709032.9737001585,
        3147550.590799736,
        0.0
      ],
      [
        709038.7152001592,
        3147566.889199736,
        0.0
      ],
      [
        709057.175127378,
        3147628.5453287414,
        0.0
      ],
      [
        709066.4965001584,
        3147659.6786997346,
        0.0
      ],
      [
        709069.8302001578,
        3147677.6439997354,
        0.0
      ],
      [
        709077.321547705,
        3147676.5785704525,
        0.0
      ],
      [
        709107.750788727,
        3147665.0913659018,
        0.0
      ],
      [
        709137.3286958268,
        3147642.3460348714,
        0.0
      ],
      [
        709161.6870632098,
        3147632.3199234605,
        0.0
      ],
      [
        709164.2356150808,
        3147636.810125648,
        0.0
      ],
      [
        709201.3498069162,
        3147618.9051443595,
        0.0
      ],
      [
        709208.6030001603,
        3147627.6324997335,
        0.0
      ],
      [
        709217.4930001581,
        3147624.8543997346,
        0.0
      ]
    ]
  ]
}