{
  "code": "238086104",
  "epsg": 32639,
  "bbox_utm": {
    "minx": 695219.5774769199,
    "miny": 3243443.6118790978,
    "maxx": 695512.8177783785,
    "maxy": 3243736.852180557
  },
  "polygon_utm": [
    [
      [
        695292.4761586934,
        3243506.8546985867,
        0.0
      ],
      [
        695395.8425526525,
        3243679.773217037,
        0.0
      ],
      [
        695404.4428985593,
        3243694.96070892,
        0.0
      ],
      [
        695439.9190966049,
        3243670.7642560364,
        0.0
      ],
      [
        695401.7093289458,
        3243611.4177146154,
        0.0
      ],
      [
        695327.1349260402,
        3243485.503350735,
        0.0
      ],
      [
        695292.4761586934,
        3243506.8546985867,
        0.0
      ]
    ]
  ]
}