{
  "code": "238143524",
  "epsg": 32639,
  "bbox_utm": {
    "minx": 694692.8640560623,
    "miny": 3242170.164499972,
    "maxx": 695065.2960858472,
    "maxy": 3242542.5965297567
  },
  "polygon_utm": [
    [
      [
        694920.3543433576,
        3242393.4320730837,
        0.0
      ],
      [
        694848.1985391702,
        3242223.3690756555,
        0.0
      ],
      [
        694811.1194943431,
        3242227.1423888104,
        0.0
      ],
      [
        694883.9347440125,
        3242389.1770714773,
        0.0
      ],
      [
        694920.7943540642,
        3242489.391954073,
        0.0
      ],
      [
        694947.0406475664,
        3242480.3439362664,
        0.0
      ],
      [
        694920.3543433576,
        3242393.4320730837,
        0.0
      ]
    ]
  ]
}