{
  "code": "238162734",
  "epsg": 32639,
  "bbox_utm": {
    "minx": 698660.7959768218,
    "miny": 3127741.631852222,
    "maxx": 698791.8780507701,
    "maxy": 3127872.7139261705
  },
  "polygon_utm": [
    [
      [
        698700.1635738407,
        3127792.3359278925,
        0.0
      ],
      [
        698679.5219873858,
        3127798.7991266144,
        0.0
      ],
      [
        698688.9877537831,
        3127830.9068080247,
        0.0
      ],
      [
        698715.2875748887,
        3127832.3947570166,
        0.0
      ],
      [
        698773.1520402061,
        3127814.9442687985,
        0.0
      ],
      [
        698752.460694276,
        3127781.951021376,
        0.0
      ],
      [
        698700.1635738407,
        3127792.3359278925,
        0.0
      ]
    ]
  ]
}