{
  "code": "238159684",
  "epsg": 32639,
  "bbox_utm": {
    "minx": 698706.4320321381,
    "miny": 3127376.3308660886,
    "maxx": 699109.8177000042,
    "maxy": 3127779.7165339547
  },
  "polygon_utm": [
    [
      [
        698880.4405091978,
        3127433.9573900695,
        0.0
      ],
      [
        698841.261360002,
        3127446.918964429,
        0.0
      ],
      [
        698788.2126393091,
        3127470.647525344,
        0.0
      ],
      [
        698821.6279040078,
        3127518.8705395665,
        0.0
      ],
      [
        698844.3315427292,
        3127546.4869926837,
        0.0
      ],
      [
        698877.7639066982,
        3127593.6626525396,
        0.0
      ],
      [
        698906.0377633271,
        3127634.466586617,
        0.0
      ],
      [
        698938.34668201,
        3127685.8133941623,
        0.0
      ],
      [
        698956.3476586877,
        3127711.255838029,
        0.0
      ],
      [
        698965.6815344704,
        3127719.7925455887,
        0.0
      ],
      [
        698977.7525269708,
        3127722.090009974,
        0.0
      ],
      [
        699028.0370928332,
        3127706.172943972,
        0.0
      ],
      [
        699025.7133213031,
        3127656.3763690884,
        0.0
      ],
      [
        699026.4247075482,
        3127613.963239227,
        0.0
      ],
      [
        698904.6445364171,
        3127434.8868304733,
        0.0
      ],
      [
        698880.4405091978,
        3127433.9573900695,
        0.0
      ]
    ]
  ]
}