{
  "code": "238161429",
  "epsg": 32639,
  "bbox_utm": {
    "minx": 698751.555546871,
    "miny": 3127796.235565386,
    "maxx": 698876.2767642917,
    "maxy": 3127920.9567828057
  },
  "polygon_utm": [
    [
      [
        698826.9870351114,
        3127890.307847095,
        0.0
      ],
      [
        698855.3439403154,
        3127878.998596545,
        0.0
      ],
      [
        698844.0890981269,
        3127843.718345797,
        0.0
      ],
      [
        698837.2685921085,
        3127826.58195109,
        0.0
      ],
      [
        698829.5348445878,
        3127814.05288216,
        0.0
      ],
      [
        698805.696502391,
        3127825.5291481195,
        0.0
      ],
      [
        698786.8181643805,
        3127836.7354958034,
        0.0
      ],
      [
        698772.4883708473,
        3127843.5661336794,
        0.0
      ],
      [
        698783.3837519977,
        3127868.888933829,
        0.0
      ],
      [
        698795.7089752587,
        3127903.139466032,
        0.0
      ],
      [
        698826.9870351114,
        3127890.307847095,
        0.0
      ]
    ]
  ]
}