{
  "code": "238165816",
  "epsg": 32639,
  "bbox_utm": {
    "minx": 698525.2811886377,
    "miny": 3127235.1471417113,
    "maxx": 698836.7070971495,
    "maxy": 3127546.573050223
  },
  "polygon_utm": [
    [
      [
        698786.3396308611,
        3127456.7361728507,
        0.0
      ],
      [
        698774.9065098725,
        3127439.914853701,
        0.0
      ],
      [
        698762.9184863181,
        3127424.7864973303,
        0.0
      ],
      [
        698768.8071106562,
        3127403.279418982,
        0.0
      ],
      [
        698769.780777164,
        3127376.5831594337,
        0.0
      ],
      [
        698766.8418323257,
        3127363.439516151,
        0.0
      ],
      [
        698755.5248303415,
        3127347.5366516043,
        0.0
      ],
      [
        698750.559309344,
        3127329.645036921,
        0.0
      ],
      [
        698735.9875715016,
        3127319.449210778,
        0.0
      ],
      [
        698721.5561013385,
        3127300.8752753166,
        0.0
      ],
      [
        698709.4408060835,
        3127301.1961900555,
        0.0
      ],
      [
        698688.1142071066,
        3127317.0762669104,
        0.0
      ],
      [
        698669.4896406531,
        3127328.811365692,
        0.0
      ],
      [
        698662.6293071003,
        3127329.744076205,
        0.0
      ],
      [
        698641.2146952588,
        3127319.433824196,
        0.0
      ],
      [
        698624.5286158274,
        3127309.726524141,
        0.0
      ],
      [
        698609.7026191738,
        3127314.7161779483,
        0.0
      ],
      [
        698586.7445083014,
        3127333.7117655077,
        0.0
      ],
      [
        698579.3058884579,
        3127369.2041103416,
        0.0
      ],
      [
        698569.7706041394,
        3127404.1374930763,
        0.0
      ],
      [
        698577.0170554565,
        3127411.5915893842,
        0.0
      ],
      [
        698599.0192492551,
        3127418.24507339,
        0.0
      ],
      [
        698621.0214211815,
        3127424.89859631,
        0.0
      ],
      [
        698638.7250037551,
        3127436.7179381037,
        0.0
      ],
      [
        698645.2609587989,
        3127455.159396178,
        0.0
      ],
      [
        698655.5778556316,
        3127467.902635411,
        0.0
      ],
      [
        698682.817238296,
        3127476.2152468376,
        0.0
      ],
      [
        698709.0652390032,
        3127480.8449166175,
        0.0
      ],
      [
        698729.6547706577,
        3127477.5233059633,
        0.0
      ],
      [
        698750.2443164352,
        3127474.2017292213,
        0.0
      ],
      [
        698770.9040431572,
        3127466.69118238,
        0.0
      ],
      [
        698777.7029135466,
        3127469.423929322,
        0.0
      ],
      [
        698788.2126393091,
        3127470.647525344,
        0.0
      ],
      [
        698792.2176816477,
        3127468.856070251,
        0.0
      ],
      [
        698786.3396308611,
        3127456.7361728507,
        0.0
      ]
    ]
  ]
}