{
  "code": "238162530",
  "epsg": 32639,
  "bbox_utm": {
    "minx": 698685.7459243684,
    "miny": 3127838.7273946065,
    "maxx": 698938.8573874949,
    "maxy": 3128091.838857733
  },
  "polygon_utm": [
    [
      [
        698803.433072564,
        3127905.6257774015,
        0.0
      ],
      [
        698779.5984563323,
        3127914.1302396497,
        0.0
      ],
      [
        698721.9047048151,
        3127932.411692891,
        0.0
      ],
      [
        698723.6526630245,
        3127945.927576496,
        0.0
      ],
      [
        698731.9755005087,
        3127959.81544878,
        0.0
      ],
      [
        698771.29101821,
        3127946.4637044123,
        0.0
      ],
      [
        698779.3506344315,
        3127944.6346635134,
        0.0
      ],
      [
        698787.3400642535,
        3127954.8507374884,
        0.0
      ],
      [
        698805.702770632,
        3127974.406260275,
        0.0
      ],
      [
        698828.9844822753,
        3127998.8889033105,
        0.0
      ],
      [
        698845.5443539878,
        3128016.057345957,
        0.0
      ],
      [
        698858.7466038526,
        3128029.3723384095,
        0.0
      ],
      [
        698866.9464804954,
        3128034.8782004165,
        0.0
      ],
      [
        698870.0869586013,
        3128035.978337477,
        0.0
      ],
      [
        698883.7127373241,
        3128016.173360014,
        0.0
      ],
      [
        698902.6986070483,
        3127982.8407139466,
        0.0
      ],
      [
        698883.3315826267,
        3127968.243840487,
        0.0
      ],
      [
        698869.8485611432,
        3127955.971553712,
        0.0
      ],
      [
        698836.4172204316,
        3127924.5098597556,
        0.0
      ],
      [
        698824.5460950083,
        3127894.587914862,
        0.0
      ],
      [
        698803.433072564,
        3127905.6257774015,
        0.0
      ]
    ]
  ]
}