{
  "code": "238139439",
  "epsg": 32639,
  "bbox_utm": {
    "minx": 695209.0819803888,
    "miny": 3242970.774229304,
    "maxx": 695373.2010292225,
    "maxy": 3243134.893278138
  },
  "polygon_utm": [
    [
      [
        695232.5275587937,
        3243020.890450953,
        0.0
      ],
      [
        695279.3551669983,
        3243103.4550057095,
        0.0
      ],
      [
        695349.7554508176,
        3243070.6384578603,
        0.0
      ],
      [
        695311.9724846939,
        3243013.380796259,
        0.0
      ],
      [
        695303.9687915536,
        3243020.062589239,
        0.0
      ],
      [
        695272.1664888375,
        3243002.212501732,
        0.0
      ],
      [
        695232.5275587937,
        3243020.890450953,
        0.0
      ]
    ]
  ]
}