{
  "code": "238159239",
  "epsg": 32639,
  "bbox_utm": {
    "minx": 698939.6294210142,
    "miny": 3127285.318812783,
    "maxx": 699120.4927742189,
    "maxy": 3127466.182165987
  },
  "polygon_utm": [
    [
      [
        699094.6551523325,
        3127375.7437817934,
        0.0
      ],
      [
        699089.9705447756,
        3127372.522522457,
        0.0
      ],
      [
        699068.3718676807,
        3127373.2077474613,
        0.0
      ],
      [
        699062.2047648733,
        3127364.2000725837,
        0.0
      ],
      [
        699049.7387875004,
        3127354.039185243,
        0.0
      ],
      [
        699037.2200953758,
        3127347.02009341,
        0.0
      ],
      [
        699027.3595837723,
        3127338.4742548377,
        0.0
      ],
      [
        699020.0870018986,
        3127332.590716937,
        0.0
      ],
      [
        699009.0332292092,
        3127332.4053462823,
        0.0
      ],
      [
        698978.8194212856,
        3127344.4694110444,
        0.0
      ],
      [
        698965.4670429006,
        3127355.7686639978,
        0.0
      ],
      [
        698970.1077906417,
        3127361.6080294526,
        0.0
      ],
      [
        698987.1267526976,
        3127382.8444869877,
        0.0
      ],
      [
        698998.4697661197,
        3127397.1766636265,
        0.0
      ],
      [
        699024.9544367221,
        3127419.095632487,
        0.0
      ],
      [
        699094.6551523325,
        3127375.7437817934,
        0.0
      ]
    ]
  ]
}