{
  "code": "238160844",
  "epsg": 32639,
  "bbox_utm": {
    "minx": 698708.7327406815,
    "miny": 3127623.705652245,
    "maxx": 699014.8284158431,
    "maxy": 3127929.801327407
  },
  "polygon_utm": [
    [
      [
        698967.6728031707,
        3127726.6348433835,
        0.0
      ],
      [
        698946.9872308122,
        3127720.0028520725,
        0.0
      ],
      [
        698910.44960467,
        3127716.7714838483,
        0.0
      ],
      [
        698879.1140617653,
        3127717.2937540193,
        0.0
      ],
      [
        698846.6205244405,
        3127724.0818413137,
        0.0
      ],
      [
        698827.2288422047,
        3127718.7811512863,
        0.0
      ],
      [
        698806.9335483443,
        3127735.9870926943,
        0.0
      ],
      [
        698793.0290912758,
        3127748.848146747,
        0.0
      ],
      [
        698778.4491907622,
        3127770.601796245,
        0.0
      ],
      [
        698765.1281683494,
        3127780.0681816717,
        0.0
      ],
      [
        698752.460694276,
        3127781.951021376,
        0.0
      ],
      [
        698786.8181643805,
        3127836.7354958034,
        0.0
      ],
      [
        698805.696502391,
        3127825.5291481195,
        0.0
      ],
      [
        698833.0315476642,
        3127812.369497715,
        0.0
      ],
      [
        698874.2184807536,
        3127789.490639924,
        0.0
      ],
      [
        698911.1508860092,
        3127769.1593430266,
        0.0
      ],
      [
        698948.0614752237,
        3127750.1371513037,
        0.0
      ],
      [
        698963.0144264452,
        3127737.555726631,
        0.0
      ],
      [
        698971.1004622485,
        3127734.6530056144,
        0.0
      ],
      [
        698967.6728031707,
        3127726.6348433835,
        0.0
      ]
    ]
  ]
}