{
  "code": "238162109",
  "epsg": 32639,
  "bbox_utm": {
    "minx": 698693.0136423783,
    "miny": 3127824.346240174,
    "maxx": 698812.8248640721,
    "maxy": 3127944.1574618686
  },
  "polygon_utm": [
    [
      [
        698795.7089752587,
        3127903.139466032,
        0.0
      ],
      [
        698783.3837519977,
        3127868.888933829,
        0.0
      ],
      [
        698772.4883708473,
        3127843.5661336794,
        0.0
      ],
      [
        698759.2639156841,
        3127847.272764829,
        0.0
      ],
      [
        698743.4208936004,
        3127850.1499131033,
        0.0
      ],
      [
        698723.8583776434,
        3127855.0598055427,
        0.0
      ],
      [
        698710.1295311917,
        3127857.448649315,
        0.0
      ],
      [
        698736.9032533402,
        3127924.9375683633,
        0.0
      ],
      [
        698795.7089752587,
        3127903.139466032,
        0.0
      ]
    ]
  ]
}