{
  "code": "238158874",
  "epsg": 32639,
  "bbox_utm": {
    "minx": 699048.7710773636,
    "miny": 3127457.444169983,
    "maxx": 699290.3653686455,
    "maxy": 3127699.0384612647
  },
  "polygon_utm": [
    [
      [
        699250.1432012188,
        3127648.0962056415,
        0.0
      ],
      [
        699241.9764640512,
        3127632.769836328,
        0.0
      ],
      [
        699224.5286672707,
        3127605.7647314733,
        0.0
      ],
      [
        699211.2652943372,
        3127580.4011543863,
        0.0
      ],
      [
        699200.0633545888,
        3127557.691000382,
        0.0
      ],
      [
        699184.6856339407,
        3127532.815639609,
        0.0
      ],
      [
        699163.5969508499,
        3127503.1304498594,
        0.0
      ],
      [
        699153.2542360083,
        3127491.957640166,
        0.0
      ],
      [
        699088.9932447904,
        3127524.9245282416,
        0.0
      ],
      [
        699096.1690315801,
        3127536.5678839404,
        0.0
      ],
      [
        699102.8799429242,
        3127544.53704134,
        0.0
      ],
      [
        699121.3289362516,
        3127543.2752937716,
        0.0
      ],
      [
        699132.8122222896,
        3127549.2294669244,
        0.0
      ],
      [
        699137.9791704956,
        3127555.077648695,
        0.0
      ],
      [
        699138.3912960507,
        3127561.8935747566,
        0.0
      ],
      [
        699146.1197344182,
        3127571.9748976026,
        0.0
      ],
      [
        699149.1197125416,
        3127581.453091406,
        0.0
      ],
      [
        699147.2682129383,
        3127597.658847078,
        0.0
      ],
      [
        699165.9886221003,
        3127611.5910120886,
        0.0
      ],
      [
        699183.7002205751,
        3127622.8874239516,
        0.0
      ],
      [
        699192.9900710555,
        3127634.042477189,
        0.0
      ],
      [
        699203.8150219489,
        3127647.842131912,
        0.0
      ],
      [
        699220.9562197842,
        3127661.7478270484,
        0.0
      ],
      [
        699230.3866706985,
        3127664.5249910816,
        0.0
      ],
      [
        699250.1432012188,
        3127648.0962056415,
        0.0
      ]
    ]
  ]
}