{
  "code": "238157169",
  "epsg": 32639,
  "bbox_utm": {
    "minx": 708326.0875181104,
    "miny": 3146767.0983836693,
    "maxx": 708745.8540232144,
    "maxy": 3147186.864888773
  },
  "polygon_utm": [
    [
      [
        708627.6244001564,
        3147107.819499738,
        0.0
      ],
      [
        708637.7582001579,
        3147105.7654997376,
        0.0
      ],
      [
        708650.4248001564,
        3147103.1981997406,
        0.0
      ],
      [
        708650.8251001574,
        3147098.9280997375,
        0.0
      ],
      [
        708651.3696079097,
        3147095.6156917443,
        0.0
      ],
      [
        708652.4264001574,
        3147089.1868997375,
        0.0
      ],
      [
        708654.6949001582,
        3147084.9166997387,
        0.0
      ],
      [
        708657.3638001564,
        3147081.313799738,
        0.0
      ],
      [
        708660.2995001565,
        3147078.644999739,
        0.0
      ],
      [
        708664.4362001573,
        3147077.177099739,
        0.0
      ],
      [
        708670.7079001565,
        3147075.042099737,
        0.0
      ],
      [
        708675.7787001571,
        3147072.9069997426,
        0.0
      ],
      [
        708683.7851001561,
        3147068.636899738,
        0.0
      ],
      [
        708685.4024565516,
        3147066.4804694336,
        0.0
      ],
      [
        708685.5948595162,
        3147065.3348766556,
        0.0
      ],
      [
        708685.8873796281,
        3147063.593173105,
        0.0
      ],
      [
        708685.2530001553,
        3147059.6962997383,
        0.0
      ],
      [
        708683.7851001573,
        3147051.8232997386,
        0.0
      ],
      [
        708682.7176001566,
        3147048.353799737,
        0.0
      ],
      [
        708681.1949237233,
        3147047.2887251647,
        0.0
      ],
      [
        708679.8107434618,
        3147046.320525247,
        0.0
      ],
      [
        708677.7803001574,
        3147045.4180997373,
        0.0
      ],
      [
        708676.0456001571,
        3147044.884299737,
        0.0
      ],
      [
        708676.3058001574,
        3147043.111699738,
        0.0
      ],
      [
        708673.9761827828,
        3147045.0961969965,
        0.0
      ],
      [
        708669.1000001575,
        3147049.2499997355,
        0.0
      ],
      [
        708664.696400157,
        3147050.7178997393,
        0.0
      ],
      [
        708661.2270001577,
        3147051.3850997374,
        0.0
      ],
      [
        708658.5581001571,
        3147051.251599737,
        0.0
      ],
      [
        708655.4890001557,
        3147050.450999737,
        0.0
      ],
      [
        708652.8202001567,
        3147048.9830997395,
        0.0
      ],
      [
        708650.2341321579,
        3147047.5158425313,
        0.0
      ],
      [
        708648.0614001565,
        3147046.2830997366,
        0.0
      ],
      [
        708642.7273001566,
        3147039.368599738,
        0.0
      ],
      [
        708637.3933001565,
        3147027.7127997386,
        0.0
      ],
      [
        708621.6285982735,
        3146989.7987682936,
        0.0
      ],
      [
        708606.2070001563,
        3146952.7098997384,
        0.0
      ],
      [
        708592.5481001573,
        3146913.1303997384,
        0.0
      ],
      [
        708585.0410001562,
        3146884.08959974,
        0.0
      ],
      [
        708581.8801001556,
        3146864.926699738,
        0.0
      ],
      [
        708576.2648501034,
        3146851.3720850046,
        0.0
      ],
      [
        708561.1124965331,
        3146846.135649396,
        0.0
      ],
      [
        708535.375551811,
        3146844.8955980265,
        0.0
      ],
      [
        708517.535392178,
        3146843.010921577,
        0.0
      ],
      [
        708504.9736325482,
        3146839.9122757404,
        0.0
      ],
      [
        708477.5777391063,
        3146828.4451460335,
        0.0
      ],
      [
        708467.8601033353,
        3146828.011701977,
        0.0
      ],
      [
        708451.1487255818,
        3146836.6064283503,
        0.0
      ],
      [
        708429.8131537205,
        3146854.0097700036,
        0.0
      ],
      [
        708401.5394577902,
        3146877.3044706658,
        0.0
      ],
      [
        708386.0541616968,
        3146890.889086074,
        0.0
      ],
      [
        708420.8720611726,
        3146898.826512925,
        0.0
      ],
      [
        708444.5466624022,
        3146927.485372054,
        0.0
      ],
      [
        708451.243443162,
        3146950.091218512,
        0.0
      ],
      [
        708454.3679329569,
        3146966.6197718615,
        0.0
      ],
      [
        708454.4475407908,
        3146984.401823019,
        0.0
      ],
      [
        708453.010718102,
        3146998.7577806907,
        0.0
      ],
      [
        708449.4028835518,
        3147009.5453349403,
        0.0
      ],
      [
        708449.2035969046,
        3147012.5023623197,
        0.0
      ],
      [
        708448.6900348546,
        3147020.122627221,
        0.0
      ],
      [
        708450.7107189337,
        3147032.186413607,
        0.0
      ],
      [
        708452.7545256333,
        3147042.943204997,
        0.0
      ],
      [
        708459.3161096165,
        3147050.9036715906,
        0.0
      ],
      [
        708473.2071713114,
        3147060.562716549,
        0.0
      ],
      [
        708478.228724117,
        3147073.8562285593,
        0.0
      ],
      [
        708484.1208710024,
        3147097.3627612083,
        0.0
      ],
      [
        708487.712794225,
        3147098.5118814115,
        0.0
      ],
      [
        708496.6661617398,
        3147101.3762231222,
        0.0
      ],
      [
        708537.1678798306,
        3147100.0013368074,
        0.0
      ],
      [
        708543.0280101014,
        3147117.885536635,
        0.0
      ],
      [
        708540.7824948429,
        3147125.951570465,
        0.0
      ],
      [
        708543.4834001557,
        3147125.781999738,
        0.0
      ],
      [
        708627.6244001564,
        3147107.819499738,
        0.0
      ]
    ]
  ]
}