{
  "code": "238160606",
  "epsg": 32639,
  "bbox_utm": {
    "minx": 698889.743259166,
    "miny": 3127655.8294346295,
    "maxx": 699179.6633812267,
    "maxy": 3127945.7495566905
  },
  "polygon_utm": [
    [
      [
        699029.8652183901,
        3127754.1278373986,
        0.0
      ],
      [
        698931.1604194604,
        3127816.109344518,
        0.0
      ],
      [
        698958.7093817596,
        3127884.3977323193,
        0.0
      ],
      [
        698970.727770214,
        3127874.1241644374,
        0.0
      ],
      [
        698985.9920721219,
        3127858.6674725357,
        0.0
      ],
      [
        698995.1419462493,
        3127846.7745255264,
        0.0
      ],
      [
        699006.3489275055,
        3127837.7967399317,
        0.0
      ],
      [
        699025.5477609413,
        3127823.191672402,
        0.0
      ],
      [
        699058.1030186531,
        3127797.0261035874,
        0.0
      ],
      [
        699091.7111239277,
        3127770.878219634,
        0.0
      ],
      [
        699119.1740676967,
        3127750.1267323433,
        0.0
      ],
      [
        699135.7897564147,
        3127732.5976695563,
        0.0
      ],
      [
        699138.2462209323,
        3127727.4012706284,
        0.0
      ],
      [
        699091.0326029846,
        3127717.181259001,
        0.0
      ],
      [
        699029.8652183901,
        3127754.1278373986,
        0.0
      ]
    ]
  ]
}