{
  "code": "238389634",
  "epsg": 32639,
  "bbox_utm": {
    "minx": 708495.2774662545,
    "miny": 3146587.3445374114,
    "maxx": 708730.0998039169,
    "maxy": 3146822.166875073
  },
  "polygon_utm": [
    [
      [
        708671.6277241757,
        3146750.5914383703,
        0.0
      ],
      [
        708628.9727492462,
        3146620.890585649,
        0.0
      ],
      [
        708553.7495459956,
        3146653.2907128464,
        0.0
      ],
      [
        708568.7890795682,
        3146694.61038483,
        0.0
      ],
      [
        708581.7356256014,
        3146735.36991667,
        0.0
      ],
      [
        708574.6178033927,
        3146736.5513299797,
        0.0
      ],
      [
        708591.3067336823,
        3146788.620826836,
        0.0
      ],
      [
        708624.1858343391,
        3146772.467996389,
        0.0
      ],
      [
        708658.6786623471,
        3146754.251925275,
        0.0
      ],
      [
        708671.6277241757,
        3146750.5914383703,
        0.0
      ]
    ]
  ]
}