{
  "code": "238352649",
  "epsg": 32639,
  "bbox_utm": {
    "minx": 707968.1358931743,
    "miny": 3146489.558478512,
    "maxx": 708232.8650028008,
    "maxy": 3146754.287588138
  },
  "polygon_utm": [
    [
      [
        708063.2697958198,
        3146527.3769227443,
        0.0
      ],
      [
        708071.5223263033,
        3146581.448802032,
        0.0
      ],
      [
        708094.2427123422,
        3146666.3739287267,
        0.0
      ],
      [
        708117.3866578096,
        3146716.469143906,
        0.0
      ],
      [
        708137.7311001554,
        3146714.0464997403,
        0.0
      ],
      [
        708136.4321001542,
        3146710.521199742,
        0.0
      ],
      [
        708133.9211535789,
        3146703.7067326857,
        0.0
      ],
      [
        708122.6251001543,
        3146673.0503997426,
        0.0
      ],
      [
        708111.5748001535,
        3146645.194499742,
        0.0
      ],
      [
        708102.1360001536,
        3146611.5832997416,
        0.0
      ],
      [
        708093.8483001539,
        3146579.123099741,
        0.0
      ],
      [
        708090.8555001535,
        3146563.468599742,
        0.0
      ],
      [
        708090.2525228475,
        3146545.0335744075,
        0.0
      ],
      [
        708089.9098001543,
        3146534.5553997443,
        0.0
      ],
      [
        708063.2697958198,
        3146527.3769227443,
        0.0
      ]
    ]
  ]
}