{
  "code": "238340574",
  "epsg": 32639,
  "bbox_utm": {
    "minx": 698136.5227733508,
    "miny": 3127599.8362761927,
    "maxx": 698524.0646458112,
    "maxy": 3127987.378148654
  },
  "polygon_utm": [
    [
      [
        698332.0657182427,
        3127891.4520114367,
        0.0
      ],
      [
        698356.9001570579,
        3127886.1058919565,
        0.0
      ],
      [
        698377.5413777363,
        3127879.642203979,
        0.0
      ],
      [
        698397.033624806,
        3127878.9206186254,
        0.0
      ],
      [
        698397.2612650435,
        3127865.3068385418,
        0.0
      ],
      [
        698386.4356494092,
        3127851.5082243304,
        0.0
      ],
      [
        698388.2160491559,
        3127839.491640863,
        0.0
      ],
      [
        698468.701521174,
        3127780.6056858175,
        0.0
      ],
      [
        698467.3764634406,
        3127765.3945419546,
        0.0
      ],
      [
        698463.4809559976,
        3127746.474072403,
        0.0
      ],
      [
        698445.6813743568,
        3127740.41501758,
        0.0
      ],
      [
        698430.0046924327,
        3127733.3439705395,
        0.0
      ],
      [
        698416.4596651108,
        3127724.737307697,
        0.0
      ],
      [
        698408.1868896396,
        3127715.695053242,
        0.0
      ],
      [
        698396.826029445,
        3127702.4110799204,
        0.0
      ],
      [
        698371.8675121642,
        3127683.6621580655,
        0.0
      ],
      [
        698339.8049573444,
        3127711.9330186932,
        0.0
      ],
      [
        698293.8023656151,
        3127723.734384627,
        0.0
      ],
      [
        698270.5204345329,
        3127730.677955519,
        0.0
      ],
      [
        698243.1939489123,
        3127727.602573431,
        0.0
      ],
      [
        698232.1230909235,
        3127728.465130887,
        0.0
      ],
      [
        698212.5081714517,
        3127736.517589177,
        0.0
      ],
      [
        698207.674806715,
        3127742.1981911464,
        0.0
      ],
      [
        698198.4819623368,
        3127756.7098530927,
        0.0
      ],
      [
        698191.885897988,
        3127773.3599047074,
        0.0
      ],
      [
        698195.3341882451,
        3127787.558929095,
        0.0
      ],
      [
        698211.8536789559,
        3127807.213844315,
        0.0
      ],
      [
        698225.3462525128,
        3127818.961863875,
        0.0
      ],
      [
        698237.7598628526,
        3127832.2631261046,
        0.0
      ],
      [
        698234.8044513317,
        3127851.592646184,
        0.0
      ],
      [
        698243.0510016487,
        3127862.2054956863,
        0.0
      ],
      [
        698259.7102946625,
        3127873.4826673637,
        0.0
      ],
      [
        698271.0711204016,
        3127886.766320942,
        0.0
      ],
      [
        698281.9843307354,
        3127895.3287268043,
        0.0
      ],
      [
        698303.9594783249,
        3127903.552266781,
        0.0
      ],
      [
        698332.0657182427,
        3127891.4520114367,
        0.0
      ]
    ]
  ]
}