{
  "code": "238379374",
  "epsg": 32639,
  "bbox_utm": {
    "minx": 708776.8808792625,
    "miny": 3146634.565287755,
    "maxx": 709035.9813292692,
    "maxy": 3146893.665737761
  },
  "polygon_utm": [
    [
      [
        708954.2250720977,
        3146674.245377443,
        0.0
      ],
      [
        708924.7936103069,
        3146688.6282176212,
        0.0
      ],
      [
        708904.5141588084,
        3146690.8834890053,
        0.0
      ],
      [
        708891.075939703,
        3146692.7371150227,
        0.0
      ],
      [
        708868.2740340201,
        3146703.838279757,
        0.0
      ],
      [
        708857.4727773424,
        3146705.215716032,
        0.0
      ],
      [
        708843.4071091876,
        3146712.8109756904,
        0.0
      ],
      [
        708819.1895284071,
        3146729.639811398,
        0.0
      ],
      [
        708831.7222045099,
        3146749.2119178716,
        0.0
      ],
      [
        708844.9008493508,
        3146761.996838294,
        0.0
      ],
      [
        708855.9527902247,
        3146790.9561372744,
        0.0
      ],
      [
        708848.9003475923,
        3146832.930111961,
        0.0
      ],
      [
        708874.2387608803,
        3146856.6513877604,
        0.0
      ],
      [
        708894.5271901288,
        3146853.873315587,
        0.0
      ],
      [
        708921.5577180209,
        3146826.6353406995,
        0.0
      ],
      [
        708929.5843626672,
        3146818.6716700913,
        0.0
      ],
      [
        708972.8246145092,
        3146825.975702874,
        0.0
      ],
      [
        708993.6726801246,
        3146806.472692385,
        0.0
      ],
      [
        708978.3797397534,
        3146779.529923177,
        0.0
      ],
      [
        708992.329515815,
        3146734.0173318144,
        0.0
      ],
      [
        708990.3912233036,
        3146709.9261687966,
        0.0
      ],
      [
        708987.9907626231,
        3146697.070718093,
        0.0
      ],
      [
        708976.5928020966,
        3146672.8116885065,
        0.0
      ],
      [
        708966.100629101,
        3146671.5796377556,
        0.0
      ],
      [
        708954.2250720977,
        3146674.245377443,
        0.0
      ]
    ]
  ]
}