{
  "code": "238344624",
  "epsg": 32639,
  "bbox_utm": {
    "minx": 697988.3526659394,
    "miny": 3127995.374010813,
    "maxx": 698464.9426875631,
    "maxy": 3128471.964032437
  },
  "polygon_utm": [
    [
      [
        698246.941099986,
        3128354.0646380037,
        0.0
      ],
      [
        698281.9084005264,
        3128403.8797436333,
        0.0
      ],
      [
        698362.3031405135,
        3128381.6559399106,
        0.0
      ],
      [
        698342.6607628895,
        3128328.4305658615,
        0.0
      ],
      [
        698287.9356261904,
        3128200.771646353,
        0.0
      ],
      [
        698258.1461584469,
        3128219.1283470565,
        0.0
      ],
      [
        698216.0982164999,
        3128151.910878263,
        0.0
      ],
      [
        698246.6065916042,
        3128122.0436584842,
        0.0
      ],
      [
        698219.6819776881,
        3128063.4582996164,
        0.0
      ],
      [
        698108.394319477,
        3128170.01397503,
        0.0
      ],
      [
        698146.5907034503,
        3128215.6933686757,
        0.0
      ],
      [
        698163.1605252753,
        3128200.781741446,
        0.0
      ],
      [
        698200.4628726379,
        3128268.443186595,
        0.0
      ],
      [
        698090.9922129891,
        3128360.886651197,
        0.0
      ],
      [
        698151.1082079507,
        3128386.5059878393,
        0.0
      ],
      [
        698187.6707693366,
        3128403.876128358,
        0.0
      ],
      [
        698246.941099986,
        3128354.0646380037,
        0.0
      ]
    ]
  ]
}