{
  "code": "238388194",
  "epsg": 32639,
  "bbox_utm": {
    "minx": 708592.9011934024,
    "miny": 3146703.665763425,
    "maxx": 708818.5611691013,
    "maxy": 3146929.3257391243
  },
  "polygon_utm": [
    [
      [
        708658.6786623471,
        3146754.251925275,
        0.0
      ],
      [
        708695.8800706973,
        3146879.900217894,
        0.0
      ],
      [
        708751.9387001578,
        3146897.0885997387,
        0.0
      ],
      [
        708751.5490001574,
        3146876.494699739,
        0.0
      ],
      [
        708750.5612001579,
        3146861.2828997388,
        0.0
      ],
      [
        708749.968500158,
        3146852.9855997385,
        0.0
      ],
      [
        708748.1905001566,
        3146844.490699739,
        0.0
      ],
      [
        708746.8604001567,
        3146841.3871997376,
        0.0
      ],
      [
        708746.4811001576,
        3146839.935799735,
        0.0
      ],
      [
        708746.3405001562,
        3146838.328599738,
        0.0
      ],
      [
        708746.4811001581,
        3146836.7214997383,
        0.0
      ],
      [
        708746.8986001576,
        3146835.163199738,
        0.0
      ],
      [
        708747.6040884655,
        3146833.712514113,
        0.0
      ],
      [
        708747.7354001569,
        3146833.442499739,
        0.0
      ],
      [
        708752.0429001562,
        3146826.513099737,
        0.0
      ],
      [
        708752.783700156,
        3146823.846099739,
        0.0
      ],
      [
        708752.7837001564,
        3146821.179099739,
        0.0
      ],
      [
        708752.1910001568,
        3146817.6229997366,
        0.0
      ],
      [
        708744.9308001584,
        3146799.842999738,
        0.0
      ],
      [
        708736.7817001564,
        3146781.914799734,
        0.0
      ],
      [
        708734.1147001563,
        3146774.8027997394,
        0.0
      ],
      [
        708732.9293001572,
        3146769.913299738,
        0.0
      ],
      [
        708729.3733001571,
        3146756.4300997374,
        0.0
      ],
      [
        708723.8911001564,
        3146738.501899739,
        0.0
      ],
      [
        708723.2887362945,
        3146735.902902811,
        0.0
      ],
      [
        708716.1245194408,
        3146738.012925845,
        0.0
      ],
      [
        708671.6277241757,
        3146750.5914383703,
        0.0
      ],
      [
        708658.6786623471,
        3146754.251925275,
        0.0
      ]
    ]
  ]
}