{
  "code": "238391491",
  "epsg": 32639,
  "bbox_utm": {
    "minx": 708450.2102401566,
    "miny": 3146458.0292962925,
    "maxx": 708701.2243601568,
    "maxy": 3146709.043416293
  },
  "polygon_utm": [
    [
      [
        708633.3899803802,
        3146608.9403425115,
        0.0
      ],
      [
        708660.2780013222,
        3146589.806417936,
        0.0
      ],
      [
        708665.3652001568,
        3146586.186299738,
        0.0
      ],
      [
        708660.2936103723,
        3146581.929780336,
        0.0
      ],
      [
        708657.0678001579,
        3146579.2223997377,
        0.0
      ],
      [
        708654.104500157,
        3146575.8145997366,
        0.0
      ],
      [
        708640.9176001562,
        3146557.886399738,
        0.0
      ],
      [
        708626.3973001582,
        3146536.9947997387,
        0.0
      ],
      [
        708619.8779001579,
        3146527.808499738,
        0.0
      ],
      [
        708615.284800156,
        3146523.3634997406,
        0.0
      ],
      [
        708611.5806001569,
        3146520.8445997373,
        0.0
      ],
      [
        708607.5801001568,
        3146518.91849974,
        0.0
      ],
      [
        708603.7277001563,
        3146516.844099738,
        0.0
      ],
      [
        708601.4558001566,
        3146513.781999739,
        0.0
      ],
      [
        708576.3662001571,
        3146524.6475997404,
        0.0
      ],
      [
        708563.0922001561,
        3146530.6886997395,
        0.0
      ],
      [
        708512.5557001577,
        3146553.6882997397,
        0.0
      ],
      [
        708486.0694001566,
        3146564.55819974,
        0.0
      ],
      [
        708491.0646001558,
        3146580.64029974,
        0.0
      ],
      [
        708497.7216369982,
        3146596.525172398,
        0.0
      ],
      [
        708503.7791001558,
        3146613.3955997396,
        0.0
      ],
      [
        708508.325900156,
        3146622.04269974,
        0.0
      ],
      [
        708517.4105001576,
        3146630.1384997396,
        0.0
      ],
      [
        708520.5220001559,
        3146632.657299739,
        0.0
      ],
      [
        708533.4893001553,
        3146648.16639974,
        0.0
      ],
      [
        708533.7900001575,
        3146649.2884997386,
        0.0
      ],
      [
        708533.4893001553,
        3146650.4106997405,
        0.0
      ],
      [
        708532.4469001578,
        3146651.343999741,
        0.0
      ],
      [
        708553.7495459956,
        3146653.2907128464,
        0.0
      ],
      [
        708628.9727492462,
        3146620.890585649,
        0.0
      ],
      [
        708633.3899803802,
        3146608.9403425115,
        0.0
      ]
    ]
  ]
}