{
  "code": "238329861",
  "epsg": 32639,
  "bbox_utm": {
    "minx": 706792.944630774,
    "miny": 3146204.476899751,
    "maxx": 707740.475130769,
    "maxy": 3147152.0073997458
  },
  "polygon_utm": [
    [
      [
        707166.8924339346,
        3146379.4713969305,
        0.0
      ],
      [
        707190.1550001509,
        3146450.4519997467,
        0.0
      ],
      [
        707202.0315001499,
        3146493.8672997486,
        0.0
      ],
      [
        707207.837800152,
        3146525.4059997485,
        0.0
      ],
      [
        707213.5121001506,
        3146550.0826997473,
        0.0
      ],
      [
        707225.65260015,
        3146588.351499747,
        0.0
      ],
      [
        707230.6671001506,
        3146608.9373997487,
        0.0
      ],
      [
        707230.3917001507,
        3146634.8259997466,
        0.0
      ],
      [
        707230.2712001511,
        3146646.1504997476,
        0.0
      ],
      [
        707231.6337046723,
        3146668.9861172535,
        0.0
      ],
      [
        707231.7116968187,
        3146670.2932680254,
        0.0
      ],
      [
        707230.9310001506,
        3146688.5099997483,
        0.0
      ],
      [
        707232.7785001511,
        3146700.6504997476,
        0.0
      ],
      [
        707242.5436001512,
        3146728.4942997475,
        0.0
      ],
      [
        707252.1768001496,
        3146766.1031997465,
        0.0
      ],
      [
        707262.9976001515,
        3146797.6418997482,
        0.0
      ],
      [
        707278.0305039892,
        3146825.28783891,
        0.0
      ],
      [
        707290.0496001511,
        3146847.3912997474,
        0.0
      ],
      [
        707302.9818001509,
        3146868.5050997473,
        0.0
      ],
      [
        707316.9436284573,
        3146906.770862284,
        0.0
      ],
      [
        707331.4854001513,
        3146946.6260997467,
        0.0
      ],
      [
        707344.4361678631,
        3146978.3968457966,
        0.0
      ],
      [
        707357.0736917856,
        3147009.399144054,
        0.0
      ],
      [
        707360.0277001521,
        3147016.6458997466,
        0.0
      ],
      [
        707374.1437001514,
        3147006.051499747,
        0.0
      ],
      [
        707351.9394001504,
        3146941.611599747,
        0.0
      ],
      [
        707325.8111001514,
        3146872.5958997454,
        0.0
      ],
      [
        707313.9346001503,
        3146849.2387997494,
        0.0
      ],
      [
        707301.2663001502,
        3146829.8404997485,
        0.0
      ],
      [
        707283.8474001512,
        3146798.037799746,
        0.0
      ],
      [
        707276.0617001513,
        3146776.7920997473,
        0.0
      ],
      [
        707271.5751001504,
        3146755.1503997473,
        0.0
      ],
      [
        707270.7037545962,
        3146739.4661797606,
        0.0
      ],
      [
        707269.1998001506,
        3146712.3949997486,
        0.0
      ],
      [
        707259.0387001509,
        3146681.516099747,
        0.0
      ],
      [
        707251.9128001514,
        3146655.9155997476,
        0.0
      ],
      [
        707249.5061001505,
        3146630.9618997467,
        0.0
      ],
      [
        707249.4056001523,
        3146629.919299748,
        0.0
      ],
      [
        707248.6021001504,
        3146608.3319997485,
        0.0
      ],
      [
        707241.9469001492,
        3146587.4871997465,
        0.0
      ],
      [
        707235.5428001508,
        3146570.1584997484,
        0.0
      ],
      [
        707231.2734001512,
        3146557.350199747,
        0.0
      ],
      [
        707226.7528001508,
        3146542.2816997487,
        0.0
      ],
      [
        707221.855600151,
        3146513.274899748,
        0.0
      ],
      [
        707215.8282001507,
        3146488.4118997487,
        0.0
      ],
      [
        707208.4195001501,
        3146464.427799748,
        0.0
      ],
      [
        707205.4058001502,
        3146451.2428997494,
        0.0
      ],
      [
        707205.0291001499,
        3146443.959799747,
        0.0
      ],
      [
        707205.4058001499,
        3146439.564799748,
        0.0
      ],
      [
        707207.4149001505,
        3146432.783999748,
        0.0
      ],
      [
        707208.16840015,
        3146426.003199749,
        0.0
      ],
      [
        707207.1638001509,
        3146416.7108997484,
        0.0
      ],
      [
        707201.2620001505,
        3146401.5168997464,
        0.0
      ],
      [
        707196.2391001517,
        3146385.3182997485,
        0.0
      ],
      [
        707193.4766001507,
        3146376.2771997494,
        0.0
      ],
      [
        707189.1405072393,
        3146352.2248908584,
        0.0
      ],
      [
        707187.1618741323,
        3146341.249412318,
        0.0
      ],
      [
        707186.9075001499,
        3146339.83839975,
        0.0
      ],
      [
        707159.2760613916,
        3146356.2317117886,
        0.0
      ],
      [
        707166.8924339346,
        3146379.4713969305,
        0.0
      ]
    ]
  ]
}