{
  "code": "238360659",
  "epsg": 32639,
  "bbox_utm": {
    "minx": 699653.1182326878,
    "miny": 3238848.33460408,
    "maxx": 700088.4346571261,
    "maxy": 3239283.6510285176
  },
  "polygon_utm": [
    [
      [
        700008.2912734827,
        3239220.6586853587,
        0.0
      ],
      [
        699961.3001718154,
        3239105.1717223413,
        0.0
      ],
      [
        699882.5828879874,
        3238910.5226647137,
        0.0
      ],
      [
        699733.2616163312,
        3238924.861814179,
        0.0
      ],
      [
        699876.8622013725,
        3239221.462967884,
        0.0
      ],
      [
        700008.2912734827,
        3239220.6586853587,
        0.0
      ]
    ]
  ]
}