{
  "code": "238406414",
  "epsg": 32639,
  "bbox_utm": {
    "minx": 708652.6568990559,
    "miny": 3145792.9026368638,
    "maxx": 708853.6733336737,
    "maxy": 3145993.919071482
  },
  "polygon_utm": [
    [
      [
        708743.075600157,
        3145919.707599735,
        0.0
      ],
      [
        708814.6125001565,
        3145881.334299738,
        0.0
      ],
      [
        708824.9567001569,
        3145875.857999733,
        0.0
      ],
      [
        708823.5513001583,
        3145873.4722997383,
        0.0
      ],
      [
        708807.3115094248,
        3145842.4352086065,
        0.0
      ],
      [
        708800.1255123905,
        3145844.9801970515,
        0.0
      ],
      [
        708723.1958752059,
        3145873.0574377635,
        0.0
      ],
      [
        708681.3735325728,
        3145888.3214637516,
        0.0
      ],
      [
        708682.6021001578,
        3145894.1063997387,
        0.0
      ],
      [
        708682.0653001568,
        3145902.024499738,
        0.0
      ],
      [
        708682.1995001571,
        3145913.968799739,
        0.0
      ],
      [
        708682.3337001572,
        3145918.5317997397,
        0.0
      ],
      [
        708683.8100001572,
        3145922.423799737,
        0.0
      ],
      [
        708685.4204001569,
        3145926.047299739,
        0.0
      ],
      [
        708690.9228001558,
        3145934.904899737,
        0.0
      ],
      [
        708694.1438001571,
        3145940.0046997387,
        0.0
      ],
      [
        708696.291100157,
        3145943.493999738,
        0.0
      ],
      [
        708696.6199001574,
        3145944.386499739,
        0.0
      ],
      [
        708743.075600157,
        3145919.707599735,
        0.0
      ]
    ]
  ]
}