{
  "code": "238766154",
  "epsg": 32639,
  "bbox_utm": {
    "minx": 700660.3991500307,
    "miny": 3237841.403989481,
    "maxx": 702140.9497159305,
    "maxy": 3239321.954555381
  },
  "polygon_utm": [
    [
      [
        701589.1454042629,
        3239090.820718146,
        0.0
      ],
      [
        701584.8667108137,
        3239067.39713841,
        0.0
      ],
      [
        701577.0121002084,
        3239039.7594560343,
        0.0
      ],
      [
        701566.9273013807,
        3238990.80963981,
        0.0
      ],
      [
        701530.7283113596,
        3238826.212876517,
        0.0
      ],
      [
        701490.201193732,
        3238670.3579650065,
        0.0
      ],
      [
        701482.494760264,
        3238604.8452698872,
        0.0
      ],
      [
        701399.0692175613,
        3238250.019582591,
        0.0
      ],
      [
        701344.1421830906,
        3238052.911213181,
        0.0
      ],
      [
        701212.2034616981,
        3238081.7121663424,
        0.0
      ],
      [
        701222.6127789139,
        3238082.933870806,
        0.0
      ],
      [
        701230.3871233743,
        3238100.4538368117,
        0.0
      ],
      [
        701242.6326945706,
        3238160.082164266,
        0.0
      ],
      [
        701275.7712594571,
        3238291.6843770775,
        0.0
      ],
      [
        701289.3655928327,
        3238348.741290529,
        0.0
      ],
      [
        701312.6259095692,
        3238449.034920742,
        0.0
      ],
      [
        701346.6539541386,
        3238589.2111335057,
        0.0
      ],
      [
        701364.6644587142,
        3238661.910582827,
        0.0
      ],
      [
        701383.9184439336,
        3238738.004175251,
        0.0
      ],
      [
        701399.2895445967,
        3238812.472073995,
        0.0
      ],
      [
        701441.1104909843,
        3238983.653472176,
        0.0
      ],
      [
        701448.151335903,
        3239013.092709615,
        0.0
      ],
      [
        701453.9576361801,
        3239038.6187212146,
        0.0
      ],
      [
        701455.8456359291,
        3239049.807219283,
        0.0
      ],
      [
        701459.0002584276,
        3239063.093485356,
        0.0
      ],
      [
        701477.7363013434,
        3239065.2410339136,
        0.0
      ],
      [
        701501.223056903,
        3239078.8871898917,
        0.0
      ],
      [
        701524.1241430487,
        3239096.154888919,
        0.0
      ],
      [
        701549.4630121011,
        3239108.277392798,
        0.0
      ],
      [
        701562.2678979083,
        3239106.6881916467,
        0.0
      ],
      [
        701584.1043237465,
        3239110.447331681,
        0.0
      ],
      [
        701589.1454042629,
        3239090.820718146,
        0.0
      ]
    ]
  ]
}