{
  "code": "238761014",
  "epsg": 32639,
  "bbox_utm": {
    "minx": 700263.3233007014,
    "miny": 3238702.2351138107,
    "maxx": 700458.7798044576,
    "maxy": 3238897.691617567
  },
  "polygon_utm": [
    [
      [
        700395.1419875487,
        3238859.0546862525,
        0.0
      ],
      [
        700409.7487919098,
        3238855.454583797,
        0.0
      ],
      [
        700384.7310234396,
        3238780.559654514,
        0.0
      ],
      [
        700365.8007320183,
        3238730.15747149,
        0.0
      ],
      [
        700343.3076592835,
        3238741.3351724353,
        0.0
      ],
      [
        700312.3543132492,
        3238759.3102373783,
        0.0
      ],
      [
        700324.7947749363,
        3238793.2542922786,
        0.0
      ],
      [
        700353.4349170483,
        3238869.7692598873,
        0.0
      ],
      [
        700395.1419875487,
        3238859.0546862525,
        0.0
      ]
    ]
  ]
}