{
  "code": "239152956",
  "epsg": 32639,
  "bbox_utm": {
    "minx": 683970.4464889643,
    "miny": 3144507.683819864,
    "maxx": 684405.5894489615,
    "maxy": 3144942.826779861
  },
  "polygon_utm": [
    [
      [
        684142.7262273018,
        3144624.093438482,
        0.0
      ],
      [
        684218.8376958015,
        3144665.02780634,
        0.0
      ],
      [
        684145.3359243565,
        3144793.573912393,
        0.0
      ],
      [
        684075.5644448875,
        3144750.647560712,
        0.0
      ],
      [
        684042.0983378487,
        3144806.604606588,
        0.0
      ],
      [
        684099.3216051904,
        3144845.1509649856,
        0.0
      ],
      [
        684122.2500060427,
        3144858.0599846556,
        0.0
      ],
      [
        684182.9201555365,
        3144877.834102989,
        0.0
      ],
      [
        684222.2724000781,
        3144880.6634998615,
        0.0
      ],
      [
        684249.6343000776,
        3144828.906599862,
        0.0
      ],
      [
        684260.9973000778,
        3144807.4126998596,
        0.0
      ],
      [
        684300.8378000782,
        3144734.9755998617,
        0.0
      ],
      [
        684333.9376000772,
        3144678.7290998627,
        0.0
      ],
      [
        684329.9735000795,
        3144676.198799861,
        0.0
      ],
      [
        684280.9688000767,
        3144645.4347998635,
        0.0
      ],
      [
        684246.2938000769,
        3144623.666599862,
        0.0
      ],
      [
        684211.8942000789,
        3144602.071299863,
        0.0
      ],
      [
        684162.5509000767,
        3144569.8470998635,
        0.0
      ],
      [
        684142.7262273018,
        3144624.093438482,
        0.0
      ]
    ]
  ]
}