{
  "code": "239219204",
  "epsg": 32639,
  "bbox_utm": {
    "minx": 708794.6825854297,
    "miny": 3147261.821888771,
    "maxx": 709301.8362148885,
    "maxy": 3147768.9755182294
  },
  "polygon_utm": [
    [
      [
        709172.0733954743,
        3147402.6725304336,
        0.0
      ],
      [
        709158.9561891728,
        3147386.489776937,
        0.0
      ],
      [
        709160.4834690032,
        3147374.489155351,
        0.0
      ],
      [
        709148.5814800491,
        3147334.272407265,
        0.0
      ],
      [
        709136.3927172767,
        3147339.808403013,
        0.0
      ],
      [
        709127.8407426747,
        3147347.762237465,
        0.0
      ],
      [
        709093.0964348426,
        3147394.994920739,
        0.0
      ],
      [
        709086.555475004,
        3147393.3099732515,
        0.0
      ],
      [
        709055.3440884321,
        3147345.1679329914,
        0.0
      ],
      [
        709003.6063177217,
        3147372.4888375173,
        0.0
      ],
      [
        708950.167088473,
        3147406.839435431,
        0.0
      ],
      [
        708905.136400158,
        3147441.7047997373,
        0.0
      ],
      [
        708940.6114001584,
        3147550.092399736,
        0.0
      ],
      [
        708966.5406001578,
        3147624.7314997367,
        0.0
      ],
      [
        708970.5284735959,
        3147635.7327597616,
        0.0
      ],
      [
        708992.5652001579,
        3147696.5249997354,
        0.0
      ],
      [
        709017.7866001582,
        3147683.0149997356,
        0.0
      ],
      [
        709016.4901001579,
        3147681.162999737,
        0.0
      ],
      [
        709015.9345001588,
        3147678.569999738,
        0.0
      ],
      [
        709015.5641001579,
        3147675.6066997345,
        0.0
      ],
      [
        709014.4528001602,
        3147658.197099736,
        0.0
      ],
      [
        709011.4895001582,
        3147630.2305997317,
        0.0
      ],
      [
        709011.1191001597,
        3147625.0446997364,
        0.0
      ],
      [
        709010.1930001586,
        3147621.7109997347,
        0.0
      ],
      [
        709008.7114001589,
        3147619.117999737,
        0.0
      ],
      [
        709007.1371278852,
        3147617.5437679403,
        0.0
      ],
      [
        709004.8220001572,
        3147615.2286997363,
        0.0
      ],
      [
        709002.7847001592,
        3147612.080099735,
        0.0
      ],
      [
        709001.4882001571,
        3147609.4871997354,
        0.0
      ],
      [
        709001.1178001574,
        3147606.3385997363,
        0.0
      ],
      [
        709000.377000159,
        3147602.4492997355,
        0.0
      ],
      [
        708999.8213001577,
        3147598.745099738,
        0.0
      ],
      [
        708997.0432001583,
        3147593.373999736,
        0.0
      ],
      [
        708994.2651001589,
        3147588.743799734,
        0.0
      ],
      [
        708994.635500159,
        3147585.5952997366,
        0.0
      ],
      [
        708997.0432001585,
        3147582.2614997374,
        0.0
      ],
      [
        709001.3030001586,
        3147579.8537997375,
        0.0
      ],
      [
        709004.6368001592,
        3147577.2608997365,
        0.0
      ],
      [
        709010.0078001581,
        3147573.371499737,
        0.0
      ],
      [
        709015.749300158,
        3147566.3335997355,
        0.0
      ],
      [
        709027.4174001587,
        3147552.9984997376,
        0.0
      ],
      [
        709030.751200158,
        3147550.4055997357,
        0.0
      ],
      [
        709032.9737001585,
        3147550.590799736,
        0.0
      ],
      [
        709033.8776551047,
        3147539.646481522,
        0.0
      ],
      [
        709062.7195282653,
        3147507.1496698135,
        0.0
      ],
      [
        709134.9208001599,
        3147475.7664997336,
        0.0
      ],
      [
        709159.5115921398,
        3147461.5282858834,
        0.0
      ],
      [
        709182.1759489138,
        3147448.4054894005,
        0.0
      ],
      [
        709191.3824001602,
        3147443.0748997345,
        0.0
      ],
      [
        709172.0733954743,
        3147402.6725304336,
        0.0
      ]
    ]
  ]
}