{
  "code": "239222444",
  "epsg": 32639,
  "bbox_utm": {
    "minx": 709270.8140458689,
    "miny": 3147763.7070869557,
    "maxx": 709572.0984544504,
    "maxy": 3148064.991495537
  },
  "polygon_utm": [
    [
      [
        709490.213764622,
        3147979.7396099847,
        0.0
      ],
      [
        709472.3185001607,
        3147946.590799733,
        0.0
      ],
      [
        709448.6118001614,
        3147903.437099734,
        0.0
      ],
      [
        709430.0909001601,
        3147865.4692997313,
        0.0
      ],
      [
        709414.9038001598,
        3147830.0944997333,
        0.0
      ],
      [
        709405.8902656775,
        3147813.321128295,
        0.0
      ],
      [
        709405.794862421,
        3147813.143591476,
        0.0
      ],
      [
        709398.8122382713,
        3147806.7477167533,
        0.0
      ],
      [
        709350.5912610663,
        3147843.2796641146,
        0.0
      ],
      [
        709347.9819001602,
        3147856.9970997334,
        0.0
      ],
      [
        709351.8713001591,
        3147861.256899732,
        0.0
      ],
      [
        709362.0578001589,
        3147880.333299734,
        0.0
      ],
      [
        709378.7266001585,
        3147912.9300997322,
        0.0
      ],
      [
        709392.3084001602,
        3147941.219699732,
        0.0
      ],
      [
        709413.6074001596,
        3147980.4838997303,
        0.0
      ],
      [
        709421.3861001589,
        3147995.300599733,
        0.0
      ],
      [
        709434.510396091,
        3148021.95086574,
        0.0
      ],
      [
        709439.2268988845,
        3148017.045300741,
        0.0
      ],
      [
        709456.5327160018,
        3148004.5415943293,
        0.0
      ],
      [
        709472.9294667625,
        3147998.8196820766,
        0.0
      ],
      [
        709494.9306001591,
        3147988.4769997327,
        0.0
      ],
      [
        709490.213764622,
        3147979.7396099847,
        0.0
      ]
    ]
  ]
}