{
  "code": "239231349",
  "epsg": 32639,
  "bbox_utm": {
    "minx": 706938.5585401498,
    "miny": 3145576.3416310945,
    "maxx": 707127.6331601494,
    "maxy": 3145765.4162510945
  },
  "polygon_utm": [
    [
      [
        707087.5349001498,
        3145638.010399748,
        0.0
      ],
      [
        707083.0877001499,
        3145626.1934997463,
        0.0
      ],
      [
        707082.7786001501,
        3145623.7203997476,
        0.0
      ],
      [
        707044.1967001504,
        3145640.0951997507,
        0.0
      ],
      [
        706994.7265001488,
        3145660.19949975,
        0.0
      ],
      [
        706965.5692001499,
        3145673.763099751,
        0.0
      ],
      [
        706988.3550037293,
        3145718.037482442,
        0.0
      ],
      [
        707082.4845720377,
        3145678.9583918876,
        0.0
      ],
      [
        707100.6225001495,
        3145671.42819975,
        0.0
      ],
      [
        707098.2575509404,
        3145666.2003708854,
        0.0
      ],
      [
        707098.2083001495,
        3145666.0914997496,
        0.0
      ],
      [
        707093.5069001504,
        3145652.62279975,
        0.0
      ],
      [
        707087.5349001498,
        3145638.010399748,
        0.0
      ]
    ]
  ]
}