{
  "code": "239316864",
  "epsg": 32639,
  "bbox_utm": {
    "minx": 602977.7559817355,
    "miny": 3284746.2425387097,
    "maxx": 603304.0552190494,
    "maxy": 3285072.5417760233
  },
  "polygon_utm": [
    [
      [
        603080.6131000053,
        3285004.9818999576,
        0.0
      ],
      [
        603085.1605134681,
        3285015.355429137,
        0.0
      ],
      [
        603095.0077604853,
        3285016.995483805,
        0.0
      ],
      [
        603108.488195668,
        3285018.669024164,
        0.0
      ],
      [
        603124.0494952347,
        3285019.845312726,
        0.0
      ],
      [
        603147.8771460182,
        3285025.229375159,
        0.0
      ],
      [
        603167.595411156,
        3285025.9275992643,
        0.0
      ],
      [
        603192.5849027291,
        3285017.8949081735,
        0.0
      ],
      [
        603192.1706434324,
        3285006.5292945323,
        0.0
      ],
      [
        603191.7801935856,
        3284992.5816591415,
        0.0
      ],
      [
        603190.4040663163,
        3284972.944002102,
        0.0
      ],
      [
        603189.5088673781,
        3284957.4423281495,
        0.0
      ],
      [
        603189.6660129126,
        3284940.400992023,
        0.0
      ],
      [
        603194.0325580059,
        3284917.2010551705,
        0.0
      ],
      [
        603199.8800205684,
        3284902.2779348125,
        0.0
      ],
      [
        603200.0562290307,
        3284883.1708866935,
        0.0
      ],
      [
        603202.2800002561,
        3284867.1814004937,
        0.0
      ],
      [
        603206.6799329336,
        3284840.366453125,
        0.0
      ],
      [
        603212.0798553339,
        3284817.692299149,
        0.0
      ],
      [
        603212.1894007808,
        3284805.8148594755,
        0.0
      ],
      [
        603207.1180930794,
        3284792.8567154687,
        0.0
      ],
      [
        603197.7373145074,
        3284796.901846142,
        0.0
      ],
      [
        603178.5138765317,
        3284798.790410526,
        0.0
      ],
      [
        603161.8570703396,
        3284803.80139542,
        0.0
      ],
      [
        603143.1384107559,
        3284807.244035161,
        0.0
      ],
      [
        603130.1196518242,
        3284811.77213986,
        0.0
      ],
      [
        603116.1008979636,
        3284812.1594107402,
        0.0
      ],
      [
        603099.9917255132,
        3284814.0768020703,
        0.0
      ],
      [
        603083.3920642661,
        3284812.8909741524,
        0.0
      ],
      [
        603069.6218000042,
        3284807.2990999566,
        0.0
      ],
      [
        603071.8835000036,
        3284849.681899962,
        0.0
      ],
      [
        603072.1167000053,
        3284854.0510999598,
        0.0
      ],
      [
        603072.8715000043,
        3284868.195499953,
        0.0
      ],
      [
        603074.6181000035,
        3284900.9261999577,
        0.0
      ],
      [
        603074.7846000042,
        3284903.815799962,
        0.0
      ],
      [
        603079.1323000055,
        3284979.2798999553,
        0.0
      ],
      [
        603080.6131000053,
        3285004.9818999576,
        0.0
      ]
    ]
  ]
}