{
  "code": "239316129",
  "epsg": 32639,
  "bbox_utm": {
    "minx": 603145.7423140882,
    "miny": 3284736.91441313,
    "maxx": 603506.6730309916,
    "maxy": 3285097.845130034
  },
  "polygon_utm": [
    [
      [
        603366.104000004,
        3284945.7538999612,
        0.0
      ],
      [
        603370.4304000047,
        3284948.88819996,
        0.0
      ],
      [
        603375.756800004,
        3284951.8070999584,
        0.0
      ],
      [
        603381.424700003,
        3284953.9899999527,
        0.0
      ],
      [
        603386.1830000028,
        3284955.188899958,
        0.0
      ],
      [
        603408.7308000046,
        3284959.5909999576,
        0.0
      ],
      [
        603409.8891000015,
        3284959.7957999543,
        0.0
      ],
      [
        603415.0390000053,
        3284960.2010999564,
        0.0
      ],
      [
        603420.1889000055,
        3284959.795799954,
        0.0
      ],
      [
        603424.3473000033,
        3284958.8576999563,
        0.0
      ],
      [
        603454.9373207364,
        3284949.884095571,
        0.0
      ],
      [
        603455.1115000054,
        3284949.8329999577,
        0.0
      ],
      [
        603455.0766000045,
        3284940.470399961,
        0.0
      ],
      [
        603428.3527000044,
        3284935.3164999587,
        0.0
      ],
      [
        603390.0440000066,
        3284927.212799959,
        0.0
      ],
      [
        603342.4037000027,
        3284907.321699957,
        0.0
      ],
      [
        603290.9955000039,
        3284883.975799959,
        0.0
      ],
      [
        603291.325500005,
        3284880.0635999623,
        0.0
      ],
      [
        603294.3797000053,
        3284849.681899959,
        0.0
      ],
      [
        603295.9913000049,
        3284833.651199957,
        0.0
      ],
      [
        603299.4292000043,
        3284818.9170999597,
        0.0
      ],
      [
        603293.8162261087,
        3284819.737587722,
        0.0
      ],
      [
        603290.457978454,
        3284818.0281144357,
        0.0
      ],
      [
        603285.9259390179,
        3284816.9533761153,
        0.0
      ],
      [
        603282.2926811464,
        3284816.919843204,
        0.0
      ],
      [
        603276.5785101409,
        3284817.3835612778,
        0.0
      ],
      [
        603268.9084208489,
        3284818.8621410266,
        0.0
      ],
      [
        603262.8049741165,
        3284819.322273715,
        0.0
      ],
      [
        603259.0371930326,
        3284819.8039611024,
        0.0
      ],
      [
        603257.7336451528,
        3284820.4375006603,
        0.0
      ],
      [
        603255.2575002037,
        3284821.5766748693,
        0.0
      ],
      [
        603250.3123587988,
        3284823.0804096274,
        0.0
      ],
      [
        603247.440982286,
        3284824.8615059694,
        0.0
      ],
      [
        603243.4017749471,
        3284826.631828451,
        0.0
      ],
      [
        603241.0530098916,
        3284828.0304070706,
        0.0
      ],
      [
        603237.4185650239,
        3284828.1259910553,
        0.0
      ],
      [
        603236.382874502,
        3284827.858209719,
        0.0
      ],
      [
        603233.5496123672,
        3284825.5080309417,
        0.0
      ],
      [
        603232.0032217508,
        3284824.33174465,
        0.0
      ],
      [
        603228.6163850215,
        3284825.720750157,
        0.0
      ],
      [
        603225.4938307893,
        3284826.5957405847,
        0.0
      ],
      [
        603223.1534040115,
        3284827.0906058834,
        0.0
      ],
      [
        603220.9463089763,
        3284827.1993612237,
        0.0
      ],
      [
        603219.997508012,
        3284831.5804649577,
        0.0
      ],
      [
        603219.3082256637,
        3284835.963960757,
        0.0
      ],
      [
        603218.5998910577,
        3284842.4130911836,
        0.0
      ],
      [
        603217.779660137,
        3284846.924488184,
        0.0
      ],
      [
        603214.8511387876,
        3284854.9024918224,
        0.0
      ],
      [
        603213.1987746212,
        3284865.2162944903,
        0.0
      ],
      [
        603208.117920377,
        3284881.4376567877,
        0.0
      ],
      [
        603206.9893614238,
        3284891.239816021,
        0.0
      ],
      [
        603205.0774922369,
        3284901.551192791,
        0.0
      ],
      [
        603202.3656463535,
        3284914.179206227,
        0.0
      ],
      [
        603201.279957071,
        3284919.333688868,
        0.0
      ],
      [
        603199.675236965,
        3284924.483382576,
        0.0
      ],
      [
        603197.4419530898,
        3284941.5055967,
        0.0
      ],
      [
        603197.3038450744,
        3284956.4813165246,
        0.0
      ],
      [
        603199.7799343965,
        3284969.415337125,
        0.0
      ],
      [
        603199.6608721659,
        3284982.325409804,
        0.0
      ],
      [
        603203.2083475618,
        3284991.654160672,
        0.0
      ],
      [
        603206.2225001226,
        3285002.527323328,
        0.0
      ],
      [
        603210.2747017123,
        3285013.4100510157,
        0.0
      ],
      [
        603217.0077708926,
        3285015.0214908384,
        0.0
      ],
      [
        603223.2885015276,
        3285009.3985293116,
        0.0
      ],
      [
        603226.4884162132,
        3285000.132027651,
        0.0
      ],
      [
        603236.36424596,
        3284998.6737980833,
        0.0
      ],
      [
        603244.668699547,
        3284998.7504162258,
        0.0
      ],
      [
        603262.8251613178,
        3284999.950843736,
        0.0
      ],
      [
        603272.1676711771,
        3285000.037061707,
        0.0
      ],
      [
        603281.467284501,
        3285004.770903683,
        0.0
      ],
      [
        603297.5237872046,
        3285008.5342334276,
        0.0
      ],
      [
        603315.6516233104,
        3285012.8331551044,
        0.0
      ],
      [
        603327.4053000029,
        3285017.8396999603,
        0.0
      ],
      [
        603327.2545000046,
        3285006.883599957,
        0.0
      ],
      [
        603330.3109000048,
        3285007.65979996,
        0.0
      ],
      [
        603335.5899000036,
        3285009.675399959,
        0.0
      ],
      [
        603345.917430246,
        3284946.4163008165,
        0.0
      ],
      [
        603347.6908000043,
        3284935.553899956,
        0.0
      ],
      [
        603347.7224000059,
        3284935.3605999593,
        0.0
      ],
      [
        603355.1119605312,
        3284937.900415778,
        0.0
      ],
      [
        603355.5399000039,
        3284938.047499956,
        0.0
      ],
      [
        603358.5288000053,
        3284939.616199957,
        0.0
      ],
      [
        603359.4414000028,
        3284940.3026999575,
        0.0
      ],
      [
        603366.104000004,
        3284945.7538999612,
        0.0
      ]
    ]
  ]
}