{
  "code": "239470401",
  "epsg": 32639,
  "bbox_utm": {
    "minx": 707470.9237641196,
    "miny": 3144746.621437977,
    "maxx": 707845.1270361843,
    "maxy": 3145120.824710042
  },
  "polygon_utm": [
    [
      [
        707749.2485001525,
        3144982.269699746,
        0.0
      ],
      [
        707747.1530897613,
        3144976.408443805,
        0.0
      ],
      [
        707729.9341001532,
        3144928.2436997457,
        0.0
      ],
      [
        707717.2268001535,
        3144889.338699746,
        0.0
      ],
      [
        707712.2559996992,
        3144866.830058996,
        0.0
      ],
      [
        707710.079700152,
        3144856.975399747,
        0.0
      ],
      [
        707705.4866001529,
        3144843.4921997455,
        0.0
      ],
      [
        707698.9672001527,
        3144824.823099746,
        0.0
      ],
      [
        707688.3238242632,
        3144800.079048272,
        0.0
      ],
      [
        707598.1686822945,
        3144842.862521476,
        0.0
      ],
      [
        707588.8334841,
        3144847.2925760807,
        0.0
      ],
      [
        707574.0032699236,
        3144852.815672568,
        0.0
      ],
      [
        707570.8721628033,
        3144854.4708773796,
        0.0
      ],
      [
        707568.0531001517,
        3144855.179299746,
        0.0
      ],
      [
        707566.8023001514,
        3144855.4936997467,
        0.0
      ],
      [
        707571.247300152,
        3144864.087399747,
        0.0
      ],
      [
        707581.7671001523,
        3144881.2746997476,
        0.0
      ],
      [
        707591.3980001521,
        3144901.8698997465,
        0.0
      ],
      [
        707593.176000153,
        3144905.4259997476,
        0.0
      ],
      [
        707595.7984524267,
        3144906.3001505043,
        0.0
      ],
      [
        707597.1765001528,
        3144906.7594997473,
        0.0
      ],
      [
        707599.9917001533,
        3144906.759499746,
        0.0
      ],
      [
        707602.6587001522,
        3144907.055799748,
        0.0
      ],
      [
        707604.4367001529,
        3144908.092999747,
        0.0
      ],
      [
        707606.5110001524,
        3144910.0190997454,
        0.0
      ],
      [
        707610.3634001521,
        3144917.4274997497,
        0.0
      ],
      [
        707613.9194001516,
        3144925.8729997445,
        0.0
      ],
      [
        707614.6602001525,
        3144929.4289997453,
        0.0
      ],
      [
        707614.0675001529,
        3144931.5032997467,
        0.0
      ],
      [
        707612.4377001522,
        3144933.5776997474,
        0.0
      ],
      [
        707611.8062194345,
        3144946.0300366906,
        0.0
      ],
      [
        707622.0286931847,
        3144977.5927470834,
        0.0
      ],
      [
        707630.7589535272,
        3144981.9308539056,
        0.0
      ],
      [
        707628.7052177743,
        3144994.055448257,
        0.0
      ],
      [
        707633.8976268003,
        3145003.588271797,
        0.0
      ],
      [
        707637.3895841882,
        3145008.4613249777,
        0.0
      ],
      [
        707652.376900152,
        3145023.432699746,
        0.0
      ],
      [
        707666.1565001529,
        3145036.767699746,
        0.0
      ],
      [
        707684.2328001534,
        3145052.621599746,
        0.0
      ],
      [
        707701.9911001531,
        3145067.367099747,
        0.0
      ],
      [
        707749.2485001525,
        3144982.269699746,
        0.0
      ]
    ]
  ]
}