{
  "code": "239431710",
  "epsg": 32639,
  "bbox_utm": {
    "minx": 707921.6619462165,
    "miny": 3144992.5826282045,
    "maxx": 708201.0324469852,
    "maxy": 3145271.953128973
  },
  "polygon_utm": [
    [
      [
        708041.2779133016,
        3145047.50422673,
        0.0
      ],
      [
        708013.8397001541,
        3145032.492699743,
        0.0
      ],
      [
        708013.3819622094,
        3145039.667234163,
        0.0
      ],
      [
        708012.972200154,
        3145046.0897997413,
        0.0
      ],
      [
        708014.4970001556,
        3145064.5563997426,
        0.0
      ],
      [
        708022.120800154,
        3145094.035199741,
        0.0
      ],
      [
        708028.0505001552,
        3145113.8571997443,
        0.0
      ],
      [
        708040.9263001556,
        3145143.844299744,
        0.0
      ],
      [
        708055.4963001546,
        3145175.5255997437,
        0.0
      ],
      [
        708062.3368055888,
        3145196.89276735,
        0.0
      ],
      [
        708063.9362358886,
        3145202.3028540085,
        0.0
      ],
      [
        708068.5415001537,
        3145217.8801997444,
        0.0
      ],
      [
        708069.3886001541,
        3145224.487499744,
        0.0
      ],
      [
        708077.6535422046,
        3145232.0430574347,
        0.0
      ],
      [
        708090.0974560465,
        3145223.3057434214,
        0.0
      ],
      [
        708109.7221930478,
        3145219.414575963,
        0.0
      ],
      [
        708086.5854056627,
        3145154.2028901945,
        0.0
      ],
      [
        708063.9484977967,
        3145096.2689843415,
        0.0
      ],
      [
        708055.7519718861,
        3145065.505818385,
        0.0
      ],
      [
        708041.2779133016,
        3145047.50422673,
        0.0
      ]
    ]
  ]
}