{
  "code": "239471051",
  "epsg": 32639,
  "bbox_utm": {
    "minx": 707433.2697953298,
    "miny": 3144595.1082710363,
    "maxx": 707730.8328290854,
    "maxy": 3144892.6713047912
  },
  "polygon_utm": [
    [
      [
        707598.1686822945,
        3144842.862521476,
        0.0
      ],
      [
        707688.3238242632,
        3144800.079048272,
        0.0
      ],
      [
        707675.7335244601,
        3144779.25715781,
        0.0
      ],
      [
        707648.6685156395,
        3144763.6119068977,
        0.0
      ],
      [
        707631.1198157433,
        3144744.995962845,
        0.0
      ],
      [
        707606.3873309435,
        3144716.315474988,
        0.0
      ],
      [
        707586.504992815,
        3144680.920636162,
        0.0
      ],
      [
        707569.0573287439,
        3144656.552819728,
        0.0
      ],
      [
        707554.3727001521,
        3144640.486999747,
        0.0
      ],
      [
        707553.2429803174,
        3144642.4451638474,
        0.0
      ],
      [
        707552.1502001518,
        3144644.3392997445,
        0.0
      ],
      [
        707535.5555001516,
        3144657.3779997495,
        0.0
      ],
      [
        707531.5589830982,
        3144660.836509159,
        0.0
      ],
      [
        707527.8508001512,
        3144664.045499746,
        0.0
      ],
      [
        707524.4377872612,
        3144667.292042016,
        0.0
      ],
      [
        707521.7760001518,
        3144669.823999745,
        0.0
      ],
      [
        707503.8478001521,
        3144685.677899742,
        0.0
      ],
      [
        707502.419172315,
        3144685.2697203653,
        0.0
      ],
      [
        707499.5034356909,
        3144684.436652758,
        0.0
      ],
      [
        707496.7246006925,
        3144683.6426998973,
        0.0
      ],
      [
        707493.7500243867,
        3144682.792820957,
        0.0
      ],
      [
        707491.4018001525,
        3144682.1218997473,
        0.0
      ],
      [
        707482.8790001528,
        3144681.553699748,
        0.0
      ],
      [
        707476.1588001528,
        3144720.024299747,
        0.0
      ],
      [
        707475.778800152,
        3144722.1996997474,
        0.0
      ],
      [
        707478.2299191634,
        3144723.170712232,
        0.0
      ],
      [
        707482.3566001509,
        3144724.805499748,
        0.0
      ],
      [
        707486.1236029142,
        3144725.3665128592,
        0.0
      ],
      [
        707490.6794001515,
        3144726.0449997466,
        0.0
      ],
      [
        707494.7522001533,
        3144724.8054997474,
        0.0
      ],
      [
        707503.7833001518,
        3144719.1388997454,
        0.0
      ],
      [
        707512.1556001517,
        3144714.4389997465,
        0.0
      ],
      [
        707513.5962001515,
        3144714.312999743,
        0.0
      ],
      [
        707514.9069001531,
        3144714.924099747,
        0.0
      ],
      [
        707515.6618001515,
        3144715.924699747,
        0.0
      ],
      [
        707533.7098001533,
        3144756.325699745,
        0.0
      ],
      [
        707545.220000151,
        3144778.6377997473,
        0.0
      ],
      [
        707551.9491001517,
        3144789.4396997476,
        0.0
      ],
      [
        707554.7249622989,
        3144793.0667178384,
        0.0
      ],
      [
        707558.1263001524,
        3144797.5109997476,
        0.0
      ],
      [
        707567.9053001538,
        3144810.4014997464,
        0.0
      ],
      [
        707573.6838001511,
        3144826.6998997442,
        0.0
      ],
      [
        707578.4251001525,
        3144840.0348997475,
        0.0
      ],
      [
        707588.8334841,
        3144847.2925760807,
        0.0
      ],
      [
        707598.1686822945,
        3144842.862521476,
        0.0
      ]
    ]
  ]
}