{
  "code": "239418546",
  "epsg": 32639,
  "bbox_utm": {
    "minx": 707489.403180153,
    "miny": 3144905.205379748,
    "maxx": 707688.009420151,
    "maxy": 3145103.8116197456
  },
  "polygon_utm": [
    [
      [
        707525.035700152,
        3144983.905099747,
        0.0
      ],
      [
        707526.5173001529,
        3145009.9823997477,
        0.0
      ],
      [
        707527.2582001518,
        3145021.2430997365,
        0.0
      ],
      [
        707528.147200151,
        3145024.354599746,
        0.0
      ],
      [
        707529.3701029063,
        3145027.004245306,
        0.0
      ],
      [
        707530.8974428232,
        3145030.313510429,
        0.0
      ],
      [
        707532.0631469048,
        3145032.8392244587,
        0.0
      ],
      [
        707533.4812001536,
        3145035.9116997407,
        0.0
      ],
      [
        707534.8147001534,
        3145040.9492997476,
        0.0
      ],
      [
        707537.3335001515,
        3145051.913699746,
        0.0
      ],
      [
        707540.8895001519,
        3145069.1010997454,
        0.0
      ],
      [
        707541.4822001536,
        3145071.027199746,
        0.0
      ],
      [
        707543.2602001526,
        3145072.064399747,
        0.0
      ],
      [
        707544.5370817799,
        3145071.7955706273,
        0.0
      ],
      [
        707546.0754001518,
        3145071.471699747,
        0.0
      ],
      [
        707561.6329001507,
        3145061.54449975,
        0.0
      ],
      [
        707569.7821001527,
        3145057.247699747,
        0.0
      ],
      [
        707573.4862001522,
        3145056.2104997463,
        0.0
      ],
      [
        707575.5606001546,
        3145056.803199748,
        0.0
      ],
      [
        707577.1904001518,
        3145058.284899746,
        0.0
      ],
      [
        707579.1166001526,
        3145060.50739975,
        0.0
      ],
      [
        707581.0428001514,
        3145063.1743997475,
        0.0
      ],
      [
        707583.8579001544,
        3145065.9895997453,
        0.0
      ],
      [
        707589.0424572069,
        3145074.2976417486,
        0.0
      ],
      [
        707590.2950001525,
        3145075.439299746,
        0.0
      ],
      [
        707601.4489646114,
        3145063.931927598,
        0.0
      ],
      [
        707617.857856141,
        3145050.2221966023,
        0.0
      ],
      [
        707624.7788047502,
        3145044.8663792517,
        0.0
      ],
      [
        707638.9301454286,
        3145033.875936025,
        0.0
      ],
      [
        707652.376900152,
        3145023.432699746,
        0.0
      ],
      [
        707637.3895841882,
        3145008.4613249777,
        0.0
      ],
      [
        707633.8976268003,
        3145003.588271797,
        0.0
      ],
      [
        707628.7052177743,
        3144994.055448257,
        0.0
      ],
      [
        707630.7589535272,
        3144981.9308539056,
        0.0
      ],
      [
        707622.0286931847,
        3144977.5927470834,
        0.0
      ],
      [
        707611.8062194345,
        3144946.0300366906,
        0.0
      ],
      [
        707612.4377001522,
        3144933.5776997474,
        0.0
      ],
      [
        707606.6756001514,
        3144937.232499746,
        0.0
      ],
      [
        707601.5415001521,
        3144939.1702997456,
        0.0
      ],
      [
        707576.449600152,
        3144948.6412997465,
        0.0
      ],
      [
        707568.0658001527,
        3144951.087199748,
        0.0
      ],
      [
        707558.5049001528,
        3144953.876599746,
        0.0
      ],
      [
        707531.6867001527,
        3144959.6550997477,
        0.0
      ],
      [
        707526.3532001533,
        3144960.042999747,
        0.0
      ],
      [
        707525.035700152,
        3144983.905099747,
        0.0
      ]
    ]
  ]
}