{
  "code": "239429809",
  "epsg": 32639,
  "bbox_utm": {
    "minx": 707981.9980451654,
    "miny": 3145020.5600200486,
    "maxx": 708213.9950270656,
    "maxy": 3145252.557001948
  },
  "polygon_utm": [
    [
      [
        708131.032618703,
        3145215.189150402,
        0.0
      ],
      [
        708143.3859941785,
        3145212.739761032,
        0.0
      ],
      [
        708136.93490199,
        3145188.430984783,
        0.0
      ],
      [
        708122.188407812,
        3145132.8637696574,
        0.0
      ],
      [
        708104.8168992023,
        3145074.499585788,
        0.0
      ],
      [
        708052.6070780526,
        3145053.702446034,
        0.0
      ],
      [
        708063.9484977967,
        3145096.2689843415,
        0.0
      ],
      [
        708086.5854056627,
        3145154.2028901945,
        0.0
      ],
      [
        708109.7221930478,
        3145219.414575963,
        0.0
      ],
      [
        708131.032618703,
        3145215.189150402,
        0.0
      ]
    ]
  ]
}