{
  "code": "239554606",
  "epsg": 32639,
  "bbox_utm": {
    "minx": 707322.9494043409,
    "miny": 3145434.32657232,
    "maxx": 707653.507482789,
    "maxy": 3145764.8846507682
  },
  "polygon_utm": [
    [
      [
        707603.7660001514,
        3145562.8166997465,
        0.0
      ],
      [
        707604.9805554135,
        3145560.316227049,
        0.0
      ],
      [
        707606.2849001535,
        3145557.630899746,
        0.0
      ],
      [
        707606.2849001526,
        3145554.5193997454,
        0.0
      ],
      [
        707605.6215832336,
        3145552.0192369893,
        0.0
      ],
      [
        707604.3587001517,
        3145547.259199742,
        0.0
      ],
      [
        707597.9875001526,
        3145529.7754997457,
        0.0
      ],
      [
        707592.0608001517,
        3145516.2922997475,
        0.0
      ],
      [
        707588.9493001547,
        3145511.4027997437,
        0.0
      ],
      [
        707585.6896001515,
        3145509.180299746,
        0.0
      ],
      [
        707582.4300001527,
        3145507.698599745,
        0.0
      ],
      [
        707578.2813001517,
        3145506.216899746,
        0.0
      ],
      [
        707576.7697104313,
        3145504.629712686,
        0.0
      ],
      [
        707575.3180001513,
        3145503.1053997455,
        0.0
      ],
      [
        707574.8735001514,
        3145500.882899748,
        0.0
      ],
      [
        707573.3075001531,
        3145495.601199746,
        0.0
      ],
      [
        707568.1438001522,
        3145496.823899746,
        0.0
      ],
      [
        707563.1061001536,
        3145499.046399746,
        0.0
      ],
      [
        707559.5501001514,
        3145500.6761997477,
        0.0
      ],
      [
        707556.4386001533,
        3145502.750499746,
        0.0
      ],
      [
        707551.5491001531,
        3145504.9730997435,
        0.0
      ],
      [
        707547.9789135903,
        3145505.4630873697,
        0.0
      ],
      [
        707543.9925001512,
        3145506.0101997466,
        0.0
      ],
      [
        707540.584700152,
        3145507.195599746,
        0.0
      ],
      [
        707536.930664395,
        3145508.792019641,
        0.0
      ],
      [
        707531.844756751,
        3145511.014011656,
        0.0
      ],
      [
        707525.3235001517,
        3145513.863099746,
        0.0
      ],
      [
        707517.6140066035,
        3145517.5571959373,
        0.0
      ],
      [
        707511.0995001514,
        3145520.6786997486,
        0.0
      ],
      [
        707500.8750422348,
        3145524.380253726,
        0.0
      ],
      [
        707493.9118579882,
        3145526.901130879,
        0.0
      ],
      [
        707491.6392001526,
        3145527.723899747,
        0.0
      ],
      [
        707489.0939001509,
        3145521.606199747,
        0.0
      ],
      [
        707486.7233001522,
        3145518.198299748,
        0.0
      ],
      [
        707483.7599001523,
        3145515.0867997473,
        0.0
      ],
      [
        707481.6856001518,
        3145512.1234997474,
        0.0
      ],
      [
        707479.6041001517,
        3145506.8914997457,
        0.0
      ],
      [
        707475.4626001515,
        3145507.5302997455,
        0.0
      ],
      [
        707461.5349001521,
        3145511.234499747,
        0.0
      ],
      [
        707446.2737001511,
        3145514.7904997473,
        0.0
      ],
      [
        707439.3990001533,
        3145515.947599741,
        0.0
      ],
      [
        707431.3088001518,
        3145517.309299749,
        0.0
      ],
      [
        707426.024200152,
        3145518.5201997454,
        0.0
      ],
      [
        707422.5670001511,
        3145519.235499749,
        0.0
      ],
      [
        707419.0110001517,
        3145520.8652997473,
        0.0
      ],
      [
        707416.3440001504,
        3145522.7914997474,
        0.0
      ],
      [
        707413.5288001533,
        3145526.643799751,
        0.0
      ],
      [
        707410.5309202649,
        3145531.6158702676,
        0.0
      ],
      [
        707407.4539001524,
        3145536.7191997473,
        0.0
      ],
      [
        707404.0455435327,
        3145541.3510493366,
        0.0
      ],
      [
        707401.6754001509,
        3145544.5719997473,
        0.0
      ],
      [
        707398.0787003982,
        3145546.233502405,
        0.0
      ],
      [
        707393.6744001505,
        3145546.646399748,
        0.0
      ],
      [
        707388.1922001509,
        3145547.8316997476,
        0.0
      ],
      [
        707379.7467001507,
        3145550.9431997477,
        0.0
      ],
      [
        707375.4499001524,
        3145553.9065997456,
        0.0
      ],
      [
        707370.5276215515,
        3145557.662266192,
        0.0
      ],
      [
        707370.1719869764,
        3145558.7218614863,
        0.0
      ],
      [
        707370.1860001525,
        3145560.086999747,
        0.0
      ],
      [
        707376.3389001517,
        3145578.9467997462,
        0.0
      ],
      [
        707391.600100151,
        3145611.987999748,
        0.0
      ],
      [
        707405.0833001514,
        3145641.7695997464,
        0.0
      ],
      [
        707422.4948001525,
        3145680.645299749,
        0.0
      ],
      [
        707437.3828781433,
        3145703.610023342,
        0.0
      ],
      [
        707442.5225001522,
        3145699.4605997475,
        0.0
      ],
      [
        707461.1859001522,
        3145687.928799746,
        0.0
      ],
      [
        707467.7104001536,
        3145683.9836997474,
        0.0
      ],
      [
        707472.414200153,
        3145682.6180997477,
        0.0
      ],
      [
        707475.1454001516,
        3145682.769899746,
        0.0
      ],
      [
        707477.1179001522,
        3145683.983699748,
        0.0
      ],
      [
        707479.2422001512,
        3145686.563199748,
        0.0
      ],
      [
        707483.7943001518,
        3145694.149899747,
        0.0
      ],
      [
        707487.5609435634,
        3145701.6832294394,
        0.0
      ],
      [
        707491.9713001526,
        3145699.2099997476,
        0.0
      ],
      [
        707511.806100151,
        3145689.185699745,
        0.0
      ],
      [
        707538.1329001517,
        3145677.5222997465,
        0.0
      ],
      [
        707527.032400151,
        3145654.6753997467,
        0.0
      ],
      [
        707533.003017103,
        3145651.804133897,
        0.0
      ],
      [
        707541.5450001515,
        3145647.696299748,
        0.0
      ],
      [
        707542.4340001523,
        3145645.1773997457,
        0.0
      ],
      [
        707542.5822001516,
        3145643.9920997475,
        0.0
      ],
      [
        707541.3969001514,
        3145639.991599746,
        0.0
      ],
      [
        707537.1000001524,
        3145631.2496997477,
        0.0
      ],
      [
        707523.1943001517,
        3145597.3702997467,
        0.0
      ],
      [
        707559.0196001522,
        3145581.888999747,
        0.0
      ],
      [
        707575.7716001517,
        3145574.649899747,
        0.0
      ],
      [
        707596.815298879,
        3145567.1105249655,
        0.0
      ],
      [
        707602.9957875693,
        3145564.89622694,
        0.0
      ],
