{
  "code": "239554840",
  "epsg": 32639,
  "bbox_utm": {
    "minx": 707484.4618791876,
    "miny": 3145534.823392379,
    "maxx": 707694.9717211161,
    "maxy": 3145745.3332343074
  },
  "polygon_utm": [
    [
      [
        707655.772600152,
        3145704.6124997474,
        0.0
      ],
      [
        707655.1800001542,
        3145702.389999747,
        0.0
      ],
      [
        707654.621371615,
        3145698.8520189947,
        0.0
      ],
      [
        707653.8465001526,
        3145693.9444997436,
        0.0
      ],
      [
        707651.9203001525,
        3145676.608899743,
        0.0
      ],
      [
        707650.7349001528,
        3145666.3853997453,
        0.0
      ],
      [
        707649.1051001512,
        3145660.3105997453,
        0.0
      ],
      [
        707646.7344001536,
        3145654.680199745,
        0.0
      ],
      [
        707643.9193001527,
        3145646.5309997443,
        0.0
      ],
      [
        707640.807800152,
        3145633.936799746,
        0.0
      ],
      [
        707636.955400152,
        3145622.0834997436,
        0.0
      ],
      [
        707633.5476001541,
        3145617.4902997455,
        0.0
      ],
      [
        707626.8801001514,
        3145612.7489997447,
        0.0
      ],
      [
        707621.9906001529,
        3145609.933799747,
        0.0
      ],
      [
        707617.3974001517,
        3145608.1557997456,
        0.0
      ],
      [
        707615.1749001532,
        3145605.044299743,
        0.0
      ],
      [
        707612.9524001518,
        3145600.3028997467,
        0.0
      ],
      [
        707605.8171501616,
        3145578.728360596,
        0.0
      ],
      [
        707603.8214001514,
        3145572.6938997484,
        0.0
      ],
      [
        707602.9957875693,
        3145564.89622694,
        0.0
      ],
      [
        707596.815298879,
        3145567.1105249655,
        0.0
      ],
      [
        707575.7716001517,
        3145574.649899747,
        0.0
      ],
      [
        707559.0195988254,
        3145581.888996675,
        0.0
      ],
      [
        707523.1943001517,
        3145597.3702997467,
        0.0
      ],
      [
        707537.1000001524,
        3145631.2496997477,
        0.0
      ],
      [
        707541.3969001514,
        3145639.991599746,
        0.0
      ],
      [
        707542.5822001516,
        3145643.9920997475,
        0.0
      ],
      [
        707542.2636578511,
        3145645.129724495,
        0.0
      ],
      [
        707541.5450001515,
        3145647.696299748,
        0.0
      ],
      [
        707533.003017103,
        3145651.804133897,
        0.0
      ],
      [
        707527.032400151,
        3145654.6753997467,
        0.0
      ],
      [
        707538.1329001517,
        3145677.5222997465,
        0.0
      ],
      [
        707539.7670001512,
        3145680.885699746,
        0.0
      ],
      [
        707549.397900153,
        3145704.147899747,
        0.0
      ],
      [
        707551.4722001523,
        3145707.1111997454,
        0.0
      ],
      [
        707553.2502001518,
        3145708.148399745,
        0.0
      ],
      [
        707556.3617001516,
        3145707.851999746,
        0.0
      ],
      [
        707575.4753001528,
        3145699.258399747,
        0.0
      ],
      [
        707598.6227001525,
        3145689.674999746,
        0.0
      ],
      [
        707602.5898001525,
        3145701.332699746,
        0.0
      ],
      [
        707606.2940001523,
        3145711.259899746,
        0.0
      ],
      [
        707607.9238001528,
        3145713.3341997466,
        0.0
      ],
      [
        707611.1835001518,
        3145714.8158997465,
        0.0
      ],
      [
        707614.7395001539,
        3145715.2603997462,
        0.0
      ],
      [
        707617.119200152,
        3145715.090399745,
        0.0
      ],
      [
        707618.888200152,
        3145714.964099746,
        0.0
      ],
      [
        707629.3380976417,
        3145712.3146536136,
        0.0
      ],
      [
        707635.0509753849,
        3145710.866222004,
        0.0
      ],
      [
        707656.2393001519,
        3145705.6234997446,
        0.0
      ],
      [
        707655.772600152,
        3145704.6124997474,
        0.0
      ]
    ]
  ]
}