{
  "code": "239503800",
  "epsg": 32639,
  "bbox_utm": {
    "minx": 695335.5055279243,
    "miny": 3243287.9672602024,
    "maxx": 695737.2579058234,
    "maxy": 3243689.7196381018
  },
  "polygon_utm": [
    [
      [
        695443.7274066583,
        3243380.8376247827,
        0.0
      ],
      [
        695425.3681038513,
        3243357.183939718,
        0.0
      ],
      [
        695415.2260088474,
        3243371.012331486,
        0.0
      ],
      [
        695439.5129345978,
        3243404.2516516414,
        0.0
      ],
      [
        695442.0085480924,
        3243407.667172269,
        0.0
      ],
      [
        695469.7201251528,
        3243445.593503142,
        0.0
      ],
      [
        695512.8826957325,
        3243512.2003302197,
        0.0
      ],
      [
        695592.1337793566,
        3243632.3264412587,
        0.0
      ],
      [
        695657.5374249003,
        3243587.8145358567,
        0.0
      ],
      [
        695620.9496954506,
        3243534.2994282474,
        0.0
      ],
      [
        695497.7188291262,
        3243354.055582255,
        0.0
      ],
      [
        695491.7740613251,
        3243345.360457045,
        0.0
      ],
      [
        695443.7274066583,
        3243380.8376247827,
        0.0
      ]
    ]
  ]
}