{
  "code": "239674551",
  "epsg": 32639,
  "bbox_utm": {
    "minx": 628016.6802050944,
    "miny": 3152883.273912959,
    "maxx": 628322.2475638783,
    "maxy": 3153188.841271743
  },
  "polygon_utm": [
    [
      [
        628268.4414865271,
        3153120.5972723267,
        0.0
      ],
      [
        628180.1576233049,
        3152933.65283783,
        0.0
      ],
      [
        628175.4917296153,
        3152928.1165041192,
        0.0
      ],
      [
        628148.8014530023,
        3152943.7593076196,
        0.0
      ],
      [
        628138.2195964935,
        3152926.9263927853,
        0.0
      ],
      [
        628102.7915377032,
        3152949.2655118117,
        0.0
      ],
      [
        628112.8625805586,
        3152964.7867393033,
        0.0
      ],
      [
        628070.4862824456,
        3152998.282154732,
        0.0
      ],
      [
        628084.5238595095,
        3153011.234429001,
        0.0
      ],
      [
        628094.700209094,
        3153017.091963472,
        0.0
      ],
      [
        628117.6930548693,
        3153051.5610179165,
        0.0
      ],
      [
        628144.1670932441,
        3153079.7989940736,
        0.0
      ],
      [
        628160.3446618259,
        3153089.1177069265,
        0.0
      ],
      [
        628180.8656616367,
        3153109.4545371323,
        0.0
      ],
      [
        628190.6967156478,
        3153122.883360419,
        0.0
      ],
      [
        628224.0618792136,
        3153145.1887919167,
        0.0
      ],
      [
        628268.4414865271,
        3153120.5972723267,
        0.0
      ]
    ]
  ]
}