{
  "code": "239613150",
  "epsg": 32639,
  "bbox_utm": {
    "minx": 707991.7084949908,
    "miny": 3145721.622363787,
    "maxx": 708404.0126668152,
    "maxy": 3146133.926535612
  },
  "polygon_utm": [
    [
      [
        708294.441200156,
        3146048.613799741,
        0.0
      ],
      [
        708294.8465121756,
        3146046.480192232,
        0.0
      ],
      [
        708295.3412001543,
        3146043.8760997416,
        0.0
      ],
      [
        708292.8224001547,
        3146038.542099742,
        0.0
      ],
      [
        708289.2663001553,
        3146035.134199741,
        0.0
      ],
      [
        708274.1533001547,
        3146016.6133997403,
        0.0
      ],
      [
        708268.0785001564,
        3146006.834299741,
        0.0
      ],
      [
        708265.4115001552,
        3145998.6851997413,
        0.0
      ],
      [
        708265.856000154,
        3145993.2029997413,
        0.0
      ],
      [
        708267.0413001543,
        3145989.2024997436,
        0.0
      ],
      [
        708270.4491001548,
        3145984.016599742,
        0.0
      ],
      [
        708274.7460001556,
        3145976.90459974,
        0.0
      ],
      [
        708278.3020001557,
        3145972.6077997405,
        0.0
      ],
      [
        708279.9318001558,
        3145967.5700997417,
        0.0
      ],
      [
        708280.0974104075,
        3145961.195501882,
        0.0
      ],
      [
        708280.2282001559,
        3145956.1611997406,
        0.0
      ],
      [
        708262.3120946758,
        3145950.729780881,
        0.0
      ],
      [
        708240.3502137987,
        3145914.2543532723,
        0.0
      ],
      [
        708236.6999747334,
        3145882.8094739118,
        0.0
      ],
      [
        708225.1836419669,
        3145879.9909571437,
        0.0
      ],
      [
        708214.7092059199,
        3145877.7138663395,
        0.0
      ],
      [
        708184.0977621293,
        3145854.6837527603,
        0.0
      ],
      [
        708167.8697297178,
        3145850.736042656,
        0.0
      ],
      [
        708151.807908679,
        3145837.3771380982,
        0.0
      ],
      [
        708143.64809317,
        3145823.1117814197,
        0.0
      ],
      [
        708115.3510180158,
        3145788.093402649,
        0.0
      ],
      [
        708101.2897940862,
        3145780.5229597623,
        0.0
      ],
      [
        708099.8970616508,
        3145799.849756626,
        0.0
      ],
      [
        708113.0996161951,
        3145856.0448376997,
        0.0
      ],
      [
        708136.9426529077,
        3145905.105523198,
        0.0
      ],
      [
        708164.5013810936,
        3145952.1396922637,
        0.0
      ],
      [
        708202.6931348885,
        3145932.940203433,
        0.0
      ],
      [
        708232.7407865578,
        3145987.8634646344,
        0.0
      ],
      [
        708216.9276633408,
        3145990.199071936,
        0.0
      ],
      [
        708218.2641722066,
        3146003.8207366467,
        0.0
      ],
      [
        708233.476769156,
        3146035.469593741,
        0.0
      ],
      [
        708252.2296130168,
        3146075.025939637,
        0.0
      ],
      [
        708295.8241001554,
        3146053.9477997413,
        0.0
      ],
      [
        708294.441200156,
        3146048.613799741,
        0.0
      ]
    ]
  ]
}