{
  "code": "239617729",
  "epsg": 32639,
  "bbox_utm": {
    "minx": 707631.0239547797,
    "miny": 3145757.5642452356,
    "maxx": 708136.822454309,
    "maxy": 3146263.362744765
  },
  "polygon_utm": [
    [
      [
        708003.1188194498,
        3146055.4593335907,
        0.0
      ],
      [
        708017.4806803162,
        3145986.4153352557,
        0.0
      ],
      [
        708013.3691575587,
        3145936.3960094447,
        0.0
      ],
      [
        708001.829987906,
        3145919.979213391,
        0.0
      ],
      [
        707993.1906346541,
        3145903.0905823186,
        0.0
      ],
      [
        707995.2239025799,
        3145892.143355104,
        0.0
      ],
      [
        708013.9879260655,
        3145871.554292201,
        0.0
      ],
      [
        708014.4629648253,
        3145859.5335195693,
        0.0
      ],
      [
        708005.2613072761,
        3145829.8211737396,
        0.0
      ],
      [
        707983.8418938175,
        3145837.026769811,
        0.0
      ],
      [
        707959.7300765913,
        3145847.845940447,
        0.0
      ],
      [
        707931.6812682139,
        3145843.4284769855,
        0.0
      ],
      [
        707915.3470868405,
        3145845.493832231,
        0.0
      ],
      [
        707900.5204473613,
        3145851.508356089,
        0.0
      ],
      [
        707875.8877904355,
        3145862.056983367,
        0.0
      ],
      [
        707857.5997660316,
        3145860.298389289,
        0.0
      ],
      [
        707864.5495177787,
        3145865.3545269137,
        0.0
      ],
      [
        707868.3592160472,
        3145871.599805513,
        0.0
      ],
      [
        707870.9964954751,
        3145878.835986372,
        0.0
      ],
      [
        707874.053826081,
        3145886.683954313,
        0.0
      ],
      [
        707875.7701277309,
        3145891.0817281003,
        0.0
      ],
      [
        707877.1936092749,
        3145895.9620180544,
        0.0
      ],
      [
        707876.7582187416,
        3145902.8908601333,
        0.0
      ],
      [
        707876.3740035774,
        3145909.0052922405,
        0.0
      ],
      [
        707873.3324550089,
        3145916.740906905,
        0.0
      ],
      [
        707871.8362316653,
        3145920.550032122,
        0.0
      ],
      [
        707871.8922720529,
        3145925.5698822946,
        0.0
      ],
      [
        707874.028854223,
        3145942.9158587777,
        0.0
      ],
      [
        707875.0804001553,
        3145949.612499745,
        0.0
      ],
      [
        707875.2136782256,
        3145956.7884880397,
        0.0
      ],
      [
        707875.1818274525,
        3145961.676837509,
        0.0
      ],
      [
        707875.1742491715,
        3145962.839926681,
        0.0
      ],
      [
        707868.2444001533,
        3145962.049899745,
        0.0
      ],
      [
        707864.6883001527,
        3145961.0620997436,
        0.0
      ],
      [
        707859.1568001537,
        3145959.8767997446,
        0.0
      ],
      [
        707853.4487457413,
        3145958.956129271,
        0.0
      ],
      [
        707846.9083001533,
        3145957.901199744,
        0.0
      ],
      [
        707836.8330001521,
        3145954.3451997447,
        0.0
      ],
      [
        707829.720900153,
        3145953.357399745,
        0.0
      ],
      [
        707816.8798001531,
        3145953.554999742,
        0.0
      ],
      [
        707803.248400153,
        3145953.950099743,
        0.0
      ],
      [
        707793.7874001537,
        3145955.6509997454,
        0.0
      ],
      [
        707785.6660001539,
        3145957.1109997444,
        0.0
      ],
      [
        707759.7830001535,
        3145963.9554997454,
        0.0
      ],
      [
        707758.6030674626,
        3145963.5260560443,
        0.0
      ],
      [
        707757.4231001529,
        3145963.0965997437,
        0.0
      ],
      [
        707755.1770810762,
        3145970.9474195414,
        0.0
      ],
      [
        707752.9100390815,
        3145978.8717236407,
        0.0
      ],
      [
        707752.6144594824,
        3145988.2260542065,
        0.0
      ],
      [
        707754.5562129997,
        3146034.6001964672,
        0.0
      ],
      [
        707750.3657287725,
        3146063.5526920804,
        0.0
      ],
      [
        707751.8503197224,
        3146083.71423407,
        0.0
      ],
      [
        707752.6388213881,
        3146113.538879614,
        0.0
      ],
      [
        707757.0462914805,
        3146146.8267124803,
        0.0
      ],
      [
        707760.1351027408,
        3146150.542123721,
        0.0
      ],
      [
        707776.7686072628,
        3146191.1058162604,
        0.0
      ],
      [
        707781.9534139634,
        3146190.563417477,
        0.0
      ],
      [
        707804.5065673041,
        3146175.8398038275,
        0.0
      ],
      [
        707809.3448687013,
        3146177.023760863,
        0.0
      ],
      [
        707814.5831609955,
        3146178.3055977095,
        0.0
      ],
      [
        707817.6332803294,
        3146176.8628533636,
        0.0
      ],
      [
        707827.1077414043,
        3146172.3813214707,
        0.0
      ],
      [
        707836.3809697996,
        3146168.6657522367,
        0.0
      ],
      [
        707845.7050411409,
        3146164.929811403,
        0.0
      ],
      [
        707851.6365449445,
        3146164.344338851,
        0.0
      ],
      [
        707854.4484534905,
        3146164.066787771,
        0.0
      ],
      [
        707861.4382922573,
        3146163.3768516425,
        0.0
      ],
      [
        707868.4636093827,
        3146160.4715528195,
        0.0
      ],
      [
        707875.5384303513,
        3146157.5457818313,
        0.0
      ],
      [
        707883.474114133,
        3146152.971630418,
        0.0
      ],
      [
        707890.5508896029,
        3146148.892556274,
        0.0
      ],
      [
        707893.0569668495,
        3146147.4480459965,
        0.0
      ],
      [
        707895.6268238127,
        3146145.9667729046,
        0.0
      ],
      [
        707896.8694324748,
        3146145.4083198514,
        0.0
      ],
      [
        707899.245763313,
        3146144.340349499,
        0.0
      ],
      [
        707904.5489949033,
        3146142.2853619405,
        0.0
      ],
      [
        707912.6176001539,
        3146139.158799744,
        0.0
      ],
      [
        707924.7416001533,
        3146134.752999744,
        0.0
      ],
      [
        707919.6416498488,
        3146123.5447476683,
        0.0
      ],
      [
        707904.6451425133,
        3146079.609987296,
        0.0
      ],
      [
        707917.4107787812,
        3146071.2057588473,
        0.0
      ],
      [
        707927.7791243765,
        3146064.5897297044,
        0.0
      ],
      [
        707955.6245925601,
        3146065.6040785266,
        0.0
      ],
      [
        707995.0323881018,
        3146066.822564735,
        0.0
      ],
      [
        707996.839550522,
        3146068.684954271,
        0.0
      ],
      [
        708003.1188194498,
        3146055.4593335907,
        0.0
      ]
    ]
  ]
}