{
  "code": "239676386",
  "epsg": 32639,
  "bbox_utm": {
    "minx": 627936.0382470001,
    "miny": 3152677.4734454453,
    "maxx": 628105.2123001976,
    "maxy": 3152846.647498643
  },
  "polygon_utm": [
    [
      [
        628027.0672317005,
        3152717.7888296987,
        0.0
      ],
      [
        628013.2783552909,
        3152730.176983438,
        0.0
      ],
      [
        627987.9261949868,
        3152743.4840642232,
        0.0
      ],
      [
        627965.7018660457,
        3152758.9149588477,
        0.0
      ],
      [
        627967.7623987957,
        3152762.594404523,
        0.0
      ],
      [
        627960.2059688854,
        3152769.303710737,
        0.0
      ],
      [
        627977.8000914364,
        3152793.26581184,
        0.0
      ],
      [
        627995.383350329,
        3152794.1103399512,
        0.0
      ],
      [
        628016.924270076,
        3152781.15364265,
        0.0
      ],
      [
        628025.14639663,
        3152797.6997157345,
        0.0
      ],
      [
        628033.3941087193,
        3152811.895126871,
        0.0
      ],
      [
        628050.3391205854,
        3152799.019046922,
        0.0
      ],
      [
        628081.0445783123,
        3152776.366781411,
        0.0
      ],
      [
        628043.932688621,
        3152712.225817217,
        0.0
      ],
      [
        628027.0672317005,
        3152717.7888296987,
        0.0
      ]
    ]
  ]
}