{
  "code": "239620666",
  "epsg": 32639,
  "bbox_utm": {
    "minx": 707947.652596458,
    "miny": 3145173.91144571,
    "maxx": 708301.6849746987,
    "maxy": 3145527.9438239504
  },
  "polygon_utm": [
    [
      [
        708101.6849662393,
        3145283.6072544847,
        0.0
      ],
      [
        708101.6366130528,
        3145279.5478023207,
        0.0
      ],
      [
        708101.5781001531,
        3145274.6353997407,
        0.0
      ],
      [
        708098.0203001543,
        3145260.4041997446,
        0.0
      ],
      [
        708091.4130001545,
        3145241.9375997423,
        0.0
      ],
      [
        708089.0152196459,
        3145238.7862795955,
        0.0
      ],
      [
        708086.9439660584,
        3145236.0641025123,
        0.0
      ],
      [
        708085.483300155,
        3145234.144399744,
        0.0
      ],
      [
        708080.9194245527,
        3145232.919551548,
        0.0
      ],
      [
        708077.6535422046,
        3145232.0430574347,
        0.0
      ],
      [
        708069.3886001541,
        3145224.487499744,
        0.0
      ],
      [
        708069.1401425661,
        3145226.2936617006,
        0.0
      ],
      [
        708068.8706001542,
        3145228.2530997437,
        0.0
      ],
      [
        708064.8143001539,
        3145228.553599744,
        0.0
      ],
      [
        708056.343400154,
        3145230.0782997413,
        0.0
      ],
      [
        708046.517100154,
        3145232.111299745,
        0.0
      ],
      [
        708035.8269963253,
        3145233.658480583,
        0.0
      ],
      [
        708041.0608083893,
        3145253.6261479496,
        0.0
      ],
      [
        708052.7260658278,
        3145285.279395847,
        0.0
      ],
      [
        708056.0443802504,
        3145290.895182466,
        0.0
      ],
      [
        708078.5317876064,
        3145372.165701538,
        0.0
      ],
      [
        708079.4716875756,
        3145408.271220984,
        0.0
      ],
      [
        708088.7840640398,
        3145446.616538745,
        0.0
      ],
      [
        708102.2391997161,
        3145466.2060132804,
        0.0
      ],
      [
        708107.552618661,
        3145470.48402142,
        0.0
      ],
      [
        708146.5453342345,
        3145465.550015225,
        0.0
      ],
      [
        708149.3597117217,
        3145477.367769916,
        0.0
      ],
      [
        708182.0806117436,
        3145448.0024531274,
        0.0
      ],
      [
        708195.5800885119,
        3145442.749114509,
        0.0
      ],
      [
        708213.5105748314,
        3145424.7599042077,
        0.0
      ],
      [
        708207.9758284473,
        3145421.850867017,
        0.0
      ],
      [
        708203.1650249173,
        3145415.1626715027,
        0.0
      ],
      [
        708193.1957887693,
        3145384.2586886683,
        0.0
      ],
      [
        708192.2277214369,
        3145379.5343312393,
        0.0
      ],
      [
        708187.9310377125,
        3145369.782404566,
        0.0
      ],
      [
        708178.3063069981,
        3145333.5914951954,
        0.0
      ],
      [
        708149.9596794883,
        3145338.5370119936,
        0.0
      ],
      [
        708136.9866001558,
        3145340.877999742,
        0.0
      ],
      [
        708131.8241338651,
        3145341.3389352034,
        0.0
      ],
      [
        708127.4991001545,
        3145341.725099742,
        0.0
      ],
      [
        708126.0952651422,
        3145340.2544229585,
        0.0
      ],
      [
        708123.9413001557,
        3145337.9978997433,
        0.0
      ],
      [
        708123.4222353976,
        3145334.7536396873,
        0.0
      ],
      [
        708122.5860001547,
        3145329.5269997427,
        0.0
      ],
      [
        708121.2307001546,
        3145310.3826997434,
        0.0
      ],
      [
        708120.214100155,
        3145307.3331997413,
        0.0
      ],
      [
        708118.4860739559,
        3145306.757181565,
        0.0
      ],
      [
        708116.8596220419,
        3145306.2150220387,
        0.0
      ],
      [
        708114.273691005,
        3145305.3530308935,
        0.0
      ],
      [
        708111.2180434552,
        3145304.3344650106,
        0.0
      ],
      [
        708108.016000154,
        3145303.2670997437,
        0.0
      ],
      [
        708106.8810135995,
        3145300.789389433,
        0.0
      ],
      [
        708105.4133299564,
        3145297.5853912197,
        0.0
      ],
      [
        708103.4417001544,
        3145291.746699742,
        0.0
      ],
      [
        708102.0864001547,
        3145289.374799743,
        0.0
      ],
      [
        708101.7568026428,
        3145289.1350971074,
        0.0
      ],
      [
        708101.7423604099,
        3145288.425734976,
        0.0
      ],
      [
        708101.6849662393,
        3145283.6072544847,
        0.0
      ]
    ]
  ]
}