{
  "code": "239675620",
  "epsg": 32639,
  "bbox_utm": {
    "minx": 627945.1932687245,
    "miny": 3152822.623394784,
    "maxx": 628150.1284886634,
    "maxy": 3153027.558614723
  },
  "polygon_utm": [
    [
      [
        628004.5103742986,
        3152860.1661618687,
        0.0
      ],
      [
        628004.4534762633,
        3152865.3897967734,
        0.0
      ],
      [
        627982.4591768291,
        3152883.826935958,
        0.0
      ],
      [
        627993.3487530318,
        3152920.645800336,
        0.0
      ],
      [
        628009.432768916,
        3152938.5833600755,
        0.0
      ],
      [
        628019.2727000887,
        3152951.228677495,
        0.0
      ],
      [
        628016.5847112333,
        3152956.946031076,
        0.0
      ],
      [
        628051.5998971058,
        3152972.477744871,
        0.0
      ],
      [
        628070.4862824456,
        3152998.282154732,
        0.0
      ],
      [
        628112.8625805586,
        3152964.7867393033,
        0.0
      ],
      [
        628102.7915377032,
        3152949.2655118117,
        0.0
      ],
      [
        628086.7332945992,
        3152928.9772099587,
        0.0
      ],
      [
        628091.1161328496,
        3152912.3074416034,
        0.0
      ],
      [
        628068.7824569375,
        3152889.599795538,
        0.0
      ],
      [
        628057.1908182333,
        3152893.130446016,
        0.0
      ],
      [
        628013.0027407748,
        3152851.8998547755,
        0.0
      ],
      [
        628004.5103742986,
        3152860.1661618687,
        0.0
      ]
    ]
  ]
}