{
  "code": "239613949",
  "epsg": 32639,
  "bbox_utm": {
    "minx": 707904.8884390072,
    "miny": 3145896.9335296256,
    "maxx": 708175.3091382243,
    "maxy": 3146167.354228842
  },
  "polygon_utm": [
    [
      [
        708024.647313148,
        3146116.5070251515,
        0.0
      ],
      [
        708057.4811603446,
        3146102.965786824,
        0.0
      ],
      [
        708090.3058564363,
        3146089.9474529373,
        0.0
      ],
      [
        708091.6566852282,
        3146087.8793169716,
        0.0
      ],
      [
        708073.830162205,
        3146040.4946851223,
        0.0
      ],
      [
        708089.5835035094,
        3146026.6518529896,
        0.0
      ],
      [
        708070.8854325218,
        3145983.958620728,
        0.0
      ],
      [
        708062.7810240377,
        3145966.556457688,
        0.0
      ],
      [
        708055.1793648263,
        3145935.5650580847,
        0.0
      ],
      [
        708021.469288975,
        3145939.154005032,
        0.0
      ],
      [
        708022.5842876385,
        3145980.229402353,
        0.0
      ],
      [
        708018.5313188771,
        3146016.244932426,
        0.0
      ],
      [
        708007.2956204165,
        3146057.102053485,
        0.0
      ],
      [
        707988.5408920035,
        3146092.0733625074,
        0.0
      ],
      [
        707990.1957891628,
        3146102.5625028387,
        0.0
      ],
      [
        707990.7855025353,
        3146128.7227003826,
        0.0
      ],
      [
        708024.647313148,
        3146116.5070251515,
        0.0
      ]
    ]
  ]
}