{
  "code": "239770314",
  "epsg": 32639,
  "bbox_utm": {
    "minx": 708178.1192365838,
    "miny": 3146245.400328635,
    "maxx": 708564.2249618173,
    "maxy": 3146631.506053868
  },
  "polygon_utm": [
    [
      [
        708444.1155740696,
        3146402.1507187514,
        0.0
      ],
      [
        708417.9492197377,
        3146395.412030012,
        0.0
      ],
      [
        708388.8329795192,
        3146377.1155403224,
        0.0
      ],
      [
        708352.9122591168,
        3146357.129821005,
        0.0
      ],
      [
        708311.3767542889,
        3146327.631147513,
        0.0
      ],
      [
        708288.723907923,
        3146300.558289382,
        0.0
      ],
      [
        708282.9058841903,
        3146302.5474032946,
        0.0
      ],
      [
        708238.5182982455,
        3146345.170866824,
        0.0
      ],
      [
        708253.8966586642,
        3146367.4080801625,
        0.0
      ],
      [
        708276.290676732,
        3146409.1197141875,
        0.0
      ],
      [
        708298.8046824074,
        3146444.034608094,
        0.0
      ],
      [
        708293.3828759992,
        3146453.3524448536,
        0.0
      ],
      [
        708268.3853751072,
        3146499.455888136,
        0.0
      ],
      [
        708275.447223282,
        3146516.316070708,
        0.0
      ],
      [
        708295.7664157588,
        3146556.421645508,
        0.0
      ],
      [
        708312.8596364496,
        3146570.844240552,
        0.0
      ],
      [
        708329.9753587288,
        3146576.3480931204,
        0.0
      ],
      [
        708342.3091800772,
        3146567.977856399,
        0.0
      ],
      [
        708354.1559069462,
        3146559.938198802,
        0.0
      ],
      [
        708369.5517585138,
        3146551.7139426605,
        0.0
      ],
      [
        708385.3759001562,
        3146543.2608997407,
        0.0
      ],
      [
        708431.2628378817,
        3146526.916141291,
        0.0
      ],
      [
        708482.9748978592,
        3146512.2640625928,
        0.0
      ],
      [
        708484.2591001571,
        3146490.96769974,
        0.0
      ],
      [
        708485.5935001571,
        3146477.4901997396,
        0.0
      ],
      [
        708485.248644011,
        3146474.0418320918,
        0.0
      ],
      [
        708485.0597001557,
        3146472.152499739,
        0.0
      ],
      [
        708477.7204001567,
        3146469.750599741,
        0.0
      ],
      [
        708459.8393001566,
        3146470.68459974,
        0.0
      ],
      [
        708433.8657001553,
        3146472.1522997404,
        0.0
      ],
      [
        708429.0143001552,
        3146457.0735997423,
        0.0
      ],
      [
        708428.5180001559,
        3146453.66669974,
        0.0
      ],
      [
        708426.9286001563,
        3146442.3316997425,
        0.0
      ],
      [
        708444.0037001567,
        3146443.353299741,
        0.0
      ],
      [
        708447.3157291259,
        3146444.1813157145,
        0.0
      ],
      [
        708449.4424140545,
        3146444.7129925536,
        0.0
      ],
      [
        708451.9462066705,
        3146445.3389473096,
        0.0
      ],
      [
        708453.4864001552,
        3146445.72399974,
        0.0
      ],
      [
        708454.5236001563,
        3146447.5019997405,
        0.0
      ],
      [
        708455.5608001556,
        3146449.279999739,
        0.0
      ],
      [
        708457.0776390965,
        3146450.724592003,
        0.0
      ],
      [
        708458.6723001561,
        3146452.2432997404,
        0.0
      ],
      [
        708461.1886764896,
        3146453.6035503065,
        0.0
      ],
      [
        708464.1544001553,
        3146455.206699741,
        0.0
      ],
      [
        708472.4518001558,
        3146455.2066997364,
        0.0
      ],
      [
        708488.602000155,
        3146452.539699739,
        0.0
      ],
      [
        708497.3438001564,
        3146450.1689997404,
        0.0
      ],
      [
        708502.7931001555,
        3146447.590799729,
        0.0
      ],
      [
        708503.3463601506,
        3146446.2162743476,
        0.0
      ],
      [
        708503.8259001557,
        3146445.0248997402,
        0.0
      ],
      [
        708501.3444001566,
        3146439.6490997397,
        0.0
      ],
      [
        708495.4177001581,
        3146430.46279974,
        0.0
      ],
      [
        708487.8906616297,
        3146420.1029683617,
        0.0
      ],
      [
        708481.6382001562,
        3146411.4973997385,
        0.0
      ],
      [
        708474.6513001563,
        3146401.161699737,
        0.0
      ],
      [
        708474.0861244099,
        3146398.901043813,
        0.0
      ],
      [
        708473.450300156,
        3146396.357799739,
        0.0
      ],
      [
        708473.1834001571,
        3146394.22279974,
        0.0
      ],
      [
        708444.1155740696,
        3146402.1507187514,
        0.0
      ]
    ]
  ]
}