{
  "code": "239787884",
  "epsg": 32639,
  "bbox_utm": {
    "minx": 709182.2759113924,
    "miny": 3148501.1913514957,
    "maxx": 709354.1781840203,
    "maxy": 3148673.0936241243
  },
  "polygon_utm": [
    [
      [
        709264.794438986,
        3148648.340172724,
        0.0
      ],
      [
        709314.6884639381,
        3148620.9910349487,
        0.0
      ],
      [
        709279.0627320078,
        3148525.7488190145,
        0.0
      ],
      [
        709272.2331198903,
        3148529.7954674633,
        0.0
      ],
      [
        709252.5020208072,
        3148541.4864707375,
        0.0
      ],
      [
        709221.7656314747,
        3148555.581266561,
        0.0
      ],
      [
        709261.1116535098,
        3148648.536156606,
        0.0
      ],
      [
        709264.794438986,
        3148648.340172724,
        0.0
      ]
    ]
  ]
}