{
  "code": "239796839",
  "epsg": 32639,
  "bbox_utm": {
    "minx": 709004.3459007462,
    "miny": 3148472.1064022128,
    "maxx": 709223.4846963774,
    "maxy": 3148691.2451978438
  },
  "polygon_utm": [
    [
      [
        709084.407120611,
        3148506.0805802266,
        0.0
      ],
      [
        709068.9461651715,
        3148518.3555102446,
        0.0
      ],
      [
        709065.6571029734,
        3148519.0567692816,
        0.0
      ],
      [
        709150.5300615565,
        3148659.939655611,
        0.0
      ],
      [
        709162.1734941503,
        3148655.440508108,
        0.0
      ],
      [
        709089.4637680079,
        3148508.560509021,
        0.0
      ],
      [
        709086.9150838932,
        3148503.4119444457,
        0.0
      ],
      [
        709084.407120611,
        3148506.0805802266,
        0.0
      ]
    ]
  ]
}