{
  "code": "239797414",
  "epsg": 32639,
  "bbox_utm": {
    "minx": 708870.5297167398,
    "miny": 3148112.50673501,
    "maxx": 709137.1407241452,
    "maxy": 3148379.1177424155
  },
  "polygon_utm": [
    [
      [
        709057.3794766143,
        3148311.308485646,
        0.0
      ],
      [
        709026.8385187887,
        3148237.97480398,
        0.0
      ],
      [
        709009.9902301962,
        3148197.5193919605,
        0.0
      ],
      [
        708988.220840005,
        3148150.5940217823,
        0.0
      ],
      [
        708950.2909642707,
        3148184.9558588644,
        0.0
      ],
      [
        708994.3256262596,
        3148295.2863499075,
        0.0
      ],
      [
        709006.8293429061,
        3148335.6557868375,
        0.0
      ],
      [
        709008.4940467103,
        3148341.0304556433,
        0.0
      ],
      [
        709057.3794766143,
        3148311.308485646,
        0.0
      ]
    ]
  ]
}