{
  "code": "239797346",
  "epsg": 32639,
  "bbox_utm": {
    "minx": 708979.7236624887,
    "miny": 3148291.0187961785,
    "maxx": 709121.7514887605,
    "maxy": 3148433.0466224505
  },
  "polygon_utm": [
    [
      [
        709042.9632312434,
        3148412.7569329827,
        0.0
      ],
      [
        709088.1962716457,
        3148396.3044139706,
        0.0
      ],
      [
        709092.9811045388,
        3148393.251982451,
        0.0
      ],
      [
        709090.7552932203,
        3148388.128857073,
        0.0
      ],
      [
        709057.3794766143,
        3148311.308485646,
        0.0
      ],
      [
        709008.4940467103,
        3148341.0304556433,
        0.0
      ],
      [
        709042.9632312434,
        3148412.7569329827,
        0.0
      ]
    ]
  ]
}