{
  "code": "239716464",
  "epsg": 32639,
  "bbox_utm": {
    "minx": 708827.0494734043,
    "miny": 3149813.691787026,
    "maxx": 709032.9905304272,
    "maxy": 3150019.6328440486
  },
  "polygon_utm": [
    [
      [
        708912.3541729959,
        3149951.282364967,
        0.0
      ],
      [
        708928.4872966085,
        3149934.9423730266,
        0.0
      ],
      [
        708938.4608771601,
        3149932.180221116,
        0.0
      ],
      [
        708960.5832079728,
        3149911.059460634,
        0.0
      ],
      [
        708966.2935288765,
        3149907.513103163,
        0.0
      ],
      [
        708995.2550554245,
        3149885.8723382484,
        0.0
      ],
      [
        709003.570379424,
        3149876.347577178,
        0.0
      ],
      [
        708979.3563358046,
        3149856.3112001084,
        0.0
      ],
      [
        708966.980823087,
        3149865.110348113,
        0.0
      ],
      [
        708950.9823596884,
        3149878.158557906,
        0.0
      ],
      [
        708935.9776103692,
        3149887.0417404347,
        0.0
      ],
      [
        708918.9153945852,
        3149893.4049429223,
        0.0
      ],
      [
        708909.6178048172,
        3149899.056404895,
        0.0
      ],
      [
        708895.353650958,
        3149910.632286825,
        0.0
      ],
      [
        708882.380967055,
        3149923.4728246117,
        0.0
      ],
      [
        708869.3716295583,
        3149934.678859321,
        0.0
      ],
      [
        708860.7315693684,
        3149944.00182825,
        0.0
      ],
      [
        708856.4696244076,
        3149954.6442258423,
        0.0
      ],
      [
        708870.5730950027,
        3149966.9196705045,
        0.0
      ],
      [
        708880.6743639249,
        3149975.2028499395,
        0.0
      ],
      [
        708886.9488686246,
        3149977.0134309656,
        0.0
      ],
      [
        708912.3541729959,
        3149951.282364967,
        0.0
      ]
    ]
  ]
}