{
  "code": "239759489",
  "epsg": 32639,
  "bbox_utm": {
    "minx": 707772.0130419952,
    "miny": 3148107.17354921,
    "maxx": 707887.2381265128,
    "maxy": 3148222.3986337283
  },
  "polygon_utm": [
    [
      [
        707869.8051001539,
        3148181.570199743,
        0.0
      ],
      [
        707870.6385001538,
        3148174.208099744,
        0.0
      ],
      [
        707870.7774001532,
        3148150.871799743,
        0.0
      ],
      [
        707869.2280001536,
        3148136.610299744,
        0.0
      ],
      [
        707868.1382001529,
        3148135.592099743,
        0.0
      ],
      [
        707861.1007001534,
        3148136.051799742,
        0.0
      ],
      [
        707859.8224693758,
        3148135.0007963316,
        0.0
      ],
      [
        707858.6053001529,
        3148133.999999742,
        0.0
      ],
      [
        707788.473768355,
        3148150.0165313478,
        0.0
      ],
      [
        707806.8553051637,
        3148195.572183197,
        0.0
      ],
      [
        707854.8479326764,
        3148186.484090048,
        0.0
      ],
      [
        707868.5549001535,
        3148188.237699742,
        0.0
      ],
      [
        707869.8051001539,
        3148181.570199743,
        0.0
      ]
    ]
  ]
}