{
  "code": "239788784",
  "epsg": 32639,
  "bbox_utm": {
    "minx": 709146.2581347324,
    "miny": 3148122.643844747,
    "maxx": 709424.7561952063,
    "maxy": 3148401.141905221
  },
  "polygon_utm": [
    [
      [
        709337.3861008023,
        3148349.52268218,
        0.0
      ],
      [
        709299.4074245999,
        3148268.3201041054,
        0.0
      ],
      [
        709306.696314435,
        3148262.920327026,
        0.0
      ],
      [
        709311.1256405842,
        3148259.6389836576,
        0.0
      ],
      [
        709297.6455098785,
        3148231.174616175,
        0.0
      ],
      [
        709281.7691011716,
        3148197.6504440033,
        0.0
      ],
      [
        709261.4708164645,
        3148162.429281958,
        0.0
      ],
      [
        709233.6282291363,
        3148196.417847631,
        0.0
      ],
      [
        709272.586258007,
        3148276.350827652,
        0.0
      ],
      [
        709310.457437762,
        3148356.3645887924,
        0.0
      ],
      [
        709313.7852761372,
        3148361.3564680107,
        0.0
      ],
      [
        709337.3861008023,
        3148349.52268218,
        0.0
      ]
    ]
  ]
}