{
  "code": "239796455",
  "epsg": 32639,
  "bbox_utm": {
    "minx": 709006.824262523,
    "miny": 3148564.009094929,
    "maxx": 709303.9954775401,
    "maxy": 3148861.180309946
  },
  "polygon_utm": [
    [
      [
        709241.6880982611,
        3148617.6018130626,
        0.0
      ],
      [
        709210.9147592463,
        3148633.787432751,
        0.0
      ],
      [
        709176.688945459,
        3148652.003318699,
        0.0
      ],
      [
        709135.0466242433,
        3148673.486291203,
        0.0
      ],
      [
        709081.972763834,
        3148702.3481938387,
        0.0
      ],
      [
        709049.2772932397,
        3148723.205915572,
        0.0
      ],
      [
        709063.6026688544,
        3148760.0622711075,
        0.0
      ],
      [
        709069.5116015446,
        3148797.291946852,
        0.0
      ],
      [
        709075.1104289503,
        3148807.587591812,
        0.0
      ],
      [
        709095.3816849943,
        3148805.5946561354,
        0.0
      ],
      [
        709168.0026984194,
        3148771.1020865887,
        0.0
      ],
      [
        709165.6674314791,
        3148766.3533915975,
        0.0
      ],
      [
        709145.1749776402,
        3148724.6826038975,
        0.0
      ],
      [
        709187.6842650505,
        3148698.770635705,
        0.0
      ],
      [
        709235.8900555789,
        3148677.6659877375,
        0.0
      ],
      [
        709261.5424468234,
        3148659.870199406,
        0.0
      ],
      [
        709241.6880982611,
        3148617.6018130626,
        0.0
      ]
    ]
  ]
}