{
  "code": "239760834",
  "epsg": 32639,
  "bbox_utm": {
    "minx": 707494.8402689808,
    "miny": 3147681.7908010357,
    "maxx": 708032.9624205815,
    "maxy": 3148219.912952636
  },
  "polygon_utm": [
    [
      [
        707858.5879002471,
        3148132.9164193515,
        0.0
      ],
      [
        707858.3959001527,
        3148120.959599742,
        0.0
      ],
      [
        707857.9969001528,
        3148117.0211997423,
        0.0
      ],
      [
        707849.524700154,
        3148061.5548997438,
        0.0
      ],
      [
        707838.9678001523,
        3148015.4379997426,
        0.0
      ],
      [
        707834.1105497847,
        3147995.7462653914,
        0.0
      ],
      [
        707833.8283001527,
        3147994.6019997434,
        0.0
      ],
      [
        707822.0136019464,
        3147991.9054477015,
        0.0
      ],
      [
        707819.0360423301,
        3147981.917551461,
        0.0
      ],
      [
        707813.3159682888,
        3147963.514627745,
        0.0
      ],
      [
        707803.6595815095,
        3147929.877678467,
        0.0
      ],
      [
        707792.4682065288,
        3147893.8604360414,
        0.0
      ],
      [
        707785.7247515143,
        3147873.8705869303,
        0.0
      ],
      [
        707778.9995919667,
        3147867.7383708428,
        0.0
      ],
      [
        707766.4434240711,
        3147864.379330458,
        0.0
      ],
      [
        707763.5349476985,
        3147850.470677544,
        0.0
      ],
      [
        707757.3261176385,
        3147829.967291342,
        0.0
      ],
      [
        707745.8947987689,
        3147792.63827799,
        0.0
      ],
      [
        707734.8090712313,
        3147765.512252819,
        0.0
      ],
      [
        707732.0387833659,
        3147758.6653941213,
        0.0
      ],
      [
        707713.2411848416,
        3147766.439134632,
        0.0
      ],
      [
        707690.954217616,
        3147778.334733581,
        0.0
      ],
      [
        707672.9126411559,
        3147787.95207712,
        0.0
      ],
      [
        707669.1973894094,
        3147789.9782463657,
        0.0
      ],
      [
        707691.2076867218,
        3147853.378223908,
        0.0
      ],
      [
        707702.0352522216,
        3147895.1411263472,
        0.0
      ],
      [
        707710.7194253446,
        3147909.4130359995,
        0.0
      ],
      [
        707769.3563875388,
        3147892.9297314044,
        0.0
      ],
      [
        707771.1678920279,
        3147894.5304429377,
        0.0
      ],
      [
        707782.7738418817,
        3147966.6360773514,
        0.0
      ],
      [
        707773.2276701869,
        3147971.435320865,
        0.0
      ],
      [
        707799.81831553,
        3148073.087872387,
        0.0
      ],
      [
        707819.0290651796,
        3148143.0383595503,
        0.0
      ],
      [
        707840.2762130324,
        3148138.1859685294,
        0.0
      ],
      [
        707853.1359367538,
        3148135.2490845616,
        0.0
      ],
      [
        707858.6053001529,
        3148133.999999742,
        0.0
      ],
      [
        707858.5879002471,
        3148132.9164193515,
        0.0
      ]
    ]
  ]
}