{
  "code": "239788186",
  "epsg": 32639,
  "bbox_utm": {
    "minx": 709021.0015049967,
    "miny": 3148185.8197231367,
    "maxx": 709511.0054205536,
    "maxy": 3148675.8236386944
  },
  "polygon_utm": [
    [
      [
        709315.977757344,
        3148533.6907380214,
        0.0
      ],
      [
        709338.6119579093,
        3148592.231393545,
        0.0
      ],
      [
        709341.8847479804,
        3148600.6960740457,
        0.0
      ],
      [
        709343.8670569387,
        3148605.8230793285,
        0.0
      ],
      [
        709366.6860588889,
        3148592.164470618,
        0.0
      ],
      [
        709324.2706339287,
        3148495.9281950626,
        0.0
      ],
      [
        709259.9109231203,
        3148361.218063754,
        0.0
      ],
      [
        709256.1676614061,
        3148364.811855031,
        0.0
      ],
      [
        709240.1901646964,
        3148376.554658916,
        0.0
      ],
      [
        709201.1414416237,
        3148296.3794325404,
        0.0
      ],
      [
        709184.5162174775,
        3148255.820282502,
        0.0
      ],
      [
        709165.3208666613,
        3148271.166480078,
        0.0
      ],
      [
        709167.5961407366,
        3148276.54462182,
        0.0
      ],
      [
        709184.4898626389,
        3148316.4768796116,
        0.0
      ],
      [
        709223.9246962443,
        3148398.539471974,
        0.0
      ],
      [
        709224.5338025625,
        3148399.8070022007,
        0.0
      ],
      [
        709243.8788399076,
        3148435.185094332,
        0.0
      ],
      [
        709258.9457774799,
        3148474.670270331,
        0.0
      ],
      [
        709279.0627320078,
        3148525.7488190145,
        0.0
      ],
      [
        709285.4822568245,
        3148542.9108458916,
        0.0
      ],
      [
        709315.977757344,
        3148533.6907380214,
        0.0
      ]
    ]
  ]
}