{
  "code": "239791889",
  "epsg": 32639,
  "bbox_utm": {
    "minx": 709199.5307807812,
    "miny": 3148046.4027968314,
    "maxx": 709488.4074302999,
    "maxy": 3148335.27944635
  },
  "polygon_utm": [
    [
      [
        709370.528741253,
        3148185.361308712,
        0.0
      ],
      [
        709357.3983222893,
        3148155.2085880334,
        0.0
      ],
      [
        709332.4355175991,
        3148110.578628235,
        0.0
      ],
      [
        709323.3812357254,
        3148087.6708896197,
        0.0
      ],
      [
        709309.4102706014,
        3148104.7920260243,
        0.0
      ],
      [
        709292.0515979822,
        3148135.073923452,
        0.0
      ],
      [
        709283.4303620058,
        3148146.947681146,
        0.0
      ],
      [
        709285.1718059288,
        3148152.7110453662,
        0.0
      ],
      [
        709291.2426877678,
        3148165.798064366,
        0.0
      ],
      [
        709311.9016445407,
        3148201.200298506,
        0.0
      ],
      [
        709331.0491234197,
        3148232.9152443027,
        0.0
      ],
      [
        709343.997784459,
        3148258.506498678,
        0.0
      ],
      [
        709359.1915259887,
        3148285.9726409046,
        0.0
      ],
      [
        709362.8405165318,
        3148292.5690209377,
        0.0
      ],
      [
        709370.4365167585,
        3148294.0113535617,
        0.0
      ],
      [
        709404.5078490754,
        3148269.7791729504,
        0.0
      ],
      [
        709393.993650573,
        3148240.30934101,
        0.0
      ],
      [
        709394.8562203707,
        3148236.141410516,
        0.0
      ],
      [
        709370.528741253,
        3148185.361308712,
        0.0
      ]
    ]
  ]
}