{
  "code": "239788670",
  "epsg": 32639,
  "bbox_utm": {
    "minx": 709143.1830221816,
    "miny": 3148161.452163123,
    "maxx": 709387.9428137374,
    "maxy": 3148406.211954679
  },
  "polygon_utm": [
    [
      [
        709296.5265816334,
        3148371.246270171,
        0.0
      ],
      [
        709313.7852761372,
        3148361.3564680107,
        0.0
      ],
      [
        709310.457437762,
        3148356.3645887924,
        0.0
      ],
      [
        709272.586258007,
        3148276.350827652,
        0.0
      ],
      [
        709233.6282291363,
        3148196.417847631,
        0.0
      ],
      [
        709217.3405597819,
        3148213.002098892,
        0.0
      ],
      [
        709254.380540722,
        3148287.9131657397,
        0.0
      ],
      [
        709280.6833308989,
        3148343.1427637246,
        0.0
      ],
      [
        709283.2635111515,
        3148348.5605481183,
        0.0
      ],
      [
        709296.5265816334,
        3148371.246270171,
        0.0
      ]
    ]
  ]
}