{
  "code": "239788896",
  "epsg": 32639,
  "bbox_utm": {
    "minx": 709216.8171643913,
    "miny": 3148303.040753257,
    "maxx": 709542.1906668488,
    "maxy": 3148628.4142557154
  },
  "polygon_utm": [
    [
      [
        709313.7852761372,
        3148361.3564680107,
        0.0
      ],
      [
        709338.7661305529,
        3148404.9400129723,
        0.0
      ],
      [
        709374.6282628744,
        3148486.888563353,
        0.0
      ],
      [
        709356.8442302526,
        3148496.768818166,
        0.0
      ],
      [
        709349.6065100715,
        3148504.7450241917,
        0.0
      ],
      [
        709382.3991701596,
        3148581.9323267927,
        0.0
      ],
      [
        709445.2225551029,
        3148551.710972059,
        0.0
      ],
      [
        709422.0497665082,
        3148506.8147561247,
        0.0
      ],
      [
        709392.3789718873,
        3148449.3289513113,
        0.0
      ],
      [
        709337.3861008023,
        3148349.52268218,
        0.0
      ],
      [
        709313.7852761372,
        3148361.3564680107,
        0.0
      ]
    ]
  ]
}