{
  "code": "239787934",
  "epsg": 32639,
  "bbox_utm": {
    "minx": 709253.5644490324,
    "miny": 3148516.230678636,
    "maxx": 709375.7848647308,
    "maxy": 3148638.4510943335
  },
  "polygon_utm": [
    [
      [
        709343.8670569387,
        3148605.8230793285,
        0.0
      ],
      [
        709315.977757344,
        3148533.6907380214,
        0.0
      ],
      [
        709285.4822568245,
        3148542.91084589,
        0.0
      ],
      [
        709312.4919411298,
        3148615.1187962233,
        0.0
      ],
      [
        709314.6884639381,
        3148620.9910349487,
        0.0
      ],
      [
        709343.8670569387,
        3148605.8230793285,
        0.0
      ]
    ]
  ]
}