{
  "code": "239715186",
  "epsg": 32639,
  "bbox_utm": {
    "minx": 707431.80384885,
    "miny": 3144967.082439746,
    "maxx": 707826.2556688507,
    "maxy": 3145361.534259747
  },
  "polygon_utm": [
    [
      [
        707590.020391555,
        3145093.4057962233,
        0.0
      ],
      [
        707592.5620739597,
        3145143.139143545,
        0.0
      ],
      [
        707581.8248756083,
        3145170.670977937,
        0.0
      ],
      [
        707575.6888095436,
        3145190.6997751803,
        0.0
      ],
      [
        707574.1818595353,
        3145216.563421192,
        0.0
      ],
      [
        707562.8497060359,
        3145233.100936293,
        0.0
      ],
      [
        707556.0684175476,
        3145259.9176821774,
        0.0
      ],
      [
        707580.1587046122,
        3145280.217059997,
        0.0
      ],
      [
        707620.9516001523,
        3145305.1839997466,
        0.0
      ],
      [
        707621.5443001523,
        3145296.1458997456,
        0.0
      ],
      [
        707623.1741001533,
        3145290.3672997453,
        0.0
      ],
      [
        707626.8783001527,
        3145278.217699747,
        0.0
      ],
      [
        707629.8416001529,
        3145269.0312997475,
        0.0
      ],
      [
        707630.8788001523,
        3145263.1045997455,
        0.0
      ],
      [
        707631.7678001514,
        3145247.3988997475,
        0.0
      ],
      [
        707633.101300152,
        3145232.434099748,
        0.0
      ],
      [
        707635.4720001528,
        3145223.9884997467,
        0.0
      ],
      [
        707638.5835001512,
        3145215.6911997446,
        0.0
      ],
      [
        707641.3188888053,
        3145211.5880812616,
        0.0
      ],
      [
        707642.4358001526,
        3145209.9126997446,
        0.0
      ],
      [
        707645.4085698932,
        3145172.575361005,
        0.0
      ],
      [
        707663.7622001539,
        3145132.561299746,
        0.0
      ],
      [
        707667.9910794997,
        3145121.7809347883,
        0.0
      ],
      [
        707669.177814274,
        3145118.674907021,
        0.0
      ],
      [
        707669.8857300124,
        3145116.822087009,
        0.0
      ],
      [
        707671.6247001516,
        3145112.2706997446,
        0.0
      ],
      [
        707681.5519001532,
        3145097.009499744,
        0.0
      ],
      [
        707693.1470001527,
        3145080.3528997465,
        0.0
      ],
      [
        707700.2209001529,
        3145070.1911997455,
        0.0
      ],
      [
        707701.9911001531,
        3145067.367099747,
        0.0
      ],
      [
        707684.2328001534,
        3145052.621599746,
        0.0
      ],
      [
        707666.1565001529,
        3145036.767699746,
        0.0
      ],
      [
        707652.376900152,
        3145023.432699746,
        0.0
      ],
      [
        707638.9301454286,
        3145033.875936025,
        0.0
      ],
      [
        707624.7725466596,
        3145044.858311763,
        0.0
      ],
      [
        707617.857856141,
        3145050.2221966023,
        0.0
      ],
      [
        707601.4489646114,
        3145063.931927598,
        0.0
      ],
      [
        707590.2950001525,
        3145075.439299746,
        0.0
      ],
      [
        707590.020391555,
        3145093.4057962233,
        0.0
      ]
    ]
  ]
}