{
  "code": "239759719",
  "epsg": 32639,
  "bbox_utm": {
    "minx": 707651.439233151,
    "miny": 3147935.7190787685,
    "maxx": 707901.4529278271,
    "maxy": 3148185.732773444
  },
  "polygon_utm": [
    [
      [
        707799.81831553,
        3148073.087872387,
        0.0
      ],
      [
        707773.2276701869,
        3147971.435320865,
        0.0
      ],
      [
        707733.8630957985,
        3147983.02929723,
        0.0
      ],
      [
        707767.9396090615,
        3148092.395883112,
        0.0
      ],
      [
        707788.473768355,
        3148150.0165313478,
        0.0
      ],
      [
        707812.6367859085,
        3148144.4982184796,
        0.0
      ],
      [
        707816.5519260222,
        3148143.6040847893,
        0.0
      ],
      [
        707819.0290651796,
        3148143.0383595503,
        0.0
      ],
      [
        707799.81831553,
        3148073.087872387,
        0.0
      ]
    ]
  ]
}