{
  "code": "239770491",
  "epsg": 32639,
  "bbox_utm": {
    "minx": 708373.0323007434,
    "miny": 3146149.7331364695,
    "maxx": 708676.4040555971,
    "maxy": 3146453.1048913235
  },
  "polygon_utm": [
    [
      [
        708533.4154001558,
        3146239.890199738,
        0.0
      ],
      [
        708530.0348001558,
        3146241.5221997392,
        0.0
      ],
      [
        708490.6682001554,
        3146252.5724997385,
        0.0
      ],
      [
        708483.0712001559,
        3146254.98969974,
        0.0
      ],
      [
        708480.4813001564,
        3146255.1623997404,
        0.0
      ],
      [
        708479.6525040233,
        3146253.504807475,
        0.0
      ],
      [
        708478.2367001553,
        3146250.673199742,
        0.0
      ],
      [
        708476.6827001566,
        3146245.3206997416,
        0.0
      ],
      [
        708465.4590001547,
        3146215.099599742,
        0.0
      ],
      [
        708454.4383908284,
        3146219.810112118,
        0.0
      ],
      [
        708441.7325934799,
        3146224.8152818587,
        0.0
      ],
      [
        708429.5431141932,
        3146230.352587441,
        0.0
      ],
      [
        708420.4329909389,
        3146240.1283051847,
        0.0
      ],
      [
        708416.3711228654,
        3146246.855357875,
        0.0
      ],
      [
        708421.3029924869,
        3146265.247290334,
        0.0
      ],
      [
        708428.1520928328,
        3146294.132911424,
        0.0
      ],
      [
        708440.2335338646,
        3146324.4184982204,
        0.0
      ],
      [
        708453.9516741207,
        3146351.333563452,
        0.0
      ],
      [
        708466.1069798785,
        3146377.436460397,
        0.0
      ],
      [
        708471.9704010253,
        3146387.738428051,
        0.0
      ],
      [
        708537.4260547428,
        3146357.778984996,
        0.0
      ],
      [
        708549.3064243644,
        3146354.8513253336,
        0.0
      ],
      [
        708551.8287060163,
        3146346.005173774,
        0.0
      ],
      [
        708594.4408643217,
        3146329.500830091,
        0.0
      ],
      [
        708633.0652334752,
        3146315.5409468,
        0.0
      ],
      [
        708631.3204717874,
        3146280.4696898675,
        0.0
      ],
      [
        708631.8774001568,
        3146251.683899742,
        0.0
      ],
      [
        708598.2357001561,
        3146265.003999739,
        0.0
      ],
      [
        708591.6746001573,
        3146267.42129974,
        0.0
      ],
      [
        708586.1239477876,
        3146264.7642909936,
        0.0
      ],
      [
        708582.5236001574,
        3146253.6083997395,
        0.0
      ],
      [
        708580.6243001563,
        3146247.2199997394,
        0.0
      ],
      [
        708579.5913050241,
        3146240.6461866754,
        0.0
      ],
      [
        708543.8594989793,
        3146246.7574817096,
        0.0
      ],
      [
        708535.0420001574,
        3146239.10499974,
        0.0
      ],
      [
        708533.4154001558,
        3146239.890199738,
        0.0
      ]
    ]
  ]
}