{
  "code": "239788964",
  "epsg": 32639,
  "bbox_utm": {
    "minx": 709150.63230089,
    "miny": 3148299.8397636185,
    "maxx": 709491.6777923899,
    "maxy": 3148640.8852551174
  },
  "polygon_utm": [
    [
      [
        709296.5265816334,
        3148371.2462701704,
        0.0
      ],
      [
        709283.2635111515,
        3148348.5605481183,
        0.0
      ],
      [
        709259.9109231203,
        3148361.2180637526,
        0.0
      ],
      [
        709324.2706339287,
        3148495.9281950626,
        0.0
      ],
      [
        709366.6860588889,
        3148592.164470618,
        0.0
      ],
      [
        709382.3991701596,
        3148581.9323267927,
        0.0
      ],
      [
        709380.3010639555,
        3148576.993808295,
        0.0
      ],
      [
        709349.6065100715,
        3148504.7450241917,
        0.0
      ],
      [
        709356.8442302532,
        3148496.768818166,
        0.0
      ],
      [
        709374.6282628744,
        3148486.888563353,
        0.0
      ],
      [
        709338.7661305529,
        3148404.9400129723,
        0.0
      ],
      [
        709313.7852761372,
        3148361.3564680107,
        0.0
      ],
      [
        709296.5265816334,
        3148371.2462701704,
        0.0
      ]
    ]
  ]
}