{
  "code": "239716075",
  "epsg": 32639,
  "bbox_utm": {
    "minx": 707294.5758410586,
    "miny": 3144899.5266191754,
    "maxx": 707727.9642517254,
    "maxy": 3145332.9150298424
  },
  "polygon_utm": [
    [
      [
        707460.9791001519,
        3145120.5512997443,
        0.0
      ],
      [
        707464.3869001524,
        3145126.9224997438,
        0.0
      ],
      [
        707466.6094001526,
        3145130.4784997446,
        0.0
      ],
      [
        707467.8150333739,
        3145133.6935397545,
        0.0
      ],
      [
        707468.8319001503,
        3145136.4051997485,
        0.0
      ],
      [
        707468.8319001516,
        3145142.3318997486,
        0.0
      ],
      [
        707467.4984001523,
        3145148.5548997456,
        0.0
      ],
      [
        707467.6466001512,
        3145153.148099747,
        0.0
      ],
      [
        707468.8319001523,
        3145157.7411997467,
        0.0
      ],
      [
        707471.4989001527,
        3145161.8898997484,
        0.0
      ],
      [
        707480.9816001506,
        3145172.1133997464,
        0.0
      ],
      [
        707494.9093001529,
        3145185.003999749,
        0.0
      ],
      [
        707504.9846001517,
        3145198.487199746,
        0.0
      ],
      [
        707510.0223001525,
        3145204.413799745,
        0.0
      ],
      [
        707511.8003001539,
        3145206.4881997453,
        0.0
      ],
      [
        707512.9331033254,
        3145209.015188279,
        0.0
      ],
      [
        707513.8809708634,
        3145211.1296336306,
        0.0
      ],
      [
        707515.6527001522,
        3145215.081899748,
        0.0
      ],
      [
        707517.2825001527,
        3145218.9341997467,
        0.0
      ],
      [
        707519.9495001528,
        3145224.1199997463,
        0.0
      ],
      [
        707521.8757001511,
        3145227.2314997464,
        0.0
      ],
      [
        707522.5423218539,
        3145229.776875569,
        0.0
      ],
      [
        707523.505500152,
        3145233.454599747,
        0.0
      ],
      [
        707523.8018001509,
        3145240.270199745,
        0.0
      ],
      [
        707523.7734001523,
        3145241.579099746,
        0.0
      ],
      [
        707523.6537001522,
        3145247.0858997465,
        0.0
      ],
      [
        707523.5055001527,
        3145251.679099746,
        0.0
      ],
      [
        707524.0982001513,
        3145255.975899746,
        0.0
      ],
      [
        707524.9091028937,
        3145257.50761506,
        0.0
      ],
      [
        707526.7652001523,
        3145261.013599747,
        0.0
      ],
      [
        707528.3809661791,
        3145262.7909805435,
        0.0
      ],
      [
        707529.728500152,
        3145264.2732997467,
        0.0
      ],
      [
        707530.782303735,
        3145266.4878998976,
        0.0
      ],
      [
        707531.8029001523,
        3145269.0145997456,
        0.0
      ],
      [
        707532.9305001537,
        3145271.0023997473,
        0.0
      ],
      [
        707550.263855489,
        3145261.123057605,
        0.0
      ],
      [
        707556.0726070744,
        3145244.7498349175,
        0.0
      ],
      [
        707562.7342148493,
        3145224.7303777086,
        0.0
      ],
      [
        707570.2394810432,
        3145201.587540172,
        0.0
      ],
      [
        707582.0458524626,
        3145158.1220118552,
        0.0
      ],
      [
        707586.1297926316,
        3145120.2737562642,
        0.0
      ],
      [
        707583.4825837301,
        3145091.4600351835,
        0.0
      ],
      [
        707578.1524983408,
        3145080.6438775565,
        0.0
      ],
      [
        707554.2651716205,
        3145078.654168748,
        0.0
      ],
      [
        707545.0671153866,
        3145078.492229014,
        0.0
      ],
      [
        707538.0681266238,
        3145072.877096632,
        0.0
      ],
      [
        707520.7406672224,
        3145041.7126927376,
        0.0
      ],
      [
        707513.7043396971,
        3145023.2823907547,
        0.0
      ],
      [
        707511.7476930153,
        3144970.1591081093,
        0.0
      ],
      [
        707476.9374004574,
        3144961.439249271,
        0.0
      ],
      [
        707466.941642323,
        3144961.786383036,
        0.0
      ],
      [
        707448.5321320838,
        3144977.153736427,
        0.0
      ],
      [
        707439.0815729771,
        3145006.277832586,
        0.0
      ],
      [
        707436.4103001523,
        3145014.0131997475,
        0.0
      ],
      [
        707440.0931490469,
        3145017.6960486434,
        0.0
      ],
      [
        707445.8804001523,
        3145023.483299747,
        0.0
      ],
      [
        707457.9059001522,
        3145040.7699997467,
        0.0
      ],
      [
        707462.866400152,
        3145047.684699747,
        0.0
      ],
      [
        707465.6932468067,
        3145054.498063198,
        0.0
      ],
      [
        707467.7802358882,
        3145059.528196371,
        0.0
      ],
      [
        707468.7289001528,
        3145061.814699748,
        0.0
      ],
      [
        707468.2779001517,
        3145064.821099746,
        0.0
      ],
      [
        707463.4677001508,
        3145071.7357997475,
        0.0
      ],
      [
        707458.3569001534,
        3145074.8924997477,
        0.0
      ],
      [
        707450.0893001516,
        3145078.951099745,
        0.0
      ],
      [
        707444.8582001526,
        3145082.0025997474,
        0.0
      ],
      [
        707447.4959001539,
        3145086.028399747,
        0.0
      ],
      [
        707452.8299001526,
        3145099.5115997475,
        0.0
      ],
      [
        707457.1267001526,
        3145111.9576997464,
        0.0
      ],
      [
        707459.1706001514,
        3145116.517099746,
        0.0
      ],
      [
        707460.9791001519,
        3145120.5512997443,
        0.0
      ]
    ]
  ]
}