{
  "code": "239870515",
  "epsg": 32639,
  "bbox_utm": {
    "minx": 709457.7051427432,
    "miny": 3148330.925333019,
    "maxx": 709605.2997587763,
    "maxy": 3148478.519949051
  },
  "polygon_utm": [
    [
      [
        709500.6094133223,
        3148422.494755167,
        0.0
      ],
      [
        709514.8478704385,
        3148449.416046166,
        0.0
      ],
      [
        709517.2371723689,
        3148457.4350039037,
        0.0
      ],
      [
        709576.2294620372,
        3148423.202857453,
        0.0
      ],
      [
        709568.3520322761,
        3148396.509433024,
        0.0
      ],
      [
        709552.9696599729,
        3148374.796628738,
        0.0
      ],
      [
        709541.125922297,
        3148360.990347662,
        0.0
      ],
      [
        709536.0294474503,
        3148352.010278166,
        0.0
      ],
      [
        709504.3580816295,
        3148389.0608796403,
        0.0
      ],
      [
        709486.7754394822,
        3148402.378350537,
        0.0
      ],
      [
        709500.6094133223,
        3148422.494755167,
        0.0
      ]
    ]
  ]
}