{
  "code": "239866105",
  "epsg": 32639,
  "bbox_utm": {
    "minx": 709445.643966638,
    "miny": 3147964.7933554053,
    "maxx": 709579.3905561073,
    "maxy": 3148098.539944875
  },
  "polygon_utm": [
    [
      [
        709539.3258522243,
        3148063.387381287,
        0.0
      ],
      [
        709537.3508787241,
        3148058.01001049,
        0.0
      ],
      [
        709516.5142356146,
        3148001.2771246955,
        0.0
      ],
      [
        709509.7271999097,
        3147983.900011044,
        0.0
      ],
      [
        709495.3718717974,
        3147993.057180202,
        0.0
      ],
      [
        709495.2835223106,
        3147998.0233465675,
        0.0
      ],
      [
        709485.7086705212,
        3148004.3895050134,
        0.0
      ],
      [
        709486.3341446001,
        3148013.5517174806,
        0.0
      ],
      [
        709515.3864767753,
        3148079.4332892364,
        0.0
      ],
      [
        709539.3258522243,
        3148063.387381287,
        0.0
      ]
    ]
  ]
}