{
  "code": "239808859",
  "epsg": 32639,
  "bbox_utm": {
    "minx": 708745.7833248003,
    "miny": 3148240.431696313,
    "maxx": 708977.0154556473,
    "maxy": 3148471.66382716
  },
  "polygon_utm": [
    [
      [
        708869.9036006364,
        3148316.3477555634,
        0.0
      ],
      [
        708854.8954243298,
        3148273.464857863,
        0.0
      ],
      [
        708819.2814155032,
        3148295.840985477,
        0.0
      ],
      [
        708828.8418748458,
        3148334.705360693,
        0.0
      ],
      [
        708846.8158317145,
        3148403.0012463266,
        0.0
      ],
      [
        708859.6911031872,
        3148432.773403634,
        0.0
      ],
      [
        708865.6318546968,
        3148438.6306656105,
        0.0
      ],
      [
        708903.5173649443,
        3148421.5242686137,
        0.0
      ],
      [
        708901.1938372841,
        3148415.495894921,
        0.0
      ],
      [
        708892.9650171418,
        3148394.1462877286,
        0.0
      ],
      [
        708869.9036006364,
        3148316.3477555634,
        0.0
      ]
    ]
  ]
}