{
  "code": "239849746",
  "epsg": 32639,
  "bbox_utm": {
    "minx": 709518.126691049,
    "miny": 3148126.061597776,
    "maxx": 709698.1541047231,
    "maxy": 3148306.0890114508
  },
  "polygon_utm": [
    [
      [
        709612.7865640583,
        3148159.2291576737,
        0.0
      ],
      [
        709595.8132992389,
        3148167.8165419116,
        0.0
      ],
      [
        709584.0599868093,
        3148163.6854938716,
        0.0
      ],
      [
        709553.6500396681,
        3148174.1254302864,
        0.0
      ],
      [
        709551.6460756802,
        3148183.354025172,
        0.0
      ],
      [
        709546.8794956112,
        3148214.9053201433,
        0.0
      ],
      [
        709547.7629809966,
        3148224.333426455,
        0.0
      ],
      [
        709570.5183011385,
        3148260.0347859757,
        0.0
      ],
      [
        709581.9830774188,
        3148280.370809497,
        0.0
      ],
      [
        709642.0308399887,
        3148243.7903571064,
        0.0
      ],
      [
        709669.4013001608,
        3148226.9668997303,
        0.0
      ],
      [
        709661.9930001611,
        3148211.4092997313,
        0.0
      ],
      [
        709646.9911001609,
        3148177.886599733,
        0.0
      ],
      [
        709642.9165001601,
        3148168.440899731,
        0.0
      ],
      [
        709641.2496001596,
        3148163.440299731,
        0.0
      ],
      [
        709639.9532001625,
        3148159.3656997313,
        0.0
      ],
      [
        709639.0271001604,
        3148155.8466997296,
        0.0
      ],
      [
        709638.85030016,
        3148151.7797997296,
        0.0
      ],
      [
        709636.1823339702,
        3148152.481835969,
        0.0
      ],
      [
        709632.5448001609,
        3148153.438999731,
        0.0
      ],
      [
        709624.9513001598,
        3148156.2170997323,
        0.0
      ],
      [
        709621.2479001607,
        3148156.778299732,
        0.0
      ],
      [
        709612.7865640583,
        3148159.2291576737,
        0.0
      ]
    ]
  ]
}