{
  "code": "239807274",
  "epsg": 32639,
  "bbox_utm": {
    "minx": 708577.6425453421,
    "miny": 3148356.1642319756,
    "maxx": 709022.5838116243,
    "maxy": 3148801.105498258
  },
  "polygon_utm": [
    [
      [
        708850.9066863904,
        3148602.0352914743,
        0.0
      ],
      [
        708811.1824954133,
        3148530.2173696267,
        0.0
      ],
      [
        708782.1493924122,
        3148477.935927368,
        0.0
      ],
      [
        708743.234279079,
        3148419.727270016,
        0.0
      ],
      [
        708735.8338313189,
        3148496.20037463,
        0.0
      ],
      [
        708730.7191938409,
        3148577.1580844643,
        0.0
      ],
      [
        708734.2879529371,
        3148613.039339959,
        0.0
      ],
      [
        708753.0610370686,
        3148647.2485549403,
        0.0
      ],
      [
        708769.9292131999,
        3148677.986555131,
        0.0
      ],
      [
        708782.5127187888,
        3148705.558497995,
        0.0
      ],
      [
        708801.1871092682,
        3148693.704611677,
        0.0
      ],
      [
        708823.2798004668,
        3148729.7834061864,
        0.0
      ],
      [
        708825.9016148022,
        3148737.5424602176,
        0.0
      ],
      [
        708851.8894486974,
        3148724.4084669985,
        0.0
      ],
      [
        708861.2802066559,
        3148728.36598443,
        0.0
      ],
      [
        708859.4311384491,
        3148714.084555857,
        0.0
      ],
      [
        708853.3392467324,
        3148703.8767838143,
        0.0
      ],
      [
        708840.4094463848,
        3148681.2450538897,
        0.0
      ],
      [
        708846.2721184295,
        3148675.961386409,
        0.0
      ],
      [
        708852.5818744185,
        3148670.5634636083,
        0.0
      ],
      [
        708868.484376865,
        3148663.0022730636,
        0.0
      ],
      [
        708868.8320801747,
        3148658.527671849,
        0.0
      ],
      [
        708869.2994649304,
        3148652.5128875514,
        0.0
      ],
      [
        708869.5071631256,
        3148651.0306087965,
        0.0
      ],
      [
        708850.9066863904,
        3148602.0352914743,
        0.0
      ]
    ]
  ]
}