{
  "code": "239870885",
  "epsg": 32639,
  "bbox_utm": {
    "minx": 709147.7248845203,
    "miny": 3148673.5683739255,
    "maxx": 709480.2188109343,
    "maxy": 3149006.06230034
  },
  "polygon_utm": [
    [
      [
        709231.0126362179,
        3148922.515319235,
        0.0
      ],
      [
        709249.0702668087,
        3148911.9865646586,
        0.0
      ],
      [
        709309.847273573,
        3148871.1059670667,
        0.0
      ],
      [
        709338.9682682513,
        3148851.754301507,
        0.0
      ],
      [
        709350.4244687604,
        3148850.3893845743,
        0.0
      ],
      [
        709364.0242661117,
        3148846.709633248,
        0.0
      ],
      [
        709395.1227941301,
        3148827.001060115,
        0.0
      ],
      [
        709424.1952289911,
        3148810.3937857086,
        0.0
      ],
      [
        709420.7426331784,
        3148797.6524276366,
        0.0
      ],
      [
        709426.2772014971,
        3148789.3847327423,
        0.0
      ],
      [
        709432.7196785895,
        3148781.7867921703,
        0.0
      ],
      [
        709431.6555667925,
        3148779.7416816493,
        0.0
      ],
      [
        709419.985476202,
        3148757.11535503,
        0.0
      ],
      [
        709398.7483513774,
        3148770.920862359,
        0.0
      ],
      [
        709351.1500339023,
        3148798.5061653564,
        0.0
      ],
      [
        709328.4660190458,
        3148806.861090342,
        0.0
      ],
      [
        709308.6597255971,
        3148812.2606372433,
        0.0
      ],
      [
        709267.9219821418,
        3148827.2228764845,
        0.0
      ],
      [
        709222.6096032788,
        3148851.907947248,
        0.0
      ],
      [
        709195.2240168651,
        3148866.9687886657,
        0.0
      ],
      [
        709203.0033992194,
        3148886.723202492,
        0.0
      ],
      [
        709215.0213933152,
        3148905.498994146,
        0.0
      ],
      [
        709218.4265723331,
        3148906.131411996,
        0.0
      ],
      [
        709231.0126362179,
        3148922.515319235,
        0.0
      ]
    ]
  ]
}