{
  "code": "239808695",
  "epsg": 32639,
  "bbox_utm": {
    "minx": 708698.4722343836,
    "miny": 3148262.377598261,
    "maxx": 708932.7159448947,
    "maxy": 3148496.6213087724
  },
  "polygon_utm": [
    [
      [
        708841.8827764381,
        3148458.863823401,
        0.0
      ],
      [
        708848.3010522709,
        3148437.800335833,
        0.0
      ],
      [
        708859.6911031872,
        3148432.773403634,
        0.0
      ],
      [
        708846.8158317145,
        3148403.0012463266,
        0.0
      ],
      [
        708828.8418748458,
        3148334.705360693,
        0.0
      ],
      [
        708819.2814155032,
        3148295.840985477,
        0.0
      ],
      [
        708771.497076091,
        3148337.6101976875,
        0.0
      ],
      [
        708783.681754159,
        3148361.8797088964,
        0.0
      ],
      [
        708812.5483031345,
        3148423.570852966,
        0.0
      ],
      [
        708830.495996473,
        3148457.650092386,
        0.0
      ],
      [
        708833.3966723839,
        3148463.1579215564,
        0.0
      ],
      [
        708841.8827764381,
        3148458.863823401,
        0.0
      ]
    ]
  ]
}