{
  "code": "239870304",
  "epsg": 32639,
  "bbox_utm": {
    "minx": 709491.6768214236,
    "miny": 3148264.5432572747,
    "maxx": 709682.8732875377,
    "maxy": 3148455.739723389
  },
  "polygon_utm": [
    [
      [
        709607.8640926022,
        3148406.2154186517,
        0.0
      ],
      [
        709632.7214712561,
        3148382.865888811,
        0.0
      ],
      [
        709638.520661511,
        3148380.3482741616,
        0.0
      ],
      [
        709637.2949270527,
        3148376.9339270038,
        0.0
      ],
      [
        709632.9215736403,
        3148371.627022903,
        0.0
      ],
      [
        709606.7257288479,
        3148322.530495217,
        0.0
      ],
      [
        709585.5190189106,
        3148291.857038148,
        0.0
      ],
      [
        709582.215448166,
        3148296.8465263788,
        0.0
      ],
      [
        709568.3626232877,
        3148307.3195458483,
        0.0
      ],
      [
        709536.0294474503,
        3148352.010278166,
        0.0
      ],
      [
        709541.125922297,
        3148360.990347662,
        0.0
      ],
      [
        709552.9696599729,
        3148374.796628738,
        0.0
      ],
      [
        709568.3520322761,
        3148396.509433024,
        0.0
      ],
      [
        709577.7708307179,
        3148428.4259425155,
        0.0
      ],
      [
        709607.8640926022,
        3148406.2154186517,
        0.0
      ]
    ]
  ]
}