{
  "code": "239866051",
  "epsg": 32639,
  "bbox_utm": {
    "minx": 709415.5268786476,
    "miny": 3147917.0499936217,
    "maxx": 709715.4482214228,
    "maxy": 3148216.971336398
  },
  "polygon_utm": [
    [
      [
        709587.1687001605,
        3148073.2435997305,
        0.0
      ],
      [
        709584.2053001599,
        3148064.1683997316,
        0.0
      ],
      [
        709583.0941001609,
        3148057.130499733,
        0.0
      ],
      [
        709582.1680001596,
        3148052.6854997324,
        0.0
      ],
      [
        709581.2385079514,
        3148048.386410058,
        0.0
      ],
      [
        709580.6864001609,
        3148045.8327997313,
        0.0
      ],
      [
        709580.6864001602,
        3148041.7581997304,
        0.0
      ],
      [
        709580.6864001607,
        3148039.535699732,
        0.0
      ],
      [
        709580.1656126851,
        3148036.039092861,
        0.0
      ],
      [
        709579.3899001605,
        3148030.830899732,
        0.0
      ],
      [
        709577.5378001605,
        3148024.533799733,
        0.0
      ],
      [
        709577.1674001594,
        3148020.273999733,
        0.0
      ],
      [
        709577.16740016,
        3148013.235999732,
        0.0
      ],
      [
        709578.0935001607,
        3147999.1601997307,
        0.0
      ],
      [
        709578.4639001611,
        3147991.3813997325,
        0.0
      ],
      [
        709577.5378001613,
        3147989.344099732,
        0.0
      ],
      [
        709575.5005001603,
        3147986.565999731,
        0.0
      ],
      [
        709573.0928001595,
        3147984.8990997323,
        0.0
      ],
      [
        709570.6851001607,
        3147983.787799731,
        0.0
      ],
      [
        709567.5366001597,
        3147983.417399731,
        0.0
      ],
      [
        709561.9803001606,
        3147982.86179973,
        0.0
      ],
      [
        709558.6465001601,
        3147981.380099731,
        0.0
      ],
      [
        709555.4980001595,
        3147979.3427997343,
        0.0
      ],
      [
        709553.4607001593,
        3147977.861199731,
        0.0
      ],
      [
        709550.312100161,
        3147973.0456997324,
        0.0
      ],
      [
        709549.0157001611,
        3147969.897199733,
        0.0
      ],
      [
        709547.1636001612,
        3147965.452199731,
        0.0
      ],
      [
        709545.1263001608,
        3147962.8592997347,
        0.0
      ],
      [
        709542.5320746985,
        3147961.3219386693,
        0.0
      ],
      [
        709540.1257001599,
        3147959.8958997326,
        0.0
      ],
      [
        709533.4830739085,
        3147963.4058492007,
        0.0
      ],
      [
        709509.7271999097,
        3147983.900011044,
        0.0
      ],
      [
        709516.5142356146,
        3148001.2771246955,
        0.0
      ],
      [
        709539.3258522243,
        3148063.387381287,
        0.0
      ],
      [
        709515.3864767753,
        3148079.4332892373,
        0.0
      ],
      [
        709536.7656832535,
        3148133.412497961,
        0.0
      ],
      [
        709553.6500396681,
        3148174.1254302864,
        0.0
      ],
      [
        709584.0599868093,
        3148163.6854938725,
        0.0
      ],
      [
        709595.8132992389,
        3148167.8165419116,
        0.0
      ],
      [
        709612.7865640583,
        3148159.2291576737,
        0.0
      ],
      [
        709621.2479001607,
        3148156.778299732,
        0.0
      ],
      [
        709617.1190097312,
        3148150.1984649976,
        0.0
      ],
      [
        709610.31980016,
        3148139.3631997304,
        0.0
      ],
      [
        709606.0600001602,
        3148133.621699731,
        0.0
      ],
      [
        709599.7629001609,
        3148125.4724997305,
        0.0
      ],
      [
        709593.2806001608,
        3148112.5078997314,
        0.0
      ],
      [
        709589.5764001602,
        3148099.358099733,
        0.0
      ],
      [
        709587.6842001597,
        3148082.86669973,
        0.0
      ],
      [
        709587.1687001605,
        3148073.2435997305,
        0.0
      ]
    ]
  ]
}