{
  "code": "239809799",
  "epsg": 32639,
  "bbox_utm": {
    "minx": 709393.8830386373,
    "miny": 3148154.1297075115,
    "maxx": 709635.0259146908,
    "maxy": 3148395.2725835647
  },
  "polygon_utm": [
    [
      [
        709485.5647725257,
        3148295.2567009465,
        0.0
      ],
      [
        709494.260336873,
        3148314.049259992,
        0.0
      ],
      [
        709511.863308615,
        3148343.906617406,
        0.0
      ],
      [
        709522.206263113,
        3148360.8236012715,
        0.0
      ],
      [
        709549.3757303073,
        3148325.692940173,
        0.0
      ],
      [
        709545.9697169673,
        3148320.487201026,
        0.0
      ],
      [
        709537.606356218,
        3148307.70468474,
        0.0
      ],
      [
        709530.7906864177,
        3148291.724410925,
        0.0
      ],
      [
        709518.802591076,
        3148264.8109872807,
        0.0
      ],
      [
        709508.2547393711,
        3148240.586106241,
        0.0
      ],
      [
        709502.0780371234,
        3148224.326559203,
        0.0
      ],
      [
        709496.6128751372,
        3148200.639466094,
        0.0
      ],
      [
        709501.2331836193,
        3148195.4164555287,
        0.0
      ],
      [
        709498.9894795788,
        3148188.5786898048,
        0.0
      ],
      [
        709485.648570009,
        3148196.3194335354,
        0.0
      ],
      [
        709483.030089911,
        3148199.2758853324,
        0.0
      ],
      [
        709481.8233888297,
        3148222.785380916,
        0.0
      ],
      [
        709484.4786407428,
        3148250.8082609703,
        0.0
      ],
      [
        709482.2140219188,
        3148259.9188674674,
        0.0
      ],
      [
        709483.0836022105,
        3148270.131042906,
        0.0
      ],
      [
        709479.533223021,
        3148277.650037627,
        0.0
      ],
      [
        709482.1077995246,
        3148285.1654698793,
        0.0
      ],
      [
        709485.5647725257,
        3148295.2567009465,
        0.0
      ]
    ]
  ]
}