{
  "code": "240036269",
  "epsg": 32639,
  "bbox_utm": {
    "minx": 626840.1216884016,
    "miny": 3164641.4922852623,
    "maxx": 627315.6598518395,
    "maxy": 3165117.0304487
  },
  "polygon_utm": [
    [
      [
        627247.7258284913,
        3165004.096687563,
        0.0
      ],
      [
        627247.3238230179,
        3164944.596830395,
        0.0
      ],
      [
        627230.0569654182,
        3164892.2197649316,
        0.0
      ],
      [
        627196.9401168255,
        3164850.10807953,
        0.0
      ],
      [
        627213.9752179058,
        3164827.329876733,
        0.0
      ],
      [
        627179.338540848,
        3164731.967743831,
        0.0
      ],
      [
        627151.1035872697,
        3164723.310436976,
        0.0
      ],
      [
        627082.6853234352,
        3164743.4430828653,
        0.0
      ],
      [
        627042.5249192801,
        3164770.145681905,
        0.0
      ],
      [
        627008.783895577,
        3164785.4362870264,
        0.0
      ],
      [
        626985.2620163542,
        3164825.8889186922,
        0.0
      ],
      [
        626931.5772123567,
        3164842.0069916355,
        0.0
      ],
      [
        626908.0557117498,
        3164882.459566922,
        0.0
      ],
      [
        626914.0558485305,
        3164909.663082887,
        0.0
      ],
      [
        626976.7176402904,
        3164936.437626699,
        0.0
      ],
      [
        626996.2876271127,
        3164970.0510466606,
        0.0
      ],
      [
        627022.6278961663,
        3164959.899220259,
        0.0
      ],
      [
        627035.0808450661,
        3164972.559801511,
        0.0
      ],
      [
        627057.9905284428,
        3164988.465286354,
        0.0
      ],
      [
        627108.5843363649,
        3164967.0955356085,
        0.0
      ],
      [
        627161.8377654884,
        3164990.637426059,
        0.0
      ],
      [
        627229.5510207294,
        3165035.2122969865,
        0.0
      ],
      [
        627247.7258284913,
        3165004.096687563,
        0.0
      ]
    ]
  ]
}