{
  "code": "240037141",
  "epsg": 32639,
  "bbox_utm": {
    "minx": 627138.5367181087,
    "miny": 3164666.030347185,
    "maxx": 627431.4633947548,
    "maxy": 3164958.957023831
  },
  "polygon_utm": [
    [
      [
        627214.6294814574,
        3164827.467465246,
        0.0
      ],
      [
        627197.5957976562,
        3164850.11520841,
        0.0
      ],
      [
        627230.5772518574,
        3164892.616843634,
        0.0
      ],
      [
        627266.1856944787,
        3164850.33925843,
        0.0
      ],
      [
        627308.8839305437,
        3164831.4936626283,
        0.0
      ],
      [
        627389.6167266625,
        3164788.533055039,
        0.0
      ],
      [
        627378.8568964626,
        3164764.93043233,
        0.0
      ],
      [
        627377.408243455,
        3164753.432859026,
        0.0
      ],
      [
        627373.2355228568,
        3164748.201044086,
        0.0
      ],
      [
        627351.1296563174,
        3164757.8438820313,
        0.0
      ],
      [
        627308.516258833,
        3164768.8618949912,
        0.0
      ],
      [
        627282.2036756146,
        3164776.4040880785,
        0.0
      ],
      [
        627259.1178831157,
        3164776.6748492443,
        0.0
      ],
      [
        627220.0321329077,
        3164752.7642874583,
        0.0
      ],
      [
        627180.383386201,
        3164732.3705273825,
        0.0
      ],
      [
        627214.6294814574,
        3164827.467465246,
        0.0
      ]
    ]
  ]
}