{
  "code": "240036434",
  "epsg": 32639,
  "bbox_utm": {
    "minx": 627355.7994613689,
    "miny": 3164751.3309246716,
    "maxx": 627724.5516488659,
    "maxy": 3165120.0831121686
  },
  "polygon_utm": [
    [
      [
        627534.5582457235,
        3165063.5841361117,
        0.0
      ],
      [
        627565.3454979109,
        3165030.519003762,
        0.0
      ],
      [
        627577.2836750657,
        3164994.1169340475,
        0.0
      ],
      [
        627594.6266890977,
        3164943.160727985,
        0.0
      ],
      [
        627621.0700687073,
        3164923.61723754,
        0.0
      ],
      [
        627621.2977745843,
        3164902.743966098,
        0.0
      ],
      [
        627598.6504432169,
        3164862.832896497,
        0.0
      ],
      [
        627588.557923063,
        3164826.190045059,
        0.0
      ],
      [
        627564.6677683608,
        3164804.0098086,
        0.0
      ],
      [
        627459.0533356505,
        3164867.5739138867,
        0.0
      ],
      [
        627475.6226821983,
        3164887.5864602444,
        0.0
      ],
      [
        627484.7687637651,
        3164914.824614371,
        0.0
      ],
      [
        627507.2116084391,
        3164973.5211310294,
        0.0
      ],
      [
        627493.2096053258,
        3165006.769495252,
        0.0
      ],
      [
        627488.683458837,
        3165036.989715665,
        0.0
      ],
      [
        627501.9915360903,
        3165067.4042282407,
        0.0
      ],
      [
        627534.5582457235,
        3165063.5841361117,
        0.0
      ]
    ]
  ]
}