{
  "code": "240037204",
  "epsg": 32639,
  "bbox_utm": {
    "minx": 627157.6948856602,
    "miny": 3164780.292786468,
    "maxx": 627419.1038361115,
    "maxy": 3165041.7017369196
  },
  "polygon_utm": [
    [
      [
        627308.8839305437,
        3164831.4936626265,
        0.0
      ],
      [
        627266.1856944787,
        3164850.33925843,
        0.0
      ],
      [
        627230.5772518574,
        3164892.616843634,
        0.0
      ],
      [
        627237.4287215034,
        3164913.8280384443,
        0.0
      ],
      [
        627247.5832552562,
        3164944.860598039,
        0.0
      ],
      [
        627247.7229904233,
        3165004.3576011406,
        0.0
      ],
      [
        627271.0666431253,
        3164980.3436826514,
        0.0
      ],
      [
        627289.6072009307,
        3164963.844912657,
        0.0
      ],
      [
        627327.1752748875,
        3164982.5199114517,
        0.0
      ],
      [
        627335.0129754334,
        3164937.2006966923,
        0.0
      ],
      [
        627346.2214699142,
        3164919.578357315,
        0.0
      ],
      [
        627345.2669958848,
        3164862.68150619,
        0.0
      ],
      [
        627338.2584897542,
        3164831.8133519543,
        0.0
      ],
      [
        627334.9237679832,
        3164817.636922247,
        0.0
      ],
      [
        627308.8839305437,
        3164831.4936626265,
        0.0
      ]
    ]
  ]
}