{
  "code": "240036636",
  "epsg": 32639,
  "bbox_utm": {
    "minx": 627341.7204549595,
    "miny": 3164653.827715188,
    "maxx": 627591.5349744275,
    "maxy": 3164903.6422346556
  },
  "polygon_utm": [
    [
      [
        627495.7935144099,
        3164841.87944675,
        0.0
      ],
      [
        627513.1252374849,
        3164828.0423568296,
        0.0
      ],
      [
        627555.8471859321,
        3164795.041356559,
        0.0
      ],
      [
        627532.5269623493,
        3164768.692149013,
        0.0
      ],
      [
        627528.1131867934,
        3164740.461401562,
        0.0
      ],
      [
        627541.910776993,
        3164725.9985625446,
        0.0
      ],
      [
        627518.0885771861,
        3164697.5561553794,
        0.0
      ],
      [
        627449.4704674834,
        3164735.9511276186,
        0.0
      ],
      [
        627458.6622254835,
        3164759.014896139,
        0.0
      ],
      [
        627466.9128743304,
        3164772.152285153,
        0.0
      ],
      [
        627448.3717624068,
        3164788.651068024,
        0.0
      ],
      [
        627422.7257550743,
        3164783.1527265077,
        0.0
      ],
      [
        627413.9164188411,
        3164773.1406963477,
        0.0
      ],
      [
        627415.2724085993,
        3164744.9728561416,
        0.0
      ],
      [
        627409.0289578834,
        3164740.207754607,
        0.0
      ],
      [
        627377.408243455,
        3164753.432859026,
        0.0
      ],
      [
        627378.8568964626,
        3164764.93043233,
        0.0
      ],
      [
        627389.6167266625,
        3164788.533055039,
        0.0
      ],
      [
        627420.8793018317,
        3164808.1837463337,
        0.0
      ],
      [
        627446.7598799021,
        3164840.3013895536,
        0.0
      ],
      [
        627468.5141409158,
        3164859.9137944644,
        0.0
      ],
      [
        627495.7935144099,
        3164841.87944675,
        0.0
      ]
    ]
  ]
}