{
  "code": "240036096",
  "epsg": 32639,
  "bbox_utm": {
    "minx": 627819.4283374111,
    "miny": 3163797.861551914,
    "maxx": 628241.8238860654,
    "maxy": 3164220.2571005677
  },
  "polygon_utm": [
    [
      [
        628010.4009295866,
        3163861.8538956065,
        0.0
      ],
      [
        627957.217603451,
        3163879.540227607,
        0.0
      ],
      [
        627925.553988696,
        3163896.4180945572,
        0.0
      ],
      [
        627910.4263925538,
        3163912.432860483,
        0.0
      ],
      [
        627908.5588810496,
        3163939.292265795,
        0.0
      ],
      [
        627912.513056458,
        3163985.526870946,
        0.0
      ],
      [
        627915.9198993505,
        3164009.834087448,
        0.0
      ],
      [
        627951.5826582618,
        3164059.024734103,
        0.0
      ],
      [
        627993.9159576268,
        3164145.8671860434,
        0.0
      ],
      [
        628006.400210583,
        3164155.6594190104,
        0.0
      ],
      [
        628037.5697266639,
        3164159.9148793314,
        0.0
      ],
      [
        628152.6933424269,
        3164091.2364488877,
        0.0
      ],
      [
        628124.1967487474,
        3164010.5466980496,
        0.0
      ],
      [
        628076.4947561302,
        3163958.874810126,
        0.0
      ],
      [
        628085.4935759787,
        3163903.6478256243,
        0.0
      ],
      [
        628034.5749049587,
        3163858.2037731498,
        0.0
      ],
      [
        628010.4009295866,
        3163861.8538956065,
        0.0
      ]
    ]
  ]
}