{
  "code": "240349901",
  "epsg": 32639,
  "bbox_utm": {
    "minx": 706248.5007932464,
    "miny": 3239450.9073322974,
    "maxx": 707189.9685783336,
    "maxy": 3240392.375117384
  },
  "polygon_utm": [
    [
      [
        706778.9297610576,
        3240226.7702991692,
        0.0
      ],
      [
        706749.0001494498,
        3239979.788857556,
        0.0
      ],
      [
        706729.2502449492,
        3239832.602648647,
        0.0
      ],
      [
        706696.6452988491,
        3239589.1963741663,
        0.0
      ],
      [
        706659.1662070188,
        3239585.402730167,
        0.0
      ],
      [
        706678.1011001468,
        3239720.125065203,
        0.0
      ],
      [
        706708.2657327782,
        3239925.610119564,
        0.0
      ],
      [
        706717.5519567315,
        3239988.5563118397,
        0.0
      ],
      [
        706734.7674098253,
        3240103.009118646,
        0.0
      ],
      [
        706744.9827906309,
        3240172.197028753,
        0.0
      ],
      [
        706751.1848532252,
        3240203.9572585244,
        0.0
      ],
      [
        706747.2436199682,
        3240219.9687877675,
        0.0
      ],
      [
        706747.3596972503,
        3240242.279734151,
        0.0
      ],
      [
        706756.4626910364,
        3240257.879719515,
        0.0
      ],
      [
        706767.132030835,
        3240257.5273015564,
        0.0
      ],
      [
        706779.3031645613,
        3240257.1252948325,
        0.0
      ],
      [
        706778.9297610576,
        3240226.7702991692,
        0.0
      ]
    ]
  ]
}