{
  "code": "240628431",
  "epsg": 32639,
  "bbox_utm": {
    "minx": 600379.9505811161,
    "miny": 3297954.204330355,
    "maxx": 600523.7402767665,
    "maxy": 3298097.9940260053
  },
  "polygon_utm": [
    [
      [
        600441.0512089479,
        3298042.860098224,
        0.0
      ],
      [
        600468.917368723,
        3298042.9824935575,
        0.0
      ],
      [
        600501.3324936194,
        3298041.7274394324,
        0.0
      ],
      [
        600502.5396649967,
        3298037.2247022474,
        0.0
      ],
      [
        600503.1988916736,
        3298021.6263698717,
        0.0
      ],
      [
        600501.2415806749,
        3298008.7125898674,
        0.0
      ],
      [
        600457.9383748207,
        3298009.9983946765,
        0.0
      ],
      [
        600416.8361445813,
        3298011.562134574,
        0.0
      ],
      [
        600400.491966209,
        3298012.9623115184,
        0.0
      ],
      [
        600403.6332739876,
        3298023.9523228197,
        0.0
      ],
      [
        600407.8968387868,
        3298039.8529554014,
        0.0
      ],
      [
        600410.3267736051,
        3298043.485766493,
        0.0
      ],
      [
        600441.0512089479,
        3298042.860098224,
        0.0
      ]
    ]
  ]
}