{
  "code": "240726164",
  "epsg": 32639,
  "bbox_utm": {
    "minx": 604604.3361437651,
    "miny": 3284584.5316599114,
    "maxx": 605011.9207782121,
    "maxy": 3284992.116294358
  },
  "polygon_utm": [
    [
      [
        604684.1623727689,
        3284693.148598089,
        0.0
      ],
      [
        604682.8472357739,
        3284698.478458798,
        0.0
      ],
      [
        604682.3114356261,
        3284700.26492686,
        0.0
      ],
      [
        604674.7248416143,
        3284727.469614353,
        0.0
      ],
      [
        604666.3358722359,
        3284757.2167569664,
        0.0
      ],
      [
        604665.3877034814,
        3284761.4686832693,
        0.0
      ],
      [
        604665.2217193535,
        3284765.3405787777,
        0.0
      ],
      [
        604663.8951379629,
        3284768.4269291554,
        0.0
      ],
      [
        604662.5625201148,
        3284772.1587965214,
        0.0
      ],
      [
        604702.0439554775,
        3284782.7281820173,
        0.0
      ],
      [
        604733.8501508882,
        3284795.291699976,
        0.0
      ],
      [
        604750.307535199,
        3284804.7419830034,
        0.0
      ],
      [
        604787.3970991671,
        3284828.2006928427,
        0.0
      ],
      [
        604803.6258983039,
        3284841.2640866283,
        0.0
      ],
      [
        604812.1047735997,
        3284850.4460387165,
        0.0
      ],
      [
        604819.1213332075,
        3284856.418723352,
        0.0
      ],
      [
        604836.1526695935,
        3284873.8472429547,
        0.0
      ],
      [
        604850.9394824463,
        3284888.4465129045,
        0.0
      ],
      [
        604852.2261845323,
        3284889.620591331,
        0.0
      ],
      [
        604859.3432509238,
        3284877.9379356983,
        0.0
      ],
      [
        604866.5792026757,
        3284867.418410623,
        0.0
      ],
      [
        604873.2082631415,
        3284859.346357577,
        0.0
      ],
      [
        604876.75834522,
        3284854.4087397303,
        0.0
      ],
      [
        604899.841517749,
        3284821.5073016733,
        0.0
      ],
      [
        604919.2686676274,
        3284797.9323495133,
        0.0
      ],
      [
        604953.6944018626,
        3284752.548466726,
        0.0
      ],
      [
        604889.5292174183,
        3284731.0302061634,
        0.0
      ],
      [
        604847.1225176009,
        3284714.1060428843,
        0.0
      ],
      [
        604820.4582758914,
        3284706.7549055107,
        0.0
      ],
      [
        604794.0353896784,
        3284701.3428243604,
        0.0
      ],
      [
        604774.2272749715,
        3284696.3155201077,
        0.0
      ],
      [
        604762.2425012433,
        3284694.266586824,
        0.0
      ],
      [
        604685.4200273034,
        3284687.0273629385,
        0.0
      ],
      [
        604684.1623727689,
        3284693.148598089,
        0.0
      ]
    ]
  ]
}