{
  "code": "241589229",
  "epsg": 32639,
  "bbox_utm": {
    "minx": 601834.5919788884,
    "miny": 3290236.677628822,
    "maxx": 602352.6461812382,
    "maxy": 3290754.731831172
  },
  "polygon_utm": [
    [
      [
        601959.6773371948,
        3290322.121340275,
        0.0
      ],
      [
        601971.4160425239,
        3290343.3926911047,
        0.0
      ],
      [
        601984.6544735782,
        3290370.872085737,
        0.0
      ],
      [
        602007.7920135994,
        3290393.796076825,
        0.0
      ],
      [
        602024.6664329236,
        3290420.7924196,
        0.0
      ],
      [
        602051.5436590989,
        3290460.268786606,
        0.0
      ],
      [
        602059.4950209211,
        3290470.1491278023,
        0.0
      ],
      [
        602063.5461414714,
        3290481.026206352,
        0.0
      ],
      [
        602073.5230289326,
        3290496.345071757,
        0.0
      ],
      [
        602075.7749391319,
        3290505.3990144394,
        0.0
      ],
      [
        602081.8680857935,
        3290519.9080706825,
        0.0
      ],
      [
        602083.7379835992,
        3290528.1842185277,
        0.0
      ],
      [
        602087.9081336337,
        3290540.223768151,
        0.0
      ],
      [
        602095.0163676799,
        3290557.1939681843,
        0.0
      ],
      [
        602098.0251638404,
        3290568.5776380845,
        0.0
      ],
      [
        602107.2261308072,
        3290583.631232478,
        0.0
      ],
      [
        602121.0440540594,
        3290604.4050979037,
        0.0
      ],
      [
        602132.782141706,
        3290625.676108683,
        0.0
      ],
      [
        602151.6695725061,
        3290659.4009357467,
        0.0
      ],
      [
        602169.113936048,
        3290680.724087979,
        0.0
      ],
      [
        602180.5645088855,
        3290676.6993871923,
        0.0
      ],
      [
        602186.5562650347,
        3290673.915202544,
        0.0
      ],
      [
        602195.1725456256,
        3290667.7998394645,
        0.0
      ],
      [
        602213.6689756012,
        3290659.193986262,
        0.0
      ],
      [
        602221.3257121616,
        3290644.552790154,
        0.0
      ],
      [
        602223.7688256972,
        3290632.702876811,
        0.0
      ],
      [
        602226.171781979,
        3290625.240170723,
        0.0
      ],
      [
        602230.6805193487,
        3290614.4415219435,
        0.0
      ],
      [
        602236.27641521,
        3290598.232846026,
        0.0
      ],
      [
        602234.6639174509,
        3290576.0219836747,
        0.0
      ],
      [
        602224.5058952079,
        3290552.184280002,
        0.0
      ],
      [
        602213.7416591527,
        3290537.8905182895,
        0.0
      ],
      [
        602202.965585907,
        3290524.887119728,
        0.0
      ],
      [
        602201.7513240889,
        3290515.842658352,
        0.0
      ],
      [
        602201.3317496857,
        3290504.998790625,
        0.0
      ],
      [
        602196.9174696631,
        3290505.4745853897,
        0.0
      ],
      [
        602193.6092201734,
        3290498.4757167394,
        0.0
      ],
      [
        602192.6661412203,
        3290488.1432353193,
        0.0
      ],
      [
        602196.3554075818,
        3290481.8536321972,
        0.0
      ],
      [
        602202.2459193924,
        3290475.971316512,
        0.0
      ],
      [
        602200.3324056702,
        3290472.4694989724,
        0.0
      ],
      [
        602192.6005999474,
        3290452.783373112,
        0.0
      ],
      [
        602189.1838909121,
        3290443.460604933,
        0.0
      ],
      [
        602186.4333549191,
        3290432.208193519,
        0.0
      ],
      [
        602182.3858748721,
        3290420.94390508,
        0.0
      ],
      [
        602183.574551485,
        3290404.436501693,
        0.0
      ],
      [
        602174.0740011332,
        3290393.767542728,
        0.0
      ],
      [
        602160.9585193299,
        3290381.2588222707,
        0.0
      ],
      [
        602153.2524033787,
        3290372.929167169,
        0.0
      ],
      [
        602143.4853269805,
        3290363.0320667904,
        0.0
      ],
      [
        602134.1945285483,
        3290357.7851114194,
        0.0
      ],
      [
        602117.8931345531,
        3290353.2483548974,
        0.0
      ],
      [
        602103.2448008523,
        3290338.1446495503,
        0.0
      ],
      [
        602095.0410662604,
        3290327.4875572785,
        0.0
      ],
      [
        602088.8062762071,
        3290328.46296297,
        0.0
      ],
      [
        602073.7097806027,
        3290334.0031726463,
        0.0
      ],
      [
        602062.2258847305,
        3290341.641210228,
        0.0
      ],
      [
        602044.0308987218,
        3290345.6045394116,
        0.0
      ],
      [
        602029.5805467995,
        3290337.21332808,
        0.0
      ],
      [
        602013.0739152172,
        3290326.738548428,
        0.0
      ],
      [
        601994.4214262691,
        3290323.9871884757,
        0.0
      ],
      [
        601974.2785709833,
        3290313.995449271,
        0.0
      ],
      [
        601950.9617449166,
        3290310.685372015,
        0.0
      ],
      [
        601959.6773371948,
        3290322.121340275,
        0.0
      ]
    ]
  ]
}