{
  "code": "241581081",
  "epsg": 32639,
  "bbox_utm": {
    "minx": 601863.1967704787,
    "miny": 3289795.986933405,
    "maxx": 601981.128917672,
    "maxy": 3289913.919080598
  },
  "polygon_utm": [
    [
      [
        601963.4443697599,
        3289881.0542980433,
        0.0
      ],
      [
        601964.281468073,
        3289874.6091866293,
        0.0
      ],
      [
        601960.7770811548,
        3289860.639239498,
        0.0
      ],
      [
        601947.4036764042,
        3289847.8697539773,
        0.0
      ],
      [
        601902.8028170519,
        3289817.2637845282,
        0.0
      ],
      [
        601880.0442200778,
        3289837.96319321,
        0.0
      ],
      [
        601886.2357088,
        3289841.762273639,
        0.0
      ],
      [
        601903.148768355,
        3289850.434210434,
        0.0
      ],
      [
        601916.2745921869,
        3289861.910826928,
        0.0
      ],
      [
        601930.5877087414,
        3289871.2043461115,
        0.0
      ],
      [
        601936.1400832334,
        3289873.965171897,
        0.0
      ],
      [
        601945.7804358732,
        3289883.6032249364,
        0.0
      ],
      [
        601960.4849562945,
        3289892.642229475,
        0.0
      ],
      [
        601963.4443697599,
        3289881.0542980433,
        0.0
      ]
    ]
  ]
}