{
  "code": "241648164",
  "epsg": 32639,
  "bbox_utm": {
    "minx": 605668.9508948306,
    "miny": 3290805.1672490514,
    "maxx": 605970.888901333,
    "maxy": 3291107.105255554
  },
  "polygon_utm": [
    [
      [
        605712.0848957596,
        3290953.211984041,
        0.0
      ],
      [
        605854.5322698402,
        3291031.472000406,
        0.0
      ],
      [
        605884.8646028921,
        3291005.950780256,
        0.0
      ],
      [
        605898.4353993773,
        3290997.304467333,
        0.0
      ],
      [
        605927.7549004041,
        3290969.1927766143,
        0.0
      ],
      [
        605895.2299909751,
        3290952.366525595,
        0.0
      ],
      [
        605874.5531816109,
        3290944.4277498173,
        0.0
      ],
      [
        605785.2338447113,
        3290898.6734410236,
        0.0
      ],
      [
        605771.7999220486,
        3290892.868175461,
        0.0
      ],
      [
        605751.1620278413,
        3290880.8005041997,
        0.0
      ],
      [
        605712.0848957596,
        3290953.211984041,
        0.0
      ]
    ]
  ]
}