{
  "code": "242820985",
  "epsg": 32639,
  "bbox_utm": {
    "minx": 703574.6397301181,
    "miny": 3240412.5415139315,
    "maxx": 703915.0502514279,
    "maxy": 3240752.9520352404
  },
  "polygon_utm": [
    [
      [
        703686.4483512344,
        3240470.8538626586,
        0.0
      ],
      [
        703689.560090655,
        3240530.0510632596,
        0.0
      ],
      [
        703705.2034319644,
        3240646.5381154614,
        0.0
      ],
      [
        703803.2416303116,
        3240704.321960768,
        0.0
      ],
      [
        703794.7300255086,
        3240597.3010712108,
        0.0
      ],
      [
        703777.7766498611,
        3240461.171588404,
        0.0
      ],
      [
        703743.3978415338,
        3240464.610553541,
        0.0
      ],
      [
        703710.9670587527,
        3240470.2552725617,
        0.0
      ],
      [
        703686.4483512344,
        3240470.8538626586,
        0.0
      ]
    ]
  ]
}