{
  "code": "242918130",
  "epsg": 32639,
  "bbox_utm": {
    "minx": 703608.5086141513,
    "miny": 3239810.57176178,
    "maxx": 704376.8392159548,
    "maxy": 3240578.902363584
  },
  "polygon_utm": [
    [
      [
        704052.6472055692,
        3240462.889725445,
        0.0
      ],
      [
        704057.524376838,
        3240423.5492238402,
        0.0
      ],
      [
        704041.139165683,
        3240290.444364904,
        0.0
      ],
      [
        704023.393621312,
        3240116.847019089,
        0.0
      ],
      [
        704000.8433936547,
        3239920.3332763235,
        0.0
      ],
      [
        703927.8234532682,
        3239921.0997388735,
        0.0
      ],
      [
        703930.952898012,
        3239979.26263054,
        0.0
      ],
      [
        703956.9107801336,
        3240160.272176503,
        0.0
      ],
      [
        703972.8125329749,
        3240262.24186816,
        0.0
      ],
      [
        703986.3684427917,
        3240378.694826442,
        0.0
      ],
      [
        703990.6142401083,
        3240432.7251656735,
        0.0
      ],
      [
        703996.2187012504,
        3240469.1408490404,
        0.0
      ],
      [
        704052.6472055692,
        3240462.889725445,
        0.0
      ]
    ]
  ]
}