{
  "code": "245164239",
  "epsg": 32639,
  "bbox_utm": {
    "minx": 601710.9000891823,
    "miny": 3290440.8961213017,
    "maxx": 601877.5175724287,
    "maxy": 3290607.5136045488
  },
  "polygon_utm": [
    [
      [
        601808.7413370305,
        3290573.679386463,
        0.0
      ],
      [
        601812.9408889088,
        3290568.297697495,
        0.0
      ],
      [
        601823.7779999741,
        3290546.2003854616,
        0.0
      ],
      [
        601834.5421986133,
        3290532.103322086,
        0.0
      ],
      [
        601841.1350802646,
        3290520.29106702,
        0.0
      ],
      [
        601842.1509406182,
        3290494.2326766285,
        0.0
      ],
      [
        601837.8755278313,
        3290479.482212837,
        0.0
      ],
      [
        601829.9686938094,
        3290464.698618909,
        0.0
      ],
      [
        601802.0755505102,
        3290479.672000146,
        0.0
      ],
      [
        601800.5686377293,
        3290474.238242423,
        0.0
      ],
      [
        601792.2024157721,
        3290481.388675395,
        0.0
      ],
      [
        601788.1275123429,
        3290473.092454438,
        0.0
      ],
      [
        601779.4783913491,
        3290482.821279938,
        0.0
      ],
      [
        601784.3620326851,
        3290487.7696143542,
        0.0
      ],
      [
        601774.691847316,
        3290495.682453622,
        0.0
      ],
      [
        601781.054178428,
        3290509.161411323,
        0.0
      ],
      [
        601756.9132458537,
        3290539.3966382835,
        0.0
      ],
      [
        601754.1188028781,
        3290532.9188047256,
        0.0
      ],
      [
        601746.3231527362,
        3290534.39634476,
        0.0
      ],
      [
        601746.2667209927,
        3290540.5901057185,
        0.0
      ],
      [
        601780.2561588837,
        3290568.2578484653,
        0.0
      ],
      [
        601798.316580317,
        3290579.0043244455,
        0.0
      ],
      [
        601805.0182078062,
        3290583.711106942,
        0.0
      ],
      [
        601808.7413370305,
        3290573.679386463,
        0.0
      ]
    ]
  ]
}