{
  "code": "247416231",
  "epsg": 32639,
  "bbox_utm": {
    "minx": 610417.2173857429,
    "miny": 3278225.573112989,
    "maxx": 610573.5128842088,
    "maxy": 3278381.868611455
  },
  "polygon_utm": [
    [
      [
        610547.4043933498,
        3278336.792128984,
        0.0
      ],
      [
        610551.1849558566,
        3278322.1015437027,
        0.0
      ],
      [
        610532.636089185,
        3278306.9325102903,
        0.0
      ],
      [
        610504.9603863067,
        3278295.5493370807,
        0.0
      ],
      [
        610491.3401468664,
        3278280.9456631215,
        0.0
      ],
      [
        610457.0527082925,
        3278255.286310584,
        0.0
      ],
      [
        610440.448974365,
        3278279.9277440445,
        0.0
      ],
      [
        610439.5453140952,
        3278292.579666777,
        0.0
      ],
      [
        610452.3842324819,
        3278333.7890474284,
        0.0
      ],
      [
        610462.7381007611,
        3278337.2499800585,
        0.0
      ],
      [
        610490.3322000017,
        3278330.5454025907,
        0.0
      ],
      [
        610529.0312134175,
        3278330.1514995177,
        0.0
      ],
      [
        610533.2292743099,
        3278352.15541386,
        0.0
      ],
      [
        610547.4043933498,
        3278336.792128984,
        0.0
      ]
    ]
  ]
}