{
  "code": "247417131",
  "epsg": 32639,
  "bbox_utm": {
    "minx": 610939.8324077142,
    "miny": 3279164.6920503625,
    "maxx": 611171.2445651247,
    "maxy": 3279396.104207773
  },
  "polygon_utm": [
    [
      [
        610991.2496449004,
        3279200.784172114,
        0.0
      ],
      [
        611002.4804298766,
        3279325.4260428715,
        0.0
      ],
      [
        610992.240359674,
        3279363.045328143,
        0.0
      ],
      [
        611106.5504115793,
        3279357.718380557,
        0.0
      ],
      [
        611119.8273279386,
        3279328.1384531744,
        0.0
      ],
      [
        611098.7560630804,
        3279305.710589433,
        0.0
      ],
      [
        611109.8508476495,
        3279286.7017422062,
        0.0
      ],
      [
        611060.5452093923,
        3279230.923700088,
        0.0
      ],
      [
        611011.4259242099,
        3279208.7348021134,
        0.0
      ],
      [
        610998.0313305963,
        3279197.7509299926,
        0.0
      ],
      [
        610991.2496449004,
        3279200.784172114,
        0.0
      ]
    ]
  ]
}