{
  "code": "248989709",
  "epsg": 32639,
  "bbox_utm": {
    "minx": 706872.9430084607,
    "miny": 3240701.5545118535,
    "maxx": 707264.7375659262,
    "maxy": 3241093.3490693187
  },
  "polygon_utm": [
    [
      [
        707116.805613923,
        3240775.462262057,
        0.0
      ],
      [
        707065.4657542816,
        3240757.52516292,
        0.0
      ],
      [
        707059.3672557197,
        3240763.12082649,
        0.0
      ],
      [
        707057.9271978388,
        3240770.6170329605,
        0.0
      ],
      [
        707055.7193889695,
        3240777.3210804304,
        0.0
      ],
      [
        707054.8855617219,
        3240780.159231645,
        0.0
      ],
      [
        707053.0810402096,
        3240793.3554428755,
        0.0
      ],
      [
        707050.7882856686,
        3240804.7270030775,
        0.0
      ],
      [
        707049.0026487977,
        3240816.8859595763,
        0.0
      ],
      [
        707049.3387209313,
        3240825.5866048275,
        0.0
      ],
      [
        707035.6883319997,
        3240903.799197157,
        0.0
      ],
      [
        707030.8730746591,
        3240944.85840947,
        0.0
      ],
      [
        707020.8749604637,
        3241030.111489266,
        0.0
      ],
      [
        707050.0302706492,
        3241032.5875478103,
        0.0
      ],
      [
        707078.1005643045,
        3241037.3784182523,
        0.0
      ],
      [
        707076.4224794671,
        3241029.3068497805,
        0.0
      ],
      [
        707082.3563461108,
        3240975.462078293,
        0.0
      ],
      [
        707094.2743919812,
        3240907.9783017044,
        0.0
      ],
      [
        707100.0148121247,
        3240864.7644963847,
        0.0
      ],
      [
        707103.655139007,
        3240843.820033029,
        0.0
      ],
      [
        707109.1401869312,
        3240807.4752497,
        0.0
      ],
      [
        707113.4283468161,
        3240783.170361977,
        0.0
      ],
      [
        707116.805613923,
        3240775.462262057,
        0.0
      ]
    ]
  ]
}