{
  "code": "249217061",
  "epsg": 32639,
  "bbox_utm": {
    "minx": 695345.5054668441,
    "miny": 3243741.047167212,
    "maxx": 695560.5274619482,
    "maxy": 3243956.0691623166
  },
  "polygon_utm": [
    [
      [
        695528.7516530083,
        3243892.612223296,
        0.0
      ],
      [
        695451.7775261069,
        3243791.716644962,
        0.0
      ],
      [
        695437.5254020619,
        3243771.764595084,
        0.0
      ],
      [
        695377.281275784,
        3243819.477200871,
        0.0
      ],
      [
        695424.545243801,
        3243859.7035905984,
        0.0
      ],
      [
        695443.3623409092,
        3243886.994376056,
        0.0
      ],
      [
        695472.414057028,
        3243925.351734444,
        0.0
      ],
      [
        695528.7516530083,
        3243892.612223296,
        0.0
      ]
    ]
  ]
}