{
  "code": "249425989",
  "epsg": 32639,
  "bbox_utm": {
    "minx": 642467.408966972,
    "miny": 3191242.6399189006,
    "maxx": 642850.21631653,
    "maxy": 3191625.4472684585
  },
  "polygon_utm": [
    [
      [
        642662.9020934221,
        3191538.8354358515,
        0.0
      ],
      [
        642795.5295523074,
        3191480.582434524,
        0.0
      ],
      [
        642753.5241195385,
        3191406.1165940426,
        0.0
      ],
      [
        642710.9947499014,
        3191331.644013229,
        0.0
      ],
      [
        642700.0871591785,
        3191324.739683063,
        0.0
      ],
      [
        642686.4600401747,
        3191326.1341263545,
        0.0
      ],
      [
        642675.9539652201,
        3191329.1293230057,
        0.0
      ],
      [
        642655.9437074609,
        3191338.7774393735,
        0.0
      ],
      [
        642641.1480379758,
        3191350.052083547,
        0.0
      ],
      [
        642630.6163544916,
        3191355.1300571784,
        0.0
      ],
      [
        642615.9104755321,
        3191359.1151180496,
        0.0
      ],
      [
        642592.9587440188,
        3191352.583399925,
        0.0
      ],
      [
        642576.0183770183,
        3191367.9978228263,
        0.0
      ],
      [
        642547.4356149416,
        3191393.6842386783,
        0.0
      ],
      [
        642522.0957311945,
        3191411.0783689385,
        0.0
      ],
      [
        642524.0611087315,
        3191421.5177860004,
        0.0
      ],
      [
        642539.2626202862,
        3191462.3241645256,
        0.0
      ],
      [
        642555.1604006514,
        3191489.0785211665,
        0.0
      ],
      [
        642579.8550315563,
        3191481.5710710757,
        0.0
      ],
      [
        642610.3773131752,
        3191468.407055386,
        0.0
      ],
      [
        642615.9677462865,
        3191482.0156279015,
        0.0
      ],
      [
        642632.8030760561,
        3191517.634485324,
        0.0
      ],
      [
        642648.713388832,
        3191543.347504296,
        0.0
      ],
      [
        642662.9020934221,
        3191538.8354358515,
        0.0
      ]
    ]
  ]
}