{
  "code": "249418554",
  "epsg": 32639,
  "bbox_utm": {
    "minx": 646920.7328505354,
    "miny": 3192235.1760203512,
    "maxx": 647070.5751809058,
    "maxy": 3192385.0183507213
  },
  "polygon_utm": [
    [
      [
        647049.16913371,
        3192285.832664922,
        0.0
      ],
      [
        647035.8624425478,
        3192280.391113668,
        0.0
      ],
      [
        647002.990854778,
        3192272.162735108,
        0.0
      ],
      [
        646990.5561350724,
        3192262.110885028,
        0.0
      ],
      [
        646962.5842068265,
        3192297.857063453,
        0.0
      ],
      [
        646942.1388977311,
        3192323.984746193,
        0.0
      ],
      [
        646960.8801248721,
        3192332.0335887284,
        0.0
      ],
      [
        646970.7575516319,
        3192337.3662875807,
        0.0
      ],
      [
        646980.0653691818,
        3192346.336900009,
        0.0
      ],
      [
        646990.3868109667,
        3192357.924046931,
        0.0
      ],
      [
        647002.9470022894,
        3192358.0834860452,
        0.0
      ],
      [
        647049.16913371,
        3192285.832664922,
        0.0
      ]
    ]
  ]
}