{
  "code": "249499104",
  "epsg": 32639,
  "bbox_utm": {
    "minx": 703772.4976390162,
    "miny": 3125319.9358293465,
    "maxx": 703943.3661904559,
    "maxy": 3125490.804380786
  },
  "polygon_utm": [
    [
      [
        703823.9309018047,
        3125457.573880804,
        0.0
      ],
      [
        703918.956397393,
        3125388.520082585,
        0.0
      ],
      [
        703890.2395823741,
        3125353.1663293284,
        0.0
      ],
      [
        703796.9074320791,
        3125421.5028747097,
        0.0
      ],
      [
        703823.9309018047,
        3125457.573880804,
        0.0
      ]
    ]
  ]
}