{
  "code": "249525715",
  "epsg": 32639,
  "bbox_utm": {
    "minx": 708429.9519048665,
    "miny": 3167949.918497191,
    "maxx": 708564.4542882041,
    "maxy": 3168084.420880529
  },
  "polygon_utm": [
    [
      [
        708503.2497817833,
        3167997.7132105855,
        0.0
      ],
      [
        708499.7487983792,
        3168017.4726100834,
        0.0
      ],
      [
        708492.0976942664,
        3168034.5498108948,
        0.0
      ],
      [
        708490.1518698183,
        3168055.3801423893,
        0.0
      ],
      [
        708481.6562824798,
        3168060.966475835,
        0.0
      ],
      [
        708514.6396383673,
        3168065.206254338,
        0.0
      ],
      [
        708518.7303425847,
        3168041.8060754556,
        0.0
      ],
      [
        708523.3735511189,
        3168016.8508253177,
        0.0
      ],
      [
        708513.3377766778,
        3167991.112009273,
        0.0
      ],
      [
        708497.8142627395,
        3167978.837616636,
        0.0
      ],
      [
        708480.1458767315,
        3167969.1331233825,
        0.0
      ],
      [
        708471.0326419518,
        3167979.9247831996,
        0.0
      ],
      [
        708503.2497817833,
        3167997.7132105855,
        0.0
      ]
    ]
  ]
}