{
  "code": "249525726",
  "epsg": 32639,
  "bbox_utm": {
    "minx": 708393.64486922,
    "miny": 3167940.4482413186,
    "maxx": 708534.2494761562,
    "maxy": 3168081.0528482543
  },
  "polygon_utm": [
    [
      [
        708490.1518698183,
        3168055.3801423893,
        0.0
      ],
      [
        708492.0976942664,
        3168034.5498108948,
        0.0
      ],
      [
        708499.7487983792,
        3168017.4726100834,
        0.0
      ],
      [
        708503.2497817833,
        3167997.7132105855,
        0.0
      ],
      [
        708471.0326419518,
        3167979.9247831996,
        0.0
      ],
      [
        708462.8253339233,
        3167969.3458158798,
        0.0
      ],
      [
        708457.1944263635,
        3167961.420944734,
        0.0
      ],
      [
        708436.744974154,
        3167960.534613738,
        0.0
      ],
      [
        708443.1460670249,
        3167984.122076116,
        0.0
      ],
      [
        708437.3608657223,
        3168014.27331875,
        0.0
      ],
      [
        708424.644563593,
        3168050.560388662,
        0.0
      ],
      [
        708455.9984160442,
        3168057.9006946203,
        0.0
      ],
      [
        708481.6562824798,
        3168060.966475835,
        0.0
      ],
      [
        708490.1518698183,
        3168055.3801423893,
        0.0
      ]
    ]
  ]
}