{
  "code": "249622089",
  "epsg": 32639,
  "bbox_utm": {
    "minx": 698516.6347914371,
    "miny": 3187280.953842439,
    "maxx": 698842.3941463572,
    "maxy": 3187606.7131973593
  },
  "polygon_utm": [
    [
      [
        698665.9460329841,
        3187373.096484933,
        0.0
      ],
      [
        698624.6147550088,
        3187431.277360594,
        0.0
      ],
      [
        698608.9108296873,
        3187461.2343625315,
        0.0
      ],
      [
        698598.3099840081,
        3187499.095636597,
        0.0
      ],
      [
        698588.7297963619,
        3187538.5376535454,
        0.0
      ],
      [
        698583.4249669997,
        3187557.72867331,
        0.0
      ],
      [
        698589.4070833081,
        3187560.1761466563,
        0.0
      ],
      [
        698598.3585752924,
        3187557.4631523136,
        0.0
      ],
      [
        698611.4950012146,
        3187555.082366215,
        0.0
      ],
      [
        698624.6046774013,
        3187554.2645263295,
        0.0
      ],
      [
        698636.7606614504,
        3187547.9585056687,
        0.0
      ],
      [
        698650.5233615447,
        3187539.595479122,
        0.0
      ],
      [
        698664.2548606308,
        3187533.0558860875,
        0.0
      ],
      [
        698674.8532470552,
        3187525.941522812,
        0.0
      ],
      [
        698679.1497003771,
        3187519.761513274,
        0.0
      ],
      [
        698677.8016996951,
        3187506.7101281025,
        0.0
      ],
      [
        698683.8119293745,
        3187492.2213293696,
        0.0
      ],
      [
        698693.0177659498,
        3187474.660434851,
        0.0
      ],
      [
        698709.1563572718,
        3187449.92235814,
        0.0
      ],
      [
        698720.9181999643,
        3187436.053140162,
        0.0
      ],
      [
        698733.0788243846,
        3187429.486652185,
        0.0
      ],
      [
        698746.0815739214,
        3187434.920727294,
        0.0
      ],
      [
        698760.2833871699,
        3187431.5160459788,
        0.0
      ],
      [
        698775.6039707947,
        3187423.9614554197,
        0.0
      ],
      [
        698773.199772597,
        3187411.4129869337,
        0.0
      ],
      [
        698763.9430923535,
        3187401.3528067116,
        0.0
      ],
      [
        698762.5951626066,
        3187388.301273983,
        0.0
      ],
      [
        698755.0255131862,
        3187371.495181372,
        0.0
      ],
      [
        698736.529884923,
        3187350.332815017,
        0.0
      ],
      [
        698729.0404758435,
        3187328.8378015743,
        0.0
      ],
      [
        698711.2530626464,
        3187327.490893142,
        0.0
      ],
      [
        698665.9460329841,
        3187373.096484933,
        0.0
      ]
    ]
  ]
}