{
  "code": "249751516",
  "epsg": 32639,
  "bbox_utm": {
    "minx": 700625.8690628421,
    "miny": 3178827.948448445,
    "maxx": 700873.3873427233,
    "maxy": 3179075.4667283264
  },
  "polygon_utm": [
    [
      [
        700719.9273218449,
        3179029.0965293115,
        0.0
      ],
      [
        700733.2896574828,
        3179014.2029841677,
        0.0
      ],
      [
        700787.6345812469,
        3178963.510020295,
        0.0
      ],
      [
        700836.1702428774,
        3178915.324422778,
        0.0
      ],
      [
        700812.5128039074,
        3178888.840145298,
        0.0
      ],
      [
        700783.5965586542,
        3178863.3082027137,
        0.0
      ],
      [
        700765.7421725318,
        3178865.0863378393,
        0.0
      ],
      [
        700743.020868753,
        3178905.894767768,
        0.0
      ],
      [
        700728.8556193705,
        3178936.941748723,
        0.0
      ],
      [
        700704.4698235802,
        3178952.688361083,
        0.0
      ],
      [
        700679.7964530863,
        3178985.1186294244,
        0.0
      ],
      [
        700663.086162688,
        3178996.564687808,
        0.0
      ],
      [
        700665.5312154803,
        3179006.7764270413,
        0.0
      ],
      [
        700673.3337543631,
        3179010.3008058053,
        0.0
      ],
      [
        700686.3319832166,
        3179016.52235495,
        0.0
      ],
      [
        700703.4777585042,
        3179025.423015612,
        0.0
      ],
      [
        700708.8500672041,
        3179033.0776389437,
        0.0
      ],
      [
        700708.2046354032,
        3179040.1069740574,
        0.0
      ],
      [
        700719.9273218449,
        3179029.0965293115,
        0.0
      ]
    ]
  ]
}