{
  "code": "249751705",
  "epsg": 32639,
  "bbox_utm": {
    "minx": 700594.9850915642,
    "miny": 3178860.0516640698,
    "maxx": 700981.8944025226,
    "maxy": 3179246.960975028
  },
  "polygon_utm": [
    [
      [
        700841.5335411996,
        3179191.68821632,
        0.0
      ],
      [
        700835.047168734,
        3179177.888347958,
        0.0
      ],
      [
        700825.8255449566,
        3179165.4737316607,
        0.0
      ],
      [
        700819.8157165328,
        3179149.203193013,
        0.0
      ],
      [
        700812.3731178123,
        3179124.824476271,
        0.0
      ],
      [
        700804.1309016793,
        3179101.214191517,
        0.0
      ],
      [
        700797.4023700001,
        3179081.019825521,
        0.0
      ],
      [
        700787.0278618122,
        3179059.458746546,
        0.0
      ],
      [
        700794.616570312,
        3179044.9872238203,
        0.0
      ],
      [
        700805.8827365873,
        3179030.0576135223,
        0.0
      ],
      [
        700815.3833450417,
        3179026.3101481604,
        0.0
      ],
      [
        700813.2544282188,
        3179012.974732249,
        0.0
      ],
      [
        700813.3848542578,
        3179005.414977846,
        0.0
      ],
      [
        700820.7802300302,
        3179002.1527042584,
        0.0
      ],
      [
        700843.8615786944,
        3179001.247161046,
        0.0
      ],
      [
        700857.5592447724,
        3178997.311380413,
        0.0
      ],
      [
        700865.474206805,
        3178994.3188567087,
        0.0
      ],
      [
        700864.791576004,
        3178988.3096130625,
        0.0
      ],
      [
        700850.3201584097,
        3178976.325713911,
        0.0
      ],
      [
        700855.9398105579,
        3178969.64293466,
        0.0
      ],
      [
        700868.6748586837,
        3178960.736103472,
        0.0
      ],
      [
        700859.4125938148,
        3178950.667384861,
        0.0
      ],
      [
        700855.7025059978,
        3178937.826108308,
        0.0
      ],
      [
        700856.1174824466,
        3178928.9674105896,
        0.0
      ],
      [
        700836.1702428774,
        3178915.324422778,
        0.0
      ],
      [
        700787.6345812469,
        3178963.510020295,
        0.0
      ],
      [
        700733.2896574828,
        3179014.2029841677,
        0.0
      ],
      [
        700719.9273218449,
        3179029.0965293115,
        0.0
      ],
      [
        700708.2046354032,
        3179040.1069740574,
        0.0
      ],
      [
        700718.8984765798,
        3179043.1597185493,
        0.0
      ],
      [
        700733.2337776141,
        3179047.8398194383,
        0.0
      ],
      [
        700745.1253635234,
        3179057.4321847796,
        0.0
      ],
      [
        700751.0171957511,
        3179065.3565283665,
        0.0
      ],
      [
        700751.292015038,
        3179075.22733543,
        0.0
      ],
      [
        700755.6348357794,
        3179071.1728346925,
        0.0
      ],
      [
        700763.6318917277,
        3179078.6119739083,
        0.0
      ],
      [
        700771.6604138177,
        3179084.226358535,
        0.0
      ],
      [
        700781.1879472324,
        3179078.91480915,
        0.0
      ],
      [
        700788.1131694297,
        3179072.5153425066,
        0.0
      ],
      [
        700791.5567484584,
        3179085.6126073566,
        0.0
      ],
      [
        700792.4025016136,
        3179097.361258938,
        0.0
      ],
      [
        700793.5932152936,
        3179107.487541135,
        0.0
      ],
      [
        700798.0592345118,
        3179103.7170086103,
        0.0
      ],
      [
        700800.9922229385,
        3179116.0231655743,
        0.0
      ],
      [
        700808.5562846265,
        3179133.3635756485,
        0.0
      ],
      [
        700811.1372714823,
        3179150.878746758,
        0.0
      ],
      [
        700820.2239884441,
        3179171.113695539,
        0.0
      ],
      [
        700829.2330628738,
        3179180.6563288863,
        0.0
      ],
      [
        700835.8658754327,
        3179191.20097757,
        0.0
      ],
      [
        700841.5335411996,
        3179191.68821632,
        0.0
      ]
    ]
  ]
}