{
  "code": "249768839",
  "epsg": 32639,
  "bbox_utm": {
    "minx": 709238.366665204,
    "miny": 3119268.088683616,
    "maxx": 709402.0222053151,
    "maxy": 3119431.7442237264
  },
  "polygon_utm": [
    [
      [
        709283.928726304,
        3119314.9641234535,
        0.0
      ],
      [
        709273.1072653868,
        3119316.084299547,
        0.0
      ],
      [
        709281.6835250935,
        3119322.787210191,
        0.0
      ],
      [
        709277.4573233897,
        3119353.3768440653,
        0.0
      ],
      [
        709268.7751445248,
        3119352.700036237,
        0.0
      ],
      [
        709261.8721102568,
        3119355.723695041,
        0.0
      ],
      [
        709261.7460280771,
        3119365.645133962,
        0.0
      ],
      [
        709272.509285556,
        3119365.0836533136,
        0.0
      ],
      [
        709299.7528923494,
        3119373.9493433214,
        0.0
      ],
      [
        709330.3136167596,
        3119373.9625652274,
        0.0
      ],
      [
        709350.0997287489,
        3119387.414739732,
        0.0
      ],
      [
        709361.7881834685,
        3119351.976836063,
        0.0
      ],
      [
        709374.7620208664,
        3119333.3349073683,
        0.0
      ],
      [
        709378.642842442,
        3119322.3955834787,
        0.0
      ],
      [
        709374.5532479382,
        3119315.247341376,
        0.0
      ],
      [
        709368.7451409408,
        3119315.9314410686,
        0.0
      ],
      [
        709361.0980079757,
        3119316.3211133056,
        0.0
      ],
      [
        709356.8194732072,
        3119319.9150611544,
        0.0
      ],
      [
        709345.9749658341,
        3119322.345192673,
        0.0
      ],
      [
        709327.5708789631,
        3119320.186943883,
        0.0
      ],
      [
        709288.1888127564,
        3119312.41816761,
        0.0
      ],
      [
        709283.928726304,
        3119314.9641234535,
        0.0
      ]
    ]
  ]
}