{
  "code": "249923616",
  "epsg": 32639,
  "bbox_utm": {
    "minx": 697192.8612169258,
    "miny": 3129176.9259365164,
    "maxx": 697635.747991143,
    "maxy": 3129619.812710733
  },
  "polygon_utm": [
    [
      [
        697411.9643356346,
        3129366.081392525,
        0.0
      ],
      [
        697397.4290615842,
        3129353.7946801404,
        0.0
      ],
      [
        697384.5597325535,
        3129336.29885256,
        0.0
      ],
      [
        697371.6903646936,
        3129318.803016231,
        0.0
      ],
      [
        697366.6541404414,
        3129305.103347536,
        0.0
      ],
      [
        697359.021361662,
        3129289.265702945,
        0.0
      ],
      [
        697343.1161975281,
        3129264.387678545,
        0.0
      ],
      [
        697339.019215915,
        3129257.5115494393,
        0.0
      ],
      [
        697320.3206375504,
        3129273.958427383,
        0.0
      ],
      [
        697301.604690177,
        3129291.452392667,
        0.0
      ],
      [
        697281.8188226793,
        3129309.975929641,
        0.0
      ],
      [
        697256.1307560997,
        3129335.209191075,
        0.0
      ],
      [
        697269.9831418986,
        3129356.9106908445,
        0.0
      ],
      [
        697278.1248404218,
        3129373.804015578,
        0.0
      ],
      [
        697304.0553097881,
        3129397.2774850577,
        0.0
      ],
      [
        697357.0381952921,
        3129440.0537116677,
        0.0
      ],
      [
        697396.9772409075,
        3129475.8050764715,
        0.0
      ],
      [
        697435.4156939621,
        3129506.818402312,
        0.0
      ],
      [
        697460.7582708593,
        3129533.9479599628,
        0.0
      ],
      [
        697463.3024286481,
        3129539.2270978102,
        0.0
      ],
      [
        697475.4589111009,
        3129536.287485424,
        0.0
      ],
      [
        697493.4915516288,
        3129528.208980088,
        0.0
      ],
      [
        697506.7877959127,
        3129520.0516009354,
        0.0
      ],
      [
        697517.4701529446,
        3129510.8033316555,
        0.0
      ],
      [
        697531.3363110212,
        3129500.037064129,
        0.0
      ],
      [
        697545.7810970328,
        3129486.138363822,
        0.0
      ],
      [
        697562.3222799913,
        3129472.798270087,
        0.0
      ],
      [
        697572.4784519691,
        3129463.541239305,
        0.0
      ],
      [
        697496.3895611146,
        3129385.816123556,
        0.0
      ],
      [
        697475.8909892614,
        3129383.9036876434,
        0.0
      ],
      [
        697457.5672562205,
        3129377.838031342,
        0.0
      ],
      [
        697440.8223330213,
        3129371.798689286,
        0.0
      ],
      [
        697420.3324510892,
        3129369.3628105726,
        0.0
      ],
      [
        697411.9643356346,
        3129366.081392525,
        0.0
      ]
    ]
  ]
}