{
  "code": "249923764",
  "epsg": 32639,
  "bbox_utm": {
    "minx": 696203.9310373121,
    "miny": 3129655.2233523577,
    "maxx": 696519.7880171183,
    "maxy": 3129971.0803321637
  },
  "polygon_utm": [
    [
      [
        696464.7969408574,
        3129850.979799803,
        0.0
      ],
      [
        696448.5004845125,
        3129849.6624453333,
        0.0
      ],
      [
        696439.2014316366,
        3129839.035178335,
        0.0
      ],
      [
        696422.1386690629,
        3129820.4243811416,
        0.0
      ],
      [
        696404.0753788786,
        3129798.6550425794,
        0.0
      ],
      [
        696395.9154734462,
        3129782.810023224,
        0.0
      ],
      [
        696389.2475951801,
        3129772.226329832,
        0.0
      ],
      [
        696376.6955123685,
        3129767.305460719,
        0.0
      ],
      [
        696354.023185875,
        3129769.548273807,
        0.0
      ],
      [
        696334.0168225837,
        3129769.740626315,
        0.0
      ],
      [
        696316.6070639673,
        3129772.070655287,
        0.0
      ],
      [
        696296.5920427046,
        3129772.7865890195,
        0.0
      ],
      [
        696276.6030262056,
        3129771.9320008336,
        0.0
      ],
      [
        696266.0432653076,
        3129773.851841037,
        0.0
      ],
      [
        696253.3958213055,
        3129774.689809682,
        0.0
      ],
      [
        696252.0920106221,
        3129789.8544101287,
        0.0
      ],
      [
        696256.0247373987,
        3129806.6766519407,
        0.0
      ],
      [
        696249.1661145173,
        3129807.6104435804,
        0.0
      ],
      [
        696249.0534629987,
        3129814.416161221,
        0.0
      ],
      [
        696264.789052199,
        3129817.818595055,
        0.0
      ],
      [
        696295.8119637344,
        3129819.903164196,
        0.0
      ],
      [
        696314.1614630822,
        3129824.3962609703,
        0.0
      ],
      [
        696328.7751690476,
        3129831.969480813,
        0.0
      ],
      [
        696343.3801875961,
        3129840.06623097,
        0.0
      ],
      [
        696363.7739553072,
        3129848.258869469,
        0.0
      ],
      [
        696375.3081361242,
        3129851.068203521,
        0.0
      ],
      [
        696387.9381738843,
        3129851.277406234,
        0.0
      ],
      [
        696403.7170494271,
        3129852.062443922,
        0.0
      ],
      [
        696429.6110890578,
        3129853.9314893372,
        0.0
      ],
      [
        696474.6655914318,
        3129858.998223802,
        0.0
      ],
      [
        696464.7969408574,
        3129850.979799803,
        0.0
      ]
    ]
  ]
}