{
  "code": "250086711",
  "epsg": 32639,
  "bbox_utm": {
    "minx": 682801.3445045335,
    "miny": 3243025.9199684504,
    "maxx": 683387.7868003891,
    "maxy": 3243612.3622643054
  },
  "polygon_utm": [
    [
      [
        683006.128485662,
        3243151.454986025,
        0.0
      ],
      [
        683023.4286117338,
        3243177.6626673024,
        0.0
      ],
      [
        682987.7431224232,
        3243192.645477053,
        0.0
      ],
      [
        682975.7410554885,
        3243193.489401458,
        0.0
      ],
      [
        683043.8304612741,
        3243367.2719047023,
        0.0
      ],
      [
        683110.5548630438,
        3243528.584793469,
        0.0
      ],
      [
        683213.3902494339,
        3243486.682663127,
        0.0
      ],
      [
        683143.9862984013,
        3243329.9924764666,
        0.0
      ],
      [
        683068.7613187458,
        3243146.2406898155,
        0.0
      ],
      [
        683053.7126709864,
        3243109.6974392864,
        0.0
      ],
      [
        683006.128485662,
        3243151.454986025,
        0.0
      ]
    ]
  ]
}