{
  "code": "250086821",
  "epsg": 32639,
  "bbox_utm": {
    "minx": 682240.0654432446,
    "miny": 3244108.6945743766,
    "maxx": 682684.119582767,
    "maxy": 3244552.7487138985
  },
  "polygon_utm": [
    [
      [
        682404.9060999589,
        3244237.49863684,
        0.0
      ],
      [
        682355.6243042646,
        3244288.041953136,
        0.0
      ],
      [
        682336.5669221068,
        3244306.403084974,
        0.0
      ],
      [
        682327.0299342824,
        3244316.1020442154,
        0.0
      ],
      [
        682373.9678929821,
        3244379.0786034856,
        0.0
      ],
      [
        682418.862764841,
        3244439.4296355303,
        0.0
      ],
      [
        682457.6711716376,
        3244489.3124082526,
        0.0
      ],
      [
        682482.4682806202,
        3244470.525460604,
        0.0
      ],
      [
        682550.5492426113,
        3244417.6929763793,
        0.0
      ],
      [
        682538.7567701283,
        3244405.577432018,
        0.0
      ],
      [
        682597.1550917292,
        3244339.1075910623,
        0.0
      ],
      [
        682550.7141898384,
        3244277.693380568,
        0.0
      ],
      [
        682467.456194591,
        3244172.1308800224,
        0.0
      ],
      [
        682404.9060999589,
        3244237.49863684,
        0.0
      ]
    ]
  ]
}