{
  "code": "250081024",
  "epsg": 32639,
  "bbox_utm": {
    "minx": 696880.7946846774,
    "miny": 3230603.318026531,
    "maxx": 697303.6494026673,
    "maxy": 3231026.1727445205
  },
  "polygon_utm": [
    [
      [
        697112.823161294,
        3230965.764927665,
        0.0
      ],
      [
        697184.3483516414,
        3230922.4628880005,
        0.0
      ],
      [
        697154.1571694843,
        3230868.8711453443,
        0.0
      ],
      [
        697073.1173801107,
        3230666.0243218,
        0.0
      ],
      [
        697000.0957357032,
        3230663.7258433863,
        0.0
      ],
      [
        697112.823161294,
        3230965.764927665,
        0.0
      ]
    ]
  ]
}