{
  "code": "250189195",
  "epsg": 32639,
  "bbox_utm": {
    "minx": 697382.2738863284,
    "miny": 3129010.5333693386,
    "maxx": 697727.4941386994,
    "maxy": 3129355.75362171
  },
  "polygon_utm": [
    [
      [
        697547.6633602921,
        3129286.253392858,
        0.0
      ],
      [
        697568.2885937934,
        3129304.2714672172,
        0.0
      ],
      [
        697613.1154558798,
        3129267.8365050578,
        0.0
      ],
      [
        697641.9010859248,
        3129246.321249161,
        0.0
      ],
      [
        697663.8276948573,
        3129225.7390692686,
        0.0
      ],
      [
        697678.1769597892,
        3129217.599186714,
        0.0
      ],
      [
        697660.4115235824,
        3129178.026121116,
        0.0
      ],
      [
        697621.832883987,
        3129155.3880369226,
        0.0
      ],
      [
        697585.463922915,
        3129126.5025207484,
        0.0
      ],
      [
        697549.6878201315,
        3129062.015523832,
        0.0
      ],
      [
        697517.6047056075,
        3129091.8555879616,
        0.0
      ],
      [
        697479.1365673157,
        3129125.7788864006,
        0.0
      ],
      [
        697431.5910652386,
        3129167.406466725,
        0.0
      ],
      [
        697534.525235587,
        3129277.0009117024,
        0.0
      ],
      [
        697544.8502441819,
        3129289.2177375588,
        0.0
      ],
      [
        697547.6633602921,
        3129286.253392858,
        0.0
      ]
    ]
  ]
}