{
  "code": "250198656",
  "epsg": 32639,
  "bbox_utm": {
    "minx": 703503.8400261296,
    "miny": 3124883.043330318,
    "maxx": 703754.279656168,
    "maxy": 3125133.482960356
  },
  "polygon_utm": [
    [
      [
        703622.7070984307,
        3125061.7461950877,
        0.0
      ],
      [
        703663.191272923,
        3125034.9356577,
        0.0
      ],
      [
        703690.0885890543,
        3125017.32236957,
        0.0
      ],
      [
        703718.5025661624,
        3125003.402421823,
        0.0
      ],
      [
        703676.7092836229,
        3124922.2667980185,
        0.0
      ],
      [
        703651.2716797492,
        3124931.5228569354,
        0.0
      ],
      [
        703614.6117725788,
        3124950.278773304,
        0.0
      ],
      [
        703583.7747618179,
        3124967.3009082773,
        0.0
      ],
      [
        703559.7776758274,
        3124984.702257788,
        0.0
      ],
      [
        703547.248186523,
        3124993.6557901027,
        0.0
      ],
      [
        703539.6171161351,
        3125008.7181056994,
        0.0
      ],
      [
        703539.8698669258,
        3125024.7013479266,
        0.0
      ],
      [
        703543.0182752942,
        3125040.734189809,
        0.0
      ],
      [
        703548.526871344,
        3125057.331355204,
        0.0
      ],
      [
        703556.1817700488,
        3125071.6077506803,
        0.0
      ],
      [
        703561.4360658113,
        3125087.676628661,
        0.0
      ],
      [
        703563.4297906177,
        3125094.2594926558,
        0.0
      ],
      [
        703571.0727460963,
        3125093.8665882177,
        0.0
      ],
      [
        703622.7070984307,
        3125061.7461950877,
        0.0
      ]
    ]
  ]
}