{
  "code": "250224906",
  "epsg": 32639,
  "bbox_utm": {
    "minx": 699383.4706007352,
    "miny": 3230716.585150706,
    "maxx": 699757.3185441287,
    "maxy": 3231090.4330940987
  },
  "polygon_utm": [
    [
      [
        699655.150400121,
        3230769.9919997617,
        0.0
      ],
      [
        699543.755263886,
        3230796.6401814693,
        0.0
      ],
      [
        699483.733154885,
        3230810.168308155,
        0.0
      ],
      [
        699437.605021748,
        3230821.823345144,
        0.0
      ],
      [
        699476.0318595734,
        3231012.002005694,
        0.0
      ],
      [
        699703.1841231158,
        3231037.0262450427,
        0.0
      ],
      [
        699655.150400121,
        3230769.9919997617,
        0.0
      ]
    ]
  ]
}