{
  "code": "250294091",
  "epsg": 32639,
  "bbox_utm": {
    "minx": 702934.7320058966,
    "miny": 3124652.795296424,
    "maxx": 703425.3325098465,
    "maxy": 3125143.3958003735
  },
  "polygon_utm": [
    [
      [
        703225.4424077657,
        3125026.1281338055,
        0.0
      ],
      [
        703292.7653589472,
        3124969.651358377,
        0.0
      ],
      [
        703310.0432151086,
        3124944.7998624104,
        0.0
      ],
      [
        703252.3133887276,
        3124871.5133728473,
        0.0
      ],
      [
        703305.6974860702,
        3124829.466732608,
        0.0
      ],
      [
        703222.823002754,
        3124722.8810827024,
        0.0
      ],
      [
        703206.0355347688,
        3124744.460154399,
        0.0
      ],
      [
        703191.5155463198,
        3124762.024680226,
        0.0
      ],
      [
        703176.4959805956,
        3124778.008926629,
        0.0
      ],
      [
        703161.5660311069,
        3124788.7556299004,
        0.0
      ],
      [
        703149.7323691554,
        3124803.2226367653,
        0.0
      ],
      [
        703137.3632864971,
        3124818.204384863,
        0.0
      ],
      [
        703117.5069253433,
        3124839.868857671,
        0.0
      ],
      [
        703100.3815939464,
        3124855.8170709796,
        0.0
      ],
      [
        703091.3775248796,
        3124858.8065459505,
        0.0
      ],
      [
        703082.3913694011,
        3124860.748525618,
        0.0
      ],
      [
        703075.6705530026,
        3124884.209264217,
        0.0
      ],
      [
        703057.6338591215,
        3124922.669644945,
        0.0
      ],
      [
        703050.0213006346,
        3124936.684825505,
        0.0
      ],
      [
        703051.4575110847,
        3124945.091776693,
        0.0
      ],
      [
        703058.0869532557,
        3124957.7786949165,
        0.0
      ],
      [
        703067.821569694,
        3124973.6620826717,
        0.0
      ],
      [
        703080.643430566,
        3124993.7894259566,
        0.0
      ],
      [
        703110.0171766236,
        3125031.4883664744,
        0.0
      ],
      [
        703120.1975330571,
        3125052.0943940426,
        0.0
      ],
      [
        703129.6115110221,
        3125055.922653172,
        0.0
      ],
      [
        703140.1590630822,
        3125055.0552484347,
        0.0
      ],
      [
        703152.7408820227,
        3125058.41380928,
        0.0
      ],
      [
        703163.716374484,
        3125063.316592947,
        0.0
      ],
      [
        703178.9126690957,
        3125067.7676906753,
        0.0
      ],
      [
        703202.024093637,
        3125071.306426165,
        0.0
      ],
      [
        703227.2683166243,
        3125073.310014095,
        0.0
      ],
      [
        703257.3853056551,
        3125067.5386131173,
        0.0
      ],
      [
        703225.4424077657,
        3125026.1281338055,
        0.0
      ]
    ]
  ]
}