{
  "code": "250237751",
  "epsg": 32639,
  "bbox_utm": {
    "minx": 690041.397690632,
    "miny": 3140614.580673303,
    "maxx": 691130.9876096129,
    "maxy": 3141704.1705922843
  },
  "polygon_utm": [
    [
      [
        690209.1879340915,
        3141013.961255217,
        0.0
      ],
      [
        690220.9428705896,
        3141035.0765102413,
        0.0
      ],
      [
        690234.3171143719,
        3141053.6021095016,
        0.0
      ],
      [
        690279.5620685522,
        3141117.6316919434,
        0.0
      ],
      [
        690318.908149568,
        3141172.411092222,
        0.0
      ],
      [
        690336.9251247658,
        3141196.504436743,
        0.0
      ],
      [
        690370.240938962,
        3141242.031560237,
        0.0
      ],
      [
        690407.0461036335,
        3141291.2768579386,
        0.0
      ],
      [
        690428.4974687581,
        3141322.487846188,
        0.0
      ],
      [
        690439.5263742307,
        3141339.667620874,
        0.0
      ],
      [
        690447.9350595446,
        3141356.281977481,
        0.0
      ],
      [
        690461.2959084953,
        3141375.5918807513,
        0.0
      ],
      [
        690471.3787524423,
        3141386.2172080413,
        0.0
      ],
      [
        690484.9517519162,
        3141408.669304402,
        0.0
      ],
      [
        690496.5357518897,
        3141424.027024765,
        0.0
      ],
      [
        690505.2071520567,
        3141440.6455568364,
        0.0
      ],
      [
        690510.5204278515,
        3141453.547973805,
        0.0
      ],
      [
        690522.6174063178,
        3141469.6986404564,
        0.0
      ],
      [
        690523.1654068071,
        3141484.6166319638,
        0.0
      ],
      [
        690547.2793900992,
        3141474.086100886,
        0.0
      ],
      [
        690582.3821966747,
        3141449.5441136593,
        0.0
      ],
      [
        690653.5552410088,
        3141405.7068929286,
        0.0
      ],
      [
        690689.7606210466,
        3141378.044244137,
        0.0
      ],
      [
        690732.1058881786,
        3141360.942889776,
        0.0
      ],
      [
        690781.4733744042,
        3141364.8792679724,
        0.0
      ],
      [
        690822.2601589354,
        3141379.139191574,
        0.0
      ],
      [
        690851.3118136527,
        3141403.6715405914,
        0.0
      ],
      [
        690895.2019905276,
        3141421.120469374,
        0.0
      ],
      [
        690930.9680876234,
        3141420.652721676,
        0.0
      ],
      [
        690975.3319069013,
        3141408.815948158,
        0.0
      ],
      [
        690950.7908456983,
        3141365.524538495,
        0.0
      ],
      [
        690914.8527450414,
        3141311.586604125,
        0.0
      ],
      [
        690881.7642635064,
        3141276.526507797,
        0.0
      ],
      [
        690859.1056546374,
        3141246.866122866,
        0.0
      ],
      [
        690820.9961956854,
        3141197.0777845266,
        0.0
      ],
      [
        690805.7820819836,
        3141162.3065500413,
        0.0
      ],
      [
        690772.9125765107,
        3141113.648976314,
        0.0
      ],
      [
        690739.0420116879,
        3141061.836451545,
        0.0
      ],
      [
        690620.6215111661,
        3140905.0806275783,
        0.0
      ],
      [
        690568.12661567,
        3140834.1346336235,
        0.0
      ],
      [
        690542.2998728479,
        3140870.336503333,
        0.0
      ],
      [
        690510.4175088332,
        3140890.746928056,
        0.0
      ],
      [
        690447.873333628,
        3140921.1251777085,
        0.0
      ],
      [
        690447.7383546851,
        3140929.4929311885,
        0.0
      ],
      [
        690308.9481238711,
        3140992.1216512686,
        0.0
      ],
      [
        690271.0104993653,
        3140996.7413466214,
        0.0
      ],
      [
        690227.9503364415,
        3140992.908753334,
        0.0
      ],
      [
        690197.0533933436,
        3140991.9243539935,
        0.0
      ],
      [
        690209.1879340915,
        3141013.961255217,
        0.0
      ]
    ]
  ]
}