{
  "code": "250468825",
  "epsg": 32639,
  "bbox_utm": {
    "minx": 675605.1430766213,
    "miny": 3139355.2110023145,
    "maxx": 675884.4186749967,
    "maxy": 3139634.4866006896
  },
  "polygon_utm": [
    [
      [
        675844.522160943,
        3139499.1382528706,
        0.0
      ],
      [
        675784.3462695858,
        3139478.885672066,
        0.0
      ],
      [
        675702.6445559094,
        3139456.2205326064,
        0.0
      ],
      [
        675645.6073430965,
        3139437.0616314234,
        0.0
      ],
      [
        675645.8842404177,
        3139453.8069123346,
        0.0
      ],
      [
        675645.0395906749,
        3139475.2439343063,
        0.0
      ],
      [
        675645.8655897618,
        3139490.427848663,
        0.0
      ],
      [
        675682.436320294,
        3139506.6664778404,
        0.0
      ],
      [
        675701.7576339073,
        3139515.847555897,
        0.0
      ],
      [
        675716.378098208,
        3139522.8660977855,
        0.0
      ],
      [
        675738.4138170346,
        3139526.332868905,
        0.0
      ],
      [
        675760.9363833925,
        3139532.4227153715,
        0.0
      ],
      [
        675780.3120862872,
        3139537.9426155463,
        0.0
      ],
      [
        675798.620662375,
        3139544.4929794907,
        0.0
      ],
      [
        675818.4831756649,
        3139552.63597158,
        0.0
      ],
      [
        675844.522160943,
        3139499.1382528706,
        0.0
      ]
    ]
  ]
}