{
  "code": "250468489",
  "epsg": 32639,
  "bbox_utm": {
    "minx": 675327.8423337142,
    "miny": 3139140.569972811,
    "maxx": 675715.3338335024,
    "maxy": 3139528.061472599
  },
  "polygon_utm": [
    [
      [
        675443.616116418,
        3139334.135669223,
        0.0
      ],
      [
        675426.4804761691,
        3139354.8077871352,
        0.0
      ],
      [
        675455.1419216302,
        3139372.49787705,
        0.0
      ],
      [
        675495.7951367825,
        3139397.167286876,
        0.0
      ],
      [
        675523.8295711682,
        3139421.649289414,
        0.0
      ],
      [
        675555.4588053753,
        3139451.939512172,
        0.0
      ],
      [
        675579.866996418,
        3139472.705544058,
        0.0
      ],
      [
        675590.1132689335,
        3139455.593558581,
        0.0
      ],
      [
        675601.8280387792,
        3139445.8276441693,
        0.0
      ],
      [
        675613.1103643419,
        3139429.7773612794,
        0.0
      ],
      [
        675616.5527320855,
        3139410.4715307737,
        0.0
      ],
      [
        675615.2786655463,
        3139390.04922355,
        0.0
      ],
      [
        675616.6956910475,
        3139365.481571735,
        0.0
      ],
      [
        675610.9306455165,
        3139328.7742787567,
        0.0
      ],
      [
        675601.5317359734,
        3139288.873853327,
        0.0
      ],
      [
        675581.7754192121,
        3139202.7803355525,
        0.0
      ],
      [
        675578.1959805619,
        3139195.925901352,
        0.0
      ],
      [
        675443.616116418,
        3139334.135669223,
        0.0
      ]
    ]
  ]
}