{
  "code": "250560594",
  "epsg": 32639,
  "bbox_utm": {
    "minx": 673755.0001416298,
    "miny": 3138356.5660007773,
    "maxx": 674533.3140758184,
    "maxy": 3139134.8799349656
  },
  "polygon_utm": [
    [
      [
        674422.1263709343,
        3138778.0466340086,
        0.0
      ],
      [
        674388.675780394,
        3138763.950029087,
        0.0
      ],
      [
        674343.8118140742,
        3138739.2213455336,
        0.0
      ],
      [
        674325.9957873527,
        3138733.020335604,
        0.0
      ],
      [
        674296.2029056955,
        3138722.3001297293,
        0.0
      ],
      [
        674274.7066612518,
        3138717.7975462615,
        0.0
      ],
      [
        674252.7231689017,
        3138710.6718732994,
        0.0
      ],
      [
        674238.0006443671,
        3138710.4547613747,
        0.0
      ],
      [
        674224.2988780722,
        3138712.345472636,
        0.0
      ],
      [
        674216.5660624849,
        3138701.767682149,
        0.0
      ],
      [
        674205.0600531155,
        3138697.412527225,
        0.0
      ],
      [
        674183.5637389685,
        3138692.9101053076,
        0.0
      ],
      [
        674156.298972748,
        3138687.2763194996,
        0.0
      ],
      [
        674125.92560198,
        3138678.4576484794,
        0.0
      ],
      [
        674102.3799604397,
        3138670.2628442105,
        0.0
      ],
      [
        674084.5719184313,
        3138665.2917547426,
        0.0
      ],
      [
        674058.9461172707,
        3138655.4968147017,
        0.0
      ],
      [
        674026.4616759971,
        3138647.1704808264,
        0.0
      ],
      [
        674000.2868793595,
        3138638.9371468173,
        0.0
      ],
      [
        673909.1352007659,
        3138614.5748126507,
        0.0
      ],
      [
        673894.545786576,
        3138641.0428314004,
        0.0
      ],
      [
        673883.1574538512,
        3138664.418776034,
        0.0
      ],
      [
        673874.9932671222,
        3138683.1334319697,
        0.0
      ],
      [
        673869.5812777189,
        3138693.517556665,
        0.0
      ],
      [
        673866.1878465138,
        3138709.6864373395,
        0.0
      ],
      [
        673899.1518098945,
        3138721.158471349,
        0.0
      ],
      [
        673922.1639597423,
        3138729.868166982,
        0.0
      ],
      [
        673946.7457851882,
        3138739.124198325,
        0.0
      ],
      [
        673960.873142081,
        3138744.040862537,
        0.0
      ],
      [
        673988.0685172066,
        3138754.381824785,
        0.0
      ],
      [
        674016.2846364039,
        3138766.8306188793,
        0.0
      ],
      [
        674035.0979196939,
        3138774.9554901468,
        0.0
      ],
      [
        674050.7640793029,
        3138782.5108429315,
        0.0
      ],
      [
        674090.3704173297,
        3138807.160821267,
        0.0
      ],
      [
        674110.6916176784,
        3138820.0166630847,
        0.0
      ],
      [
        674137.3609063695,
        3138830.3501746864,
        0.0
      ],
      [
        674154.1247908478,
        3138834.7827231074,
        0.0
      ],
      [
        674181.8995890941,
        3138841.470345818,
        0.0
      ],
      [
        674218.0717062372,
        3138849.3282158985,
        0.0
      ],
      [
        674245.3823580088,
        3138851.8236830696,
        0.0
      ],
      [
        674269.0201307173,
        3138853.7418568227,
        0.0
      ],
      [
        674296.2999038795,
        3138858.3297159355,
        0.0
      ],
      [
        674316.2107729419,
        3138863.3320986214,
        0.0
      ],
      [
        674365.991740632,
        3138875.576663794,
        0.0
      ],
      [
        674382.80181667,
        3138876.8711230922,
        0.0
      ],
      [
        674422.1263709343,
        3138778.0466340086,
        0.0
      ]
    ]
  ]
}