{
  "code": "250646814",
  "epsg": 32639,
  "bbox_utm": {
    "minx": 675275.5484472823,
    "miny": 3139434.2843585033,
    "maxx": 675526.8125651805,
    "maxy": 3139685.5484764017
  },
  "polygon_utm": [
    [
      [
        675475.0179308046,
        3139521.3707442754,
        0.0
      ],
      [
        675468.7863746607,
        3139516.046597962,
        0.0
      ],
      [
        675457.8306379406,
        3139510.1291214363,
        0.0
      ],
      [
        675453.5105026057,
        3139508.887845918,
        0.0
      ],
      [
        675449.7569247814,
        3139504.9084076416,
        0.0
      ],
      [
        675446.1192499945,
        3139501.9770073243,
        0.0
      ],
      [
        675440.8058302116,
        3139496.797295594,
        0.0
      ],
      [
        675429.5677566316,
        3139492.1835413347,
        0.0
      ],
      [
        675425.2942188827,
        3139487.804015159,
        0.0
      ],
      [
        675419.8221543562,
        3139484.453008029,
        0.0
      ],
      [
        675414.732765516,
        3139481.892423964,
        0.0
      ],
      [
        675412.799953589,
        3139479.2479266105,
        0.0
      ],
      [
        675409.6958021115,
        3139475.8012962076,
        0.0
      ],
      [
        675402.5169067669,
        3139472.294158942,
        0.0
      ],
      [
        675400.689475797,
        3139470.179232489,
        0.0
      ],
      [
        675361.910025211,
        3139541.9251707857,
        0.0
      ],
      [
        675321.1115310683,
        3139611.6448252727,
        0.0
      ],
      [
        675339.6061722144,
        3139622.944559176,
        0.0
      ],
      [
        675341.1679424782,
        3139624.0140480683,
        0.0
      ],
      [
        675347.6354769652,
        3139626.7258206834,
        0.0
      ],
      [
        675357.2064437672,
        3139628.5027593765,
        0.0
      ],
      [
        675370.2418775776,
        3139636.02042273,
        0.0
      ],
      [
        675389.8008233007,
        3139646.9046606645,
        0.0
      ],
      [
        675402.6056744291,
        3139647.814139886,
        0.0
      ],
      [
        675420.7869963761,
        3139649.653602416,
        0.0
      ],
      [
        675426.7173925274,
        3139648.6953764493,
        0.0
      ],
      [
        675440.7886988446,
        3139630.724836904,
        0.0
      ],
      [
        675441.5475284045,
        3139615.041521929,
        0.0
      ],
      [
        675441.3402792525,
        3139593.589142754,
        0.0
      ],
      [
        675459.488318698,
        3139575.5482989023,
        0.0
      ],
      [
        675481.2494813944,
        3139526.6948918747,
        0.0
      ],
      [
        675475.0179308046,
        3139521.3707442754,
        0.0
      ]
    ]
  ]
}