{
  "code": "250626586",
  "epsg": 32639,
  "bbox_utm": {
    "minx": 703813.0943374014,
    "miny": 3125921.34033548,
    "maxx": 704372.1000795923,
    "maxy": 3126480.3460776703
  },
  "polygon_utm": [
    [
      [
        704142.9989662435,
        3126028.326110589,
        0.0
      ],
      [
        704114.8521251444,
        3126057.440095061,
        0.0
      ],
      [
        704053.8434208683,
        3126114.2773458106,
        0.0
      ],
      [
        703975.4652583455,
        3126186.007811845,
        0.0
      ],
      [
        703949.6161794997,
        3126219.3519934546,
        0.0
      ],
      [
        703910.138504327,
        3126249.057041818,
        0.0
      ],
      [
        703906.1048258671,
        3126253.9643049645,
        0.0
      ],
      [
        703923.8484144417,
        3126278.627894755,
        0.0
      ],
      [
        703940.4152928663,
        3126295.1516635823,
        0.0
      ],
      [
        704034.4433427021,
        3126400.4881145004,
        0.0
      ],
      [
        704045.6602751225,
        3126391.251766962,
        0.0
      ],
      [
        704058.4475003707,
        3126382.5662534866,
        0.0
      ],
      [
        704090.6272116053,
        3126348.545829049,
        0.0
      ],
      [
        704120.5033046535,
        3126326.0103469635,
        0.0
      ],
      [
        704141.9836604705,
        3126301.758983738,
        0.0
      ],
      [
        704154.082528909,
        3126302.490875019,
        0.0
      ],
      [
        704168.3722463121,
        3126328.9288470247,
        0.0
      ],
      [
        704185.1098656115,
        3126335.502831186,
        0.0
      ],
      [
        704220.2093775896,
        3126346.05958708,
        0.0
      ],
      [
        704243.4082275175,
        3126344.363297928,
        0.0
      ],
      [
        704259.9797695924,
        3126329.980765593,
        0.0
      ],
      [
        704279.0895911267,
        3126290.4973136974,
        0.0
      ],
      [
        704263.0006737743,
        3126246.2173255235,
        0.0
      ],
      [
        704256.7735865735,
        3126240.8717086655,
        0.0
      ],
      [
        704237.7679712588,
        3126243.687836009,
        0.0
      ],
      [
        704232.4276500458,
        3126217.4035329567,
        0.0
      ],
      [
        704250.7678413833,
        3126192.0503898314,
        0.0
      ],
      [
        704204.7938670418,
        3126109.5386407296,
        0.0
      ],
      [
        704185.8920605101,
        3126075.686872004,
        0.0
      ],
      [
        704179.5436701549,
        3126046.7656253586,
        0.0
      ],
      [
        704185.4000185495,
        3126027.7455567676,
        0.0
      ],
      [
        704184.3676025394,
        3126011.226284252,
        0.0
      ],
      [
        704180.5453661801,
        3126003.826539954,
        0.0
      ],
      [
        704164.7926113346,
        3126001.19829865,
        0.0
      ],
      [
        704142.9989662435,
        3126028.326110589,
        0.0
      ]
    ]
  ]
}