{
  "code": "250797484",
  "epsg": 32639,
  "bbox_utm": {
    "minx": 707015.8171427652,
    "miny": 3145741.4333575647,
    "maxx": 707165.2327519491,
    "maxy": 3145890.8489667485
  },
  "polygon_utm": [
    [
      [
        707143.8876649229,
        3145820.5147467246,
        0.0
      ],
      [
        707142.2075201513,
        3145815.172359746,
        0.0
      ],
      [
        707138.8215370134,
        3145803.339820523,
        0.0
      ],
      [
        707137.6436090352,
        3145799.5338517837,
        0.0
      ],
      [
        707136.7551817636,
        3145796.6632803343,
        0.0
      ],
      [
        707133.9132001508,
        3145788.326999748,
        0.0
      ],
      [
        707131.5792144376,
        3145779.8506711773,
        0.0
      ],
      [
        707130.7380103507,
        3145776.401628218,
        0.0
      ],
      [
        707129.3389001508,
        3145770.66509975,
        0.0
      ],
      [
        707128.5004424524,
        3145766.4727605004,
        0.0
      ],
      [
        707037.1622297914,
        3145812.9397786977,
        0.0
      ],
      [
        707064.0933015672,
        3145865.809563813,
        0.0
      ],
      [
        707096.7081444464,
        3145847.199700337,
        0.0
      ],
      [
        707140.565234751,
        3145822.175067656,
        0.0
      ],
      [
        707143.8876649229,
        3145820.5147467246,
        0.0
      ]
    ]
  ]
}