{
  "code": "250751695",
  "epsg": 32639,
  "bbox_utm": {
    "minx": 683126.0097789462,
    "miny": 3129240.2549346145,
    "maxx": 683238.8688350627,
    "maxy": 3129353.1139907315
  },
  "polygon_utm": [
    [
      [
        683177.4332609727,
        3129267.7810403663,
        0.0
      ],
      [
        683166.6859866411,
        3129282.014937988,
        0.0
      ],
      [
        683161.8123226711,
        3129290.8414113745,
        0.0
      ],
      [
        683154.7326175711,
        3129306.1792035755,
        0.0
      ],
      [
        683147.67314386,
        3129320.2082137684,
        0.0
      ],
      [
        683146.8110093549,
        3129324.9075764944,
        0.0
      ],
      [
        683166.3631499299,
        3129336.991268429,
        0.0
      ],
      [
        683177.8269592487,
        3129327.481187358,
        0.0
      ],
      [
        683189.2826996775,
        3129318.4946149094,
        0.0
      ],
      [
        683195.3627979419,
        3129316.755836469,
        0.0
      ],
      [
        683206.0251536818,
        3129308.0188289387,
        0.0
      ],
      [
        683211.4938408696,
        3129294.750702912,
        0.0
      ],
      [
        683215.8574747776,
        3129284.869103774,
        0.0
      ],
      [
        683218.0676046541,
        3129278.096023087,
        0.0
      ],
      [
        683184.9786077419,
        3129256.377656917,
        0.0
      ],
      [
        683177.4332609727,
        3129267.7810403663,
        0.0
      ]
    ]
  ]
}