{
  "code": "250821554",
  "epsg": 32639,
  "bbox_utm": {
    "minx": 697790.6021809704,
    "miny": 3240381.804676214,
    "maxx": 698221.2288190913,
    "maxy": 3240812.4313143347
  },
  "polygon_utm": [
    [
      [
        698065.9210025975,
        3240739.419428716,
        0.0
      ],
      [
        698074.8861378129,
        3240733.609887811,
        0.0
      ],
      [
        698095.651723993,
        3240723.8558189194,
        0.0
      ],
      [
        698116.4083164621,
        3240714.620371872,
        0.0
      ],
      [
        698127.9842858294,
        3240708.5969483717,
        0.0
      ],
      [
        698134.9096227253,
        3240700.158144897,
        0.0
      ],
      [
        698122.0588909177,
        3240689.559273557,
        0.0
      ],
      [
        698108.283027136,
        3240672.200498718,
        0.0
      ],
      [
        698121.0460496177,
        3240657.8976421817,
        0.0
      ],
      [
        697953.2342968305,
        3240443.322767374,
        0.0
      ],
      [
        697876.9213773365,
        3240506.511944166,
        0.0
      ],
      [
        697994.7936935324,
        3240661.924674446,
        0.0
      ],
      [
        698057.873131527,
        3240750.913223175,
        0.0
      ],
      [
        698065.9210025975,
        3240739.419428716,
        0.0
      ]
    ]
  ]
}