{
  "code": "250828764",
  "epsg": 32639,
  "bbox_utm": {
    "minx": 703322.1231525801,
    "miny": 3232874.8100973926,
    "maxx": 704747.4517114689,
    "maxy": 3234300.138656281
  },
  "polygon_utm": [
    [
      [
        704316.3860493958,
        3233256.274871665,
        0.0
      ],
      [
        704234.0285187117,
        3233280.75573571,
        0.0
      ],
      [
        704194.0331658658,
        3233299.76598672,
        0.0
      ],
      [
        704153.9172183549,
        3233325.522603725,
        0.0
      ],
      [
        704128.7887540653,
        3233359.3340975475,
        0.0
      ],
      [
        704084.4817617098,
        3233386.054007945,
        0.0
      ],
      [
        703958.9480006694,
        3233461.6744441395,
        0.0
      ],
      [
        703861.0584067078,
        3233508.7200690154,
        0.0
      ],
      [
        703817.0772127623,
        3233517.2779070665,
        0.0
      ],
      [
        703803.4414843139,
        3233521.187061505,
        0.0
      ],
      [
        703664.4053815868,
        3233593.4537135195,
        0.0
      ],
      [
        703635.9242953771,
        3233610.5944349873,
        0.0
      ],
      [
        703615.5052103361,
        3233585.313337706,
        0.0
      ],
      [
        703525.7415181356,
        3233644.9643941405,
        0.0
      ],
      [
        703533.3091387695,
        3233688.7031373195,
        0.0
      ],
      [
        703590.5843120649,
        3233812.2301569227,
        0.0
      ],
      [
        703657.4319094766,
        3233925.545582818,
        0.0
      ],
      [
        703684.2759955861,
        3233941.597385677,
        0.0
      ],
      [
        703978.1011365404,
        3233791.1234280015,
        0.0
      ],
      [
        703959.0232392624,
        3233749.2551353676,
        0.0
      ],
      [
        704124.5107144169,
        3233656.702630777,
        0.0
      ],
      [
        704110.6304463536,
        3233615.9647801085,
        0.0
      ],
      [
        704167.4828214936,
        3233587.912837633,
        0.0
      ],
      [
        704159.4159364972,
        3233572.1954974765,
        0.0
      ],
      [
        704202.5213075996,
        3233554.2795438822,
        0.0
      ],
      [
        704250.9543168908,
        3233530.2299019615,
        0.0
      ],
      [
        704274.0185117266,
        3233582.5529084327,
        0.0
      ],
      [
        704315.2463581077,
        3233669.4614093965,
        0.0
      ],
      [
        704391.91962826,
        3233641.765759004,
        0.0
      ],
      [
        704399.8745555885,
        3233663.71034481,
        0.0
      ],
      [
        704423.6818245236,
        3233674.5189159843,
        0.0
      ],
      [
        704454.9959862125,
        3233674.0420018616,
        0.0
      ],
      [
        704500.2065155242,
        3233655.1268643024,
        0.0
      ],
      [
        704543.8333459132,
        3233608.152167043,
        0.0
      ],
      [
        704536.9032237609,
        3233587.2639292586,
        0.0
      ],
      [
        704509.0708074234,
        3233509.937895998,
        0.0
      ],
      [
        704458.0441283961,
        3233387.5524699227,
        0.0
      ],
      [
        704417.4484992324,
        3233265.3529906576,
        0.0
      ],
      [
        704402.3022790127,
        3233237.0494281673,
        0.0
      ],
      [
        704398.7160792045,
        3233233.351367996,
        0.0
      ],
      [
        704316.3860493958,
        3233256.274871665,
        0.0
      ]
    ]
  ]
}