{
  "code": "250820784",
  "epsg": 32639,
  "bbox_utm": {
    "minx": 697744.2598122555,
    "miny": 3240066.1369981323,
    "maxx": 698067.9665882076,
    "maxy": 3240389.8437740854
  },
  "polygon_utm": [
    [
      [
        697963.071406325,
        3240343.599948949,
        0.0
      ],
      [
        698008.7320351409,
        3240310.446667888,
        0.0
      ],
      [
        697943.4798575983,
        3240224.7514972496,
        0.0
      ],
      [
        697850.7936175996,
        3240112.380823269,
        0.0
      ],
      [
        697831.9273035796,
        3240123.606768444,
        0.0
      ],
      [
        697803.4943653223,
        3240148.651046741,
        0.0
      ],
      [
        697963.071406325,
        3240343.599948949,
        0.0
      ]
    ]
  ]
}