{
  "code": "250829826",
  "epsg": 32639,
  "bbox_utm": {
    "minx": 708753.4554245663,
    "miny": 3148422.185820782,
    "maxx": 709010.2014428973,
    "maxy": 3148678.9318391127
  },
  "polygon_utm": [
    [
      [
        708928.4678082395,
        3148585.3717091605,
        0.0
      ],
      [
        708882.0383095291,
        3148506.3753429293,
        0.0
      ],
      [
        708862.213276578,
        3148468.375151674,
        0.0
      ],
      [
        708855.5523547825,
        3148473.48595312,
        0.0
      ],
      [
        708841.8827764381,
        3148458.863823401,
        0.0
      ],
      [
        708833.3966723839,
        3148463.1579215564,
        0.0
      ],
      [
        708815.7228783418,
        3148481.6687069274,
        0.0
      ],
      [
        708887.8147931627,
        3148625.174359979,
        0.0
      ],
      [
        708882.965188097,
        3148631.8858775427,
        0.0
      ],
      [
        708884.8588736365,
        3148642.2538364944,
        0.0
      ],
      [
        708889.3848363957,
        3148639.5776847256,
        0.0
      ],
      [
        708903.8023714884,
        3148631.270729858,
        0.0
      ],
      [
        708921.8606052275,
        3148621.474319469,
        0.0
      ],
      [
        708930.9734741647,
        3148618.078250353,
        0.0
      ],
      [
        708947.9339891218,
        3148612.003697371,
        0.0
      ],
      [
        708928.4678082395,
        3148585.3717091605,
        0.0
      ]
    ]
  ]
}