{
  "code": "250809970",
  "epsg": 32639,
  "bbox_utm": {
    "minx": 706951.7899801498,
    "miny": 3145411.7849797504,
    "maxx": 707168.3428201505,
    "maxy": 3145628.3378197514
  },
  "polygon_utm": [
    [
      [
        707090.7935860412,
        3145579.072749377,
        0.0
      ],
      [
        707097.4109001493,
        3145576.8473997493,
        0.0
      ],
      [
        707097.0553001502,
        3145557.644899749,
        0.0
      ],
      [
        707098.1848001503,
        3145544.317299749,
        0.0
      ],
      [
        707100.4437001501,
        3145537.314599749,
        0.0
      ],
      [
        707103.832000151,
        3145529.40839975,
        0.0
      ],
      [
        707117.6114001513,
        3145499.3648997503,
        0.0
      ],
      [
        707120.999800151,
        3145487.61849975,
        0.0
      ],
      [
        707122.3551001507,
        3145480.61589975,
        0.0
      ],
      [
        707123.9364001516,
        3145472.70969975,
        0.0
      ],
      [
        707130.2629001501,
        3145445.7661997494,
        0.0
      ],
      [
        706989.8699001502,
        3145442.7210997506,
        0.0
      ],
      [
        706995.7811412322,
        3145459.3847548673,
        0.0
      ],
      [
        707011.3860001498,
        3145503.374499751,
        0.0
      ],
      [
        707016.8074001499,
        3145522.51879975,
        0.0
      ],
      [
        707021.8900001503,
        3145542.00189975,
        0.0
      ],
      [
        707025.1186278457,
        3145557.371780973,
        0.0
      ],
      [
        707025.5977201499,
        3145559.6524997484,
        0.0
      ],
      [
        707025.5020616883,
        3145561.0007382105,
        0.0
      ],
      [
        707024.3966326184,
        3145562.652328321,
        0.0
      ],
      [
        707036.2905001498,
        3145597.401699751,
        0.0
      ],
      [
        707090.7935860412,
        3145579.072749377,
        0.0
      ]
    ]
  ]
}