{
  "code": "250916634",
  "epsg": 32639,
  "bbox_utm": {
    "minx": 700620.3883421741,
    "miny": 3229339.7123944443,
    "maxx": 701214.3931243109,
    "maxy": 3229933.717176581
  },
  "polygon_utm": [
    [
      [
        700873.4315678632,
        3229507.361535548,
        0.0
      ],
      [
        700777.1632303677,
        3229541.9414505865,
        0.0
      ],
      [
        700852.4067976474,
        3229723.5242922907,
        0.0
      ],
      [
        700893.0002642632,
        3229848.859350561,
        0.0
      ],
      [
        700903.4719524413,
        3229846.9665272897,
        0.0
      ],
      [
        700920.3485792403,
        3229842.2124054525,
        0.0
      ],
      [
        700948.5806250788,
        3229834.2594781704,
        0.0
      ],
      [
        701057.6182361173,
        3229807.1000951864,
        0.0
      ],
      [
        701035.7804634379,
        3229757.9056760925,
        0.0
      ],
      [
        701000.8881327511,
        3229679.4028434623,
        0.0
      ],
      [
        700949.2374196716,
        3229559.5829152404,
        0.0
      ],
      [
        700890.0236281881,
        3229424.5702204634,
        0.0
      ],
      [
        700846.7723913525,
        3229450.292502837,
        0.0
      ],
      [
        700873.4315678632,
        3229507.361535548,
        0.0
      ]
    ]
  ]
}