{
  "code": "250965276",
  "epsg": 32639,
  "bbox_utm": {
    "minx": 688225.6660189441,
    "miny": 3143523.9489855086,
    "maxx": 688621.2342096666,
    "maxy": 3143919.5171762304
  },
  "polygon_utm": [
    [
      [
        688390.5734760871,
        3143592.680376322,
        0.0
      ],
      [
        688299.2652397074,
        3143647.707425443,
        0.0
      ],
      [
        688301.776455639,
        3143655.06964584,
        0.0
      ],
      [
        688344.5008923621,
        3143712.2366924714,
        0.0
      ],
      [
        688396.0851447333,
        3143774.252219213,
        0.0
      ],
      [
        688437.4323536837,
        3143818.8450586665,
        0.0
      ],
      [
        688464.3713742264,
        3143843.856609834,
        0.0
      ],
      [
        688484.5692976328,
        3143863.007434699,
        0.0
      ],
      [
        688511.0085184003,
        3143853.4930075994,
        0.0
      ],
      [
        688535.4372948094,
        3143838.193469331,
        0.0
      ],
      [
        688547.6349889034,
        3143831.589447234,
        0.0
      ],
      [
        688536.9231737129,
        3143811.0210962095,
        0.0
      ],
      [
        688510.7271240394,
        3143772.4230670403,
        0.0
      ],
      [
        688479.4669456244,
        3143721.714905869,
        0.0
      ],
      [
        688454.7721534988,
        3143687.8478109473,
        0.0
      ],
      [
        688438.8874047017,
        3143661.966580668,
        0.0
      ],
      [
        688441.1820201343,
        3143649.974024832,
        0.0
      ],
      [
        688451.3442058272,
        3143639.153184005,
        0.0
      ],
      [
        688443.1598763589,
        3143624.9011323396,
        0.0
      ],
      [
        688425.155821753,
        3143600.0319570038,
        0.0
      ],
      [
        688411.2731314326,
        3143580.4587270403,
        0.0
      ],
      [
        688390.5734760871,
        3143592.680376322,
        0.0
      ]
    ]
  ]
}