{
  "code": "250994124",
  "epsg": 32639,
  "bbox_utm": {
    "minx": 692143.1042519395,
    "miny": 3141513.3804075993,
    "maxx": 692604.4888761187,
    "maxy": 3141974.7650317787
  },
  "polygon_utm": [
    [
      [
        692270.8042562888,
        3141611.825820142,
        0.0
      ],
      [
        692253.4074949641,
        3141630.636637199,
        0.0
      ],
      [
        692304.7522207616,
        3141706.8032674314,
        0.0
      ],
      [
        692329.8517440148,
        3141747.7543492285,
        0.0
      ],
      [
        692380.0132950727,
        3141815.7930049472,
        0.0
      ],
      [
        692410.9803529651,
        3141851.608383939,
        0.0
      ],
      [
        692467.4296495717,
        3141904.840591276,
        0.0
      ],
      [
        692472.8855914215,
        3141908.85294261,
        0.0
      ],
      [
        692479.5080838498,
        3141905.8222455494,
        0.0
      ],
      [
        692484.4185503321,
        3141894.916871992,
        0.0
      ],
      [
        692485.9161975146,
        3141883.6942698034,
        0.0
      ],
      [
        692494.1856330939,
        3141860.2888149954,
        0.0
      ],
      [
        692492.9523956059,
        3141855.2990709324,
        0.0
      ],
      [
        692473.2526825675,
        3141837.9764113175,
        0.0
      ],
      [
        692468.4204925769,
        3141827.9583300934,
        0.0
      ],
      [
        692465.1824787889,
        3141816.91999817,
        0.0
      ],
      [
        692434.0634695931,
        3141774.301300112,
        0.0
      ],
      [
        692407.2593323933,
        3141741.169121697,
        0.0
      ],
      [
        692374.1819551566,
        3141689.6252867067,
        0.0
      ],
      [
        692345.4706045095,
        3141644.4300292693,
        0.0
      ],
      [
        692328.8407227751,
        3141616.1716785533,
        0.0
      ],
      [
        692320.0241165933,
        3141592.487198645,
        0.0
      ],
      [
        692312.8770735431,
        3141579.292496768,
        0.0
      ],
      [
        692270.8042562888,
        3141611.825820142,
        0.0
      ]
    ]
  ]
}