{
  "code": "250995709",
  "epsg": 32639,
  "bbox_utm": {
    "minx": 683855.5255082031,
    "miny": 3146388.5421637394,
    "maxx": 684076.5424585505,
    "maxy": 3146609.559114087
  },
  "polygon_utm": [
    [
      [
        683896.5180049483,
        3146471.926024463,
        0.0
      ],
      [
        683912.1657208689,
        3146496.484354406,
        0.0
      ],
      [
        683933.7910857847,
        3146525.319037115,
        0.0
      ],
      [
        683953.5812527889,
        3146553.8636033284,
        0.0
      ],
      [
        683974.7544003463,
        3146577.9852640373,
        0.0
      ],
      [
        683995.283237867,
        3146559.2207409274,
        0.0
      ],
      [
        684009.7405648127,
        3146542.191471699,
        0.0
      ],
      [
        684024.7642390046,
        3146522.556628236,
        0.0
      ],
      [
        684036.5697554385,
        3146507.054560205,
        0.0
      ],
      [
        684040.468596995,
        3146492.9976181327,
        0.0
      ],
      [
        684031.0589434818,
        3146489.7133314027,
        0.0
      ],
      [
        684021.0993090582,
        3146487.9891123385,
        0.0
      ],
      [
        683960.6628704946,
        3146420.116013789,
        0.0
      ],
      [
        683933.052092334,
        3146437.985940392,
        0.0
      ],
      [
        683899.6121431957,
        3146458.902216237,
        0.0
      ],
      [
        683891.5993697586,
        3146467.143295901,
        0.0
      ],
      [
        683896.5180049483,
        3146471.926024463,
        0.0
      ]
    ]
  ]
}