{
  "code": "250915974",
  "epsg": 32639,
  "bbox_utm": {
    "minx": 700842.4147238833,
    "miny": 3229480.138730834,
    "maxx": 701227.8436131129,
    "maxy": 3229865.5676200637
  },
  "polygon_utm": [
    [
      [
        700949.2374196716,
        3229559.5829152404,
        0.0
      ],
      [
        701000.8881327511,
        3229679.4028434623,
        0.0
      ],
      [
        701035.7804634379,
        3229757.9056760925,
        0.0
      ],
      [
        701057.6182361173,
        3229807.1000951864,
        0.0
      ],
      [
        701059.38500471,
        3229810.5063501736,
        0.0
      ],
      [
        701121.0209173246,
        3229792.898292286,
        0.0
      ],
      [
        701104.7811163099,
        3229751.8507197946,
        0.0
      ],
      [
        701102.7260507433,
        3229749.9971367954,
        0.0
      ],
      [
        701115.1748568702,
        3229739.5715356255,
        0.0
      ],
      [
        701106.5100986492,
        3229712.936791126,
        0.0
      ],
      [
        701078.2457243312,
        3229643.3775373846,
        0.0
      ],
      [
        701055.1169514718,
        3229593.380783853,
        0.0
      ],
      [
        701024.3029697395,
        3229535.200000724,
        0.0
      ],
      [
        700949.2374196716,
        3229559.5829152404,
        0.0
      ]
    ]
  ]
}