{
  "code": "250959534",
  "epsg": 32639,
  "bbox_utm": {
    "minx": 683780.3076650894,
    "miny": 3146429.4794758675,
    "maxx": 684007.1621895558,
    "maxy": 3146656.3340003337
  },
  "polygon_utm": [
    [
      [
        683860.8685627504,
        3146482.873071497,
        0.0
      ],
      [
        683830.7041051239,
        3146495.997323763,
        0.0
      ],
      [
        683812.7154542989,
        3146503.5598897384,
        0.0
      ],
      [
        683833.8441068097,
        3146530.5565194325,
        0.0
      ],
      [
        683861.7385969883,
        3146561.841761179,
        0.0
      ],
      [
        683886.0035653685,
        3146589.933075416,
        0.0
      ],
      [
        683908.0677920461,
        3146615.898517759,
        0.0
      ],
      [
        683913.0210376597,
        3146618.4595104204,
        0.0
      ],
      [
        683918.1423738914,
        3146618.6701803003,
        0.0
      ],
      [
        683926.7384636811,
        3146615.14423765,
        0.0
      ],
      [
        683940.1740177607,
        3146604.6350048664,
        0.0
      ],
      [
        683958.6812009425,
        3146589.1068984154,
        0.0
      ],
      [
        683974.7544003463,
        3146577.9852640373,
        0.0
      ],
      [
        683953.5812527889,
        3146553.8636033284,
        0.0
      ],
      [
        683933.7910857847,
        3146525.319037115,
        0.0
      ],
      [
        683912.1657208689,
        3146496.484354407,
        0.0
      ],
      [
        683896.5180049483,
        3146471.926024463,
        0.0
      ],
      [
        683891.5993697586,
        3146467.143295901,
        0.0
      ],
      [
        683860.8685627504,
        3146482.873071497,
        0.0
      ]
    ]
  ]
}