{
  "code": "250982961",
  "epsg": 32639,
  "bbox_utm": {
    "minx": 684005.7954155453,
    "miny": 3146710.9062662474,
    "maxx": 684308.3394957841,
    "maxy": 3147013.450346486
  },
  "polygon_utm": [
    [
      [
        684246.2789676575,
        3146905.277068752,
        0.0
      ],
      [
        684230.2839452275,
        3146886.203705453,
        0.0
      ],
      [
        684207.0468129588,
        3146859.696937022,
        0.0
      ],
      [
        684174.514650615,
        3146822.5874512102,
        0.0
      ],
      [
        684130.626262341,
        3146772.2286655703,
        0.0
      ],
      [
        684109.8853080085,
        3146754.1268491386,
        0.0
      ],
      [
        684102.3898631568,
        3146762.898534217,
        0.0
      ],
      [
        684088.9754096263,
        3146780.4665312017,
        0.0
      ],
      [
        684080.2575231637,
        3146800.1993840053,
        0.0
      ],
      [
        684075.8414116491,
        3146813.7249938753,
        0.0
      ],
      [
        684071.2782815478,
        3146836.6599294525,
        0.0
      ],
      [
        684067.8559436719,
        3146853.861102515,
        0.0
      ],
      [
        684083.875767723,
        3146871.366057896,
        0.0
      ],
      [
        684119.0843860916,
        3146905.3797687734,
        0.0
      ],
      [
        684136.1549864875,
        3146922.901155876,
        0.0
      ],
      [
        684165.1149890724,
        3146953.1571604777,
        0.0
      ],
      [
        684186.9227601439,
        3146970.229763595,
        0.0
      ],
      [
        684246.2789676575,
        3146905.277068752,
        0.0
      ]
    ]
  ]
}