{
  "code": "250944611",
  "epsg": 32639,
  "bbox_utm": {
    "minx": 683640.5836101933,
    "miny": 3145754.3995558135,
    "maxx": 684147.2873185456,
    "maxy": 3146261.103264166
  },
  "polygon_utm": [
    [
      [
        683824.771520799,
        3145934.0450002863,
        0.0
      ],
      [
        683767.3322023391,
        3145977.071957327,
        0.0
      ],
      [
        683815.685665522,
        3146044.755880983,
        0.0
      ],
      [
        683860.0140357842,
        3146100.873395548,
        0.0
      ],
      [
        683914.6234146353,
        3146171.7920211065,
        0.0
      ],
      [
        683926.9741606942,
        3146188.717020116,
        0.0
      ],
      [
        684020.5387263999,
        3146121.1573298764,
        0.0
      ],
      [
        683983.6008011457,
        3146063.0630792333,
        0.0
      ],
      [
        683917.7892131805,
        3145968.9614690156,
        0.0
      ],
      [
        683811.6931000771,
        3145826.785799864,
        0.0
      ],
      [
        683770.3112416415,
        3145860.8407322033,
        0.0
      ],
      [
        683824.771520799,
        3145934.0450002863,
        0.0
      ]
    ]
  ]
}