{
  "code": "250944701",
  "epsg": 32639,
  "bbox_utm": {
    "minx": 683957.7747218749,
    "miny": 3145595.725530922,
    "maxx": 684491.7477917876,
    "maxy": 3146129.6986008347
  },
  "polygon_utm": [
    [
      [
        684064.0723696671,
        3145722.744275703,
        0.0
      ],
      [
        684141.2822210374,
        3145827.4846906494,
        0.0
      ],
      [
        684202.5677133489,
        3145908.445636374,
        0.0
      ],
      [
        684249.432510928,
        3145970.356830821,
        0.0
      ],
      [
        684285.9829893154,
        3146019.557262845,
        0.0
      ],
      [
        684288.0931734317,
        3146019.0673744045,
        0.0
      ],
      [
        684311.2092829072,
        3146053.4167337045,
        0.0
      ],
      [
        684385.4501439952,
        3146011.7012342536,
        0.0
      ],
      [
        684369.0430174533,
        3145985.2999462336,
        0.0
      ],
      [
        684347.4052996119,
        3145957.248121077,
        0.0
      ],
      [
        684323.7226911155,
        3145925.5040322025,
        0.0
      ],
      [
        684302.5939072225,
        3145898.5059186183,
        0.0
      ],
      [
        684278.3691967656,
        3145867.799099899,
        0.0
      ],
      [
        684257.7902337938,
        3145839.2408576463,
        0.0
      ],
      [
        684229.4592599241,
        3145802.195012509,
        0.0
      ],
      [
        684202.1627887553,
        3145766.2111070873,
        0.0
      ],
      [
        684158.8937896978,
        3145709.584353434,
        0.0
      ],
      [
        684130.0448325139,
        3145672.0073980526,
        0.0
      ],
      [
        684064.0723696671,
        3145722.744275703,
        0.0
      ]
    ]
  ]
}