{
  "code": "250953251",
  "epsg": 32639,
  "bbox_utm": {
    "minx": 683359.7506682274,
    "miny": 3112252.791645047,
    "maxx": 683536.3399447382,
    "maxy": 3112429.380921557
  },
  "polygon_utm": [
    [
      [
        683499.738348751,
        3112370.807143417,
        0.0
      ],
      [
        683496.1944840399,
        3112361.3139935727,
        0.0
      ],
      [
        683458.5056201506,
        3112309.870554761,
        0.0
      ],
      [
        683433.1662578521,
        3112278.018684548,
        0.0
      ],
      [
        683396.3522642145,
        3112306.8177869306,
        0.0
      ],
      [
        683435.8592796908,
        3112377.1662736624,
        0.0
      ],
      [
        683451.7850779451,
        3112404.1538820555,
        0.0
      ],
      [
        683499.738348751,
        3112370.807143417,
        0.0
      ]
    ]
  ]
}