{
  "code": "250992256",
  "epsg": 32639,
  "bbox_utm": {
    "minx": 683992.3303116474,
    "miny": 3146893.8217773098,
    "maxx": 684498.8121459524,
    "maxy": 3147400.3036116143
  },
  "polygon_utm": [
    [
      [
        684167.80345968,
        3147324.923753804,
        0.0
      ],
      [
        684189.1849622718,
        3147301.9920417713,
        0.0
      ],
      [
        684210.0738026868,
        3147276.9612733484,
        0.0
      ],
      [
        684212.7664342942,
        3147272.820708184,
        0.0
      ],
      [
        684221.3411719128,
        3147262.2367019365,
        0.0
      ],
      [
        684229.3986536849,
        3147251.1217645877,
        0.0
      ],
      [
        684251.8353924267,
        3147227.9450896364,
        0.0
      ],
      [
        684258.0047922946,
        3147219.9376245416,
        0.0
      ],
      [
        684260.2169794233,
        3147212.9139248314,
        0.0
      ],
      [
        684261.8914538141,
        3147206.666066151,
        0.0
      ],
      [
        684270.9631096338,
        3147197.9197378177,
        0.0
      ],
      [
        684288.8968965583,
        3147177.025345557,
        0.0
      ],
      [
        684306.297115746,
        3147156.6454298687,
        0.0
      ],
      [
        684321.8215019142,
        3147138.5889309347,
        0.0
      ],
      [
        684331.9973312641,
        3147126.4613993107,
        0.0
      ],
      [
        684347.4808912136,
        3147111.0184556367,
        0.0
      ],
      [
        684357.6894955932,
        3147096.8000543294,
        0.0
      ],
      [
        684362.7713076042,
        3147091.1283173724,
        0.0
      ],
      [
        684379.0799566342,
        3147073.3454772583,
        0.0
      ],
      [
        684397.2441170512,
        3147054.5459860126,
        0.0
      ],
      [
        684409.4850964292,
        3147044.8035579384,
        0.0
      ],
      [
        684415.3264978983,
        3147040.9736673026,
        0.0
      ],
      [
        684417.2801703097,
        3147033.684410429,
        0.0
      ],
      [
        684398.0174037989,
        3147005.1491203923,
        0.0
      ],
      [
        684378.9681793668,
        3146979.7542346315,
        0.0
      ],
      [
        684368.080796822,
        3146970.1725488408,
        0.0
      ],
      [
        684356.3111254938,
        3146966.5898220167,
        0.0
      ],
      [
        684346.5942053528,
        3146966.1763250674,
        0.0
      ],
      [
        684338.3555032985,
        3146972.0601533805,
        0.0
      ],
      [
        684321.0204105687,
        3146988.258602538,
        0.0
      ],
      [
        684302.6099133131,
        3147006.0087658362,
        0.0
      ],
      [
        684280.936328259,
        3147030.7662965334,
        0.0
      ],
      [
        684262.4809842535,
        3147051.391393562,
        0.0
      ],
      [
        684244.7934462919,
        3147073.335597701,
        0.0
      ],
      [
        684219.7250920059,
        3147096.732873209,
        0.0
      ],
      [
        684215.4233607537,
        3147102.939705513,
        0.0
      ],
      [
        684207.6080910352,
        3147115.3656904716,
        0.0
      ],
      [
        684190.5034185536,
        3147133.6590710552,
        0.0
      ],
      [
        684161.9463130278,
        3147161.707332497,
        0.0
      ],
      [
        684152.9319246756,
        3147166.7947873054,
        0.0
      ],
      [
        684147.3452300306,
        3147171.1515761623,
        0.0
      ],
      [
        684123.3445189332,
        3147193.5198463425,
        0.0
      ],
      [
        684073.8622872902,
        3147248.951372645,
        0.0
      ],
      [
        684080.2914923702,
        3147257.9400518667,
        0.0
      ],
      [
        684103.0638901393,
        3147280.5164557504,
        0.0
      ],
      [
        684134.1656792602,
        3147308.1900006086,
        0.0
      ],
      [
        684154.9260055851,
        3147324.9838148304,
        0.0
      ],
      [
        684160.6609326039,
        3147327.9490638566,
        0.0
      ],
      [
        684167.80345968,
        3147324.923753804,
        0.0
      ]
    ]
  ]
}