{
  "code": "250945089",
  "epsg": 32639,
  "bbox_utm": {
    "minx": 685513.4527830321,
    "miny": 3145128.1788384365,
    "maxx": 686063.2395129588,
    "maxy": 3145677.9655683637
  },
  "polygon_utm": [
    [
      [
        685673.4539724338,
        3145598.5942925853,
        0.0
      ],
      [
        685719.800679967,
        3145559.583019704,
        0.0
      ],
      [
        685781.1097005781,
        3145505.1200777525,
        0.0
      ],
      [
        685816.2643980976,
        3145475.8678840213,
        0.0
      ],
      [
        685840.7932391578,
        3145453.7690521223,
        0.0
      ],
      [
        685864.3700387088,
        3145425.380145326,
        0.0
      ],
      [
        685894.426508983,
        3145386.112005305,
        0.0
      ],
      [
        685905.3989617499,
        3145357.001286866,
        0.0
      ],
      [
        685921.4752000828,
        3145324.897899855,
        0.0
      ],
      [
        685892.1650000832,
        3145302.4481998566,
        0.0
      ],
      [
        685846.2962000805,
        3145268.1245998563,
        0.0
      ],
      [
        685826.0141000818,
        3145251.1188998534,
        0.0
      ],
      [
        685789.1942000818,
        3145224.284099855,
        0.0
      ],
      [
        685766.7613000826,
        3145206.719799855,
        0.0
      ],
      [
        685743.3185171357,
        3145234.6956016924,
        0.0
      ],
      [
        685750.9379877669,
        3145251.549422165,
        0.0
      ],
      [
        685763.7139547353,
        3145274.759632796,
        0.0
      ],
      [
        685767.0466666666,
        3145296.775127443,
        0.0
      ],
      [
        685763.1042405479,
        3145313.4466576874,
        0.0
      ],
      [
        685751.7301638818,
        3145334.707376258,
        0.0
      ],
      [
        685735.4450667602,
        3145367.395011987,
        0.0
      ],
      [
        685714.3231694123,
        3145406.8043528856,
        0.0
      ],
      [
        685704.9937299652,
        3145431.7576012663,
        0.0
      ],
      [
        685690.7780566986,
        3145466.5692955484,
        0.0
      ],
      [
        685676.5377532635,
        3145502.9492643205,
        0.0
      ],
      [
        685655.8512104404,
        3145548.1171601373,
        0.0
      ],
      [
        685655.2170959082,
        3145588.3716312647,
        0.0
      ],
      [
        685659.7738719838,
        3145599.4246069454,
        0.0
      ],
      [
        685673.4539724338,
        3145598.5942925853,
        0.0
      ]
    ]
  ]
}