{
  "code": "250944691",
  "epsg": 32639,
  "bbox_utm": {
    "minx": 683964.0170510022,
    "miny": 3145327.9354969487,
    "maxx": 684768.2358713865,
    "maxy": 3146132.1543173324
  },
  "polygon_utm": [
    [
      [
        684339.0960000781,
        3145476.4982998604,
        0.0
      ],
      [
        684313.2935000783,
        3145442.8238998605,
        0.0
      ],
      [
        684264.6613000783,
        3145485.559899861,
        0.0
      ],
      [
        684177.4897000766,
        3145571.49679986,
        0.0
      ],
      [
        684150.7965000768,
        3145598.198499863,
        0.0
      ],
      [
        684112.4836223106,
        3145634.7325425055,
        0.0
      ],
      [
        684148.281267984,
        3145682.881801349,
        0.0
      ],
      [
        684231.6497360059,
        3145797.1316330433,
        0.0
      ],
      [
        684326.4305191602,
        3145920.9717080803,
        0.0
      ],
      [
        684398.5126073282,
        3146017.2659144206,
        0.0
      ],
      [
        684423.012986834,
        3145996.7336916393,
        0.0
      ],
      [
        684455.8724257259,
        3145979.469676668,
        0.0
      ],
      [
        684485.5625659248,
        3145963.2018885654,
        0.0
      ],
      [
        684494.8743331196,
        3145972.759751965,
        0.0
      ],
      [
        684536.0929252731,
        3145958.7641518433,
        0.0
      ],
      [
        684564.7977297988,
        3145938.2979335957,
        0.0
      ],
      [
        684596.8358407937,
        3145906.380245133,
        0.0
      ],
      [
        684619.769300078,
        3145880.9144998603,
        0.0
      ],
      [
        684567.382600079,
        3145814.336199861,
        0.0
      ],
      [
        684544.6263000784,
        3145785.28849986,
        0.0
      ],
      [
        684530.2095000779,
        3145766.8858998613,
        0.0
      ],
      [
        684472.2632000784,
        3145686.4169998597,
        0.0
      ],
      [
        684406.6636000777,
        3145600.044199861,
        0.0
      ],
      [
        684421.7515000791,
        3145586.2682998613,
        0.0
      ],
      [
        684390.9197000783,
        3145543.1912998604,
        0.0
      ],
      [
        684369.6254000793,
        3145515.787199862,
        0.0
      ],
      [
        684339.0960000781,
        3145476.4982998604,
        0.0
      ]
    ]
  ]
}