{
  "code": "250944589",
  "epsg": 32639,
  "bbox_utm": {
    "minx": 683386.2794000761,
    "miny": 3145644.591359864,
    "maxx": 683785.7892800757,
    "maxy": 3146044.101239864
  },
  "polygon_utm": [
    [
      [
        683503.9293000752,
        3145853.1254998636,
        0.0
      ],
      [
        683559.245000077,
        3145930.4192998647,
        0.0
      ],
      [
        683600.0956000751,
        3145987.0283998637,
        0.0
      ],
      [
        683661.6369324296,
        3145946.142262339,
        0.0
      ],
      [
        683712.6682000766,
        3145908.277699862,
        0.0
      ],
      [
        683632.4111000773,
        3145800.8565998636,
        0.0
      ],
      [
        683563.4875000761,
        3145705.9907998643,
        0.0
      ],
      [
        683565.810200076,
        3145704.4422998633,
        0.0
      ],
      [
        683563.9582000766,
        3145701.664199864,
        0.0
      ],
      [
        683512.3288960861,
        3145745.464661803,
        0.0
      ],
      [
        683459.4004800753,
        3145792.4392998638,
        0.0
      ],
      [
        683503.9293000752,
        3145853.1254998636,
        0.0
      ]
    ]
  ]
}