{
  "code": "250944655",
  "epsg": 32639,
  "bbox_utm": {
    "minx": 683933.5783830928,
    "miny": 3145832.566542369,
    "maxx": 684289.1968322494,
    "maxy": 3146188.184991525
  },
  "polygon_utm": [
    [
      [
        684173.8708087518,
        3146130.22802733,
        0.0
      ],
      [
        684187.6454547652,
        3146114.8875015783,
        0.0
      ],
      [
        684208.0338132842,
        3146096.7744844784,
        0.0
      ],
      [
        684219.7582359612,
        3146086.5000440595,
        0.0
      ],
      [
        684204.4018703708,
        3146060.1156004155,
        0.0
      ],
      [
        684170.3806726248,
        3146017.2298161583,
        0.0
      ],
      [
        684133.8133915021,
        3145969.075294923,
        0.0
      ],
      [
        684103.4620391595,
        3145926.769658237,
        0.0
      ],
      [
        684069.9737494766,
        3145883.369177962,
        0.0
      ],
      [
        684046.6717907776,
        3145894.5089125084,
        0.0
      ],
      [
        684003.016979381,
        3145929.906857666,
        0.0
      ],
      [
        684015.400535894,
        3145944.7412246205,
        0.0
      ],
      [
        684030.2646281685,
        3145969.0263757952,
        0.0
      ],
      [
        684077.0646894625,
        3146035.1186143714,
        0.0
      ],
      [
        684097.6436935076,
        3146063.676065263,
        0.0
      ],
      [
        684125.4815507595,
        3146098.621550812,
        0.0
      ],
      [
        684146.0930003538,
        3146125.0879207635,
        0.0
      ],
      [
        684163.2464852901,
        3146137.382355931,
        0.0
      ],
      [
        684173.8708087518,
        3146130.22802733,
        0.0
      ]
    ]
  ]
}