{
  "code": "250944646",
  "epsg": 32639,
  "bbox_utm": {
    "minx": 683831.9050846577,
    "miny": 3145873.728909914,
    "maxx": 684253.276834747,
    "maxy": 3146295.1006600033
  },
  "polygon_utm": [
    [
      [
        684038.6385056762,
        3146139.6185341184,
        0.0
      ],
      [
        684066.977329287,
        3146176.1401316924,
        0.0
      ],
      [
        684096.366960317,
        3146212.67811834,
        0.0
      ],
      [
        684113.3651585998,
        3146234.9046957046,
        0.0
      ],
      [
        684136.0975455306,
        3146192.9065654026,
        0.0
      ],
      [
        684159.3555829888,
        3146150.9165327842,
        0.0
      ],
      [
        684140.2880245699,
        3146126.5658572847,
        0.0
      ],
      [
        684111.4237874768,
        3146090.035713342,
        0.0
      ],
      [
        684082.5838684434,
        3146051.9372594487,
        0.0
      ],
      [
        684024.96877133,
        3145971.5581271756,
        0.0
      ],
      [
        684002.8455605451,
        3145940.8849287075,
        0.0
      ],
      [
        683992.4415721954,
        3145933.924874212,
        0.0
      ],
      [
        683961.6439913834,
        3145953.836845425,
        0.0
      ],
      [
        683925.826336416,
        3145980.453460948,
        0.0
      ],
      [
        683983.6008011457,
        3146063.0630792333,
        0.0
      ],
      [
        684020.5387263999,
        3146121.1573298764,
        0.0
      ],
      [
        684038.6385056762,
        3146139.6185341184,
        0.0
      ]
    ]
  ]
}