{
  "code": "251031486",
  "epsg": 32639,
  "bbox_utm": {
    "minx": 688354.3594945224,
    "miny": 3143405.443335399,
    "maxx": 688549.7315956198,
    "maxy": 3143600.8154364964
  },
  "polygon_utm": [
    [
      [
        688452.1786290195,
        3143454.757180007,
        0.0
      ],
      [
        688426.2057431096,
        3143467.9410948004,
        0.0
      ],
      [
        688403.4451360377,
        3143477.5151320808,
        0.0
      ],
      [
        688382.2697946791,
        3143486.591489394,
        0.0
      ],
      [
        688428.8987531074,
        3143562.6526595377,
        0.0
      ],
      [
        688440.8463769404,
        3143555.259621226,
        0.0
      ],
      [
        688459.1557924638,
        3143544.5685467264,
        0.0
      ],
      [
        688482.7966771807,
        3143529.255413665,
        0.0
      ],
      [
        688508.0312114323,
        3143512.9217108223,
        0.0
      ],
      [
        688521.821295463,
        3143503.356153883,
        0.0
      ],
      [
        688474.4387639668,
        3143443.6061123577,
        0.0
      ],
      [
        688452.1786290195,
        3143454.757180007,
        0.0
      ]
    ]
  ]
}