{
  "code": "251009874",
  "epsg": 32639,
  "bbox_utm": {
    "minx": 683079.5021410442,
    "miny": 3146629.9917370584,
    "maxx": 683617.4652765819,
    "maxy": 3147167.954872596
  },
  "polygon_utm": [
    [
      [
        683312.2451216523,
        3147051.087939397,
        0.0
      ],
      [
        683354.5580722363,
        3147033.969894758,
        0.0
      ],
      [
        683386.5085286616,
        3147007.2794533456,
        0.0
      ],
      [
        683407.754654996,
        3146992.9706184925,
        0.0
      ],
      [
        683436.4711981762,
        3146971.458302021,
        0.0
      ],
      [
        683468.2917512204,
        3146953.131430304,
        0.0
      ],
      [
        683490.621568226,
        3146936.748154246,
        0.0
      ],
      [
        683507.7782794895,
        3146915.055824371,
        0.0
      ],
      [
        683521.8637222054,
        3146888.087134842,
        0.0
      ],
      [
        683540.6134000766,
        3146872.5166998636,
        0.0
      ],
      [
        683516.0828000759,
        3146835.868199865,
        0.0
      ],
      [
        683477.1604000762,
        3146779.8898998653,
        0.0
      ],
      [
        683451.5132000765,
        3146744.3437998653,
        0.0
      ],
      [
        683423.9794476773,
        3146761.078167856,
        0.0
      ],
      [
        683341.4371280156,
        3146796.3929746104,
        0.0
      ],
      [
        683280.0602644198,
        3146822.626181045,
        0.0
      ],
      [
        683225.1030690431,
        3146841.6395765916,
        0.0
      ],
      [
        683183.9218779014,
        3146853.5475100717,
        0.0
      ],
      [
        683156.3540175497,
        3146868.8043168895,
        0.0
      ],
      [
        683218.9806027692,
        3146964.9363326537,
        0.0
      ],
      [
        683272.2618395437,
        3147053.602809789,
        0.0
      ],
      [
        683312.2451216523,
        3147051.087939397,
        0.0
      ]
    ]
  ]
}