{
  "code": "251009784",
  "epsg": 32639,
  "bbox_utm": {
    "minx": 685224.1732889711,
    "miny": 3146834.861063215,
    "maxx": 685584.957796014,
    "maxy": 3147195.6455702586
  },
  "polygon_utm": [
    [
      [
        685410.929910902,
        3147115.7938825977,
        0.0
      ],
      [
        685406.4311887987,
        3147101.0833635796,
        0.0
      ],
      [
        685395.7092416614,
        3147081.0463998355,
        0.0
      ],
      [
        685411.260171656,
        3147061.4229410766,
        0.0
      ],
      [
        685442.6983702339,
        3147034.2068261667,
        0.0
      ],
      [
        685494.613659182,
        3146982.8462017872,
        0.0
      ],
      [
        685476.9628618251,
        3146961.024217529,
        0.0
      ],
      [
        685464.1061105158,
        3146943.0447598547,
        0.0
      ],
      [
        685459.5497635732,
        3146931.9930826123,
        0.0
      ],
      [
        685441.9555383886,
        3146914.461879763,
        0.0
      ],
      [
        685419.7966289545,
        3146886.401707079,
        0.0
      ],
      [
        685411.2822118714,
        3146893.064820291,
        0.0
      ],
      [
        685396.9630029507,
        3146901.2051415113,
        0.0
      ],
      [
        685379.3429522056,
        3146918.7049171925,
        0.0
      ],
      [
        685362.856136801,
        3146930.9939803365,
        0.0
      ],
      [
        685349.5139121823,
        3146943.855383717,
        0.0
      ],
      [
        685349.8584254156,
        3146955.3635785715,
        0.0
      ],
      [
        685355.2354779555,
        3146981.0679630665,
        0.0
      ],
      [
        685354.9640419508,
        3146998.317795524,
        0.0
      ],
      [
        685344.4374373094,
        3147032.660287914,
        0.0
      ],
      [
        685330.2655800924,
        3147064.8539381144,
        0.0
      ],
      [
        685314.5174258031,
        3147097.0227122144,
        0.0
      ],
      [
        685327.4317803533,
        3147111.342753232,
        0.0
      ],
      [
        685352.390447506,
        3147128.46654674,
        0.0
      ],
      [
        685371.5937240603,
        3147143.9312608135,
        0.0
      ],
      [
        685382.6282698248,
        3147144.104926395,
        0.0
      ],
      [
        685410.929910902,
        3147115.7938825977,
        0.0
      ]
    ]
  ]
}