{
  "code": "251031091",
  "epsg": 32639,
  "bbox_utm": {
    "minx": 688033.1708654212,
    "miny": 3143346.2056456422,
    "maxx": 688313.0151652682,
    "maxy": 3143626.0499454895
  },
  "polygon_utm": [
    [
      [
        688246.2062000881,
        3143553.541199848,
        0.0
      ],
      [
        688250.6512000889,
        3143538.168899849,
        0.0
      ],
      [
        688258.4299000872,
        3143511.313599847,
        0.0
      ],
      [
        688263.4306000872,
        3143487.606899846,
        0.0
      ],
      [
        688269.1721000893,
        3143469.085999846,
        0.0
      ],
      [
        688273.0374081472,
        3143459.7154199984,
        0.0
      ],
      [
        688245.6909148298,
        3143446.229583874,
        0.0
      ],
      [
        688192.6902368157,
        3143423.416438434,
        0.0
      ],
      [
        688132.9646227247,
        3143393.6967912847,
        0.0
      ],
      [
        688126.6988885761,
        3143407.4572705356,
        0.0
      ],
      [
        688125.3682479598,
        3143424.9576803274,
        0.0
      ],
      [
        688124.1544749665,
        3143451.612996084,
        0.0
      ],
      [
        688122.5902153704,
        3143467.2790043424,
        0.0
      ],
      [
        688115.06884202,
        3143477.3581569716,
        0.0
      ],
      [
        688102.8043544263,
        3143488.146207933,
        0.0
      ],
      [
        688095.7586022469,
        3143501.3711179015,
        0.0
      ],
      [
        688080.1026211875,
        3143510.535994149,
        0.0
      ],
      [
        688073.1486225422,
        3143518.009033343,
        0.0
      ],
      [
        688085.1670717923,
        3143522.64642531,
        0.0
      ],
      [
        688096.4012480652,
        3143527.0098069613,
        0.0
      ],
      [
        688107.6562650087,
        3143530.065958988,
        0.0
      ],
      [
        688122.8701237572,
        3143532.139205641,
        0.0
      ],
      [
        688131.5262110897,
        3143533.323327978,
        0.0
      ],
      [
        688142.4933814068,
        3143537.9440073185,
        0.0
      ],
      [
        688158.4539519488,
        3143542.644353178,
        0.0
      ],
      [
        688169.4044203496,
        3143548.3108455264,
        0.0
      ],
      [
        688188.4602967653,
        3143556.7218078817,
        0.0
      ],
      [
        688195.6375308314,
        3143559.9744925834,
        0.0
      ],
      [
        688211.9484644483,
        3143567.426391599,
        0.0
      ],
      [
        688226.5531977864,
        3143574.7203245712,
        0.0
      ],
      [
        688236.3843000869,
        3143578.5587998475,
        0.0
      ],
      [
        688246.2062000881,
        3143553.541199848,
        0.0
      ]
    ]
  ]
}