{
  "code": "251031479",
  "epsg": 32639,
  "bbox_utm": {
    "minx": 688228.9721123611,
    "miny": 3143446.922511278,
    "maxx": 688462.2198598983,
    "maxy": 3143680.170258816
  },
  "polygon_utm": [
    [
      [
        688364.2732870376,
        3143494.1495463536,
        0.0
      ],
      [
        688345.7762293003,
        3143500.1305381395,
        0.0
      ],
      [
        688332.0014586211,
        3143506.709985807,
        0.0
      ],
      [
        688307.3803046907,
        3143534.0374670224,
        0.0
      ],
      [
        688268.8009776208,
        3143579.4480818044,
        0.0
      ],
      [
        688262.2932191521,
        3143591.8968505226,
        0.0
      ],
      [
        688297.5424402365,
        3143640.5012806994,
        0.0
      ],
      [
        688362.0357700755,
        3143601.33474878,
        0.0
      ],
      [
        688410.3182317549,
        3143573.862457203,
        0.0
      ],
      [
        688428.8987531074,
        3143562.6526595377,
        0.0
      ],
      [
        688382.2697946791,
        3143486.591489394,
        0.0
      ],
      [
        688364.2732870376,
        3143494.1495463536,
        0.0
      ]
    ]
  ]
}