{
  "code": "251030704",
  "epsg": 32639,
  "bbox_utm": {
    "minx": 688431.1129777568,
    "miny": 3143609.401473932,
    "maxx": 688689.5907658361,
    "maxy": 3143867.8792620115
  },
  "polygon_utm": [
    [
      [
        688499.6276777019,
        3143742.657323733,
        0.0
      ],
      [
        688549.8504614631,
        3143824.005112181,
        0.0
      ],
      [
        688559.2027665391,
        3143830.9538637144,
        0.0
      ],
      [
        688574.9877899935,
        3143830.160217364,
        0.0
      ],
      [
        688646.196082648,
        3143815.608497565,
        0.0
      ],
      [
        688639.5555031933,
        3143803.472851875,
        0.0
      ],
      [
        688631.9974968361,
        3143782.9542130125,
        0.0
      ],
      [
        688631.1386244543,
        3143770.911017172,
        0.0
      ],
      [
        688631.3477000892,
        3143750.9627998457,
        0.0
      ],
      [
        688609.7777000894,
        3143718.690799845,
        0.0
      ],
      [
        688567.7971000896,
        3143658.436199846,
        0.0
      ],
      [
        688559.7862903338,
        3143646.326872229,
        0.0
      ],
      [
        688474.507660945,
        3143702.5062090512,
        0.0
      ],
      [
        688499.6276777019,
        3143742.657323733,
        0.0
      ]
    ]
  ]
}