{
  "code": "251030685",
  "epsg": 32639,
  "bbox_utm": {
    "minx": 688352.6197483967,
    "miny": 3143469.089038005,
    "maxx": 688624.9397812838,
    "maxy": 3143741.4090708923
  },
  "polygon_utm": [
    [
      [
        688525.4975000897,
        3143507.991899846,
        0.0
      ],
      [
        688493.5677770319,
        3143529.6890574847,
        0.0
      ],
      [
        688414.464729592,
        3143577.5898907077,
        0.0
      ],
      [
        688427.3462914146,
        3143594.0095296158,
        0.0
      ],
      [
        688441.2372843255,
        3143613.06042311,
        0.0
      ],
      [
        688455.6454950185,
        3143632.64259637,
        0.0
      ],
      [
        688458.1399059908,
        3143641.050860173,
        0.0
      ],
      [
        688449.5629181903,
        3143651.3743134663,
        0.0
      ],
      [
        688446.8011543668,
        3143659.6985790515,
        0.0
      ],
      [
        688459.1068276123,
        3143679.2470916347,
        0.0
      ],
      [
        688474.507660945,
        3143702.5062090512,
        0.0
      ],
      [
        688559.7862903338,
        3143646.326872229,
        0.0
      ],
      [
        688546.559800089,
        3143626.3333998453,
        0.0
      ],
      [
        688543.3838000884,
        3143622.421099846,
        0.0
      ],
      [
        688530.9136000879,
        3143604.783699847,
        0.0
      ],
      [
        688530.2614000892,
        3143603.861399848,
        0.0
      ],
      [
        688526.9791000887,
        3143595.0399998454,
        0.0
      ],
      [
        688527.5348000892,
        3143588.001999846,
        0.0
      ],
      [
        688527.9052000889,
        3143584.668299846,
        0.0
      ],
      [
        688531.6094000884,
        3143580.7788998447,
        0.0
      ],
      [
        688536.9804000887,
        3143575.407799846,
        0.0
      ],
      [
        688563.0948000886,
        3143554.664499846,
        0.0
      ],
      [
        688525.4975000897,
        3143507.991899846,
        0.0
      ]
    ]
  ]
}