{
  "code": "251031154",
  "epsg": 32639,
  "bbox_utm": {
    "minx": 688100.5372872519,
    "miny": 3143280.671505804,
    "maxx": 688327.5286355611,
    "maxy": 3143507.6628541136
  },
  "polygon_utm": [
    [
      [
        688287.5077000886,
        3143414.8198998463,
        0.0
      ],
      [
        688295.1013000883,
        3143394.6320998454,
        0.0
      ],
      [
        688151.8785996821,
        3143328.6189399194,
        0.0
      ],
      [
        688140.4483437903,
        3143353.0193693712,
        0.0
      ],
      [
        688134.3161252463,
        3143374.889078957,
        0.0
      ],
      [
        688132.9646227247,
        3143393.6967912847,
        0.0
      ],
      [
        688192.6902368157,
        3143423.416438434,
        0.0
      ],
      [
        688245.6909148298,
        3143446.229583874,
        0.0
      ],
      [
        688273.0374081472,
        3143459.715419998,
        0.0
      ],
      [
        688275.2839000872,
        3143454.269299848,
        0.0
      ],
      [
        688283.0627000883,
        3143430.006999846,
        0.0
      ],
      [
        688285.1208000872,
        3143422.975199847,
        0.0
      ],
      [
        688287.5077000886,
        3143414.8198998463,
        0.0
      ]
    ]
  ]
}