{
  "code": "251031161",
  "epsg": 32639,
  "bbox_utm": {
    "minx": 688122.5302796009,
    "miny": 3143222.462329562,
    "maxx": 688327.9685201695,
    "maxy": 3143427.900570131
  },
  "polygon_utm": [
    [
      [
        688295.1013000883,
        3143394.6320998454,
        0.0
      ],
      [
        688298.6202000882,
        3143383.889999847,
        0.0
      ],
      [
        688297.6942000869,
        3143360.924199848,
        0.0
      ],
      [
        688295.6569000871,
        3143337.587899846,
        0.0
      ],
      [
        688293.6196000892,
        3143323.5119998474,
        0.0
      ],
      [
        688285.1000000883,
        3143308.5100998464,
        0.0
      ],
      [
        688274.5431000881,
        3143297.212399848,
        0.0
      ],
      [
        688261.8155000882,
        3143289.337099848,
        0.0
      ],
      [
        688255.3946000872,
        3143285.3640998467,
        0.0
      ],
      [
        688253.7001000883,
        3143284.516899846,
        0.0
      ],
      [
        688250.8200000873,
        3143283.0767998463,
        0.0
      ],
      [
        688247.2454000888,
        3143281.289599847,
        0.0
      ],
      [
        688240.2075000872,
        3143279.2522998466,
        0.0
      ],
      [
        688234.2808000883,
        3143279.8078998458,
        0.0
      ],
      [
        688227.7985000887,
        3143283.141599847,
        0.0
      ],
      [
        688223.1683000874,
        3143280.3634998477,
        0.0
      ],
      [
        688212.2410000877,
        3143273.3255998455,
        0.0
      ],
      [
        688191.3124000875,
        3143255.7307998473,
        0.0
      ],
      [
        688174.6975363321,
        3143282.4324886743,
        0.0
      ],
      [
        688162.766585012,
        3143305.255895102,
        0.0
      ],
      [
        688151.8785996821,
        3143328.6189399185,
        0.0
      ],
      [
        688295.1013000883,
        3143394.6320998454,
        0.0
      ]
    ]
  ]
}