{
  "code": "251170574",
  "epsg": 32639,
  "bbox_utm": {
    "minx": 687695.0121965148,
    "miny": 3144818.62751468,
    "maxx": 688049.7094522698,
    "maxy": 3145173.3247704348
  },
  "polygon_utm": [
    [
      [
        687909.8547016623,
        3144956.0018459633,
        0.0
      ],
      [
        687927.4981782371,
        3144937.45632292,
        0.0
      ],
      [
        687883.9005737908,
        3144869.2985512163,
        0.0
      ],
      [
        687812.8838605944,
        3144905.2976831584,
        0.0
      ],
      [
        687782.6687466735,
        3144921.0283209127,
        0.0
      ],
      [
        687782.5521503515,
        3144928.3479934125,
        0.0
      ],
      [
        687790.277293982,
        3144938.4074063436,
        0.0
      ],
      [
        687810.232662155,
        3144972.718045702,
        0.0
      ],
      [
        687830.6468202395,
        3145011.219643586,
        0.0
      ],
      [
        687823.0891132974,
        3145023.6503234757,
        0.0
      ],
      [
        687827.6608282574,
        3145033.659444945,
        0.0
      ],
      [
        687828.4786798443,
        3145048.3153981357,
        0.0
      ],
      [
        687866.1948038199,
        3145122.6537338984,
        0.0
      ],
      [
        687962.1694984331,
        3145037.8952747844,
        0.0
      ],
      [
        687932.9056980108,
        3144992.3855193597,
        0.0
      ],
      [
        687909.8547016623,
        3144956.0018459633,
        0.0
      ]
    ]
  ]
}