{
  "code": "251178846",
  "epsg": 32639,
  "bbox_utm": {
    "minx": 701361.8895154875,
    "miny": 3127038.1816082154,
    "maxx": 701687.4266962423,
    "maxy": 3127363.7187889707
  },
  "polygon_utm": [
    [
      [
        701532.0040761925,
        3127308.9850575565,
        0.0
      ],
      [
        701543.6733145083,
        3127303.9453196535,
        0.0
      ],
      [
        701558.0456020252,
        3127294.761168138,
        0.0
      ],
      [
        701575.6384449647,
        3127281.9651832585,
        0.0
      ],
      [
        701589.8773636622,
        3127280.635667149,
        0.0
      ],
      [
        701600.5472704889,
        3127272.4362388006,
        0.0
      ],
      [
        701634.1718098678,
        3127245.7702300493,
        0.0
      ],
      [
        701633.9657072331,
        3127226.9101374457,
        0.0
      ],
      [
        701634.1970184504,
        3127213.2953999504,
        0.0
      ],
      [
        701636.0074775337,
        3127199.707476295,
        0.0
      ],
      [
        701637.2915561441,
        3127186.1105940435,
        0.0
      ],
      [
        701638.120425517,
        3127168.3155856985,
        0.0
      ],
      [
        701640.9213847059,
        3127158.411023095,
        0.0
      ],
      [
        701614.6613141914,
        3127092.4900255455,
        0.0
      ],
      [
        701599.2804443771,
        3127099.0381582184,
        0.0
      ],
      [
        701535.116325668,
        3127125.7097944445,
        0.0
      ],
      [
        701408.3948270238,
        3127177.5097270943,
        0.0
      ],
      [
        701411.9639828065,
        3127184.379642004,
        0.0
      ],
      [
        701417.0856213614,
        3127192.84728771,
        0.0
      ],
      [
        701430.969110676,
        3127212.463325468,
        0.0
      ],
      [
        701441.8009249121,
        3127225.7420284427,
        0.0
      ],
      [
        701454.7026821501,
        3127241.1510386956,
        0.0
      ],
      [
        701462.3494958109,
        3127255.9470470077,
        0.0
      ],
      [
        701468.9168625914,
        3127272.2960948087,
        0.0
      ],
      [
        701486.4740701986,
        3127261.594525145,
        0.0
      ],
      [
        701509.2951129898,
        3127250.9823448285,
        0.0
      ],
      [
        701521.4996672523,
        3127245.4278524998,
        0.0
      ],
      [
        701530.4214599072,
        3127247.1507319007,
        0.0
      ],
      [
        701539.4232827356,
        3127244.160836798,
        0.0
      ],
      [
        701534.0438774354,
        3127250.8787981006,
        0.0
      ],
      [
        701528.5044214065,
        3127267.022306995,
        0.0
      ],
      [
        701525.980980153,
        3127291.5976745584,
        0.0
      ],
      [
        701526.3473020407,
        3127301.032135609,
        0.0
      ],
      [
        701526.2050292493,
        3127309.4103716407,
        0.0
      ],
      [
        701532.0040761925,
        3127308.9850575565,
        0.0
      ]
    ]
  ]
}