{
  "code": "251160546",
  "epsg": 32639,
  "bbox_utm": {
    "minx": 644138.2861520601,
    "miny": 3090955.2529183556,
    "maxx": 644304.1848961082,
    "maxy": 3091121.1516624033
  },
  "polygon_utm": [
    [
      [
        644265.7498451573,
        3091079.556367498,
        0.0
      ],
      [
        644278.3022596065,
        3091067.3656180897,
        0.0
      ],
      [
        644246.0570762396,
        3091037.832425319,
        0.0
      ],
      [
        644215.0607734801,
        3091003.1938793934,
        0.0
      ],
      [
        644186.1833676554,
        3090978.9527389337,
        0.0
      ],
      [
        644164.1687885618,
        3090998.7764521088,
        0.0
      ],
      [
        644175.9502127112,
        3091031.6418991634,
        0.0
      ],
      [
        644181.4098375231,
        3091027.604497817,
        0.0
      ],
      [
        644188.8702815915,
        3091035.5713597424,
        0.0
      ],
      [
        644247.1899168944,
        3091097.451841825,
        0.0
      ],
      [
        644265.7498451573,
        3091079.556367498,
        0.0
      ]
    ]
  ]
}