{
  "code": "251131364",
  "epsg": 32639,
  "bbox_utm": {
    "minx": 681361.8676052418,
    "miny": 3114377.3490926186,
    "maxx": 681512.3263103621,
    "maxy": 3114527.8077977384
  },
  "polygon_utm": [
    [
      [
        681450.1890446716,
        3114423.6344267195,
        0.0
      ],
      [
        681418.7631366275,
        3114445.4378635976,
        0.0
      ],
      [
        681383.3617059733,
        3114468.753674764,
        0.0
      ],
      [
        681409.2759204998,
        3114497.458481109,
        0.0
      ],
      [
        681426.7671274289,
        3114490.909083731,
        0.0
      ],
      [
        681441.9072632601,
        3114483.013256686,
        0.0
      ],
      [
        681457.0753363245,
        3114473.282918925,
        0.0
      ],
      [
        681473.6324673481,
        3114458.8552859877,
        0.0
      ],
      [
        681487.8704527393,
        3114440.9845882286,
        0.0
      ],
      [
        681490.8322096306,
        3114436.8354846872,
        0.0
      ],
      [
        681470.9853531877,
        3114407.698409248,
        0.0
      ],
      [
        681450.1890446716,
        3114423.6344267195,
        0.0
      ]
    ]
  ]
}