{
  "code": "251195700",
  "epsg": 32639,
  "bbox_utm": {
    "minx": 699938.4078832639,
    "miny": 3127051.268437604,
    "maxx": 700340.4817303845,
    "maxy": 3127453.3422847246
  },
  "polygon_utm": [
    [
      [
        700065.3540794149,
        3127356.4516816325,
        0.0
      ],
      [
        700092.1168477539,
        3127346.165343981,
        0.0
      ],
      [
        700102.1885562646,
        3127342.144898683,
        0.0
      ],
      [
        700124.0170768065,
        3127327.8470372525,
        0.0
      ],
      [
        700170.0385503147,
        3127299.5531423762,
        0.0
      ],
      [
        700212.1610184872,
        3127268.31273236,
        0.0
      ],
      [
        700254.9760861886,
        3127242.8457290535,
        0.0
      ],
      [
        700283.0426093673,
        3127227.346649059,
        0.0
      ],
      [
        700270.7112612568,
        3127199.636741385,
        0.0
      ],
      [
        700254.6181483207,
        3127154.8429366816,
        0.0
      ],
      [
        700251.8543991805,
        3127148.159040696,
        0.0
      ],
      [
        700215.7259526368,
        3127166.2339744405,
        0.0
      ],
      [
        700174.8281167458,
        3127187.2814189605,
        0.0
      ],
      [
        700167.5956949944,
        3127179.0406810585,
        0.0
      ],
      [
        700133.9674750074,
        3127190.520732053,
        0.0
      ],
      [
        700082.8187512681,
        3127210.6098856,
        0.0
      ],
      [
        699995.8470042811,
        3127263.094054927,
        0.0
      ],
      [
        700065.3540794149,
        3127356.4516816325,
        0.0
      ]
    ]
  ]
}