{
  "code": "251154189",
  "epsg": 32639,
  "bbox_utm": {
    "minx": 696211.9668249149,
    "miny": 3129084.8960398445,
    "maxx": 696449.215549603,
    "maxy": 3129322.1447645323
  },
  "polygon_utm": [
    [
      [
        696297.8021480963,
        3129286.314735969,
        0.0
      ],
      [
        696323.1760947789,
        3129279.9269006597,
        0.0
      ],
      [
        696339.5426844507,
        3129277.0557650225,
        0.0
      ],
      [
        696351.19012686,
        3129273.059143158,
        0.0
      ],
      [
        696356.6089381089,
        3129263.722550779,
        0.0
      ],
      [
        696358.3264735861,
        3129255.37203549,
        0.0
      ],
      [
        696388.8991507015,
        3129189.370131931,
        0.0
      ],
      [
        696372.3875945943,
        3129169.196553233,
        0.0
      ],
      [
        696346.1019807803,
        3129135.2452070722,
        0.0
      ],
      [
        696332.6873069732,
        3129118.7887148,
        0.0
      ],
      [
        696311.3759537301,
        3129134.146628693,
        0.0
      ],
      [
        696298.441846972,
        3129152.261663476,
        0.0
      ],
      [
        696294.1189321626,
        3129158.9980653008,
        0.0
      ],
      [
        696288.734792942,
        3129166.2405877206,
        0.0
      ],
      [
        696293.763632317,
        3129180.4634054685,
        0.0
      ],
      [
        696297.1876188351,
        3129196.2307064934,
        0.0
      ],
      [
        696299.5330366651,
        3129213.551194438,
        0.0
      ],
      [
        696294.6318654988,
        3129223.420104154,
        0.0
      ],
      [
        696288.5394918955,
        3129241.6482555117,
        0.0
      ],
      [
        696280.4113486727,
        3129255.653209616,
        0.0
      ],
      [
        696272.2832238164,
        3129269.658151516,
        0.0
      ],
      [
        696281.6002316433,
        3129279.238668148,
        0.0
      ],
      [
        696288.2945087656,
        3129288.2520895773,
        0.0
      ],
      [
        696297.8021480963,
        3129286.314735969,
        0.0
      ]
    ]
  ]
}