{
  "code": "251126355",
  "epsg": 32639,
  "bbox_utm": {
    "minx": 682319.6703749588,
    "miny": 3113415.962881589,
    "maxx": 682553.1188709005,
    "maxy": 3113649.411377531
  },
  "polygon_utm": [
    [
      [
        682401.3502242459,
        3113603.993667221,
        0.0
      ],
      [
        682436.3124477605,
        3113592.4691468724,
        0.0
      ],
      [
        682462.73148274,
        3113588.154415556,
        0.0
      ],
      [
        682484.9270183464,
        3113584.2994403294,
        0.0
      ],
      [
        682502.9551858554,
        3113577.234862022,
        0.0
      ],
      [
        682519.7690857659,
        3113580.6380025255,
        0.0
      ],
      [
        682435.6819629762,
        3113461.380591899,
        0.0
      ],
      [
        682415.9686374164,
        3113475.235715353,
        0.0
      ],
      [
        682402.051719435,
        3113489.1794811087,
        0.0
      ],
      [
        682388.1749074799,
        3113500.5022746217,
        0.0
      ],
      [
        682371.1444912966,
        3113511.2525419625,
        0.0
      ],
      [
        682353.0201600933,
        3113524.6076764697,
        0.0
      ],
      [
        682401.3502242459,
        3113603.993667221,
        0.0
      ]
    ]
  ]
}