{
  "code": "251103811",
  "epsg": 32639,
  "bbox_utm": {
    "minx": 671865.5898069009,
    "miny": 3116011.135735133,
    "maxx": 672293.0279612892,
    "maxy": 3116438.5738895205
  },
  "polygon_utm": [
    [
      [
        671929.3365395262,
        3116141.919090642,
        0.0
      ],
      [
        671976.9399991861,
        3116202.3605930135,
        0.0
      ],
      [
        672009.9364278283,
        3116252.632126113,
        0.0
      ],
      [
        672031.1567730821,
        3116279.146425604,
        0.0
      ],
      [
        672047.3890446968,
        3116286.194843054,
        0.0
      ],
      [
        672063.5380598066,
        3116299.0078168544,
        0.0
      ],
      [
        672076.5187130915,
        3116312.2992046126,
        0.0
      ],
      [
        672101.9152959296,
        3116341.4946105955,
        0.0
      ],
      [
        672110.2909838828,
        3116345.284678828,
        0.0
      ],
      [
        672129.2025021813,
        3116349.226943332,
        0.0
      ],
      [
        672149.001030333,
        3116364.713476959,
        0.0
      ],
      [
        672164.0962521597,
        3116377.5112960367,
        0.0
      ],
      [
        672189.6548242334,
        3116359.0110155116,
        0.0
      ],
      [
        672206.1746987414,
        3116346.1458467934,
        0.0
      ],
      [
        672217.908031228,
        3116336.356445756,
        0.0
      ],
      [
        672226.5942406375,
        3116318.660641766,
        0.0
      ],
      [
        672229.2812286639,
        3116315.030374155,
        0.0
      ],
      [
        672214.2541518755,
        3116297.5159657765,
        0.0
      ],
      [
        672196.6763579325,
        3116274.1989408564,
        0.0
      ],
      [
        672174.2437491613,
        3116258.674159277,
        0.0
      ],
      [
        672149.222525503,
        3116239.967042822,
        0.0
      ],
      [
        672120.5439207752,
        3116219.1104814364,
        0.0
      ],
      [
        672099.7293509181,
        3116200.9883446987,
        0.0
      ],
      [
        672124.6932493015,
        3116187.1965121618,
        0.0
      ],
      [
        672080.6569647938,
        3116135.1924456316,
        0.0
      ],
      [
        672061.5360892256,
        3116109.2322326517,
        0.0
      ],
      [
        672050.7456229393,
        3116090.206441466,
        0.0
      ],
      [
        672044.5828686333,
        3116079.1099563064,
        0.0
      ],
      [
        672037.8327743942,
        3116072.1983286166,
        0.0
      ],
      [
        671929.3365395262,
        3116141.919090642,
        0.0
      ]
    ]
  ]
}