{
  "code": "251156280",
  "epsg": 32639,
  "bbox_utm": {
    "minx": 684856.0970311719,
    "miny": 3128514.6755931475,
    "maxx": 685329.0392413926,
    "maxy": 3128987.6178033683
  },
  "polygon_utm": [
    [
      [
        685091.2762263438,
        3128917.0695079705,
        0.0
      ],
      [
        685091.9168790784,
        3128909.7483214024,
        0.0
      ],
      [
        685093.7162814399,
        3128895.6376774358,
        0.0
      ],
      [
        685096.1318307396,
        3128875.77639924,
        0.0
      ],
      [
        685095.8588527066,
        3128859.5387383094,
        0.0
      ],
      [
        685099.0818243579,
        3128855.3997704145,
        0.0
      ],
      [
        685099.1880437392,
        3128848.593864041,
        0.0
      ],
      [
        685099.3106043758,
        3128840.740890343,
        0.0
      ],
      [
        685100.6082633893,
        3128825.051354309,
        0.0
      ],
      [
        685104.480077738,
        3128813.0675965925,
        0.0
      ],
      [
        685109.8408280248,
        3128806.8673360962,
        0.0
      ],
      [
        685113.1210163394,
        3128799.063617807,
        0.0
      ],
      [
        685117.5354638983,
        3128786.040982494,
        0.0
      ],
      [
        685119.8284912343,
        3128774.0325466506,
        0.0
      ],
      [
        685125.2464678938,
        3128764.16752557,
        0.0
      ],
      [
        685125.385386049,
        3128755.2674245527,
        0.0
      ],
      [
        685128.6574249917,
        3128747.9872111697,
        0.0
      ],
      [
        685138.4327036121,
        3128728.7642322215,
        0.0
      ],
      [
        685147.2862233344,
        3128701.148193304,
        0.0
      ],
      [
        685154.4710519229,
        3128679.2663777545,
        0.0
      ],
      [
        685161.6804235203,
        3128655.813904953,
        0.0
      ],
      [
        685162.9291303428,
        3128643.2653703047,
        0.0
      ],
      [
        685164.2513964102,
        3128626.0049518095,
        0.0
      ],
      [
        685162.9340969832,
        3128609.226971692,
        0.0
      ],
      [
        685158.9527030013,
        3128594.502061691,
        0.0
      ],
      [
        685152.8171425423,
        3128582.8855340797,
        0.0
      ],
      [
        685144.9311140347,
        3128582.238766036,
        0.0
      ],
      [
        685134.2992817973,
        3128588.8805332133,
        0.0
      ],
      [
        685122.4514799945,
        3128605.9767235094,
        0.0
      ],
      [
        685113.62729937,
        3128597.983957674,
        0.0
      ],
      [
        685107.7320107903,
        3128604.6996600037,
        0.0
      ],
      [
        685103.876480574,
        3128615.6365466407,
        0.0
      ],
      [
        685103.178624748,
        3128626.622702067,
        0.0
      ],
      [
        685100.3756595246,
        3128637.575995303,
        0.0
      ],
      [
        685097.5563584792,
        3128649.5763590885,
        0.0
      ],
      [
        685081.0573031035,
        3128694.877883029,
        0.0
      ],
      [
        685074.4642487147,
        3128712.5796188395,
        0.0
      ],
      [
        685072.5178102399,
        3128736.114137786,
        0.0
      ],
      [
        685044.0908986714,
        3128736.19426151,
        0.0
      ],
      [
        685046.1749968921,
        3128771.312188873,
        0.0
      ],
      [
        685034.4418396589,
        3128781.078708984,
        0.0
      ],
      [
        685021.1462247337,
        3128789.7735342793,
        0.0
      ],
      [
        685020.8848761545,
        3128806.5266039097,
        0.0
      ],
      [
        685028.1301411479,
        3128814.4945376203,
        0.0
      ],
      [
        685029.0274966056,
        3128824.4580757977,
        0.0
      ],
      [
        685029.9085147287,
        3128835.4686695533,
        0.0
      ],
      [
        685032.86193159,
        3128848.6062202933,
        0.0
      ],
      [
        685030.544499385,
        3128862.185183204,
        0.0
      ],
      [
        685024.0822771352,
        3128871.510207735,
        0.0
      ],
      [
        685029.1897602351,
        3128881.539380766,
        0.0
      ],
      [
        685038.4093450438,
        3128897.9165851045,
        0.0
      ],
      [
        685045.5156744922,
        3128914.784459415,
        0.0
      ],
      [
        685051.2555776029,
        3128918.0159540526,
        0.0
      ],
      [
        685061.8217224923,
        3128915.562546389,
        0.0
      ],
      [
        685070.2011156012,
        3128918.3115820116,
        0.0
      ],
      [
        685081.2281696957,
        3128920.0546304793,
        0.0
      ],
      [
        685091.2762263438,
        3128917.0695079705,
        0.0
      ]
    ]
  ]
}