{
  "code": "251103509",
  "epsg": 32639,
  "bbox_utm": {
    "minx": 672673.5253379805,
    "miny": 3115637.2010228136,
    "maxx": 672838.2472348405,
    "maxy": 3115801.9229196734
  },
  "polygon_utm": [
    [
      [
        672697.057037532,
        3115704.849525281,
        0.0
      ],
      [
        672763.5178245206,
        3115772.9083504435,
        0.0
      ],
      [
        672814.7155352891,
        3115730.667484107,
        0.0
      ],
      [
        672751.8589793248,
        3115668.42643727,
        0.0
      ],
      [
        672743.9870129069,
        3115666.2155920435,
        0.0
      ],
      [
        672697.057037532,
        3115704.849525281,
        0.0
      ]
    ]
  ]
}