{
  "code": "251201766",
  "epsg": 32639,
  "bbox_utm": {
    "minx": 700812.8706768512,
    "miny": 3126676.2072995105,
    "maxx": 701132.5257466427,
    "maxy": 3126995.862369302
  },
  "polygon_utm": [
    [
      [
        700941.7947416164,
        3126902.986233024,
        0.0
      ],
      [
        700980.3988580552,
        3126893.1637173276,
        0.0
      ],
      [
        701014.9963021851,
        3126948.9413387533,
        0.0
      ],
      [
        701080.607593742,
        3126914.5036778087,
        0.0
      ],
      [
        701086.8607366725,
        3126902.8239750895,
        0.0
      ],
      [
        701074.8630479717,
        3126880.620829516,
        0.0
      ],
      [
        701066.2159246807,
        3126862.6648820355,
        0.0
      ],
      [
        701040.1149615482,
        3126864.8418092015,
        0.0
      ],
      [
        701009.7122318582,
        3126810.1126679108,
        0.0
      ],
      [
        700989.7147128807,
        3126778.345385625,
        0.0
      ],
      [
        700978.4531092156,
        3126759.297473866,
        0.0
      ],
      [
        700965.6820722139,
        3126767.200333646,
        0.0
      ],
      [
        700955.5031576708,
        3126777.504235735,
        0.0
      ],
      [
        700944.9485669252,
        3126778.896987336,
        0.0
      ],
      [
        700929.9843630579,
        3126760.8340730546,
        0.0
      ],
      [
        700905.8373756653,
        3126725.329896436,
        0.0
      ],
      [
        700899.556003475,
        3126723.12833006,
        0.0
      ],
      [
        700889.4746026003,
        3126727.6720299567,
        0.0
      ],
      [
        700871.9792791712,
        3126734.709336659,
        0.0
      ],
      [
        700863.9503370202,
        3126742.4306606734,
        0.0
      ],
      [
        700858.5356868216,
        3126751.243845902,
        0.0
      ],
      [
        700859.990831999,
        3126758.6018372327,
        0.0
      ],
      [
        700871.4475763766,
        3126766.129073762,
        0.0
      ],
      [
        700876.0167998753,
        3126776.1588138775,
        0.0
      ],
      [
        700867.8319294939,
        3126824.210829483,
        0.0
      ],
      [
        700863.4612415532,
        3126833.5654247208,
        0.0
      ],
      [
        700863.354902696,
        3126839.849326664,
        0.0
      ],
      [
        700871.0293061713,
        3126853.074400227,
        0.0
      ],
      [
        700888.6520328232,
        3126869.610677541,
        0.0
      ],
      [
        700900.767993665,
        3126869.291936286,
        0.0
      ],
      [
        700905.7837700745,
        3126884.043426031,
        0.0
      ],
      [
        700906.6770147902,
        3126893.4870599164,
        0.0
      ],
      [
        700918.0272265198,
        3126907.298137276,
        0.0
      ],
      [
        700941.7947416164,
        3126902.986233024,
        0.0
      ]
    ]
  ]
}