{
  "code": "251279941",
  "epsg": 32639,
  "bbox_utm": {
    "minx": 700513.3174880178,
    "miny": 3183178.010450234,
    "maxx": 700611.2720339497,
    "maxy": 3183275.964996165
  },
  "polygon_utm": [
    [
      [
        700597.278527388,
        3183221.5698603536,
        0.0
      ],
      [
        700593.9318189156,
        3183218.123445823,
        0.0
      ],
      [
        700582.4650539482,
        3183214.5368770678,
        0.0
      ],
      [
        700567.4705789955,
        3183202.808809044,
        0.0
      ],
      [
        700559.6934040325,
        3183197.982610025,
        0.0
      ],
      [
        700549.2125174991,
        3183213.1809930447,
        0.0
      ],
      [
        700536.1212822837,
        3183227.812989163,
        0.0
      ],
      [
        700527.3109945796,
        3183237.305556335,
        0.0
      ],
      [
        700532.6902550808,
        3183244.436320919,
        0.0
      ],
      [
        700561.3638553912,
        3183253.011740047,
        0.0
      ],
      [
        700583.0595948645,
        3183255.992836375,
        0.0
      ],
      [
        700597.278527388,
        3183221.5698603536,
        0.0
      ]
    ]
  ]
}