{
  "code": "251273596",
  "epsg": 32639,
  "bbox_utm": {
    "minx": 698536.7839423356,
    "miny": 3126702.3967344277,
    "maxx": 699064.7898474858,
    "maxy": 3127230.402639578
  },
  "polygon_utm": [
    [
      [
        698630.9424007281,
        3126863.5660708477,
        0.0
      ],
      [
        698625.0557198897,
        3126869.229339718,
        0.0
      ],
      [
        698618.072452951,
        3126877.4932465144,
        0.0
      ],
      [
        698615.2740194238,
        3126887.398568296,
        0.0
      ],
      [
        698622.3805785134,
        3126903.231391859,
        0.0
      ],
      [
        698616.941444585,
        3126913.6162980273,
        0.0
      ],
      [
        698614.520441953,
        3126932.4324261765,
        0.0
      ],
      [
        698612.2133573572,
        3126944.4411027506,
        0.0
      ],
      [
        698616.1966176903,
        3126958.1264104103,
        0.0
      ],
      [
        698621.7414971181,
        3126972.885424437,
        0.0
      ],
      [
        698615.7672437349,
        3126983.7851059265,
        0.0
      ],
      [
        698619.7767723668,
        3126995.899434026,
        0.0
      ],
      [
        698623.2511453305,
        3127008.52858811,
        0.0
      ],
      [
        698621.4266282001,
        3127023.164218536,
        0.0
      ],
      [
        698622.8129865604,
        3127034.7108207466,
        0.0
      ],
      [
        698625.8485937061,
        3127042.0946902754,
        0.0
      ],
      [
        698633.7005054196,
        3127044.845049188,
        0.0
      ],
      [
        698643.5440070019,
        3127054.4380171383,
        0.0
      ],
      [
        698655.5280760103,
        3127061.971657073,
        0.0
      ],
      [
        698673.3461478963,
        3127066.9840152753,
        0.0
      ],
      [
        698690.6027605771,
        3127074.082157414,
        0.0
      ],
      [
        698703.2183653034,
        3127075.340940409,
        0.0
      ],
      [
        698715.48293524,
        3127066.1180692883,
        0.0
      ],
      [
        698740.8544544686,
        3127060.2574130553,
        0.0
      ],
      [
        698753.5314558866,
        3127057.850746901,
        0.0
      ],
      [
        698768.2964511877,
        3127056.5266423975,
        0.0
      ],
      [
        698787.0970954308,
        3127065.745953582,
        0.0
      ],
      [
        698793.9137408929,
        3127067.4314980367,
        0.0
      ],
      [
        698804.0816402019,
        3127057.649796367,
        0.0
      ],
      [
        698796.098075001,
        3127031.3265203717,
        0.0
      ],
      [
        698791.0973635409,
        3127015.529004338,
        0.0
      ],
      [
        698794.9399220219,
        3127006.165099883,
        0.0
      ],
      [
        698800.791543332,
        3127002.596562743,
        0.0
      ],
      [
        698808.7136205834,
        3127001.1578799654,
        0.0
      ],
      [
        698821.3907033456,
        3126998.751268626,
        0.0
      ],
      [
        698831.3130569544,
        3127003.6316246027,
        0.0
      ],
      [
        698838.5596193323,
        3127011.0861231564,
        0.0
      ],
      [
        698843.2049595877,
        3127016.6637692247,
        0.0
      ],
      [
        698847.2153413488,
        3127020.8560640356,
        0.0
      ],
      [
        698849.8812691238,
        3127018.87019354,
        0.0
      ],
      [
        698856.3393555073,
        3127014.4598557656,
        0.0
      ],
      [
        698862.6855553901,
        3127020.655709827,
        0.0
      ],
      [
        698860.0755524535,
        3127023.2318265997,
        0.0
      ],
      [
        698856.221988091,
        3127025.393204918,
        0.0
      ],
      [
        698852.3761001073,
        3127027.096498181,
        0.0
      ],
      [
        698854.4311825882,
        3127030.1429406325,
        0.0
      ],
      [
        698857.0839310156,
        3127032.8718655123,
        0.0
      ],
      [
        698866.2297927951,
        3127056.595805097,
        0.0
      ],
      [
        698874.318558107,
        3127045.207937609,
        0.0
      ],
      [
        698886.0218212407,
        3127038.070965606,
        0.0
      ],
      [
        698898.7603146532,
        3127031.998932163,
        0.0
      ],
      [
        698913.1569561216,
        3127021.240566078,
        0.0
      ],
      [
        698923.7109591527,
        3127019.846071765,
        0.0
      ],
      [
        698934.8001261341,
        3127017.936763691,
        0.0
      ],
      [
        698946.0297358735,
        3127007.649130883,
        0.0
      ],
      [
        698956.1802620338,
        3126998.9147905265,
        0.0
      ],
      [
        698976.446244944,
        3126983.540702492,
        0.0
      ],
      [
        698989.3604324644,
        3126966.9957756232,
        0.0
      ],
      [
        698986.9216407348,
        3126955.4313894375,
        0.0
      ],
      [
        698974.9288657232,
        3126948.420989416,
        0.0
      ],
      [
        698968.1736160506,
        3126943.0697853663,
        0.0
      ],
      [
        698955.8124280722,
        3126926.6248852084,
        0.0
      ],
      [
        698942.3106578866,
        3126915.398834379,
        0.0
      ],
      [
        698923.8519581321,
        3126917.1846476602,
        0.0
      ],
      [
        698915.9736851134,
        3126916.0050191632,
        0.0
      ],
      [
        698907.104062166,
        3126911.142202326,
        0.0
      ],
      [
        698898.3134074821,
        3126901.5665362007,
        0.0
      ],
      [
        698881.1882513375,
        3126886.613234235,
        0.0
      ],
      [
        698875.0382813392,
        3126876.558017767,
        0.0
      ],
      [
        698858.2201215058,
        3126874.7048410485,
        0.0
      ],
      [
        698847.1659309968,
        3126874.5196460574,
        0.0
      ],
      [
        698836.497775215,
        3126882.7217026344,
        0.0
      ],
      [
        698810.5292626931,
        3126892.7626630124,
        0.0
      ],
      [
        698796.158888087,
        3126901.950322438,
        0.0
      ],
      [
        698778.6828257005,
        3126907.943196735,
        0.0
      ],
      [
        698756.0130523386,
        3126909.6587467496,
        0.0
      ],
      [
        698740.6162730426,
        3126917.2578781187,
        0.0
      ],
      [
        698735.5277517384,
        3126906.696745202,
        0.0
      ],
      [
        698721.1311562816,
        3126917.455427538,
        0.0
      ],
      [
        698704.1289506764,
        3126926.5991067346,
        0.0
      ],
      [
        698699.926618356,
        3126926.0049596457,
        0.0
      ],
      [
        698689.828834138,
        3126931.5976704312,
        0.0
      ],
      [
        698681.8629037407,
        3126935.6546862884,
        0.0
      ],
      [
        698677.221840598,
        3126929.8152493173,
        0.0
      ],
      [
        698682.5646018954,
        3126925.1905219406,
        0.0
      ],
      [
        698688.4775839559,
        3126917.9563600463,
        0.0
      ],
      [
        698689.7319734538,
        3126905.930042275,
        0.0
      ],
      [
        698684.5557471978,
        3126900.605427033,
        0.0
      ],
