{
  "code": "251201786",
  "epsg": 32639,
  "bbox_utm": {
    "minx": 700976.9252062624,
    "miny": 3126886.5363909625,
    "maxx": 701172.6962141846,
    "maxy": 3127082.307398885
  },
  "polygon_utm": [
    [
      [
        701084.793617017,
        3126931.598276676,
        0.0
      ],
      [
        701080.607593742,
        3126914.5036778087,
        0.0
      ],
      [
        701014.9963021851,
        3126948.9413387533,
        0.0
      ],
      [
        701043.442408665,
        3126994.8018408287,
        0.0
      ],
      [
        701064.982315056,
        3127020.9639552953,
        0.0
      ],
      [
        701085.3909810043,
        3127054.340112039,
        0.0
      ],
      [
        701090.3946232649,
        3127051.643970593,
        0.0
      ],
      [
        701134.6251182619,
        3127026.2777090273,
        0.0
      ],
      [
        701130.6826622267,
        3127020.11288313,
        0.0
      ],
      [
        701118.9705655812,
        3126996.605224512,
        0.0
      ],
      [
        701099.7880826282,
        3126960.118799566,
        0.0
      ],
      [
        701084.793617017,
        3126931.598276676,
        0.0
      ]
    ]
  ]
}