{
  "code": "251201669",
  "epsg": 32639,
  "bbox_utm": {
    "minx": 700805.3822900831,
    "miny": 3126819.321147323,
    "maxx": 700932.5375824514,
    "maxy": 3126946.4764396916
  },
  "polygon_utm": [
    [
      [
        700828.7138292636,
        3126864.4059331366,
        0.0
      ],
      [
        700840.7644329856,
        3126884.6437547705,
        0.0
      ],
      [
        700864.0284235463,
        3126877.8367674975,
        0.0
      ],
      [
        700886.4396432647,
        3126921.060497491,
        0.0
      ],
      [
        700897.1876490066,
        3126925.2785738194,
        0.0
      ],
      [
        700909.4453751855,
        3126916.581367935,
        0.0
      ],
      [
        700914.3725406845,
        3126911.251514033,
        0.0
      ],
      [
        700907.9694849548,
        3126902.6755412263,
        0.0
      ],
      [
        700883.4509916678,
        3126873.582156697,
        0.0
      ],
      [
        700870.6509027745,
        3126859.8774955464,
        0.0
      ],
      [
        700861.830664762,
        3126852.133021976,
        0.0
      ],
      [
        700856.4984526215,
        3126840.519013195,
        0.0
      ],
      [
        700838.4326146063,
        3126850.165670916,
        0.0
      ],
      [
        700823.54733185,
        3126858.5566394175,
        0.0
      ],
      [
        700828.7138292636,
        3126864.4059331366,
        0.0
      ]
    ]
  ]
}