{
  "code": "251391711",
  "epsg": 32639,
  "bbox_utm": {
    "minx": 695847.1093438334,
    "miny": 3129131.0102729676,
    "maxx": 695978.5004717769,
    "maxy": 3129262.4014009107
  },
  "polygon_utm": [
    [
      [
        695902.2626295813,
        3129170.8475058572,
        0.0
      ],
      [
        695891.4096434007,
        3129158.6234279624,
        0.0
      ],
      [
        695883.1831054012,
        3129162.6770393318,
        0.0
      ],
      [
        695874.326524811,
        3129173.004487883,
        0.0
      ],
      [
        695867.0055640098,
        3129185.9757253625,
        0.0
      ],
      [
        695865.8795049682,
        3129190.4084563884,
        0.0
      ],
      [
        695875.7701159373,
        3129213.0902829044,
        0.0
      ],
      [
        695888.9530257955,
        3129211.7369816364,
        0.0
      ],
      [
        695896.9237648675,
        3129239.1002320955,
        0.0
      ],
      [
        695904.3262454085,
        3129237.1277825744,
        0.0
      ],
      [
        695914.1186016025,
        3129233.8856092384,
        0.0
      ],
      [
        695920.6927492605,
        3129234.2560622636,
        0.0
      ],
      [
        695922.1980609932,
        3129238.7322453097,
        0.0
      ],
      [
        695954.7155278327,
        3129230.105050323,
        0.0
      ],
      [
        695938.9631760428,
        3129195.8052414204,
        0.0
      ],
      [
        695959.7303106422,
        3129181.485172332,
        0.0
      ],
      [
        695915.6964156915,
        3129154.311441783,
        0.0
      ],
      [
        695902.2626295813,
        3129170.8475058572,
        0.0
      ]
    ]
  ]
}