{
  "code": "251391731",
  "epsg": 32639,
  "bbox_utm": {
    "minx": 687928.486398438,
    "miny": 3143669.0146851386,
    "maxx": 688349.5186822643,
    "maxy": 3144090.0469689653
  },
  "polygon_utm": [
    [
      [
        688159.8067000869,
        3144025.269299846,
        0.0
      ],
      [
        688178.3276000882,
        3144011.9342998457,
        0.0
      ],
      [
        688186.8472000863,
        3144005.8223998463,
        0.0
      ],
      [
        688200.367400088,
        3143992.3021998485,
        0.0
      ],
      [
        688231.852900088,
        3144029.529099847,
        0.0
      ],
      [
        688279.8058806151,
        3143977.435590649,
        0.0
      ],
      [
        688263.7709042355,
        3143960.9697782937,
        0.0
      ],
      [
        688236.2810653443,
        3143937.5234447797,
        0.0
      ],
      [
        688214.7146132914,
        3143905.282378707,
        0.0
      ],
      [
        688164.3562768018,
        3143832.3184071416,
        0.0
      ],
      [
        688138.2007033511,
        3143791.114638578,
        0.0
      ],
      [
        688101.6994457399,
        3143739.2876626807,
        0.0
      ],
      [
        688089.768754014,
        3143729.162154257,
        0.0
      ],
      [
        687998.1992000872,
        3143816.8268998475,
        0.0
      ],
      [
        688033.6796000875,
        3143868.2122998484,
        0.0
      ],
      [
        688080.3922667531,
        3143931.1088998485,
        0.0
      ],
      [
        688118.5052000878,
        3143985.6345998473,
        0.0
      ],
      [
        688127.2560000874,
        3143997.1438998478,
        0.0
      ],
      [
        688153.509600088,
        3144029.899499847,
        0.0
      ],
      [
        688159.8067000869,
        3144025.269299846,
        0.0
      ]
    ]
  ]
}