{
  "code": "251391416",
  "epsg": 32639,
  "bbox_utm": {
    "minx": 688083.9013229122,
    "miny": 3143691.7729523373,
    "maxx": 688413.5320941042,
    "maxy": 3144021.403723529
  },
  "polygon_utm": [
    [
      [
        688351.8901380093,
        3143907.9512079866,
        0.0
      ],
      [
        688312.5283998183,
        3143870.719548671,
        0.0
      ],
      [
        688258.866602738,
        3143807.1144580375,
        0.0
      ],
      [
        688208.9585946953,
        3143738.8630625075,
        0.0
      ],
      [
        688145.5432790071,
        3143792.233434311,
        0.0
      ],
      [
        688186.6411813984,
        3143852.5001300047,
        0.0
      ],
      [
        688236.3985889489,
        3143930.160591316,
        0.0
      ],
      [
        688283.5358836604,
        3143974.313613359,
        0.0
      ],
      [
        688351.8901380093,
        3143907.9512079866,
        0.0
      ]
    ]
  ]
}