{
  "code": "251382911",
  "epsg": 32639,
  "bbox_utm": {
    "minx": 623019.5959338368,
    "miny": 3291952.273792623,
    "maxx": 623191.4718773192,
    "maxy": 3292124.149736106
  },
  "polygon_utm": [
    [
      [
        623165.2423815719,
        3292036.9792761076,
        0.0
      ],
      [
        623166.9181711074,
        3292026.158160168,
        0.0
      ],
      [
        623154.6337713788,
        3292011.053612687,
        0.0
      ],
      [
        623044.1496400485,
        3292009.3189477473,
        0.0
      ],
      [
        623045.8661239087,
        3292041.8566909796,
        0.0
      ],
      [
        623088.1401748518,
        3292066.0666460223,
        0.0
      ],
      [
        623088.647520615,
        3292067.1045809817,
        0.0
      ],
      [
        623165.2423815719,
        3292036.9792761076,
        0.0
      ]
    ]
  ]
}