{
  "code": "251383969",
  "epsg": 32639,
  "bbox_utm": {
    "minx": 622912.8460340529,
    "miny": 3291603.0266624745,
    "maxx": 623176.6826359787,
    "maxy": 3291866.8632644005
  },
  "polygon_utm": [
    [
      [
        623058.3677998632,
        3291801.9724280713,
        0.0
      ],
      [
        623066.9692365441,
        3291774.7095736274,
        0.0
      ],
      [
        623084.6340641392,
        3291725.3506307094,
        0.0
      ],
      [
        623094.8658414603,
        3291691.395150918,
        0.0
      ],
      [
        623102.9145441257,
        3291667.2230826365,
        0.0
      ],
      [
        623104.0203391846,
        3291661.0410156297,
        0.0
      ],
      [
        623099.5394265776,
        3291643.9573666235,
        0.0
      ],
      [
        623086.6048570725,
        3291640.7176056067,
        0.0
      ],
      [
        623057.635584631,
        3291680.1447416856,
        0.0
      ],
      [
        623017.3451287231,
        3291711.188062828,
        0.0
      ],
      [
        622985.5083308469,
        3291728.3875736045,
        0.0
      ],
      [
        622993.3021262869,
        3291774.413833863,
        0.0
      ],
      [
        623007.4515430795,
        3291808.6377802365,
        0.0
      ],
      [
        623041.4779422695,
        3291828.1114951745,
        0.0
      ],
      [
        623044.060263643,
        3291829.172321268,
        0.0
      ],
      [
        623058.3677998632,
        3291801.9724280713,
        0.0
      ]
    ]
  ]
}