{
  "code": "251304320",
  "epsg": 32639,
  "bbox_utm": {
    "minx": 622122.1503299273,
    "miny": 3291274.79744301,
    "maxx": 622396.2163851062,
    "maxy": 3291548.8634981886
  },
  "polygon_utm": [
    [
      [
        622232.8447673222,
        3291480.0926661245,
        0.0
      ],
      [
        622277.627280326,
        3291465.097224538,
        0.0
      ],
      [
        622336.3104599416,
        3291412.5718627158,
        0.0
      ],
      [
        622357.0471217363,
        3291319.366885528,
        0.0
      ],
      [
        622357.0640915092,
        3291317.818464539,
        0.0
      ],
      [
        622277.1846588065,
        3291363.401421206,
        0.0
      ],
      [
        622182.3974784027,
        3291396.4328136877,
        0.0
      ],
      [
        622161.3026235243,
        3291427.6900205393,
        0.0
      ],
      [
        622227.3746752436,
        3291505.84247666,
        0.0
      ],
      [
        622232.8447673222,
        3291480.0926661245,
        0.0
      ]
    ]
  ]
}