{
  "code": "251305929",
  "epsg": 32639,
  "bbox_utm": {
    "minx": 704136.8869863538,
    "miny": 3125939.416956454,
    "maxx": 704354.4436463768,
    "maxy": 3126156.9736164766
  },
  "polygon_utm": [
    [
      [
        704184.3676025394,
        3126011.226284252,
        0.0
      ],
      [
        704185.4000185495,
        3126027.7455567676,
        0.0
      ],
      [
        704179.5436701549,
        3126046.7656253586,
        0.0
      ],
      [
        704185.8920605101,
        3126075.686872004,
        0.0
      ],
      [
        704204.7938670418,
        3126109.538640729,
        0.0
      ],
      [
        704211.4527133908,
        3126121.4895992237,
        0.0
      ],
      [
        704239.9300836555,
        3126118.0008088076,
        0.0
      ],
      [
        704249.3428986034,
        3126121.829707399,
        0.0
      ],
      [
        704263.5567128411,
        3126122.0742340493,
        0.0
      ],
      [
        704272.4430808619,
        3126125.8940936164,
        0.0
      ],
      [
        704288.879782817,
        3126119.3667980027,
        0.0
      ],
      [
        704311.7869625757,
        3126104.0453380356,
        0.0
      ],
      [
        704306.3566007166,
        3126082.9976934497,
        0.0
      ],
      [
        704299.2748066229,
        3126066.1124506327,
        0.0
      ],
      [
        704288.543947278,
        3126047.0689773806,
        0.0
      ],
      [
        704273.0210164308,
        3126031.0861879163,
        0.0
      ],
      [
        704235.6216808483,
        3126001.1067657555,
        0.0
      ],
      [
        704222.4566044959,
        3125970.4964793143,
        0.0
      ],
      [
        704209.7949232875,
        3125971.8502899464,
        0.0
      ],
      [
        704203.8689374997,
        3125979.6062687305,
        0.0
      ],
      [
        704202.5818760407,
        3125993.2044739933,
        0.0
      ],
      [
        704202.9552046587,
        3126002.1164932763,
        0.0
      ],
      [
        704196.0484040338,
        3126005.6647201166,
        0.0
      ],
      [
        704180.5453661801,
        3126003.826539954,
        0.0
      ],
      [
        704184.3676025394,
        3126011.226284252,
        0.0
      ]
    ]
  ]
}