{
  "code": "251382955",
  "epsg": 32639,
  "bbox_utm": {
    "minx": 622881.2882452217,
    "miny": 3291945.7491985317,
    "maxx": 623010.1958846714,
    "maxy": 3292074.656837981
  },
  "polygon_utm": [
    [
      [
        622991.7805076073,
        3292006.6770786187,
        0.0
      ],
      [
        622926.2255896432,
        3291976.5330583565,
        0.0
      ],
      [
        622899.703622286,
        3292029.406763006,
        0.0
      ],
      [
        622946.2529175215,
        3292042.30751224,
        0.0
      ],
      [
        622947.7920518874,
        3292043.872978156,
        0.0
      ],
      [
        622991.7805076073,
        3292006.6770786187,
        0.0
      ]
    ]
  ]
}