{
  "code": "251309596",
  "epsg": 32639,
  "bbox_utm": {
    "minx": 621731.5728442357,
    "miny": 3291352.129045332,
    "maxx": 621919.5930295251,
    "maxy": 3291540.1492306218
  },
  "polygon_utm": [
    [
      [
        621758.4328707056,
        3291499.6857145294,
        0.0
      ],
      [
        621760.468478418,
        3291503.321263123,
        0.0
      ],
      [
        621810.1730339291,
        3291512.638755592,
        0.0
      ],
      [
        621855.3270528766,
        3291511.066762998,
        0.0
      ],
      [
        621892.0905790747,
        3291470.172645993,
        0.0
      ],
      [
        621892.7330030553,
        3291411.3333679894,
        0.0
      ],
      [
        621873.8826718854,
        3291379.639520362,
        0.0
      ],
      [
        621758.4328707056,
        3291499.6857145294,
        0.0
      ]
    ]
  ]
}