{
  "code": "251320441",
  "epsg": 32639,
  "bbox_utm": {
    "minx": 621863.3868601564,
    "miny": 3292119.391497392,
    "maxx": 622182.4656614829,
    "maxy": 3292438.4702987187
  },
  "polygon_utm": [
    [
      [
        622136.8829755791,
        3292331.763370242,
        0.0
      ],
      [
        622136.3981482771,
        3292328.6611314784,
        0.0
      ],
      [
        622010.8080621203,
        3292190.5054360586,
        0.0
      ],
      [
        621935.7456726022,
        3292223.2355570146,
        0.0
      ],
      [
        621915.205468962,
        3292203.9132385105,
        0.0
      ],
      [
        621908.9695460602,
        3292204.8774442947,
        0.0
      ],
      [
        621916.4571991712,
        3292231.799555308,
        0.0
      ],
      [
        621914.0891683875,
        3292258.613946322,
        0.0
      ],
      [
        621921.0693264414,
        3292284.4980772343,
        0.0
      ],
      [
        621961.3938958779,
        3292297.3264283333,
        0.0
      ],
      [
        621995.7081612792,
        3292290.475268274,
        0.0
      ],
      [
        622012.1716871501,
        3292303.0430027787,
        0.0
      ],
      [
        622087.7285550896,
        3292367.3563600522,
        0.0
      ],
      [
        622136.8829755791,
        3292331.763370242,
        0.0
      ]
    ]
  ]
}