{
  "code": "251391384",
  "epsg": 32639,
  "bbox_utm": {
    "minx": 688162.9294330669,
    "miny": 3143860.2282021525,
    "maxx": 688502.2952539017,
    "maxy": 3144199.594022987
  },
  "polygon_utm": [
    [
      [
        688315.9399278879,
        3143953.3922145516,
        0.0
      ],
      [
        688285.4861246786,
        3143983.974638212,
        0.0
      ],
      [
        688275.7583000876,
        3143993.7023998476,
        0.0
      ],
      [
        688257.1448000884,
        3144012.593699847,
        0.0
      ],
      [
        688235.0873000883,
        3144033.824899846,
        0.0
      ],
      [
        688267.413000088,
        3144076.7572998484,
        0.0
      ],
      [
        688286.4894000883,
        3144102.501299846,
        0.0
      ],
      [
        688306.7583000876,
        3144129.137399846,
        0.0
      ],
      [
        688320.1427277024,
        3144151.1131914393,
        0.0
      ],
      [
        688336.6699560367,
        3144136.7362283287,
        0.0
      ],
      [
        688366.2791648598,
        3144093.286302391,
        0.0
      ],
      [
        688393.8947552919,
        3144043.006797273,
        0.0
      ],
      [
        688430.1373868802,
        3143979.2696426846,
        0.0
      ],
      [
        688366.598759488,
        3143908.7090337,
        0.0
      ],
      [
        688315.9399278879,
        3143953.3922145516,
        0.0
      ]
    ]
  ]
}