{
  "code": "251305275",
  "epsg": 32639,
  "bbox_utm": {
    "minx": 703635.5642641288,
    "miny": 3124384.972571504,
    "maxx": 704273.8217003873,
    "maxy": 3125023.2300077616
  },
  "polygon_utm": [
    [
      [
        704031.2881154215,
        3124561.0892837453,
        0.0
      ],
      [
        704000.399991378,
        3124580.9917214424,
        0.0
      ],
      [
        703964.2559243542,
        3124600.2800375763,
        0.0
      ],
      [
        703910.6564599369,
        3124623.9840507447,
        0.0
      ],
      [
        703875.0301982226,
        3124643.805347215,
        0.0
      ],
      [
        703850.0329475887,
        3124658.046022896,
        0.0
      ],
      [
        703820.8057812015,
        3124673.2619832205,
        0.0
      ],
      [
        703781.5482416833,
        3124689.8776637698,
        0.0
      ],
      [
        703746.4399295538,
        3124710.231995707,
        0.0
      ],
      [
        703726.74389788,
        3124722.46809986,
        0.0
      ],
      [
        703734.3179934123,
        3124741.458825856,
        0.0
      ],
      [
        703764.2313677011,
        3124809.032394833,
        0.0
      ],
      [
        703799.3733499979,
        3124878.7910204357,
        0.0
      ],
      [
        703809.4126339743,
        3124876.8676444218,
        0.0
      ],
      [
        703841.6993915582,
        3124867.4674379244,
        0.0
      ],
      [
        703853.3900776611,
        3124861.3811809313,
        0.0
      ],
      [
        703865.6791796709,
        3124851.113943881,
        0.0
      ],
      [
        703875.6735554014,
        3124851.8093821416,
        0.0
      ],
      [
        703889.502297319,
        3124874.5747298887,
        0.0
      ],
      [
        703895.8471709171,
        3124873.111918809,
        0.0
      ],
      [
        703942.6280813725,
        3124847.719646679,
        0.0
      ],
      [
        703975.5584603245,
        3124831.5200034827,
        0.0
      ],
      [
        704012.6469218812,
        3124818.5352894864,
        0.0
      ],
      [
        704054.8654703666,
        3124813.4974408015,
        0.0
      ],
      [
        704090.7661214111,
        3124808.351186957,
        0.0
      ],
      [
        704118.4678761482,
        3124789.9663817477,
        0.0
      ],
      [
        704158.2251450394,
        3124774.932261182,
        0.0
      ],
      [
        704182.642066636,
        3124763.825859117,
        0.0
      ],
      [
        704157.7438237823,
        3124711.0065782173,
        0.0
      ],
      [
        704133.4258484532,
        3124655.0536082424,
        0.0
      ],
      [
        704095.2699272891,
        3124576.858077944,
        0.0
      ],
      [
        704078.1785004487,
        3124529.41155883,
        0.0
      ],
      [
        704031.2881154215,
        3124561.0892837453,
        0.0
      ]
    ]
  ]
}