{
  "code": "251390811",
  "epsg": 32639,
  "bbox_utm": {
    "minx": 685211.3059441695,
    "miny": 3124530.3127731076,
    "maxx": 685646.6995764816,
    "maxy": 3124965.70640542
  },
  "polygon_utm": [
    [
      [
        685410.4021484214,
        3124898.1245562243,
        0.0
      ],
      [
        685418.5277186139,
        3124883.584084822,
        0.0
      ],
      [
        685425.0984981008,
        3124867.4478269606,
        0.0
      ],
      [
        685431.7101730659,
        3124848.693015745,
        0.0
      ],
      [
        685441.851649754,
        3124839.946152006,
        0.0
      ],
      [
        685451.4830475578,
        3124830.143654704,
        0.0
      ],
      [
        685461.5182532999,
        3124828.2049960033,
        0.0
      ],
      [
        685468.7331459122,
        3124838.2705207854,
        0.0
      ],
      [
        685476.1034027681,
        3124838.385605393,
        0.0
      ],
      [
        685482.4943678381,
        3124833.770885127,
        0.0
      ],
      [
        685487.4041340768,
        3124822.8470072364,
        0.0
      ],
      [
        685492.946675905,
        3124805.1231279643,
        0.0
      ],
      [
        685498.8030378377,
        3124801.0238899686,
        0.0
      ],
      [
        685514.4953710622,
        3124774.029414579,
        0.0
      ],
      [
        685511.7150952187,
        3124682.313982795,
        0.0
      ],
      [
        685511.1774540062,
        3124649.303491837,
        0.0
      ],
      [
        685509.9252366214,
        3124628.330178493,
        0.0
      ],
      [
        685502.9637659424,
        3124602.0292183026,
        0.0
      ],
      [
        685497.3199390725,
        3124592.511863438,
        0.0
      ],
      [
        685470.4460579524,
        3124593.6637853296,
        0.0
      ],
      [
        685464.5977862747,
        3124597.239396591,
        0.0
      ],
      [
        685453.3950064735,
        3124606.493712876,
        0.0
      ],
      [
        685439.8820274377,
        3124628.808077046,
        0.0
      ],
      [
        685427.4301825978,
        3124650.615131814,
        0.0
      ],
      [
        685439.4355763886,
        3124691.1383954226,
        0.0
      ],
      [
        685377.4400596588,
        3124715.8389312373,
        0.0
      ],
      [
        685353.100683002,
        3124723.316712965,
        0.0
      ],
      [
        685343.510149589,
        3124730.500818717,
        0.0
      ],
      [
        685343.7039164812,
        3124734.956475529,
        0.0
      ],
      [
        685346.22758225,
        3124758.830510369,
        0.0
      ],
      [
        685346.0151152462,
        3124772.4469779246,
        0.0
      ],
      [
        685343.5661038064,
        3124794.409919235,
        0.0
      ],
      [
        685343.5205250345,
        3124831.0777098006,
        0.0
      ],
      [
        685345.2258864543,
        3124856.7722050906,
        0.0
      ],
      [
        685349.1922872337,
        3124872.549102974,
        0.0
      ],
      [
        685352.138476741,
        3124886.214731929,
        0.0
      ],
      [
        685356.1702365191,
        3124897.8019591398,
        0.0
      ],
      [
        685364.0260320451,
        3124900.5437140604,
        0.0
      ],
      [
        685378.7255936915,
        3124903.39228415,
        0.0
      ],
      [
        685386.0958070923,
        3124903.5073150895,
        0.0
      ],
      [
        685410.4021484214,
        3124898.1245562243,
        0.0
      ]
    ]
  ]
}