{
  "code": "251448385",
  "epsg": 32639,
  "bbox_utm": {
    "minx": 699168.1414315953,
    "miny": 3127220.3049704144,
    "maxx": 699366.8666392708,
    "maxy": 3127419.0301780896
  },
  "polygon_utm": [
    [
      [
        699220.9350510903,
        3127255.2983185574,
        0.0
      ],
      [
        699234.6977391648,
        3127313.669195083,
        0.0
      ],
      [
        699224.5296608545,
        3127323.4503297023,
        0.0
      ],
      [
        699230.0823919127,
        3127337.6856155233,
        0.0
      ],
      [
        699247.4690750364,
        3127368.3567213994,
        0.0
      ],
      [
        699264.4699756253,
        3127390.6408627075,
        0.0
      ],
      [
        699269.7952062943,
        3127387.063836118,
        0.0
      ],
      [
        699298.062073933,
        3127365.5398198357,
        0.0
      ],
      [
        699314.0730197758,
        3127352.7142335693,
        0.0
      ],
      [
        699313.6433892822,
        3127346.9454400856,
        0.0
      ],
      [
        699312.6873876441,
        3127341.1678034435,
        0.0
      ],
      [
        699282.7206551763,
        3127307.142577123,
        0.0
      ],
      [
        699290.9855554621,
        3127285.282521352,
        0.0
      ],
      [
        699285.9152741763,
        3127273.6741573308,
        0.0
      ],
      [
        699279.2570677059,
        3127262.5629045046,
        0.0
      ],
      [
        699276.8186360643,
        3127250.998717808,
        0.0
      ],
      [
        699262.0977365485,
        3127249.703973582,
        0.0
      ],
      [
        699244.7361716924,
        3127248.8886978873,
        0.0
      ],
      [
        699233.1559343962,
        3127248.6942857965,
        0.0
      ],
      [
        699220.9350510903,
        3127255.2983185574,
        0.0
      ]
    ]
  ]
}