{
  "code": "251469924",
  "epsg": 32639,
  "bbox_utm": {
    "minx": 634057.0816726907,
    "miny": 3257578.565407516,
    "maxx": 634290.6226901257,
    "maxy": 3257812.1064249505
  },
  "polygon_utm": [
    [
      [
        634205.1033045951,
        3257756.699060079,
        0.0
      ],
      [
        634231.2614325255,
        3257745.101155601,
        0.0
      ],
      [
        634249.0696512624,
        3257735.475170125,
        0.0
      ],
      [
        634205.9269635899,
        3257687.328588195,
        0.0
      ],
      [
        634152.4815601849,
        3257630.257673229,
        0.0
      ],
      [
        634135.0050084351,
        3257611.928410006,
        0.0
      ],
      [
        634101.8304486249,
        3257644.671878968,
        0.0
      ],
      [
        634098.634711554,
        3257650.847159371,
        0.0
      ],
      [
        634126.9400736607,
        3257677.5890360805,
        0.0
      ],
      [
        634150.5131176091,
        3257708.4168722187,
        0.0
      ],
      [
        634172.4758637353,
        3257743.3676638813,
        0.0
      ],
      [
        634186.6273227964,
        3257778.74342246,
        0.0
      ],
      [
        634205.1033045951,
        3257756.699060079,
        0.0
      ]
    ]
  ]
}