{
  "code": "251412849",
  "epsg": 32639,
  "bbox_utm": {
    "minx": 643295.0686339501,
    "miny": 3091933.554421513,
    "maxx": 643529.5858449412,
    "maxy": 3092168.071632504
  },
  "polygon_utm": [
    [
      [
        643421.6028920121,
        3092020.2258008574,
        0.0
      ],
      [
        643366.074352785,
        3092039.7806783463,
        0.0
      ],
      [
        643328.5710926632,
        3092052.855369564,
        0.0
      ],
      [
        643344.7782151443,
        3092068.8020363417,
        0.0
      ],
      [
        643356.8262805535,
        3092062.7755504516,
        0.0
      ],
      [
        643373.286165149,
        3092103.1759184212,
        0.0
      ],
      [
        643399.2442745701,
        3092085.7628241163,
        0.0
      ],
      [
        643385.1432793709,
        3092059.2076139753,
        0.0
      ],
      [
        643386.1297197829,
        3092058.1035041404,
        0.0
      ],
      [
        643396.8078113094,
        3092046.6126298564,
        0.0
      ],
      [
        643406.7358263481,
        3092044.0726189516,
        0.0
      ],
      [
        643420.175306289,
        3092037.5704765515,
        0.0
      ],
      [
        643427.0984876652,
        3092029.7106475253,
        0.0
      ],
      [
        643438.6480139277,
        3092026.763340058,
        0.0
      ],
      [
        643442.6883949446,
        3092031.0124766636,
        0.0
      ],
      [
        643466.4580764881,
        3092021.4500766946,
        0.0
      ],
      [
        643478.3958385926,
        3092013.617271262,
        0.0
      ],
      [
        643496.0833862282,
        3092007.789457071,
        0.0
      ],
      [
        643488.3024663413,
        3092004.578718107,
        0.0
      ],
      [
        643489.0354448473,
        3091998.4501355956,
        0.0
      ],
      [
        643421.6028920121,
        3092020.2258008574,
        0.0
      ]
    ]
  ]
}