{
  "code": "251456160",
  "epsg": 32639,
  "bbox_utm": {
    "minx": 707977.0498468209,
    "miny": 3144518.868576964,
    "maxx": 708323.4349923768,
    "maxy": 3144865.25372252
  },
  "polygon_utm": [
    [
      [
        708197.8578001559,
        3144743.9575997433,
        0.0
      ],
      [
        708211.4645001546,
        3144735.226699743,
        0.0
      ],
      [
        708245.2712001549,
        3144713.5339997406,
        0.0
      ],
      [
        708246.501800155,
        3144712.8218997438,
        0.0
      ],
      [
        708273.9514001545,
        3144696.936199743,
        0.0
      ],
      [
        708272.0416001555,
        3144675.5184997413,
        0.0
      ],
      [
        708271.8205001565,
        3144671.0958997407,
        0.0
      ],
      [
        708267.4357539676,
        3144634.0847079335,
        0.0
      ],
      [
        708264.416347507,
        3144611.5396938375,
        0.0
      ],
      [
        708264.0537001556,
        3144601.986199741,
        0.0
      ],
      [
        708233.022800156,
        3144621.4728997424,
        0.0
      ],
      [
        708166.6131001546,
        3144663.176599742,
        0.0
      ],
      [
        708162.4953001546,
        3144656.637899745,
        0.0
      ],
      [
        708096.1165001539,
        3144701.087999742,
        0.0
      ],
      [
        708053.5399001547,
        3144636.543799743,
        0.0
      ],
      [
        708026.5334390431,
        3144654.154243219,
        0.0
      ],
      [
        708056.447518892,
        3144687.1117488835,
        0.0
      ],
      [
        708083.8992387068,
        3144725.5178979235,
        0.0
      ],
      [
        708128.9679723349,
        3144778.6190016693,
        0.0
      ],
      [
        708141.8932001542,
        3144782.136099743,
        0.0
      ],
      [
        708197.8578001559,
        3144743.9575997433,
        0.0
      ]
    ]
  ]
}