{
  "code": "251539195",
  "epsg": 32639,
  "bbox_utm": {
    "minx": 698217.6839164763,
    "miny": 3127684.075192139,
    "maxx": 698784.3141187946,
    "maxy": 3128250.7053944576
  },
  "polygon_utm": [
    [
      [
        698633.1720491977,
        3128114.368476251,
        0.0
      ],
      [
        698640.6108656336,
        3128110.3030739077,
        0.0
      ],
      [
        698638.7334599327,
        3128096.654290362,
        0.0
      ],
      [
        698667.8219218368,
        3128057.3366999514,
        0.0
      ],
      [
        698703.3669470348,
        3128009.747193229,
        0.0
      ],
      [
        698634.3886990891,
        3127884.463151241,
        0.0
      ],
      [
        698586.0159908836,
        3127786.2348624384,
        0.0
      ],
      [
        698539.2679796269,
        3127811.1166471085,
        0.0
      ],
      [
        698510.6349608355,
        3127823.207716955,
        0.0
      ],
      [
        698479.6864037106,
        3127847.8302234667,
        0.0
      ],
      [
        698449.2292910446,
        3127874.555981987,
        0.0
      ],
      [
        698460.6783472027,
        3127914.0289271325,
        0.0
      ],
      [
        698413.0798288295,
        3127926.850379679,
        0.0
      ],
      [
        698378.6137002853,
        3127941.4628190817,
        0.0
      ],
      [
        698390.5367122832,
        3127984.0858770343,
        0.0
      ],
      [
        698342.947319131,
        3127996.383907887,
        0.0
      ],
      [
        698338.8077811027,
        3128023.5495542176,
        0.0
      ],
      [
        698302.9468053881,
        3128027.140078187,
        0.0
      ],
      [
        698298.6310882361,
        3128033.3528970326,
        0.0
      ],
      [
        698300.508896283,
        3128047.001668835,
        0.0
      ],
      [
        698366.914858035,
        3128042.874325668,
        0.0
      ],
      [
        698402.8633810687,
        3128034.048004163,
        0.0
      ],
      [
        698444.092859988,
        3128024.26261556,
        0.0
      ],
      [
        698474.813165548,
        3128013.25405083,
        0.0
      ],
      [
        698501.1651344792,
        3128011.599924918,
        0.0
      ],
      [
        698516.1317527321,
        3128061.082524687,
        0.0
      ],
      [
        698547.3100176149,
        3128148.5457241586,
        0.0
      ],
      [
        698633.1720491977,
        3128114.368476251,
        0.0
      ]
    ]
  ]
}