{
  "code": "251581554",
  "epsg": 32639,
  "bbox_utm": {
    "minx": 685461.6023059702,
    "miny": 3124456.447024265,
    "maxx": 685559.5221742468,
    "maxy": 3124554.3668925413
  },
  "polygon_utm": [
    [
      [
        685531.2199614887,
        3124512.3687166907,
        0.0
      ],
      [
        685540.0114328687,
        3124488.932769921,
        0.0
      ],
      [
        685539.1466393631,
        3124476.8706939165,
        0.0
      ],
      [
        685496.0666228256,
        3124470.4355768757,
        0.0
      ],
      [
        685481.1130473483,
        3124483.822215726,
        0.0
      ],
      [
        685485.785792911,
        3124488.0859780377,
        0.0
      ],
      [
        685492.4744305955,
        3124498.1435691095,
        0.0
      ],
      [
        685502.2482236181,
        3124512.9639771883,
        0.0
      ],
      [
        685506.2391013041,
        3124527.170222376,
        0.0
      ],
      [
        685506.6101738762,
        3124537.129139874,
        0.0
      ],
      [
        685513.405086702,
        3124540.3783399304,
        0.0
      ],
      [
        685531.2199614887,
        3124512.3687166907,
        0.0
      ]
    ]
  ]
}