{
  "code": "251512334",
  "epsg": 32639,
  "bbox_utm": {
    "minx": 633190.4729070615,
    "miny": 3257804.3636178733,
    "maxx": 633330.2157289444,
    "maxy": 3257944.1064397558
  },
  "polygon_utm": [
    [
      [
        633226.7401603187,
        3257889.061045382,
        0.0
      ],
      [
        633282.0091580998,
        3257924.143179487,
        0.0
      ],
      [
        633293.9484756871,
        3257904.609411671,
        0.0
      ],
      [
        633292.6225468118,
        3257884.6602951568,
        0.0
      ],
      [
        633286.4114920647,
        3257859.7348700427,
        0.0
      ],
      [
        633269.3955722403,
        3257824.326878142,
        0.0
      ],
      [
        633226.7401603187,
        3257889.061045382,
        0.0
      ]
    ]
  ]
}