{
  "code": "251556970",
  "epsg": 32639,
  "bbox_utm": {
    "minx": 671974.2312985238,
    "miny": 3116003.296954329,
    "maxx": 672324.7761666797,
    "maxy": 3116353.8418224854
  },
  "polygon_utm": [
    [
      [
        672044.5828686333,
        3116079.1099563064,
        0.0
      ],
      [
        672050.7456229393,
        3116090.206441466,
        0.0
      ],
      [
        672061.5360892256,
        3116109.2322326517,
        0.0
      ],
      [
        672080.6569647938,
        3116135.1924456316,
        0.0
      ],
      [
        672124.6932493015,
        3116187.1965121618,
        0.0
      ],
      [
        672099.7293509181,
        3116200.9883446987,
        0.0
      ],
      [
        672120.5439207752,
        3116219.1104814364,
        0.0
      ],
      [
        672149.222525503,
        3116239.967042822,
        0.0
      ],
      [
        672174.2437491613,
        3116258.674159277,
        0.0
      ],
      [
        672196.6763579325,
        3116274.1989408564,
        0.0
      ],
      [
        672214.2541518755,
        3116297.5159657765,
        0.0
      ],
      [
        672219.6148497792,
        3116303.7639841773,
        0.0
      ],
      [
        672234.355655198,
        3116292.0407514446,
        0.0
      ],
      [
        672261.1746908093,
        3116277.4898861377,
        0.0
      ],
      [
        672235.35000225,
        3116241.473686394,
        0.0
      ],
      [
        672225.2819660562,
        3116227.175812173,
        0.0
      ],
      [
        672204.7423171365,
        3116208.271220465,
        0.0
      ],
      [
        672188.8832148805,
        3116193.627575768,
        0.0
      ],
      [
        672172.8628917187,
        3116171.905397825,
        0.0
      ],
      [
        672078.6539584983,
        3116054.9659879934,
        0.0
      ],
      [
        672077.3596484123,
        3116053.3747926373,
        0.0
      ],
      [
        672037.8327743942,
        3116072.1983286166,
        0.0
      ],
      [
        672044.5828686333,
        3116079.1099563064,
        0.0
      ]
    ]
  ]
}