{
  "code": "251557119",
  "epsg": 32639,
  "bbox_utm": {
    "minx": 672018.1798679632,
    "miny": 3115979.109957294,
    "maxx": 672366.2897849468,
    "maxy": 3116327.219874278
  },
  "polygon_utm": [
    [
      [
        672106.3354038334,
        3116035.447304505,
        0.0
      ],
      [
        672089.8455084348,
        3116046.2167253196,
        0.0
      ],
      [
        672077.3596484123,
        3116053.3747926373,
        0.0
      ],
      [
        672078.6539584983,
        3116054.965987993,
        0.0
      ],
      [
        672172.8628917187,
        3116171.905397825,
        0.0
      ],
      [
        672188.8832148805,
        3116193.627575768,
        0.0
      ],
      [
        672204.7423171365,
        3116208.271220465,
        0.0
      ],
      [
        672225.2819660562,
        3116227.1758121727,
        0.0
      ],
      [
        672235.35000225,
        3116241.473686394,
        0.0
      ],
      [
        672261.1746908093,
        3116277.4898861377,
        0.0
      ],
      [
        672282.6879516958,
        3116265.483147799,
        0.0
      ],
      [
        672297.0099444685,
        3116258.87613826,
        0.0
      ],
      [
        672307.1100044977,
        3116252.732252234,
        0.0
      ],
      [
        672305.6660132955,
        3116243.2764736684,
        0.0
      ],
      [
        672294.5462646858,
        3116210.6176511967,
        0.0
      ],
      [
        672293.1401414231,
        3116198.541574433,
        0.0
      ],
      [
        672275.9451872271,
        3116185.1888896725,
        0.0
      ],
      [
        672265.6213213002,
        3116170.363051866,
        0.0
      ],
      [
        672253.6943016576,
        3116157.0865277383,
        0.0
      ],
      [
        672238.0493496156,
        3116145.8529262412,
        0.0
      ],
      [
        672230.2382239563,
        3116139.4500459814,
        0.0
      ],
      [
        672200.5891910698,
        3116112.8132705097,
        0.0
      ],
      [
        672166.9300208323,
        3116071.966051086,
        0.0
      ],
      [
        672144.565110749,
        3116051.724556265,
        0.0
      ],
      [
        672120.6575530543,
        3116028.839945435,
        0.0
      ],
      [
        672106.3354038334,
        3116035.447304505,
        0.0
      ]
    ]
  ]
}