{
  "code": "251636689",
  "epsg": 32639,
  "bbox_utm": {
    "minx": 684858.5614884498,
    "miny": 3127974.115743846,
    "maxx": 685184.6384228652,
    "maxy": 3128300.192678261
  },
  "polygon_utm": [
    [
      [
        684987.4624997508,
        3128249.3413899606,
        0.0
      ],
      [
        685001.1216609579,
        3128251.1254525366,
        0.0
      ],
      [
        685012.1820091212,
        3128250.7742607966,
        0.0
      ],
      [
        685012.0231575359,
        3128227.205950161,
        0.0
      ],
      [
        685007.5396178926,
        3128210.901758959,
        0.0
      ],
      [
        685010.391560522,
        3128196.8066955595,
        0.0
      ],
      [
        685007.5277222486,
        3128177.909285596,
        0.0
      ],
      [
        685025.45450696,
        3128176.0941202347,
        0.0
      ],
      [
        685043.4711319472,
        3128168.51981181,
        0.0
      ],
      [
        685056.167625802,
        3128164.528353409,
        0.0
      ],
      [
        685059.0768051132,
        3128146.7683091485,
        0.0
      ],
      [
        685070.161759004,
        3128144.8464753,
        0.0
      ],
      [
        685076.5917027906,
        3128137.6151307593,
        0.0
      ],
      [
        685077.3467070593,
        3128122.9635848245,
        0.0
      ],
      [
        685081.0879862104,
        3128119.356118375,
        0.0
      ],
      [
        685093.8172218038,
        3128113.270425399,
        0.0
      ],
      [
        685101.6790568412,
        3128115.4878532966,
        0.0
      ],
      [
        685102.8623638733,
        3128107.1272588456,
        0.0
      ],
      [
        685083.0017845074,
        3128097.914639519,
        0.0
      ],
      [
        685058.4044603074,
        3128088.6281594285,
        0.0
      ],
      [
        685047.4827891993,
        3128080.0787241505,
        0.0
      ],
      [
        685026.3590633865,
        3128101.2206142214,
        0.0
      ],
      [
        685011.4370497493,
        3128096.012826648,
        0.0
      ],
      [
        685006.2720142328,
        3128089.6479800935,
        0.0
      ],
      [
        685003.2815799499,
        3128078.8656618795,
        0.0
      ],
      [
        684998.9019034847,
        3128072.7749037775,
        0.0
      ],
      [
        684988.6226805601,
        3128073.661999594,
        0.0
      ],
      [
        684976.9542330946,
        3128079.2406721874,
        0.0
      ],
      [
        684971.0650243837,
        3128068.6750040194,
        0.0
      ],
      [
        684967.0423537914,
        3128056.567352881,
        0.0
      ],
      [
        684963.5541405078,
        3128043.944330699,
        0.0
      ],
      [
        684961.1307710526,
        3128030.552357198,
        0.0
      ],
      [
        684956.746973267,
        3128024.723376401,
        0.0
      ],
      [
        684950.4925374415,
        3128020.698163048,
        0.0
      ],
      [
        684943.5485555328,
        3128027.136090481,
        0.0
      ],
      [
        684943.9116216135,
        3128037.6156289913,
        0.0
      ],
      [
        684941.0923812945,
        3128049.616628973,
        0.0
      ],
      [
        684940.3375474416,
        3128064.2682617507,
        0.0
      ],
      [
        684940.586346756,
        3128082.0776731153,
        0.0
      ],
      [
        684942.8913752071,
        3128103.061258741,
        0.0
      ],
      [
        684949.0437390071,
        3128113.630984595,
        0.0
      ],
      [
        684949.7045449514,
        3128138.7784000435,
        0.0
      ],
      [
        684950.7283918236,
        3128174.405182972,
        0.0
      ],
      [
        684943.8048994722,
        3128179.534120943,
        0.0
      ],
      [
        684948.7658614708,
        3128198.987885953,
        0.0
      ],
      [
        684953.3474389,
        3128209.009358819,
        0.0
      ],
      [
        684955.6605675285,
        3128229.469170115,
        0.0
      ],
      [
        684958.9691327966,
        3128253.610259059,
        0.0
      ],
      [
        684987.4624997508,
        3128249.3413899606,
        0.0
      ]
    ]
  ]
}