{
  "code": "251673196",
  "epsg": 32639,
  "bbox_utm": {
    "minx": 691407.312167092,
    "miny": 3236051.791610274,
    "maxx": 692542.6859843025,
    "maxy": 3237187.165427484
  },
  "polygon_utm": [
    [
      [
        691979.3137394744,
        3236774.574377854,
        0.0
      ],
      [
        692000.4047787266,
        3236794.4261525064,
        0.0
      ],
      [
        692002.3917483687,
        3236796.2963720397,
        0.0
      ],
      [
        692021.4249318663,
        3236814.211206164,
        0.0
      ],
      [
        692030.1706904167,
        3236822.4430825436,
        0.0
      ],
      [
        692098.7871358262,
        3236887.02777159,
        0.0
      ],
      [
        692160.5322777987,
        3236945.14490037,
        0.0
      ],
      [
        692191.5100433212,
        3236974.3024782888,
        0.0
      ],
      [
        692231.878000098,
        3237012.2984998007,
        0.0
      ],
      [
        692264.0932747251,
        3236985.877541744,
        0.0
      ],
      [
        692315.6158734318,
        3236930.706303442,
        0.0
      ],
      [
        692380.489724701,
        3236857.079975752,
        0.0
      ],
      [
        692224.9252465152,
        3236710.717233845,
        0.0
      ],
      [
        692084.2245894482,
        3236579.6542005874,
        0.0
      ],
      [
        692022.5625166395,
        3236524.647633264,
        0.0
      ],
      [
        691841.3276357764,
        3236353.4647542583,
        0.0
      ],
      [
        691706.8057038594,
        3236226.6585379574,
        0.0
      ],
      [
        691569.5084266935,
        3236388.848353478,
        0.0
      ],
      [
        691940.1857517185,
        3236737.745467422,
        0.0
      ],
      [
        691979.3137394744,
        3236774.574377854,
        0.0
      ]
    ]
  ]
}