{
  "code": "251620691",
  "epsg": 32639,
  "bbox_utm": {
    "minx": 696104.2769357903,
    "miny": 3129264.672316179,
    "maxx": 696627.9198492867,
    "maxy": 3129788.315229676
  },
  "polygon_utm": [
    [
      [
        696335.9546734951,
        3129430.1728977924,
        0.0
      ],
      [
        696321.3435609912,
        3129438.3098148396,
        0.0
      ],
      [
        696305.4037954722,
        3129447.2102610935,
        0.0
      ],
      [
        696287.1001781456,
        3129455.8097518794,
        0.0
      ],
      [
        696271.9628653585,
        3129463.9379959367,
        0.0
      ],
      [
        696257.3821699183,
        3129470.2426018864,
        0.0
      ],
      [
        696239.182597642,
        3129472.5597685603,
        0.0
      ],
      [
        696224.8174169642,
        3129481.74818385,
        0.0
      ],
      [
        696213.9336375532,
        3129487.328497001,
        0.0
      ],
      [
        696200.7379738977,
        3129489.466682404,
        0.0
      ],
      [
        696186.1790079209,
        3129494.4625313543,
        0.0
      ],
      [
        696179.0830662897,
        3129493.8214559653,
        0.0
      ],
      [
        696212.6818061691,
        3129562.9784584935,
        0.0
      ],
      [
        696198.3860538022,
        3129567.9786098357,
        0.0
      ],
      [
        696212.0298545994,
        3129634.1866940847,
        0.0
      ],
      [
        696255.1789087069,
        3129635.1626480455,
        0.0
      ],
      [
        696263.1204826188,
        3129632.4139250373,
        0.0
      ],
      [
        696271.0685600616,
        3129629.2725628875,
        0.0
      ],
      [
        696277.931620786,
        3129628.0769998785,
        0.0
      ],
      [
        696288.2218816228,
        3129626.5454248423,
        0.0
      ],
      [
        696300.7444230764,
        3129625.3126492263,
        0.0
      ],
      [
        696314.6838494438,
        3129625.936185425,
        0.0
      ],
      [
        696324.1478865076,
        3129626.616552414,
        0.0
      ],
      [
        696338.2372990511,
        3129626.1298041316,
        0.0
      ],
      [
        696349.6867369686,
        3129626.1230233386,
        0.0
      ],
      [
        696362.8952946833,
        3129623.1997493203,
        0.0
      ],
      [
        696386.9334149926,
        3129617.9684246103,
        0.0
      ],
      [
        696401.310908096,
        3129615.9809719436,
        0.0
      ],
      [
        696410.93687134,
        3129614.831247828,
        0.0
      ],
      [
        696420.3148828885,
        3129612.7610021355,
        0.0
      ],
      [
        696430.5639875728,
        3129613.7162941867,
        0.0
      ],
      [
        696439.7822503635,
        3129613.3453429844,
        0.0
      ],
      [
        696471.8235274028,
        3129617.541911452,
        0.0
      ],
      [
        696490.812344792,
        3129615.2382241264,
        0.0
      ],
      [
        696513.1098347529,
        3129611.8111445904,
        0.0
      ],
      [
        696525.4289220792,
        3129608.2762081376,
        0.0
      ],
      [
        696523.88162315,
        3129605.051046716,
        0.0
      ],
      [
        696553.1137187872,
        3129594.516844003,
        0.0
      ],
      [
        696520.2834316994,
        3129520.4183671903,
        0.0
      ],
      [
        696481.2529547717,
        3129525.0082958564,
        0.0
      ],
      [
        696410.1376366382,
        3129528.019495777,
        0.0
      ],
      [
        696401.4916264954,
        3129493.837482022,
        0.0
      ],
      [
        696382.2799877276,
        3129417.8248978094,
        0.0
      ],
      [
        696376.6898964018,
        3129418.0173383188,
        0.0
      ],
      [
        696347.0713632271,
        3129426.429387348,
        0.0
      ],
      [
        696335.9546734951,
        3129430.1728977924,
        0.0
      ]
    ]
  ]
}