{
  "code": "251681430",
  "epsg": 32639,
  "bbox_utm": {
    "minx": 683518.4146046705,
    "miny": 3242381.056411897,
    "maxx": 684452.9640572643,
    "maxy": 3243315.6058644904
  },
  "polygon_utm": [
    [
      [
        683893.0259000756,
        3242644.433999837,
        0.0
      ],
      [
        683869.4118000757,
        3242615.6802998367,
        0.0
      ],
      [
        683873.3011000764,
        3242608.1793998396,
        0.0
      ],
      [
        683877.8488000771,
        3242594.9052998377,
        0.0
      ],
      [
        683878.3050667425,
        3242593.28093317,
        0.0
      ],
      [
        683878.6798000766,
        3242589.9151998367,
        0.0
      ],
      [
        683878.2648000767,
        3242586.3644998358,
        0.0
      ],
      [
        683877.0421000764,
        3242583.0052998383,
        0.0
      ],
      [
        683875.9569000759,
        3242581.172699838,
        0.0
      ],
      [
        683875.3208000761,
        3242580.3156998362,
        0.0
      ],
      [
        683867.1893000763,
        3242570.118999837,
        0.0
      ],
      [
        683853.1597000755,
        3242549.838599837,
        0.0
      ],
      [
        683835.1018000758,
        3242527.474699839,
        0.0
      ],
      [
        683824.5421538047,
        3242514.5634765527,
        0.0
      ],
      [
        683770.5011150789,
        3242569.673476267,
        0.0
      ],
      [
        683730.1963438975,
        3242610.7754976293,
        0.0
      ],
      [
        683769.4583000771,
        3242654.338899837,
        0.0
      ],
      [
        683843.6344000763,
        3242730.8763998374,
        0.0
      ],
      [
        683882.2504000774,
        3242767.6865998358,
        0.0
      ],
      [
        683952.3982000763,
        3242847.835699838,
        0.0
      ],
      [
        684002.1268000763,
        3242917.844599836,
        0.0
      ],
      [
        684047.5492000764,
        3242983.2695998363,
        0.0
      ],
      [
        684102.9729000787,
        3243064.1131998375,
        0.0
      ],
      [
        684128.3928000764,
        3243106.896399837,
        0.0
      ],
      [
        684144.6371000769,
        3243133.0124998335,
        0.0
      ],
      [
        684149.3329000785,
        3243142.015799834,
        0.0
      ],
      [
        684158.9883000775,
        3243156.203199834,
        0.0
      ],
      [
        684174.7521000765,
        3243177.4843998356,
        0.0
      ],
      [
        684177.3138000764,
        3243180.243099836,
        0.0
      ],
      [
        684185.8513000773,
        3243182.098799834,
        0.0
      ],
      [
        684212.8271000774,
        3243160.5382998367,
        0.0
      ],
      [
        684241.1823180374,
        3243136.090007426,
        0.0
      ],
      [
        684174.1869540889,
        3243057.7895933627,
        0.0
      ],
      [
        684226.689900077,
        3243007.996999832,
        0.0
      ],
      [
        684171.8113000782,
        3242939.193599837,
        0.0
      ],
      [
        684123.2082000764,
        3242884.981099838,
        0.0
      ],
      [
        683917.5246000773,
        3242674.638099836,
        0.0
      ],
      [
        683893.0259000756,
        3242644.433999837,
        0.0
      ]
    ]
  ]
}