{
  "code": "251683041",
  "epsg": 32639,
  "bbox_utm": {
    "minx": 691917.2191400997,
    "miny": 3235031.0470398,
    "maxx": 692772.4284600982,
    "maxy": 3235886.2563597984
  },
  "polygon_utm": [
    [
      [
        692095.0999000983,
        3235199.9999997998,
        0.0
      ],
      [
        692174.7246000972,
        3235297.484499799,
        0.0
      ],
      [
        692190.1727000977,
        3235316.4067998,
        0.0
      ],
      [
        692280.0891000987,
        3235426.5444997996,
        0.0
      ],
      [
        692321.6143000973,
        3235477.466599801,
        0.0
      ],
      [
        692386.8339000997,
        3235557.4449997996,
        0.0
      ],
      [
        692494.4989000994,
        3235686.044899798,
        0.0
      ],
      [
        692560.0863000985,
        3235764.083599799,
        0.0
      ],
      [
        692617.7195000994,
        3235725.008999796,
        0.0
      ],
      [
        692565.9944000996,
        3235662.247099799,
        0.0
      ],
      [
        692474.4228000983,
        3235559.9920998,
        0.0
      ],
      [
        692469.3719000991,
        3235554.3519997983,
        0.0
      ],
      [
        692397.3652000985,
        3235471.9928998007,
        0.0
      ],
      [
        692373.562200099,
        3235443.493299801,
        0.0
      ],
      [
        692346.0633000982,
        3235410.5685998006,
        0.0
      ],
      [
        692275.5049334319,
        3235324.5588331334,
        0.0
      ],
      [
        692227.355700098,
        3235265.1747998004,
        0.0
      ],
      [
        692172.0729000983,
        3235199.9999997993,
        0.0
      ],
      [
        692132.3929000976,
        3235153.2197998,
        0.0
      ],
      [
        692114.8690177402,
        3235163.967996693,
        0.0
      ],
      [
        692102.353185094,
        3235163.757068732,
        0.0
      ],
      [
        692071.9281000985,
        3235171.6306998,
        0.0
      ],
      [
        692095.0999000983,
        3235199.9999997998,
        0.0
      ]
    ]
  ]
}