{
  "code": "251688451",
  "epsg": 32639,
  "bbox_utm": {
    "minx": 703127.7682398548,
    "miny": 3232018.5474783094,
    "maxx": 704043.3560138568,
    "maxy": 3232934.1352523114
  },
  "polygon_utm": [
    [
      [
        703504.6203001345,
        3232278.857599733,
        0.0
      ],
      [
        703500.5180001336,
        3232379.4357997323,
        0.0
      ],
      [
        703496.8864001341,
        3232447.15809973,
        0.0
      ],
      [
        703494.0254001343,
        3232576.0254997327,
        0.0
      ],
      [
        703485.859323943,
        3232803.3369988822,
        0.0
      ],
      [
        703678.9700872938,
        3232777.6666235323,
        0.0
      ],
      [
        703679.2993021377,
        3232525.3714464693,
        0.0
      ],
      [
        703685.2649297685,
        3232191.14458135,
        0.0
      ],
      [
        703670.3561626753,
        3232149.345731738,
        0.0
      ],
      [
        703509.2865001343,
        3232200.8696997343,
        0.0
      ],
      [
        703504.6203001345,
        3232278.857599733,
        0.0
      ]
    ]
  ]
}