{
  "code": "251673880",
  "epsg": 32639,
  "bbox_utm": {
    "minx": 691034.6673103818,
    "miny": 3235986.5428283713,
    "maxx": 691785.0945920178,
    "maxy": 3236736.970110007
  },
  "polygon_utm": [
    [
      [
        691505.5689379937,
        3236438.10864488,
        0.0
      ],
      [
        691677.8906946413,
        3236240.1831502505,
        0.0
      ],
      [
        691581.6805505201,
        3236161.24472735,
        0.0
      ],
      [
        691504.5011665252,
        3236098.1945037143,
        0.0
      ],
      [
        691426.844497001,
        3236187.702589098,
        0.0
      ],
      [
        691343.2353994235,
        3236290.0835467526,
        0.0
      ],
      [
        691201.7810982828,
        3236467.255117315,
        0.0
      ],
      [
        691172.7755533508,
        3236501.7951242044,
        0.0
      ],
      [
        691141.8712077583,
        3236540.713981441,
        0.0
      ],
      [
        691172.7002998241,
        3236552.906743756,
        0.0
      ],
      [
        691257.8916048857,
        3236589.1035515424,
        0.0
      ],
      [
        691344.1252544044,
        3236625.318434664,
        0.0
      ],
      [
        691505.5689379937,
        3236438.10864488,
        0.0
      ]
    ]
  ]
}