{
  "code": "251685940",
  "epsg": 32639,
  "bbox_utm": {
    "minx": 691101.665180095,
    "miny": 3235263.1937798024,
    "maxx": 691728.5734200978,
    "maxy": 3235890.102019805
  },
  "polygon_utm": [
    [
      [
        691609.523400098,
        3235551.0554998037,
        0.0
      ],
      [
        691595.8886000966,
        3235536.739999803,
        0.0
      ],
      [
        691584.980000096,
        3235519.063299803,
        0.0
      ],
      [
        691556.6078000963,
        3235499.0175998053,
        0.0
      ],
      [
        691573.0319000969,
        3235475.374099803,
        0.0
      ],
      [
        691576.3774000955,
        3235469.9205998043,
        0.0
      ],
      [
        691580.9460000958,
        3235462.395699805,
        0.0
      ],
      [
        691583.1685000956,
        3235452.5795998047,
        0.0
      ],
      [
        691583.7241000978,
        3235447.2085998016,
        0.0
      ],
      [
        691582.2424000963,
        3235443.689599804,
        0.0
      ],
      [
        691569.8335000954,
        3235431.465799804,
        0.0
      ],
      [
        691557.9801000969,
        3235416.093499804,
        0.0
      ],
      [
        691544.0200000948,
        3235398.1436998034,
        0.0
      ],
      [
        691532.9769000951,
        3235387.756599805,
        0.0
      ],
      [
        691517.9750000958,
        3235376.273599805,
        0.0
      ],
      [
        691503.3435000961,
        3235363.8645998053,
        0.0
      ],
      [
        691491.6754000951,
        3235352.7520998027,
        0.0
      ],
      [
        691435.8857000968,
        3235397.6002998035,
        0.0
      ],
      [
        691220.7152000949,
        3235649.0269998065,
        0.0
      ],
      [
        691381.7300000965,
        3235800.5436998047,
        0.0
      ],
      [
        691609.523400098,
        3235551.0554998037,
        0.0
      ]
    ]
  ]
}