{
  "code": "251685391",
  "epsg": 32639,
  "bbox_utm": {
    "minx": 691948.4537400982,
    "miny": 3235106.3353397995,
    "maxx": 692405.521260098,
    "maxy": 3235563.4028597996
  },
  "polygon_utm": [
    [
      [
        692321.6143000973,
        3235477.466599801,
        0.0
      ],
      [
        692280.0891000987,
        3235426.5444997996,
        0.0
      ],
      [
        692190.1727000977,
        3235316.4067998,
        0.0
      ],
      [
        692174.7246000972,
        3235297.484499799,
        0.0
      ],
      [
        692095.0999000983,
        3235199.9999997998,
        0.0
      ],
      [
        692071.9281000985,
        3235171.6306998,
        0.0
      ],
      [
        692032.3607000988,
        3235179.060399799,
        0.0
      ],
      [
        692048.8777000972,
        3235199.9999998007,
        0.0
      ],
      [
        692098.3748000972,
        3235262.7504998003,
        0.0
      ],
      [
        692153.6572000978,
        3235329.8645998025,
        0.0
      ],
      [
        692209.953100099,
        3235398.415199801,
        0.0
      ],
      [
        692257.2114000984,
        3235456.5617998,
        0.0
      ],
      [
        692289.9074000982,
        3235498.1074997997,
        0.0
      ],
      [
        692321.6143000973,
        3235477.466599801,
        0.0
      ]
    ]
  ]
}