{
  "code": "251665584",
  "epsg": 32639,
  "bbox_utm": {
    "minx": 682560.1847069312,
    "miny": 3244157.399240588,
    "maxx": 682766.8065513102,
    "maxy": 3244364.021084967
  },
  "polygon_utm": [
    [
      [
        682608.1230193509,
        3244191.761884863,
        0.0
      ],
      [
        682597.2872209563,
        3244201.1805985756,
        0.0
      ],
      [
        682595.1155123995,
        3244206.590295796,
        0.0
      ],
      [
        682599.9572249358,
        3244213.40904622,
        0.0
      ],
      [
        682620.6933161019,
        3244236.5577868517,
        0.0
      ],
      [
        682636.3271280661,
        3244252.8835924407,
        0.0
      ],
      [
        682648.0738334266,
        3244267.8505782327,
        0.0
      ],
      [
        682663.9139099955,
        3244287.5501457136,
        0.0
      ],
      [
        682697.8177389161,
        3244334.503678627,
        0.0
      ],
      [
        682700.3073167419,
        3244333.636292442,
        0.0
      ],
      [
        682708.5909774873,
        3244328.973130084,
        0.0
      ],
      [
        682719.7633528938,
        3244322.9304793095,
        0.0
      ],
      [
        682728.8369447304,
        3244317.761502384,
        0.0
      ],
      [
        682731.647507488,
        3244313.139948999,
        0.0
      ],
      [
        682731.875745842,
        3244307.0509018437,
        0.0
      ],
      [
        682723.5160278251,
        3244292.1383441184,
        0.0
      ],
      [
        682706.7798490996,
        3244263.3499878016,
        0.0
      ],
      [
        682686.6692309836,
        3244233.7295291903,
        0.0
      ],
      [
        682666.3104799091,
        3244203.3272482785,
        0.0
      ],
      [
        682654.1406732006,
        3244198.46477755,
        0.0
      ],
      [
        682642.479412293,
        3244194.3882953767,
        0.0
      ],
      [
        682627.7001375112,
        3244189.743167496,
        0.0
      ],
      [
        682613.1522159786,
        3244186.9166469276,
        0.0
      ],
      [
        682608.1230193509,
        3244191.761884863,
        0.0
      ]
    ]
  ]
}