{
  "code": "251617361",
  "epsg": 32639,
  "bbox_utm": {
    "minx": 616715.7711875289,
    "miny": 3298003.4960005,
    "maxx": 616924.5052348193,
    "maxy": 3298212.23004779
  },
  "polygon_utm": [
    [
      [
        616847.5177541345,
        3298119.472264076,
        0.0
      ],
      [
        616839.3093358126,
        3298111.132106026,
        0.0
      ],
      [
        616894.6860852063,
        3298071.474685686,
        0.0
      ],
      [
        616887.5361998194,
        3298061.0820473228,
        0.0
      ],
      [
        616872.2211575184,
        3298038.2225796836,
        0.0
      ],
      [
        616816.963364066,
        3298066.5321365483,
        0.0
      ],
      [
        616803.7003145138,
        3298045.7578270435,
        0.0
      ],
      [
        616781.8176099838,
        3298055.845950461,
        0.0
      ],
      [
        616779.5707664187,
        3298072.330536911,
        0.0
      ],
      [
        616803.0078470616,
        3298111.78307138,
        0.0
      ],
      [
        616759.2535505842,
        3298130.927584274,
        0.0
      ],
      [
        616745.5903371418,
        3298148.3241304774,
        0.0
      ],
      [
        616773.283012731,
        3298177.503468606,
        0.0
      ],
      [
        616847.5177541345,
        3298119.472264076,
        0.0
      ]
    ]
  ]
}