{
  "code": "251696959",
  "epsg": 32639,
  "bbox_utm": {
    "minx": 691264.3460690974,
    "miny": 3235476.6891781287,
    "maxx": 691784.9103208199,
    "maxy": 3235997.2534298515
  },
  "polygon_utm": [
    [
      [
        691638.1755000964,
        3235570.187099802,
        0.0
      ],
      [
        691609.523400098,
        3235551.0554998037,
        0.0
      ],
      [
        691381.7300000965,
        3235800.5436998047,
        0.0
      ],
      [
        691421.0981153108,
        3235846.664809377,
        0.0
      ],
      [
        691490.0148600929,
        3235904.9063375094,
        0.0
      ],
      [
        691510.0552813134,
        3235922.887108177,
        0.0
      ],
      [
        691517.6614727287,
        3235913.6084091323,
        0.0
      ],
      [
        691526.5150246017,
        3235902.8080704617,
        0.0
      ],
      [
        691539.7434185449,
        3235886.670915933,
        0.0
      ],
      [
        691566.0073089566,
        3235857.508919264,
        0.0
      ],
      [
        691585.019804146,
        3235836.398477794,
        0.0
      ],
      [
        691603.3939643177,
        3235815.996808834,
        0.0
      ],
      [
        691623.0849643879,
        3235792.715803689,
        0.0
      ],
      [
        691634.9034302045,
        3235780.0705733467,
        0.0
      ],
      [
        691652.0630696862,
        3235759.9904012512,
        0.0
      ],
      [
        691660.3486236128,
        3235748.0641692667,
        0.0
      ],
      [
        691665.9082795002,
        3235737.2443901887,
        0.0
      ],
      [
        691667.5263898207,
        3235736.034980884,
        0.0
      ],
      [
        691651.5802191347,
        3235645.930774689,
        0.0
      ],
      [
        691638.1755000964,
        3235570.187099802,
        0.0
      ]
    ]
  ]
}