{
  "code": "251680389",
  "epsg": 32639,
  "bbox_utm": {
    "minx": 686292.2893262742,
    "miny": 3240141.7964397897,
    "maxx": 687011.4547490029,
    "maxy": 3240860.961862519
  },
  "polygon_utm": [
    [
      [
        686860.8217964155,
        3240752.406005325,
        0.0
      ],
      [
        686908.7168314703,
        3240709.1028030016,
        0.0
      ],
      [
        686886.1066044489,
        3240689.0204259045,
        0.0
      ],
      [
        686851.9603130613,
        3240657.0776143214,
        0.0
      ],
      [
        686793.4556045511,
        3240600.355405343,
        0.0
      ],
      [
        686763.90623391,
        3240574.193981897,
        0.0
      ],
      [
        686713.0787524554,
        3240526.1566890692,
        0.0
      ],
      [
        686676.6327317231,
        3240491.323350707,
        0.0
      ],
      [
        686628.3894369353,
        3240444.625351758,
        0.0
      ],
      [
        686588.8835019404,
        3240405.592137809,
        0.0
      ],
      [
        686533.0164166276,
        3240346.838617153,
        0.0
      ],
      [
        686495.7959080759,
        3240311.473988685,
        0.0
      ],
      [
        686459.8825314322,
        3240275.8714520326,
        0.0
      ],
      [
        686435.2918979053,
        3240249.2728204387,
        0.0
      ],
      [
        686431.0581962185,
        3240253.0938943457,
        0.0
      ],
      [
        686413.0384437705,
        3240270.9540414787,
        0.0
      ],
      [
        686395.0272438069,
        3240288.29560022,
        0.0
      ],
      [
        686397.8516079386,
        3240290.935494093,
        0.0
      ],
      [
        686420.9634688977,
        3240312.322484581,
        0.0
      ],
      [
        686416.6873094441,
        3240318.736461196,
        0.0
      ],
      [
        686416.8459669405,
        3240324.9637377127,
        0.0
      ],
      [
        686538.7322905433,
        3240443.4142983006,
        0.0
      ],
      [
        686671.6651624084,
        3240571.642606458,
        0.0
      ],
      [
        686859.4354814524,
        3240753.4854818704,
        0.0
      ],
      [
        686860.8217964155,
        3240752.406005325,
        0.0
      ]
    ]
  ]
}