{
  "code": "251609700",
  "epsg": 32639,
  "bbox_utm": {
    "minx": 641866.2713633192,
    "miny": 3242658.699042943,
    "maxx": 642122.7792837253,
    "maxy": 3242915.2069633487
  },
  "polygon_utm": [
    [
      [
        641924.3420419523,
        3242836.94096506,
        0.0
      ],
      [
        641977.4969395137,
        3242878.5629747193,
        0.0
      ],
      [
        642064.7086050921,
        3242738.6317577525,
        0.0
      ],
      [
        642002.7150692277,
        3242695.343031572,
        0.0
      ],
      [
        641924.3420419523,
        3242836.94096506,
        0.0
      ]
    ]
  ]
}