{
  "code": "251698126",
  "epsg": 32639,
  "bbox_utm": {
    "minx": 691597.7013671341,
    "miny": 3235561.2258618134,
    "maxx": 691791.5372330578,
    "maxy": 3235755.0617277366
  },
  "polygon_utm": [
    [
      [
        691733.0949000961,
        3235660.476399802,
        0.0
      ],
      [
        691695.2711251202,
        3235625.302575939,
        0.0
      ],
      [
        691656.1437000958,
        3235588.9166998025,
        0.0
      ],
      [
        691671.9113190385,
        3235727.370889748,
        0.0
      ],
      [
        691733.0949000961,
        3235660.476399802,
        0.0
      ]
    ]
  ]
}