{
  "code": "251614274",
  "epsg": 32639,
  "bbox_utm": {
    "minx": 691070.0895803099,
    "miny": 3235269.6630174336,
    "maxx": 691512.6808930783,
    "maxy": 3235712.2543302025
  },
  "polygon_utm": [
    [
      [
        691435.8857000968,
        3235397.6002998035,
        0.0
      ],
      [
        691402.1545341905,
        3235359.566844263,
        0.0
      ],
      [
        691383.7818875657,
        3235335.385887148,
        0.0
      ],
      [
        691358.7855262014,
        3235332.890347829,
        0.0
      ],
      [
        691307.5388531506,
        3235402.6093936614,
        0.0
      ],
      [
        691284.2106259344,
        3235425.052247336,
        0.0
      ],
      [
        691262.9161666553,
        3235450.642992662,
        0.0
      ],
      [
        691242.6473445767,
        3235477.288841708,
        0.0
      ],
      [
        691216.1209120577,
        3235503.829672869,
        0.0
      ],
      [
        691197.0344896226,
        3235522.191977276,
        0.0
      ],
      [
        691176.7485403714,
        3235549.875379269,
        0.0
      ],
      [
        691163.9199239218,
        3235568.342621728,
        0.0
      ],
      [
        691146.8847732914,
        3235588.815114734,
        0.0
      ],
      [
        691176.7820070998,
        3235610.0747365733,
        0.0
      ],
      [
        691204.6106621249,
        3235630.2617975445,
        0.0
      ],
      [
        691220.7152000949,
        3235649.0269998065,
        0.0
      ],
      [
        691435.8857000968,
        3235397.6002998035,
        0.0
      ]
    ]
  ]
}