{
  "code": "251619396",
  "epsg": 32639,
  "bbox_utm": {
    "minx": 672704.4435633187,
    "miny": 3115576.354815034,
    "maxx": 672981.2477104365,
    "maxy": 3115853.158962152
  },
  "polygon_utm": [
    [
      [
        672744.1769039845,
        3115653.113640899,
        0.0
      ],
      [
        672743.9870129069,
        3115666.2155920435,
        0.0
      ],
      [
        672751.8589793248,
        3115668.42643727,
        0.0
      ],
      [
        672814.7155352891,
        3115730.667484107,
        0.0
      ],
      [
        672871.4016495224,
        3115782.3354303692,
        0.0
      ],
      [
        672891.0862181245,
        3115803.255169,
        0.0
      ],
      [
        672941.7042608482,
        3115767.1056577163,
        0.0
      ],
      [
        672894.5934208053,
        3115720.8211378697,
        0.0
      ],
      [
        672877.8024860399,
        3115704.324714697,
        0.0
      ],
      [
        672867.6940532704,
        3115710.9925224497,
        0.0
      ],
      [
        672808.9382620053,
        3115656.6733664433,
        0.0
      ],
      [
        672803.6168349916,
        3115660.2655322677,
        0.0
      ],
      [
        672771.9667842262,
        3115626.258608186,
        0.0
      ],
      [
        672744.1769039845,
        3115653.113640899,
        0.0
      ]
    ]
  ]
}