{
  "code": "251683669",
  "epsg": 32639,
  "bbox_utm": {
    "minx": 691563.355700095,
    "miny": 3234832.3819998023,
    "maxx": 691776.7647000977,
    "maxy": 3235045.790999805
  },
  "polygon_utm": [
    [
      [
        691701.2560208783,
        3234881.944017582,
        0.0
      ],
      [
        691655.9548758704,
        3234877.0304410965,
        0.0
      ],
      [
        691630.9836845375,
        3234872.9777465886,
        0.0
      ],
      [
        691611.1068000966,
        3234866.5493998034,
        0.0
      ],
      [
        691593.8427000954,
        3234876.6696998063,
        0.0
      ],
      [
        691633.5303000953,
        3234929.4541998026,
        0.0
      ],
      [
        691694.1350000959,
        3235011.623599804,
        0.0
      ],
      [
        691746.2777000974,
        3234973.8908998054,
        0.0
      ],
      [
        691730.3680000972,
        3234952.2744998024,
        0.0
      ],
      [
        691699.8086000968,
        3234911.396299803,
        0.0
      ],
      [
        691698.4195000972,
        3234908.6181998034,
        0.0
      ],
      [
        691708.5398000962,
        3234894.727499803,
        0.0
      ],
      [
        691717.0727000962,
        3234887.385299801,
        0.0
      ],
      [
        691726.1889000972,
        3234881.569199804,
        0.0
      ],
      [
        691701.2560208783,
        3234881.944017582,
        0.0
      ]
    ]
  ]
}