{
  "code": "251638759",
  "epsg": 32639,
  "bbox_utm": {
    "minx": 707990.529954254,
    "miny": 3240455.2384177055,
    "maxx": 708349.2175395485,
    "maxy": 3240813.926003
  },
  "polygon_utm": [
    [
      [
        708238.4485128592,
        3240544.9583388907,
        0.0
      ],
      [
        708120.2589438821,
        3240506.479501319,
        0.0
      ],
      [
        708101.2989809434,
        3240744.7798845754,
        0.0
      ],
      [
        708213.6673722452,
        3240759.2869741265,
        0.0
      ],
      [
        708229.2487632588,
        3240762.6849193866,
        0.0
      ],
      [
        708238.4485128592,
        3240544.9583388907,
        0.0
      ]
    ]
  ]
}