{
  "code": "251692366",
  "epsg": 32639,
  "bbox_utm": {
    "minx": 705504.0933332634,
    "miny": 3230798.754648956,
    "maxx": 706142.3502936182,
    "maxy": 3231437.0116093107
  },
  "polygon_utm": [
    [
      [
        705855.6003005934,
        3231320.4727960746,
        0.0
      ],
      [
        705907.3077338086,
        3231289.2144350125,
        0.0
      ],
      [
        705930.4313121696,
        3231280.2857725522,
        0.0
      ],
      [
        705953.4238356529,
        3231278.623714606,
        0.0
      ],
      [
        705968.2282647832,
        3231267.9874055316,
        0.0
      ],
      [
        705974.9569843018,
        3231242.148284743,
        0.0
      ],
      [
        705963.7349277213,
        3231198.8512257296,
        0.0
      ],
      [
        705964.8278488796,
        3231167.198911576,
        0.0
      ],
      [
        705974.2213518359,
        3231138.292341753,
        0.0
      ],
      [
        706025.6049226166,
        3231096.124503226,
        0.0
      ],
      [
        706009.0252144898,
        3231060.518460486,
        0.0
      ],
      [
        706013.7796358018,
        3231028.4126069713,
        0.0
      ],
      [
        705907.2025416215,
        3230889.934214721,
        0.0
      ],
      [
        705820.5357287792,
        3230949.6401215973,
        0.0
      ],
      [
        705709.0311354201,
        3231026.552227526,
        0.0
      ],
      [
        705620.8387042648,
        3231084.154391976,
        0.0
      ],
      [
        705686.1733497396,
        3231165.5499994652,
        0.0
      ],
      [
        705716.6716439818,
        3231210.751775948,
        0.0
      ],
      [
        705759.5866578544,
        3231276.4264187915,
        0.0
      ],
      [
        705783.9232648475,
        3231301.527466113,
        0.0
      ],
      [
        705817.3603372815,
        3231342.887982509,
        0.0
      ],
      [
        705822.2650455355,
        3231345.832043546,
        0.0
      ],
      [
        705855.6003005934,
        3231320.4727960746,
        0.0
      ]
    ]
  ]
}