{
  "code": "251780081",
  "epsg": 32639,
  "bbox_utm": {
    "minx": 627070.390411768,
    "miny": 3278310.1079837666,
    "maxx": 627362.4274594242,
    "maxy": 3278602.145031424
  },
  "polygon_utm": [
    [
      [
        627249.1450731689,
        3278532.686910517,
        0.0
      ],
      [
        627272.1636715377,
        3278472.4824479176,
        0.0
      ],
      [
        627230.721854222,
        3278398.4195582457,
        0.0
      ],
      [
        627213.1712438819,
        3278361.2172307293,
        0.0
      ],
      [
        627205.4861474757,
        3278351.827562004,
        0.0
      ],
      [
        627160.6541996546,
        3278411.7854994675,
        0.0
      ],
      [
        627173.0584490038,
        3278463.0896020546,
        0.0
      ],
      [
        627193.393662961,
        3278502.080229164,
        0.0
      ],
      [
        627234.2863842832,
        3278560.425453187,
        0.0
      ],
      [
        627249.1450731689,
        3278532.686910517,
        0.0
      ]
    ]
  ]
}