{
  "code": "251794459",
  "epsg": 32639,
  "bbox_utm": {
    "minx": 617826.1327376205,
    "miny": 3292839.1512953574,
    "maxx": 618144.6543931107,
    "maxy": 3293157.672950847
  },
  "polygon_utm": [
    [
      [
        618045.7619328517,
        3293075.3542681327,
        0.0
      ],
      [
        618076.5877717878,
        3293005.489116008,
        0.0
      ],
      [
        618049.8458589088,
        3292983.5293267015,
        0.0
      ],
      [
        618084.0571139609,
        3292887.8934704596,
        0.0
      ],
      [
        618070.6041202019,
        3292884.6543889986,
        0.0
      ],
      [
        618041.5251080021,
        3292887.4434426813,
        0.0
      ],
      [
        617991.6660590587,
        3292893.1095278068,
        0.0
      ],
      [
        617886.7300167702,
        3293005.545996518,
        0.0
      ],
      [
        618013.2111230426,
        3293112.169857206,
        0.0
      ],
      [
        618045.7619328517,
        3293075.3542681327,
        0.0
      ]
    ]
  ]
}