{
  "code": "251793654",
  "epsg": 32639,
  "bbox_utm": {
    "minx": 690409.3912823135,
    "miny": 3244926.1981606577,
    "maxx": 690992.4059918413,
    "maxy": 3245509.2128701853
  },
  "polygon_utm": [
    [
      [
        690717.5625000931,
        3245270.1368998056,
        0.0
      ],
      [
        690738.5953000938,
        3245316.1112998044,
        0.0
      ],
      [
        690761.675600093,
        3245369.1586997956,
        0.0
      ],
      [
        690785.4172183021,
        3245425.9250545385,
        0.0
      ],
      [
        690809.58287901,
        3245415.418955042,
        0.0
      ],
      [
        690807.4638000928,
        3245410.1074998025,
        0.0
      ],
      [
        690738.9676000939,
        3245256.363199805,
        0.0
      ],
      [
        690692.6209000937,
        3245166.275799806,
        0.0
      ],
      [
        690675.6830000936,
        3245134.4473998053,
        0.0
      ],
      [
        690620.5882000925,
        3245023.885499805,
        0.0
      ],
      [
        690613.511507094,
        3245009.4859763044,
        0.0
      ],
      [
        690592.2143951448,
        3245022.0642587603,
        0.0
      ],
      [
        690605.5116000931,
        3245047.896399808,
        0.0
      ],
      [
        690643.4823000928,
        3245129.980199804,
        0.0
      ],
      [
        690688.8979799789,
        3245217.1878255783,
        0.0
      ],
      [
        690717.5625000931,
        3245270.1368998056,
        0.0
      ]
    ]
  ]
}