{
  "code": "251743064",
  "epsg": 32639,
  "bbox_utm": {
    "minx": 614800.5882292503,
    "miny": 3265954.5859846426,
    "maxx": 614964.4772924267,
    "maxy": 3266118.4750478184
  },
  "polygon_utm": [
    [
      [
        614824.0009525612,
        3266013.6428956497,
        0.0
      ],
      [
        614832.763897736,
        3266072.1921198615,
        0.0
      ],
      [
        614833.753660047,
        3266077.116965493,
        0.0
      ],
      [
        614888.8047122727,
        3266083.6275746524,
        0.0
      ],
      [
        614894.7559286548,
        3266060.925149861,
        0.0
      ],
      [
        614924.6303736246,
        3266063.299178375,
        0.0
      ],
      [
        614941.0645691158,
        3266032.4261338394,
        0.0
      ],
      [
        614927.3235164038,
        3266028.664560202,
        0.0
      ],
      [
        614923.3528623262,
        3266035.608223363,
        0.0
      ],
      [
        614907.8131751094,
        3266029.758949869,
        0.0
      ],
      [
        614916.4722258903,
        3265996.478434644,
        0.0
      ],
      [
        614895.7358597347,
        3265990.3174920296,
        0.0
      ],
      [
        614870.5168210045,
        3265990.3190532713,
        0.0
      ],
      [
        614834.3872514185,
        3265989.433457809,
        0.0
      ],
      [
        614824.0009525612,
        3266013.6428956497,
        0.0
      ]
    ]
  ]
}