{
  "code": "251757111",
  "epsg": 32639,
  "bbox_utm": {
    "minx": 611993.34852188,
    "miny": 3287013.7873982256,
    "maxx": 612182.6227281023,
    "maxy": 3287203.0616044477
  },
  "polygon_utm": [
    [
      [
        612030.208189324,
        3287064.750407201,
        0.0
      ],
      [
        612106.9420749776,
        3287176.0224321303,
        0.0
      ],
      [
        612145.7630606582,
        3287134.5859655477,
        0.0
      ],
      [
        612109.7529384503,
        3287102.726340603,
        0.0
      ],
      [
        612069.3153295383,
        3287046.552905588,
        0.0
      ],
      [
        612064.7017405869,
        3287040.826570543,
        0.0
      ],
      [
        612030.208189324,
        3287064.750407201,
        0.0
      ]
    ]
  ]
}