{
  "code": "251792574",
  "epsg": 32639,
  "bbox_utm": {
    "minx": 617712.3038662671,
    "miny": 3292927.011605735,
    "maxx": 617948.5782279723,
    "maxy": 3293163.2859674403
  },
  "polygon_utm": [
    [
      [
        617880.9536886275,
        3293012.194446146,
        0.0
      ],
      [
        617849.3353362763,
        3292960.7650859784,
        0.0
      ],
      [
        617820.0658756214,
        3292981.616705804,
        0.0
      ],
      [
        617788.098498147,
        3292963.215159844,
        0.0
      ],
      [
        617817.992159462,
        3293030.6256100447,
        0.0
      ],
      [
        617779.928405612,
        3293098.3503840314,
        0.0
      ],
      [
        617797.3017536809,
        3293123.30702235,
        0.0
      ],
      [
        617800.3483999672,
        3293129.5324871964,
        0.0
      ],
      [
        617880.9536886275,
        3293012.194446146,
        0.0
      ]
    ]
  ]
}