{
  "code": "251794699",
  "epsg": 32639,
  "bbox_utm": {
    "minx": 617841.4006837638,
    "miny": 3293102.3674867493,
    "maxx": 618096.6310103439,
    "maxy": 3293357.597813329
  },
  "polygon_utm": [
    [
      [
        618042.8027397522,
        3293158.9326466597,
        0.0
      ],
      [
        617996.3298032547,
        3293138.828961975,
        0.0
      ],
      [
        617980.3876758895,
        3293174.7878752523,
        0.0
      ],
      [
        617895.2289543555,
        3293281.2372590066,
        0.0
      ],
      [
        617944.7043206323,
        3293311.6940375636,
        0.0
      ],
      [
        617959.1286750751,
        3293321.1363381036,
        0.0
      ],
      [
        618042.8027397522,
        3293158.9326466597,
        0.0
      ]
    ]
  ]
}