{
  "code": "251700386",
  "epsg": 32639,
  "bbox_utm": {
    "minx": 692267.682980097,
    "miny": 3235764.079829795,
    "maxx": 693085.6877201017,
    "maxy": 3236582.0845697992
  },
  "polygon_utm": [
    [
      [
        692859.6137034366,
        3236428.769985509,
        0.0
      ],
      [
        692901.7109401014,
        3236442.6365197957,
        0.0
      ],
      [
        692937.549363975,
        3236451.364144195,
        0.0
      ],
      [
        692968.8299001011,
        3236458.9817997953,
        0.0
      ],
      [
        692967.7595000996,
        3236455.628499796,
        0.0
      ],
      [
        692914.1410000992,
        3236399.9999997965,
        0.0
      ],
      [
        692804.1179000984,
        3236285.8524997965,
        0.0
      ],
      [
        692647.3834000987,
        3236124.521099797,
        0.0
      ],
      [
        692546.7490000987,
        3236014.331499798,
        0.0
      ],
      [
        692459.735800098,
        3235913.9002997996,
        0.0
      ],
      [
        692433.671800098,
        3235887.1825997992,
        0.0
      ],
      [
        692384.5408000977,
        3235938.7478997996,
        0.0
      ],
      [
        692422.810900098,
        3235978.4932998,
        0.0
      ],
      [
        692477.6326000995,
        3236037.3896997985,
        0.0
      ],
      [
        692527.0834000988,
        3236090.9149997993,
        0.0
      ],
      [
        692556.531500099,
        3236123.1412998005,
        0.0
      ],
      [
        692585.7945000981,
        3236153.3303997973,
        0.0
      ],
      [
        692632.0967000993,
        3236201.854999798,
        0.0
      ],
      [
        692683.2143000995,
        3236256.1211997964,
        0.0
      ],
      [
        692735.4431000998,
        3236310.3872997966,
        0.0
      ],
      [
        692816.0790000998,
        3236399.999999797,
        0.0
      ],
      [
        692826.1635000996,
        3236411.2070997963,
        0.0
      ],
      [
        692828.1997203582,
        3236414.7016128846,
        0.0
      ],
      [
        692842.6928326793,
        3236421.5727085853,
        0.0
      ],
      [
        692854.9740000996,
        3236427.241699794,
        0.0
      ],
      [
        692859.6137034366,
        3236428.769985509,
        0.0
      ]
    ]
  ]
}