{
  "code": "251780054",
  "epsg": 32639,
  "bbox_utm": {
    "minx": 627235.7110084202,
    "miny": 3278652.1840207395,
    "maxx": 627514.6883571122,
    "maxy": 3278931.1613694313
  },
  "polygon_utm": [
    [
      [
        627361.9796075168,
        3278842.492290415,
        0.0
      ],
      [
        627411.4762849838,
        3278829.1012635524,
        0.0
      ],
      [
        627448.7552802556,
        3278793.866544805,
        0.0
      ],
      [
        627449.2981184631,
        3278791.8055636156,
        0.0
      ],
      [
        627474.8344501562,
        3278784.3439529664,
        0.0
      ],
      [
        627469.8817019664,
        3278763.0993424896,
        0.0
      ],
      [
        627450.7948104343,
        3278751.5130786346,
        0.0
      ],
      [
        627424.2079761596,
        3278759.996411994,
        0.0
      ],
      [
        627382.25773397,
        3278749.184119921,
        0.0
      ],
      [
        627320.6775424753,
        3278728.8469158653,
        0.0
      ],
      [
        627295.2760867351,
        3278724.424279693,
        0.0
      ],
      [
        627301.763784565,
        3278747.753443285,
        0.0
      ],
      [
        627296.3063448429,
        3278770.946986345,
        0.0
      ],
      [
        627275.5649153762,
        3278813.6049183183,
        0.0
      ],
      [
        627277.0526022527,
        3278819.823230622,
        0.0
      ],
      [
        627321.9134549053,
        3278848.7555848197,
        0.0
      ],
      [
        627352.4435674415,
        3278858.921110478,
        0.0
      ],
      [
        627361.9796075168,
        3278842.492290415,
        0.0
      ]
    ]
  ]
}