{
  "code": "251780070",
  "epsg": 32639,
  "bbox_utm": {
    "minx": 627169.1549348267,
    "miny": 3278428.382885846,
    "maxx": 627391.260120659,
    "maxy": 3278650.4880716777
  },
  "polygon_utm": [
    [
      [
        627285.4511034378,
        3278583.2282086164,
        0.0
      ],
      [
        627292.11150979,
        3278545.5775824105,
        0.0
      ],
      [
        627312.2402489695,
        3278511.1804875378,
        0.0
      ],
      [
        627333.7512329875,
        3278492.3030419494,
        0.0
      ],
      [
        627337.0316724159,
        3278477.8698497014,
        0.0
      ],
      [
        627321.6266436934,
        3278462.1909305635,
        0.0
      ],
      [
        627320.6113705494,
        3278460.1121981074,
        0.0
      ],
      [
        627280.3797194952,
        3278480.844492778,
        0.0
      ],
      [
        627272.9209801987,
        3278497.2974863276,
        0.0
      ],
      [
        627249.1450731689,
        3278532.686910517,
        0.0
      ],
      [
        627234.2863842832,
        3278560.425453187,
        0.0
      ],
      [
        627223.3833830698,
        3278605.779863507,
        0.0
      ],
      [
        627242.464884507,
        3278617.8825953505,
        0.0
      ],
      [
        627274.1399540448,
        3278618.758759416,
        0.0
      ],
      [
        627285.4511034378,
        3278583.2282086164,
        0.0
      ]
    ]
  ]
}