{
  "code": "251749644",
  "epsg": 32639,
  "bbox_utm": {
    "minx": 683555.6518400765,
    "miny": 3252825.2835826166,
    "maxx": 684103.5093600738,
    "maxy": 3253373.141102614
  },
  "polygon_utm": [
    [
      [
        683852.5395000752,
        3253036.035299833,
        0.0
      ],
      [
        683822.5103000761,
        3253058.371099834,
        0.0
      ],
      [
        683797.9410000755,
        3253074.750599835,
        0.0
      ],
      [
        683772.8754000765,
        3253091.130099835,
        0.0
      ],
      [
        683748.3061000755,
        3253107.509699837,
        0.0
      ],
      [
        683717.2842000767,
        3253125.3782998356,
        0.0
      ],
      [
        683674.3500000751,
        3253148.954899836,
        0.0
      ],
      [
        683639.3573000766,
        3253171.786899836,
        0.0
      ],
      [
        683633.9172000762,
        3253174.6058998327,
        0.0
      ],
      [
        683675.1383964012,
        3253256.943394997,
        0.0
      ],
      [
        683679.6179000759,
        3253254.732499834,
        0.0
      ],
      [
        683693.9500000763,
        3253247.6594998348,
        0.0
      ],
      [
        683725.7785000759,
        3253234.0718998364,
        0.0
      ],
      [
        683746.6251000757,
        3253223.6485998346,
        0.0
      ],
      [
        683767.0996000773,
        3253212.1084998357,
        0.0
      ],
      [
        683780.5010000758,
        3253203.174199836,
        0.0
      ],
      [
        683799.114100076,
        3253191.261799834,
        0.0
      ],
      [
        683808.9789000766,
        3253184.535799835,
        0.0
      ],
      [
        683815.4936000747,
        3253180.093899835,
        0.0
      ],
      [
        683832.4316000759,
        3253171.159599835,
        0.0
      ],
      [
        683851.6031000769,
        3253160.9223998343,
        0.0
      ],
      [
        683853.3729000755,
        3253159.826799834,
        0.0
      ],
      [
        683863.3293000765,
        3253153.6632998334,
        0.0
      ],
      [
        683876.7308000759,
        3253146.0318998396,
        0.0
      ],
      [
        683896.8329000757,
        3253130.955299835,
        0.0
      ],
      [
        683915.8183000769,
        3253114.9479998355,
        0.0
      ],
      [
        683946.9022000761,
        3253094.101299834,
        0.0
      ],
      [
        683949.2397000758,
        3253092.5336998347,
        0.0
      ],
      [
        683952.6839000762,
        3253096.834599832,
        0.0
      ],
      [
        683959.3846000774,
        3253103.038899833,
        0.0
      ],
      [
        683962.8758000744,
        3253107.6409998345,
        0.0
      ],
      [
        684025.2440000741,
        3253068.9148998307,
        0.0
      ],
      [
        683997.0126000765,
        3252965.3689998304,
        0.0
      ],
      [
        683978.1498000768,
        3252963.660399833,
        0.0
      ],
      [
        683964.8515106768,
        3252941.4812902333,
        0.0
      ],
      [
        683978.0309482876,
        3252963.7165088397,
        0.0
      ],
      [
        683950.8167000769,
        3252973.247099835,
        0.0
      ],
      [
        683925.2547000772,
        3252985.159499832,
        0.0
      ],
      [
        683909.0616000762,
        3252995.1244998346,
        0.0
      ],
      [
        683905.8971000763,
        3252997.0718998355,
        0.0
      ],
      [
        683876.6694524447,
        3253015.956965307,
        0.0
      ],
      [
        683876.4391096564,
        3253015.6728374,
        0.0
      ],
      [
        683852.5395000752,
        3253036.035299833,
        0.0
      ]
    ]
  ]
}