{
  "code": "251734125",
  "epsg": 32639,
  "bbox_utm": {
    "minx": 693643.8211744619,
    "miny": 3233751.12459961,
    "maxx": 695315.5484580025,
    "maxy": 3235422.85188315
  },
  "polygon_utm": [
    [
      [
        694003.2131001042,
        3234069.398299791,
        0.0
      ],
      [
        694006.587300104,
        3234076.9610997923,
        0.0
      ],
      [
        694016.1280001025,
        3234097.0896997927,
        0.0
      ],
      [
        694020.5493001025,
        3234105.9322997914,
        0.0
      ],
      [
        694028.2284001029,
        3234121.9885997935,
        0.0
      ],
      [
        694036.1403001036,
        3234141.1863997905,
        0.0
      ],
      [
        694040.4452001045,
        3234151.07619979,
        0.0
      ],
      [
        694045.5646001035,
        3234161.8967997935,
        0.0
      ],
      [
        694052.6620001022,
        3234174.4625997916,
        0.0
      ],
      [
        694063.3662001038,
        3234190.7515997905,
        0.0
      ],
      [
        694075.3503001024,
        3234206.34259979,
        0.0
      ],
      [
        694096.177000104,
        3234234.964699789,
        0.0
      ],
      [
        694110.8371001041,
        3234253.580799792,
        0.0
      ],
      [
        694136.4342001026,
        3234286.5078997915,
        0.0
      ],
      [
        694159.8206001045,
        3234317.6897997865,
        0.0
      ],
      [
        694169.8267001034,
        3234332.2334997896,
        0.0
      ],
      [
        694197.6344001055,
        3234368.883899789,
        0.0
      ],
      [
        694224.1623001038,
        3234404.25429979,
        0.0
      ],
      [
        694238.3570001049,
        3234422.753999791,
        0.0
      ],
      [
        694250.1084001041,
        3234438.4612997905,
        0.0
      ],
      [
        694262.9069001039,
        3234455.797499791,
        0.0
      ],
      [
        694284.5480001054,
        3234486.97939979,
        0.0
      ],
      [
        694296.9975001032,
        3234504.4318997893,
        0.0
      ],
      [
        694315.9626001037,
        3234530.37799979,
        0.0
      ],
      [
        694330.1573001035,
        3234549.5757997893,
        0.0
      ],
      [
        694350.2859001027,
        3234575.40549979,
        0.0
      ],
      [
        694364.7133001032,
        3234594.137899791,
        0.0
      ],
      [
        694380.5370001035,
        3234613.8010997893,
        0.0
      ],
      [
        694395.5462001036,
        3234632.5334997904,
        0.0
      ],
      [
        694417.7691001056,
        3234661.388399788,
        0.0
      ],
      [
        694444.0642001042,
        3234694.7808997896,
        0.0
      ],
      [
        694458.0262001047,
        3234711.7679997864,
        0.0
      ],
      [
        694474.1989001057,
        3234732.594699788,
        0.0
      ],
      [
        694487.5792001039,
        3234749.698199788,
        0.0
      ],
      [
        694507.0097001046,
        3234774.7134997896,
        0.0
      ],
      [
        694520.1573001058,
        3234791.8169997865,
        0.0
      ],
      [
        694538.3079001046,
        3234813.8071997897,
        0.0
      ],
      [
        694552.386300104,
        3234833.12129979,
        0.0
      ],
      [
        694570.5369001045,
        3234856.6240997887,
        0.0
      ],
      [
        694587.0587001052,
        3234877.1016997886,
        0.0
      ],
      [
        694608.583500104,
        3234905.1420997893,
        0.0
      ],
      [
        694628.7120001045,
        3234930.5064997883,
        0.0
      ],
      [
        694644.4193001048,
        3234950.5186997885,
        0.0
      ],
      [
        694657.1015001046,
        3234967.0404997887,
        0.0
      ],
      [
        694670.365400105,
        3234983.3294997895,
        0.0
      ],
      [
        694689.3305001046,
        3235007.064899787,
        0.0
      ],
      [
        694707.4812001049,
        3235029.404199788,
        0.0
      ],
      [
        694718.9998001045,
        3235044.6460997867,
        0.0
      ],
      [
        694736.3360001044,
        3235065.9381997865,
        0.0
      ],
      [
        694752.9741001052,
        3235085.9503997867,
        0.0
      ],
      [
        694771.3574001056,
        3235108.5223997883,
        0.0
      ],
      [
        694786.3666001061,
        3235127.3710997864,
        0.0
      ],
      [
        694808.8222001051,
        3235155.6441997886,
        0.0
      ],
      [
        694832.3250001064,
        3235184.033699787,
        0.0
      ],
      [
        694907.0029143067,
        3235145.074632985,
        0.0
      ],
      [
        694960.3917992695,
        3235106.536165833,
        0.0
      ],
      [
        694939.1509153659,
        3235082.688522423,
        0.0
      ],
      [
        694912.0922771873,
        3235048.2317796745,
        0.0
      ],
      [
        694803.5642751715,
        3234912.2160509955,
        0.0
      ],
      [
        694787.760895971,
        3234890.6670158515,
        0.0
      ],
      [
        694717.7493375872,
        3234805.3926446643,
        0.0
      ],
      [
        694464.0604815597,
        3234478.2380458675,
        0.0
      ],
      [
        694399.7276914777,
        3234396.173994338,
        0.0
      ],
      [
        694306.8951988681,
        3234272.102083328,
        0.0
      ],
      [
        694229.9899102323,
        3234162.314888733,
        0.0
      ],
      [
        694142.0864073749,
        3234054.9352360372,
        0.0
      ],
      [
        694105.2723546196,
        3234010.969025287,
        0.0
      ],
      [
        694089.7183005321,
        3233989.9427829725,
        0.0
      ],
      [
        693998.9778331948,
        3234067.334962986,
        0.0
      ],
      [
        694003.2131001042,
        3234069.398299791,
        0.0
      ]
    ]
  ]
}