{
  "code": "251796859",
  "epsg": 32639,
  "bbox_utm": {
    "minx": 701991.919632981,
    "miny": 3240031.49361569,
    "maxx": 702138.8941644718,
    "maxy": 3240178.4681471814
  },
  "polygon_utm": [
    [
      [
        702015.0711903551,
        3240119.66510569,
        0.0
      ],
      [
        702020.7009131997,
        3240132.994324031,
        0.0
      ],
      [
        702047.9645820514,
        3240124.658894708,
        0.0
      ],
      [
        702078.8589145825,
        3240117.425589629,
        0.0
      ],
      [
        702113.4207596887,
        3240109.2199113453,
        0.0
      ],
      [
        702117.8978028302,
        3240106.705454881,
        0.0
      ],
      [
        702112.449164314,
        3240090.525983168,
        0.0
      ],
      [
        702108.5183301569,
        3240076.9674388403,
        0.0
      ],
      [
        702012.9159946225,
        3240112.5582576646,
        0.0
      ],
      [
        702015.0711903551,
        3240119.66510569,
        0.0
      ]
    ]
  ]
}