{
  "code": "251749639",
  "epsg": 32639,
  "bbox_utm": {
    "minx": 642073.9533696644,
    "miny": 3282277.8925721026,
    "maxx": 643144.7120505694,
    "maxy": 3283348.651253008
  },
  "polygon_utm": [
    [
      [
        642575.0715509469,
        3283144.387948411,
        0.0
      ],
      [
        642610.4807907097,
        3283136.5727104214,
        0.0
      ],
      [
        642584.995493467,
        3283099.050612015,
        0.0
      ],
      [
        642611.3885676662,
        3283065.2887980156,
        0.0
      ],
      [
        642643.1961165047,
        3283095.6587208197,
        0.0
      ],
      [
        642672.6254919354,
        3283068.13533206,
        0.0
      ],
      [
        642762.8290257782,
        3283161.245681937,
        0.0
      ],
      [
        642776.1058791233,
        3283097.352450991,
        0.0
      ],
      [
        642683.4566231807,
        3283033.142053184,
        0.0
      ],
      [
        642744.6693061042,
        3282956.426258224,
        0.0
      ],
      [
        642794.8513140001,
        3283011.829797735,
        0.0
      ],
      [
        642808.2997438661,
        3282934.505241347,
        0.0
      ],
      [
        642736.7328394575,
        3282845.7634259555,
        0.0
      ],
      [
        642715.6245751862,
        3282790.729837587,
        0.0
      ],
      [
        642732.8707268559,
        3282741.3512597894,
        0.0
      ],
      [
        642756.3473916503,
        3282692.0518942163,
        0.0
      ],
      [
        642788.1577948673,
        3282640.7919668728,
        0.0
      ],
      [
        642839.7508774861,
        3282585.650880648,
        0.0
      ],
      [
        642854.4598505495,
        3282572.405351243,
        0.0
      ],
      [
        642819.9444293294,
        3282509.965994029,
        0.0
      ],
      [
        642774.2241905484,
        3282430.8580979463,
        0.0
      ],
      [
        642737.4244073266,
        3282465.5144937127,
        0.0
      ],
      [
        642690.7338321446,
        3282543.452132899,
        0.0
      ],
      [
        642658.8841596962,
        3282597.812208026,
        0.0
      ],
      [
        642639.7981830199,
        3282628.568505542,
        0.0
      ],
      [
        642614.9028776299,
        3282626.1848684913,
        0.0
      ],
      [
        642578.4141853482,
        3282637.086738207,
        0.0
      ],
      [
        642545.6978546368,
        3282678.0026317453,
        0.0
      ],
      [
        642451.6509467757,
        3282723.3047534917,
        0.0
      ],
      [
        642413.703986835,
        3282767.254039329,
        0.0
      ],
      [
        642377.7684196145,
        3282816.395296085,
        0.0
      ],
      [
        642394.8560999655,
        3282861.044021336,
        0.0
      ],
      [
        642389.9407532553,
        3282920.912089591,
        0.0
      ],
      [
        642364.2055696843,
        3282984.648265502,
        0.0
      ],
      [
        642515.0183010426,
        3283048.5629132963,
        0.0
      ],
      [
        642472.5112407648,
        3283124.48390417,
        0.0
      ],
      [
        642488.8620048243,
        3283145.3572150194,
        0.0
      ],
      [
        642546.3785063582,
        3283195.685727164,
        0.0
      ],
      [
        642575.0715509469,
        3283144.387948411,
        0.0
      ]
    ]
  ]
}