{
  "code": "251803896",
  "epsg": 32639,
  "bbox_utm": {
    "minx": 642850.4469401015,
    "miny": 3283203.740040451,
    "maxx": 643074.0175799055,
    "maxy": 3283427.3106802558
  },
  "polygon_utm": [
    [
      [
        642981.2561375538,
        3283338.136108679,
        0.0
      ],
      [
        642981.2693287763,
        3283337.1030287724,
        0.0
      ],
      [
        643030.5999877072,
        3283275.996258454,
        0.0
      ],
      [
        642988.5358412988,
        3283235.6787032806,
        0.0
      ],
      [
        642967.2912595432,
        3283262.659587257,
        0.0
      ],
      [
        642937.6477458177,
        3283296.765992447,
        0.0
      ],
      [
        642916.5710993698,
        3283320.778363317,
        0.0
      ],
      [
        642898.6227318033,
        3283343.797390856,
        0.0
      ],
      [
        642893.8645322998,
        3283350.452775396,
        0.0
      ],
      [
        642906.0872293883,
        3283369.207182456,
        0.0
      ],
      [
        642919.8410100035,
        3283390.0476030265,
        0.0
      ],
      [
        642932.235048464,
        3283395.3720174264,
        0.0
      ],
      [
        642981.2561375538,
        3283338.136108679,
        0.0
      ]
    ]
  ]
}