{
  "code": "251821641",
  "epsg": 32639,
  "bbox_utm": {
    "minx": 616467.8044234839,
    "miny": 3293806.0598507375,
    "maxx": 616662.5068382678,
    "maxy": 3294000.762265522
  },
  "polygon_utm": [
    [
      [
        616630.714206001,
        3293914.0834621303,
        0.0
      ],
      [
        616588.0991534665,
        3293872.3523307904,
        0.0
      ],
      [
        616560.4918981087,
        3293833.8744814214,
        0.0
      ],
      [
        616554.7383652898,
        3293838.4590124716,
        0.0
      ],
      [
        616551.5834107068,
        3293842.554624724,
        0.0
      ],
      [
        616516.3173042728,
        3293891.7290060306,
        0.0
      ],
      [
        616499.5970557505,
        3293903.423958259,
        0.0
      ],
      [
        616584.4542272793,
        3293972.9476348385,
        0.0
      ],
      [
        616630.714206001,
        3293914.0834621303,
        0.0
      ]
    ]
  ]
}