{
  "code": "251839536",
  "epsg": 32639,
  "bbox_utm": {
    "minx": 626546.3579124726,
    "miny": 3279212.6330323564,
    "maxx": 627060.5543204438,
    "maxy": 3279726.8294403283
  },
  "polygon_utm": [
    [
      [
        626809.3382856239,
        3279346.284357085,
        0.0
      ],
      [
        626787.164425318,
        3279378.072727279,
        0.0
      ],
      [
        626782.5074336629,
        3279422.461256359,
        0.0
      ],
      [
        626742.4900275536,
        3279470.5839138515,
        0.0
      ],
      [
        626742.1629780746,
        3279499.518439548,
        0.0
      ],
      [
        626712.4972898662,
        3279550.8583705956,
        0.0
      ],
      [
        626705.74002679,
        3279597.289494473,
        0.0
      ],
      [
        626730.0363626617,
        3279653.3728106176,
        0.0
      ],
      [
        626756.8663731079,
        3279577.197380038,
        0.0
      ],
      [
        626817.1668177592,
        3279480.729819913,
        0.0
      ],
      [
        626865.9963946032,
        3279388.265989942,
        0.0
      ],
      [
        626886.4673480563,
        3279323.385821233,
        0.0
      ],
      [
        626891.8243207783,
        3279308.9771003677,
        0.0
      ],
      [
        626901.1722061263,
        3279309.0828820122,
        0.0
      ],
      [
        626878.5790501196,
        3279286.0896620667,
        0.0
      ],
      [
        626809.3382856239,
        3279346.284357085,
        0.0
      ]
    ]
  ]
}