{
  "code": "251839509",
  "epsg": 32639,
  "bbox_utm": {
    "minx": 626766.3167168453,
    "miny": 3279252.5253378605,
    "maxx": 627111.1808804775,
    "maxy": 3279597.389501493
  },
  "polygon_utm": [
    [
      [
        626947.473625639,
        3279531.812651087,
        0.0
      ],
      [
        626947.6608157299,
        3279515.278682008,
        0.0
      ],
      [
        626947.4411238284,
        3279442.930524671,
        0.0
      ],
      [
        626949.5652043885,
        3279438.820519746,
        0.0
      ],
      [
        626949.7757912308,
        3279420.21965,
        0.0
      ],
      [
        626968.0411786777,
        3279366.6835441412,
        0.0
      ],
      [
        626971.5666603424,
        3279330.550207009,
        0.0
      ],
      [
        626987.4741096428,
        3279301.791646951,
        0.0
      ],
      [
        626971.8123801185,
        3279308.848980415,
        0.0
      ],
      [
        626922.9137607729,
        3279315.5300896624,
        0.0
      ],
      [
        626902.8285069492,
        3279346.308458557,
        0.0
      ],
      [
        626896.9686812531,
        3279405.152713068,
        0.0
      ],
      [
        626890.0234876799,
        3279468.118421293,
        0.0
      ],
      [
        626906.17389569,
        3279509.6415321073,
        0.0
      ],
      [
        626927.5524288428,
        3279548.1231924025,
        0.0
      ],
      [
        626947.473625639,
        3279531.812651087,
        0.0
      ]
    ]
  ]
}