{
  "code": "251839525",
  "epsg": 32639,
  "bbox_utm": {
    "minx": 626672.5286350846,
    "miny": 3279540.379111874,
    "maxx": 626867.9491797073,
    "maxy": 3279735.7996564964
  },
  "polygon_utm": [
    [
      [
        626756.5860049912,
        3279601.9981742594,
        0.0
      ],
      [
        626740.4108969315,
        3279654.523568075,
        0.0
      ],
      [
        626736.8161333943,
        3279696.8560468527,
        0.0
      ],
      [
        626735.6840724674,
        3279705.1111564855,
        0.0
      ],
      [
        626797.9777069057,
        3279707.8824358364,
        0.0
      ],
      [
        626804.7937423246,
        3279656.285004761,
        0.0
      ],
      [
        626788.5380368701,
        3279624.0628590994,
        0.0
      ],
      [
        626792.2849148923,
        3279568.2963325344,
        0.0
      ],
      [
        626756.5860049912,
        3279601.9981742594,
        0.0
      ]
    ]
  ]
}