{
  "code": "251856771",
  "epsg": 32639,
  "bbox_utm": {
    "minx": 640522.7582515164,
    "miny": 3281531.221969716,
    "maxx": 641964.9964034425,
    "maxy": 3282973.4601216414
  },
  "polygon_utm": [
    [
      [
        641292.5487000197,
        3282767.426099938,
        0.0
      ],
      [
        641299.58792594,
        3282747.4598114016,
        0.0
      ],
      [
        641312.0159555309,
        3282750.199840292,
        0.0
      ],
      [
        641322.8039168483,
        3282718.303859734,
        0.0
      ],
      [
        641319.3911655657,
        3282700.694770757,
        0.0
      ],
      [
        641306.456921504,
        3282696.915041759,
        0.0
      ],
      [
        641304.5886890386,
        3282680.358710649,
        0.0
      ],
      [
        641293.7919731294,
        3282630.6240780363,
        0.0
      ],
      [
        641290.9937649411,
        3282523.1247809893,
        0.0
      ],
      [
        641301.2887125019,
        3282489.155280041,
        0.0
      ],
      [
        641316.2174680084,
        3282458.344098683,
        0.0
      ],
      [
        641345.6928936566,
        3282385.8667953704,
        0.0
      ],
      [
        641362.8551995456,
        3282342.683615602,
        0.0
      ],
      [
        641361.2672813504,
        3282303.9136558855,
        0.0
      ],
      [
        641359.8227599342,
        3282253.778666638,
        0.0
      ],
      [
        641378.8558909487,
        3282185.818373793,
        0.0
      ],
      [
        641391.1304447909,
        3282159.6229904545,
        0.0
      ],
      [
        641398.5951352931,
        3282144.2170020756,
        0.0
      ],
      [
        641412.831744469,
        3282086.0124026896,
        0.0
      ],
      [
        641433.8379899956,
        3282026.34293705,
        0.0
      ],
      [
        641444.2576783891,
        3281982.556653369,
        0.0
      ],
      [
        641445.6026817544,
        3281958.2895829906,
        0.0
      ],
      [
        641453.498057743,
        3281908.787637147,
        0.0
      ],
      [
        641459.3035115979,
        3281860.292462377,
        0.0
      ],
      [
        641462.2962772234,
        3281849.4798172484,
        0.0
      ],
      [
        641441.9397870785,
        3281837.080645622,
        0.0
      ],
      [
        641404.8841471354,
        3281810.520128312,
        0.0
      ],
      [
        641383.8171218346,
        3281792.6868181885,
        0.0
      ],
      [
        641364.8052025393,
        3281817.764694419,
        0.0
      ],
      [
        641359.6389187948,
        3281815.632755174,
        0.0
      ],
      [
        641336.312415402,
        3281812.2383355396,
        0.0
      ],
      [
        641296.9742839979,
        3281801.925066121,
        0.0
      ],
      [
        641264.6141387263,
        3281773.615760188,
        0.0
      ],
      [
        641228.5084582092,
        3281754.0430275872,
        0.0
      ],
      [
        641195.8745708918,
        3281747.431428471,
        0.0
      ],
      [
        641167.4401234598,
        3281737.2559914193,
        0.0
      ],
      [
        641164.7658215617,
        3281743.4225961254,
        0.0
      ],
      [
        641145.5316416493,
        3281827.4006641316,
        0.0
      ],
      [
        641029.0419833292,
        3281799.0659631365,
        0.0
      ],
      [
        641025.4583777353,
        3281836.2223677468,
        0.0
      ],
      [
        641068.9634668714,
        3281845.5537387924,
        0.0
      ],
      [
        641064.6079569208,
        3281861.516169136,
        0.0
      ],
      [
        641039.7172893388,
        3281858.6193713965,
        0.0
      ],
      [
        641040.4500944018,
        3281882.91280534,
        0.0
      ],
      [
        641051.8135722547,
        3281929.0407154737,
        0.0
      ],
      [
        641065.4413416116,
        3282001.547646316,
        0.0
      ],
      [
        641078.1345531152,
        3282065.7755508064,
        0.0
      ],
      [
        641089.4846412853,
        3282112.935956748,
        0.0
      ],
      [
        641148.7279574776,
        3282109.5488444893,
        0.0
      ],
      [
        641144.709392582,
        3282139.9819803447,
        0.0
      ],
      [
        641161.7720569177,
        3282145.8803774966,
        0.0
      ],
      [
        641158.8309580586,
        3282173.226958697,
        0.0
      ],
      [
        641126.2047812577,
        3282166.099156323,
        0.0
      ],
      [
        641089.8074017724,
        3282169.77406298,
        0.0
      ],
      [
        641081.8109317012,
        3282186.2068387102,
        0.0
      ],
      [
        641068.5052160153,
        3282211.8727957136,
        0.0
      ],
      [
        641066.1681389319,
        3282232.5101393135,
        0.0
      ],
      [
        641056.9056433191,
        3282267.010263007,
        0.0
      ],
      [
        641046.0335261506,
        3282305.62334293,
        0.0
      ],
      [
        641096.9995977859,
        3282340.8817311055,
        0.0
      ],
      [
        641085.290678921,
        3282363.4674445195,
        0.0
      ],
      [
        641079.1304477535,
        3282399.039544804,
        0.0
      ],
      [
        641146.3996854089,
        3282417.9701197143,
        0.0
      ],
      [
        641145.8023667191,
        3282424.162519203,
        0.0
      ],
      [
        641061.4058127777,
        3282404.499595112,
        0.0
      ],
      [
        641078.87541561,
        3282460.5188629813,
        0.0
      ],
      [
        641138.2865282065,
        3282608.5140613075,
        0.0
      ],
      [
        641157.379691343,
        3282618.0544013283,
        0.0
      ],
      [
        641158.6573449819,
        3282640.2864988553,
        0.0
      ],
      [
        641188.2065000202,
        3282722.791799935,
        0.0
      ],
      [
        641292.5487000197,
        3282767.426099938,
        0.0
      ]
    ]
  ]
}