{
  "code": "251846411",
  "epsg": 32639,
  "bbox_utm": {
    "minx": 693050.2407821679,
    "miny": 3235558.884983341,
    "maxx": 693164.3920180331,
    "maxy": 3235673.0362192066
  },
  "polygon_utm": [
    [
      [
        693109.4568581453,
        3235575.192302751,
        0.0
      ],
      [
        693075.6165416585,
        3235602.123992928,
        0.0
      ],
      [
        693070.9106001005,
        3235606.5835997965,
        0.0
      ],
      [
        693075.2167001006,
        3235612.4176997957,
        0.0
      ],
      [
        693083.5511001,
        3235621.3076997944,
        0.0
      ],
      [
        693088.8296000999,
        3235627.8362997966,
        0.0
      ],
      [
        693096.8861001001,
        3235638.3931997963,
        0.0
      ],
      [
        693109.6655001013,
        3235656.7288997974,
        0.0
      ],
      [
        693136.2798000998,
        3235637.337499795,
        0.0
      ],
      [
        693134.4449000998,
        3235629.6922997935,
        0.0
      ],
      [
        693134.0244334342,
        3235627.9404997965,
        0.0
      ],
      [
        693143.7222001003,
        3235619.8995997943,
        0.0
      ],
      [
        693134.0417001004,
        3235608.2240997944,
        0.0
      ],
      [
        693123.7378001004,
        3235592.919699796,
        0.0
      ],
      [
        693121.4475001013,
        3235589.517899794,
        0.0
      ],
      [
        693121.0422001018,
        3235588.1912997956,
        0.0
      ],
      [
        693119.4103001007,
        3235582.850499798,
        0.0
      ],
      [
        693119.4987001005,
        3235579.2514331285,
        0.0
      ],
      [
        693109.4568581453,
        3235575.192302751,
        0.0
      ]
    ]
  ]
}