{
  "code": "251803944",
  "epsg": 32639,
  "bbox_utm": {
    "minx": 642754.5642125283,
    "miny": 3283285.469623046,
    "maxx": 642962.4830855657,
    "maxy": 3283493.388496084
  },
  "polygon_utm": [
    [
      [
        642918.2744000216,
        3283463.6857999354,
        0.0
      ],
      [
        642925.294698072,
        3283410.2654378475,
        0.0
      ],
      [
        642910.6633188513,
        3283397.1631662063,
        0.0
      ],
      [
        642895.3870338832,
        3283363.387780114,
        0.0
      ],
      [
        642877.1530696742,
        3283337.582253882,
        0.0
      ],
      [
        642866.0627202217,
        3283352.164521375,
        0.0
      ],
      [
        642831.4106288278,
        3283331.186676296,
        0.0
      ],
      [
        642801.1087688867,
        3283315.1723191943,
        0.0
      ],
      [
        642797.9991261772,
        3283355.429314375,
        0.0
      ],
      [
        642791.752600022,
        3283409.989799935,
        0.0
      ],
      [
        642918.2744000216,
        3283463.6857999354,
        0.0
      ]
    ]
  ]
}