{
  "code": "251897794",
  "epsg": 32639,
  "bbox_utm": {
    "minx": 607674.9765327516,
    "miny": 3296665.2631888213,
    "maxx": 608118.9664760866,
    "maxy": 3297109.253132156
  },
  "polygon_utm": [
    [
      [
        607904.0811713937,
        3296792.1283735964,
        0.0
      ],
      [
        607851.7131775097,
        3296845.276560988,
        0.0
      ],
      [
        607828.5803547055,
        3296878.07112764,
        0.0
      ],
      [
        607799.0062799305,
        3296933.503387336,
        0.0
      ],
      [
        607773.8298164466,
        3296963.18256863,
        0.0
      ],
      [
        607738.4036675139,
        3296980.3808169947,
        0.0
      ],
      [
        607787.8880621258,
        3297010.7820772026,
        0.0
      ],
      [
        607842.7466910876,
        3297021.6310882266,
        0.0
      ],
      [
        607853.236062273,
        3297009.350870564,
        0.0
      ],
      [
        607862.6485480479,
        3297001.1874809666,
        0.0
      ],
      [
        607889.569383618,
        3297005.575404366,
        0.0
      ],
      [
        607909.9410187216,
        3296936.6409329134,
        0.0
      ],
      [
        607924.0011470473,
        3296876.931365094,
        0.0
      ],
      [
        607941.7894897491,
        3296860.5944557744,
        0.0
      ],
      [
        608055.5393413245,
        3296787.405185194,
        0.0
      ],
      [
        608007.1315961203,
        3296752.8852327503,
        0.0
      ],
      [
        607904.0811713937,
        3296792.1283735964,
        0.0
      ]
    ]
  ]
}