{
  "code": "251857165",
  "epsg": 32639,
  "bbox_utm": {
    "minx": 640531.1327355676,
    "miny": 3280765.8927765726,
    "maxx": 642589.0560217197,
    "maxy": 3282823.8160627247
  },
  "polygon_utm": [
    [
      [
        642087.0365241201,
        3281725.5909195696,
        0.0
      ],
      [
        642081.2517152093,
        3281732.2726425747,
        0.0
      ],
      [
        642056.5181050154,
        3281716.974867762,
        0.0
      ],
      [
        642020.5739207085,
        3281684.7423964925,
        0.0
      ],
      [
        641976.4165404837,
        3281644.9137632553,
        0.0
      ],
      [
        641943.1412300233,
        3281627.441115749,
        0.0
      ],
      [
        641921.5030544756,
        3281613.7328370637,
        0.0
      ],
      [
        641884.1181677702,
        3281572.1816863045,
        0.0
      ],
      [
        641823.8029385551,
        3281516.3892766056,
        0.0
      ],
      [
        641802.4273020617,
        3281502.4260872924,
        0.0
      ],
      [
        641780.9517091163,
        3281516.8803950623,
        0.0
      ],
      [
        641766.4159691972,
        3281516.4381284285,
        0.0
      ],
      [
        641738.5347873396,
        3281524.0943138683,
        0.0
      ],
      [
        641714.04183626,
        3281530.760007056,
        0.0
      ],
      [
        641691.3956867625,
        3281535.1239400986,
        0.0
      ],
      [
        641675.7332908541,
        3281541.643025094,
        0.0
      ],
      [
        641655.9250964613,
        3281568.0027170344,
        0.0
      ],
      [
        641652.0470664244,
        3281566.661938029,
        0.0
      ],
      [
        641658.4282607334,
        3281554.858481835,
        0.0
      ],
      [
        641629.7144605457,
        3281546.228278377,
        0.0
      ],
      [
        641557.4554982749,
        3281531.364212812,
        0.0
      ],
      [
        641574.7111574581,
        3281480.945280752,
        0.0
      ],
      [
        641584.864160767,
        3281458.3385368423,
        0.0
      ],
      [
        641599.2561020735,
        3281429.068129467,
        0.0
      ],
      [
        641608.4947339316,
        3281396.6322838007,
        0.0
      ],
      [
        641620.6726666857,
        3281378.184660968,
        0.0
      ],
      [
        641589.1938599525,
        3281362.2855740217,
        0.0
      ],
      [
        641560.40262652,
        3281339.186557379,
        0.0
      ],
      [
        641550.8303907408,
        3281315.8136168825,
        0.0
      ],
      [
        641563.4492481931,
        3281303.571924606,
        0.0
      ],
      [
        641527.8617438049,
        3281284.004026429,
        0.0
      ],
      [
        641489.2759646677,
        3281255.0974979056,
        0.0
      ],
      [
        641460.3733840126,
        3281240.781307414,
        0.0
      ],
      [
        641446.8856009967,
        3281239.5776237776,
        0.0
      ],
      [
        641433.2976353831,
        3281287.460538181,
        0.0
      ],
      [
        641424.3765784304,
        3281335.9188683154,
        0.0
      ],
      [
        641408.5976908345,
        3281392.816137612,
        0.0
      ],
      [
        641403.8569043664,
        3281439.2599518197,
        0.0
      ],
      [
        641403.1974844052,
        3281450.3608049196,
        0.0
      ],
      [
        641381.8798265976,
        3281493.494990262,
        0.0
      ],
      [
        641367.1126845649,
        3281511.393282146,
        0.0
      ],
      [
        641346.6120933068,
        3281510.3596054167,
        0.0
      ],
      [
        641339.7118145195,
        3281460.4106520745,
        0.0
      ],
      [
        641338.1756638878,
        3281417.504689097,
        0.0
      ],
      [
        641334.1018571354,
        3281369.9161775876,
        0.0
      ],
      [
        641325.7175630338,
        3281334.6741671334,
        0.0
      ],
      [
        641285.2870986845,
        3281328.4805228375,
        0.0
      ],
      [
        641286.9639624516,
        3281277.8638987867,
        0.0
      ],
      [
        641298.0136170543,
        3281225.298362153,
        0.0
      ],
      [
        641308.6659744486,
        3281204.2473250926,
        0.0
      ],
      [
        641268.4304108359,
        3281182.554648924,
        0.0
      ],
      [
        641236.898502399,
        3281170.7894171216,
        0.0
      ],
      [
        641220.5228977716,
        3281151.4644726706,
        0.0
      ],
      [
        641223.6075180877,
        3281112.7493807166,
        0.0
      ],
      [
        641230.8202683071,
        3281076.1530669746,
        0.0
      ],
      [
        641213.2562373021,
        3281068.6976255956,
        0.0
      ],
      [
        641206.4015726821,
        3281076.8788099736,
        0.0
      ],
      [
        641179.5036861704,
        3281068.272376388,
        0.0
      ],
      [
        641128.7128200461,
        3281059.881817451,
        0.0
      ],
      [
        641096.9852967571,
        3281063.616098147,
        0.0
      ],
      [
        641090.4863001027,
        3281126.057496063,
        0.0
      ],
      [
        641089.0705131515,
        3281156.0093567306,
        0.0
      ],
      [
        641199.4658324141,
        3281173.934734917,
        0.0
      ],
      [
        641183.7287741514,
        3281268.8120831656,
        0.0
      ],
      [
        641177.917837444,
        3281317.8265166096,
        0.0
      ],
      [
        641139.2975054833,
        3281332.8413378857,
        0.0
      ],
      [
        641134.7790614162,
        3281361.7201570864,
        0.0
      ],
      [
        641143.5478535162,
        3281366.480980688,
        0.0
      ],
      [
        641152.0940120702,
        3281430.143609742,
        0.0
      ],
      [
        641156.2661735206,
        3281469.9824371007,
        0.0
      ],
      [
        641159.2775505449,
        3281478.2876323867,
        0.0
      ],
      [
        641156.9141898166,
        3281500.992792697,
        0.0
      ],
      [
        641105.606038938,
        3281492.596017631,
        0.0
      ],
      [
        641102.4124705113,
        3281498.756232834,
        0.0
      ],
      [
        641095.1494771566,
        3281498.148072609,
        0.0
      ],
      [
        641090.6051718439,
        3281529.0929554543,
        0.0
      ],
      [
        641077.8428764923,
        3281594.036401495,
        0.0
      ],
      [
        641071.7344080561,
        3281625.478026905,
        0.0
      ],
      [
        641060.2969611849,
        3281667.703067328,
        0.0
      ],
      [
        641083.0980745978,
        3281671.6070105466,
        0.0
      ],
      [
        641070.2264882599,
        3281703.9966477547,
        0.0
      ],
      [
        641051.6509018636,
        3281694.462306775,
        0.0
      ],
      [
        641045.7116358421,
        3281712.471791863,
        0.0
      ],
      [
        641033.5415189827,
        3281730.4028173983,
        0.0
      ],
      [
        641029.0419833292,
        3281799.0659631365,
        0.0
      ],
      [
        641145.5316416493,
        3281827.4006641316,
        0.0
      ],
      [
        641164.7658215617,
        3281743.4225961254,
        0.0
      ],
      [
        641167.4401234598,
        3281737.2559914193,
        0.0
