{
  "code": "251803281",
  "epsg": 32639,
  "bbox_utm": {
    "minx": 617414.6093859688,
    "miny": 3294059.6042110594,
    "maxx": 617650.5695074172,
    "maxy": 3294295.5643325085
  },
  "polygon_utm": [
    [
      [
        617520.6231837398,
        3294225.0637843492,
        0.0
      ],
      [
        617538.5482028704,
        3294222.156339599,
        0.0
      ],
      [
        617562.7728262646,
        3294212.0905181537,
        0.0
      ],
      [
        617583.8939286022,
        3294201.2179292794,
        0.0
      ],
      [
        617592.2789176526,
        3294193.049397642,
        0.0
      ],
      [
        617616.8609186389,
        3294173.698357597,
        0.0
      ],
      [
        617585.7662479214,
        3294122.0224206545,
        0.0
      ],
      [
        617583.4161156673,
        3294123.545829703,
        0.0
      ],
      [
        617448.3179747472,
        3294195.660901388,
        0.0
      ],
      [
        617479.562520912,
        3294233.146122913,
        0.0
      ],
      [
        617520.6231837398,
        3294225.0637843492,
        0.0
      ]
    ]
  ]
}