{
  "code": "251882356",
  "epsg": 32639,
  "bbox_utm": {
    "minx": 628781.1386800043,
    "miny": 3278035.1161274994,
    "maxx": 628942.0130777576,
    "maxy": 3278195.990525252
  },
  "polygon_utm": [
    [
      [
        628814.6412510128,
        3278131.938252046,
        0.0
      ],
      [
        628880.659437774,
        3278173.0084684305,
        0.0
      ],
      [
        628887.9545449426,
        3278171.0250004404,
        0.0
      ],
      [
        628901.8622504367,
        3278136.0410045898,
        0.0
      ],
      [
        628908.510506749,
        3278099.939850996,
        0.0
      ],
      [
        628865.3569177235,
        3278058.098184321,
        0.0
      ],
      [
        628814.6412510128,
        3278131.938252046,
        0.0
      ]
    ]
  ]
}