{
  "code": "251881836",
  "epsg": 32639,
  "bbox_utm": {
    "minx": 628620.8782581291,
    "miny": 3277482.2072428954,
    "maxx": 628815.046911452,
    "maxy": 3277676.3758962187
  },
  "polygon_utm": [
    [
      [
        628717.5700537524,
        3277537.4981141775,
        0.0
      ],
      [
        628699.838920568,
        3277543.496907721,
        0.0
      ],
      [
        628672.7346991987,
        3277551.4556282787,
        0.0
      ],
      [
        628648.6166371752,
        3277570.819266072,
        0.0
      ],
      [
        628649.3829109878,
        3277594.6029554475,
        0.0
      ],
      [
        628651.1642951565,
        3277620.4656101386,
        0.0
      ],
      [
        628684.2523184625,
        3277634.282966483,
        0.0
      ],
      [
        628706.3638120112,
        3277608.694366868,
        0.0
      ],
      [
        628721.8749324961,
        3277615.07443027,
        0.0
      ],
      [
        628734.3353666937,
        3277615.414253349,
        0.0
      ],
      [
        628787.3085324058,
        3277616.8589465274,
        0.0
      ],
      [
        628781.2061142796,
        3277605.4183216793,
        0.0
      ],
      [
        628773.4411887673,
        3277557.7793629197,
        0.0
      ],
      [
        628755.0744526496,
        3277528.625121453,
        0.0
      ],
      [
        628738.5006859209,
        3277524.3001726307,
        0.0
      ],
      [
        628717.5700537524,
        3277537.4981141775,
        0.0
      ]
    ]
  ]
}