{
  "code": "251882064",
  "epsg": 32639,
  "bbox_utm": {
    "minx": 628587.4120402832,
    "miny": 3277775.1816984504,
    "maxx": 628698.5600973291,
    "maxy": 3277886.329755496
  },
  "polygon_utm": [
    [
      [
        628675.8266479451,
        3277825.4168112315,
        0.0
      ],
      [
        628654.4029922131,
        3277791.059992314,
        0.0
      ],
      [
        628638.7498909336,
        3277797.082550748,
        0.0
      ],
      [
        628621.8447428498,
        3277821.69684111,
        0.0
      ],
      [
        628610.1454896673,
        3277845.3371045035,
        0.0
      ],
      [
        628636.8697723324,
        3277870.4514616323,
        0.0
      ],
      [
        628675.8266479451,
        3277825.4168112315,
        0.0
      ]
    ]
  ]
}