{
  "code": "251925909",
  "epsg": 32639,
  "bbox_utm": {
    "minx": 616207.35258883,
    "miny": 3293652.7838177965,
    "maxx": 616589.497176603,
    "maxy": 3294034.9284055694
  },
  "polygon_utm": [
    [
      [
        616393.6773843202,
        3293913.6716756113,
        0.0
      ],
      [
        616433.4274432143,
        3293882.0902412343,
        0.0
      ],
      [
        616534.9050926353,
        3293800.578430658,
        0.0
      ],
      [
        616526.7254761307,
        3293789.1393394903,
        0.0
      ],
      [
        616489.8577131139,
        3293743.339594703,
        0.0
      ],
      [
        616465.8493751681,
        3293757.539032678,
        0.0
      ],
      [
        616433.5320957184,
        3293772.683917312,
        0.0
      ],
      [
        616422.1328006231,
        3293771.5327833323,
        0.0
      ],
      [
        616404.639070284,
        3293757.9322465435,
        0.0
      ],
      [
        616350.6574480884,
        3293761.497648204,
        0.0
      ],
      [
        616337.1189945062,
        3293766.517192877,
        0.0
      ],
      [
        616315.0348034617,
        3293795.187060091,
        0.0
      ],
      [
        616296.959935626,
        3293837.31657184,
        0.0
      ],
      [
        616261.9446727976,
        3293912.2977868575,
        0.0
      ],
      [
        616267.0449373327,
        3293920.608042188,
        0.0
      ],
      [
        616305.7788496492,
        3293886.9513222803,
        0.0
      ],
      [
        616368.4599953878,
        3293944.372628663,
        0.0
      ],
      [
        616393.6773843202,
        3293913.6716756113,
        0.0
      ]
    ]
  ]
}