{
  "code": "251913191",
  "epsg": 32639,
  "bbox_utm": {
    "minx": 695160.9070114112,
    "miny": 3243320.2669558814,
    "maxx": 695630.0434508559,
    "maxy": 3243789.403395326
  },
  "polygon_utm": [
    [
      [
        695307.9941532078,
        3243453.185314768,
        0.0
      ],
      [
        695327.1349260402,
        3243485.503350735,
        0.0
      ],
      [
        695401.7093289458,
        3243611.4177146154,
        0.0
      ],
      [
        695439.9190966049,
        3243670.7642560364,
        0.0
      ],
      [
        695476.1663050423,
        3243722.3839039765,
        0.0
      ],
      [
        695514.9406171322,
        3243695.564831682,
        0.0
      ],
      [
        695494.524320685,
        3243670.320407787,
        0.0
      ],
      [
        695455.1815011153,
        3243608.9663292817,
        0.0
      ],
      [
        695417.1321204308,
        3243548.1529527465,
        0.0
      ],
      [
        695378.835128997,
        3243486.5572371325,
        0.0
      ],
      [
        695357.8881059036,
        3243461.82215275,
        0.0
      ],
      [
        695330.4872075036,
        3243418.3058666047,
        0.0
      ],
      [
        695305.9990015519,
        3243387.2864472303,
        0.0
      ],
      [
        695276.0098451348,
        3243403.3669475233,
        0.0
      ],
      [
        695307.9941532078,
        3243453.185314768,
        0.0
      ]
    ]
  ]
}