{
  "code": "251979935",
  "epsg": 32639,
  "bbox_utm": {
    "minx": 683264.2700767197,
    "miny": 3243930.3812441947,
    "maxx": 683804.4828218016,
    "maxy": 3244470.5939892763
  },
  "polygon_utm": [
    [
      [
        683375.9877229726,
        3244069.569001802,
        0.0
      ],
      [
        683554.2176301472,
        3244393.420739979,
        0.0
      ],
      [
        683564.1845820134,
        3244389.433558317,
        0.0
      ],
      [
        683585.6565259452,
        3244383.0396582657,
        0.0
      ],
      [
        683615.9444581437,
        3244379.380931047,
        0.0
      ],
      [
        683640.509240011,
        3244375.1112342626,
        0.0
      ],
      [
        683660.8721142915,
        3244372.8477741797,
        0.0
      ],
      [
        683683.3192023026,
        3244370.618048846,
        0.0
      ],
      [
        683692.7651755485,
        3244366.622542732,
        0.0
      ],
      [
        683610.5919493143,
        3244226.845751143,
        0.0
      ],
      [
        683485.3987949584,
        3244007.554493492,
        0.0
      ],
      [
        683375.9877229726,
        3244069.569001802,
        0.0
      ]
    ]
  ]
}