{
  "code": "251926984",
  "epsg": 32639,
  "bbox_utm": {
    "minx": 698827.4014841125,
    "miny": 3231139.509622903,
    "maxx": 699995.0228943129,
    "maxy": 3232307.1310331034
  },
  "polygon_utm": [
    [
      [
        699525.1049794431,
        3231578.2481830255,
        0.0
      ],
      [
        699515.7191914875,
        3231488.2675752244,
        0.0
      ],
      [
        699509.415817735,
        3231366.5327053745,
        0.0
      ],
      [
        699390.4691281299,
        3231369.264695129,
        0.0
      ],
      [
        699384.1858140724,
        3231340.600142847,
        0.0
      ],
      [
        699371.7106681567,
        3231337.7863633097,
        0.0
      ],
      [
        699368.0855771523,
        3231306.312681503,
        0.0
      ],
      [
        699338.8212171037,
        3231308.6571246656,
        0.0
      ],
      [
        699308.5724009974,
        3231307.6097831978,
        0.0
      ],
      [
        699305.0733364901,
        3231343.6316508856,
        0.0
      ],
      [
        699304.527051235,
        3231359.9762225645,
        0.0
      ],
      [
        699305.3801251423,
        3231370.893843372,
        0.0
      ],
      [
        699303.556813229,
        3231385.658550791,
        0.0
      ],
      [
        699300.5736057227,
        3231466.857309403,
        0.0
      ],
      [
        699301.6499231741,
        3231524.7637342447,
        0.0
      ],
      [
        699299.9580237567,
        3231532.0025755134,
        0.0
      ],
      [
        699287.1070302124,
        3231550.7278918433,
        0.0
      ],
      [
        699262.6096883996,
        3231593.910333476,
        0.0
      ],
      [
        699263.8194358218,
        3231629.234756392,
        0.0
      ],
      [
        699258.9004897128,
        3231656.9242025744,
        0.0
      ],
      [
        699257.9348606744,
        3231682.3463622443,
        0.0
      ],
      [
        699256.4404180024,
        3231693.2226920356,
        0.0
      ],
      [
        699244.1626059882,
        3231768.8058394166,
        0.0
      ],
      [
        699235.4426036943,
        3231804.9946989245,
        0.0
      ],
      [
        699223.833496798,
        3231857.226833759,
        0.0
      ],
      [
        699218.9437669356,
        3231868.303310426,
        0.0
      ],
      [
        699222.1896199575,
        3231876.6664368017,
        0.0
      ],
      [
        699226.3176132239,
        3231879.334263663,
        0.0
      ],
      [
        699231.5206357073,
        3231880.2038184404,
        0.0
      ],
      [
        699255.1746729607,
        3231885.2891382575,
        0.0
      ],
      [
        699274.183584258,
        3231887.4380558566,
        0.0
      ],
      [
        699285.6102834152,
        3231890.492917592,
        0.0
      ],
      [
        699289.9628391638,
        3231895.241301723,
        0.0
      ],
      [
        699293.5193067908,
        3231900.754514862,
        0.0
      ],
      [
        699296.4498894818,
        3231912.2270570886,
        0.0
      ],
      [
        699301.2591875324,
        3231965.524086669,
        0.0
      ],
      [
        699309.6182900384,
        3232039.6487761573,
        0.0
      ],
      [
        699320.0362035176,
        3232085.515586231,
        0.0
      ],
      [
        699337.342187005,
        3232140.3279745034,
        0.0
      ],
      [
        699384.4901305169,
        3232129.730460456,
        0.0
      ],
      [
        699475.710840893,
        3232105.367341651,
        0.0
      ],
      [
        699536.5309410756,
        3232088.7796311663,
        0.0
      ],
      [
        699548.7614887956,
        3232084.6072934186,
        0.0
      ],
      [
        699603.4806114896,
        3232065.940372982,
        0.0
      ],
      [
        699578.2559465646,
        3231791.515550724,
        0.0
      ],
      [
        699567.378673356,
        3231637.653146269,
        0.0
      ],
      [
        699567.9957264934,
        3231602.360570857,
        0.0
      ],
      [
        699552.1232365202,
        3231584.9505176935,
        0.0
      ],
      [
        699525.1049794431,
        3231578.2481830255,
        0.0
      ]
    ]
  ]
}