{
  "code": "252057270",
  "epsg": 32639,
  "bbox_utm": {
    "minx": 643552.2168113356,
    "miny": 3279228.8235311196,
    "maxx": 643757.2192091455,
    "maxy": 3279433.8259289297
  },
  "polygon_utm": [
    [
      [
        643600.7081250048,
        3279367.863853208,
        0.0
      ],
      [
        643639.7156581373,
        3279404.5398720996,
        0.0
      ],
      [
        643656.5467333694,
        3279388.21768906,
        0.0
      ],
      [
        643682.8851106421,
        3279359.6139400518,
        0.0
      ],
      [
        643699.8619870213,
        3279331.923825931,
        0.0
      ],
      [
        643708.7278954764,
        3279288.625403042,
        0.0
      ],
      [
        643666.5245634791,
        3279258.1095879497,
        0.0
      ],
      [
        643600.7081250048,
        3279367.863853208,
        0.0
      ]
    ]
  ]
}