{
  "code": "252060209",
  "epsg": 32639,
  "bbox_utm": {
    "minx": 674343.7211420838,
    "miny": 3274269.906354489,
    "maxx": 674610.6560067363,
    "maxy": 3274536.841219141
  },
  "polygon_utm": [
    [
      [
        674384.3360522501,
        3274400.027759126,
        0.0
      ],
      [
        674381.984700057,
        3274437.704799867,
        0.0
      ],
      [
        674381.9597000568,
        3274440.1933998642,
        0.0
      ],
      [
        674381.854694177,
        3274450.6569054755,
        0.0
      ],
      [
        674424.2232353109,
        3274439.4059083844,
        0.0
      ],
      [
        674487.4125465542,
        3274423.0850913003,
        0.0
      ],
      [
        674553.941967575,
        3274406.8921141606,
        0.0
      ],
      [
        674572.5224546432,
        3274401.9748878214,
        0.0
      ],
      [
        674553.9050649729,
        3274356.0906681544,
        0.0
      ],
      [
        674384.3360522501,
        3274400.027759126,
        0.0
      ]
    ]
  ]
}