{
  "code": "252038640",
  "epsg": 32639,
  "bbox_utm": {
    "minx": 616701.7410235254,
    "miny": 3294168.384429089,
    "maxx": 616912.6477227691,
    "maxy": 3294379.2911283327
  },
  "polygon_utm": [
    [
      [
        616794.2016116547,
        3294300.7754871296,
        0.0
      ],
      [
        616809.3549531645,
        3294290.0970966103,
        0.0
      ],
      [
        616882.5181943057,
        3294237.7101024976,
        0.0
      ],
      [
        616877.9155196511,
        3294231.469203827,
        0.0
      ],
      [
        616867.17592517,
        3294216.9071017257,
        0.0
      ],
      [
        616731.8705519887,
        3294309.4118185877,
        0.0
      ],
      [
        616750.8378266515,
        3294330.7684556963,
        0.0
      ],
      [
        616794.2016116547,
        3294300.7754871296,
        0.0
      ]
    ]
  ]
}