{
  "code": "252038181",
  "epsg": 32639,
  "bbox_utm": {
    "minx": 616753.3866056073,
    "miny": 3294237.8273351854,
    "maxx": 617019.1234049723,
    "maxy": 3294503.5641345503
  },
  "polygon_utm": [
    [
      [
        616897.5123823105,
        3294440.1590292947,
        0.0
      ],
      [
        616981.1610050629,
        3294377.046302807,
        0.0
      ],
      [
        616980.3078074954,
        3294359.491676679,
        0.0
      ],
      [
        616977.9322109618,
        3294289.2837800896,
        0.0
      ],
      [
        616963.486720847,
        3294281.9075268246,
        0.0
      ],
      [
        616791.3490055166,
        3294375.0568464124,
        0.0
      ],
      [
        616854.7917941685,
        3294458.288925642,
        0.0
      ],
      [
        616870.339223663,
        3294459.4839429115,
        0.0
      ],
      [
        616897.5123823105,
        3294440.1590292947,
        0.0
      ]
    ]
  ]
}