{
  "code": "252016479",
  "epsg": 32639,
  "bbox_utm": {
    "minx": 683165.9520585159,
    "miny": 3253232.6769891987,
    "maxx": 683980.0152659613,
    "maxy": 3254046.7401966443
  },
  "polygon_utm": [
    [
      [
        683818.6405000762,
        3253483.594199834,
        0.0
      ],
      [
        683791.2296000774,
        3253499.5221998338,
        0.0
      ],
      [
        683764.5596000762,
        3253515.635299835,
        0.0
      ],
      [
        683749.1872000757,
        3253525.0809998345,
        0.0
      ],
      [
        683736.9635000755,
        3253531.1928998334,
        0.0
      ],
      [
        683722.1468000757,
        3253538.6011998337,
        0.0
      ],
      [
        683713.2567000764,
        3253542.860999835,
        0.0
      ],
      [
        683693.0690000763,
        3253551.01019983,
        0.0
      ],
      [
        683682.8825000763,
        3253555.269999831,
        0.0
      ],
      [
        683660.1018000762,
        3253563.048799836,
        0.0
      ],
      [
        683634.913500075,
        3253573.976099833,
        0.0
      ],
      [
        683628.8522000752,
        3253577.034499834,
        0.0
      ],
      [
        683614.7257000764,
        3253584.162599834,
        0.0
      ],
      [
        683596.3900000756,
        3253594.719499834,
        0.0
      ],
      [
        683566.9419000767,
        3253612.314299835,
        0.0
      ],
      [
        683518.5522000755,
        3253640.989699833,
        0.0
      ],
      [
        683516.9355000765,
        3253641.9476998355,
        0.0
      ],
      [
        683499.1555000765,
        3253650.837699835,
        0.0
      ],
      [
        683478.0417000744,
        3253661.5797998356,
        0.0
      ],
      [
        683469.7073000752,
        3253665.654399836,
        0.0
      ],
      [
        683428.5910000758,
        3253682.6935998355,
        0.0
      ],
      [
        683393.7717000755,
        3253698.806699836,
        0.0
      ],
      [
        683363.7679000752,
        3253710.4748998326,
        0.0
      ],
      [
        683349.3216000749,
        3253714.5494998354,
        0.0
      ],
      [
        683333.7641000769,
        3253718.994499838,
        0.0
      ],
      [
        683320.7995000749,
        3253721.7725998336,
        0.0
      ],
      [
        683308.2053000736,
        3253723.624699837,
        0.0
      ],
      [
        683291.1573000752,
        3253723.0941998363,
        0.0
      ],
      [
        683287.5380675192,
        3253747.06161858,
        0.0
      ],
      [
        683282.7167551602,
        3253779.494620714,
        0.0
      ],
      [
        683282.4922609916,
        3253785.3196521886,
        0.0
      ],
      [
        683282.2468024365,
        3253792.4395993156,
        0.0
      ],
      [
        683282.2553628932,
        3253799.9522316568,
        0.0
      ],
      [
        683283.854800074,
        3253806.270599838,
        0.0
      ],
      [
        683309.8722000764,
        3253800.8566998355,
        0.0
      ],
      [
        683341.3577000753,
        3253792.5223998344,
        0.0
      ],
      [
        683348.6909000761,
        3253790.9032998355,
        0.0
      ],
      [
        683355.6187000751,
        3253789.3737998363,
        0.0
      ],
      [
        683377.288200077,
        3253784.7435998367,
        0.0
      ],
      [
        683400.4392000753,
        3253776.4091998367,
        0.0
      ],
      [
        683440.0739000749,
        3253761.0368998367,
        0.0
      ],
      [
        683441.4685000763,
        3253760.227099835,
        0.0
      ],
      [
        683445.8154000752,
        3253757.7030998343,
        0.0
      ],
      [
        683448.2596000762,
        3253756.351399834,
        0.0
      ],
      [
        683470.2629000753,
        3253744.1828998374,
        0.0
      ],
      [
        683530.0853000754,
        3253708.993199836,
        0.0
      ],
      [
        683555.9228000751,
        3253694.543899837,
        0.0
      ],
      [
        683569.1644000758,
        3253687.1385998363,
        0.0
      ],
      [
        683584.907100077,
        3253677.5076998346,
        0.0
      ],
      [
        683608.7990000766,
        3253663.802299836,
        0.0
      ],
      [
        683611.0163000756,
        3253662.7830998343,
        0.0
      ],
      [
        683631.764900076,
        3253653.2453998355,
        0.0
      ],
      [
        683645.4704000761,
        3253647.689099833,
        0.0
      ],
      [
        683662.5096000754,
        3253640.651199834,
        0.0
      ],
      [
        683676.8115000755,
        3253634.879099836,
        0.0
      ],
      [
        683703.8111000763,
        3253623.9823998357,
        0.0
      ],
      [
        683728.0734000751,
        3253613.2402998335,
        0.0
      ],
      [
        683752.3358000752,
        3253600.2756998343,
        0.0
      ],
      [
        683768.4450171939,
        3253591.3786693793,
        0.0
      ],
      [
        683768.6573622925,
        3253591.2613923703,
        0.0
      ],
      [
        683769.0742867223,
        3253591.0127774407,
        0.0
      ],
      [
        683788.6367000766,
        3253579.3470998346,
        0.0
      ],
      [
        683807.3428000755,
        3253568.2345998357,
        0.0
      ],
      [
        683834.753600078,
        3253547.676399834,
        0.0
      ],
      [
        683863.7205220405,
        3253529.785113034,
        0.0
      ],
      [
        683836.8551024251,
        3253473.146586005,
        0.0
      ],
      [
        683818.6405000762,
        3253483.594199834,
        0.0
      ]
    ]
  ]
}