{
  "code": "252057786",
  "epsg": 32639,
  "bbox_utm": {
    "minx": 643867.6395892451,
    "miny": 3277994.898280669,
    "maxx": 644294.8139608753,
    "maxy": 3278422.072652299
  },
  "polygon_utm": [
    [
      [
        643928.6644994781,
        3278219.528364806,
        0.0
      ],
      [
        644156.8944203923,
        3278327.3810008755,
        0.0
      ],
      [
        644161.2422227317,
        3278312.448035369,
        0.0
      ],
      [
        644173.9057548834,
        3278256.7901034653,
        0.0
      ],
      [
        644211.043890944,
        3278277.424941789,
        0.0
      ],
      [
        644233.7890506424,
        3278205.3569182567,
        0.0
      ],
      [
        644216.9209483215,
        3278183.9487116816,
        0.0
      ],
      [
        644197.8688650533,
        3278170.7822395535,
        0.0
      ],
      [
        644170.0930170404,
        3278149.2338538026,
        0.0
      ],
      [
        644141.1255313442,
        3278139.55808447,
        0.0
      ],
      [
        644091.3549917496,
        3278131.6826422233,
        0.0
      ],
      [
        644041.1976798979,
        3278113.4651490934,
        0.0
      ],
      [
        643993.1908259075,
        3278089.589932093,
        0.0
      ],
      [
        643928.6644994781,
        3278219.528364806,
        0.0
      ]
    ]
  ]
}