{
  "code": "252074271",
  "epsg": 32639,
  "bbox_utm": {
    "minx": 689335.8203000892,
    "miny": 3271504.971026558,
    "maxx": 689579.6940000891,
    "maxy": 3271748.8447265574
  },
  "polygon_utm": [
    [
      [
        689516.771031174,
        3271574.146783039,
        0.0
      ],
      [
        689496.2297473231,
        3271574.3180068694,
        0.0
      ],
      [
        689484.3346000885,
        3271549.112199801,
        0.0
      ],
      [
        689474.7976000895,
        3271554.016999804,
        0.0
      ],
      [
        689448.0337000887,
        3271567.781199801,
        0.0
      ],
      [
        689418.4003000879,
        3271582.1533998023,
        0.0
      ],
      [
        689370.6594000893,
        3271603.9208998038,
        0.0
      ],
      [
        689420.7195674416,
        3271704.7035533143,
        0.0
      ],
      [
        689525.0192833277,
        3271651.296982557,
        0.0
      ],
      [
        689522.4893000886,
        3271643.472799798,
        0.0
      ],
      [
        689521.6726000897,
        3271640.6792998025,
        0.0
      ],
      [
        689538.7118000886,
        3271632.0856998027,
        0.0
      ],
      [
        689544.8549000891,
        3271627.579199801,
        0.0
      ],
      [
        689516.771031174,
        3271574.146783039,
        0.0
      ]
    ]
  ]
}