{
  "code": "252139161",
  "epsg": 32639,
  "bbox_utm": {
    "minx": 608096.4601095854,
    "miny": 3297238.0638002646,
    "maxx": 608489.549358217,
    "maxy": 3297631.1530488967
  },
  "polygon_utm": [
    [
      [
        608360.4732741377,
        3297530.168754195,
        0.0
      ],
      [
        608335.2028136483,
        3297462.857820892,
        0.0
      ],
      [
        608329.3224622518,
        3297427.72025262,
        0.0
      ],
      [
        608312.3068075363,
        3297364.6161910687,
        0.0
      ],
      [
        608288.1026590323,
        3297294.219407212,
        0.0
      ],
      [
        608273.4954244157,
        3297303.36352591,
        0.0
      ],
      [
        608225.5361936648,
        3297329.7239615726,
        0.0
      ],
      [
        608249.7005440427,
        3297404.2471031784,
        0.0
      ],
      [
        608271.7405937158,
        3297483.908033356,
        0.0
      ],
      [
        608301.9651897537,
        3297574.997441949,
        0.0
      ],
      [
        608360.4732741377,
        3297530.168754195,
        0.0
      ]
    ]
  ]
}