{
  "code": "252281169",
  "epsg": 32639,
  "bbox_utm": {
    "minx": 698155.9097405049,
    "miny": 3127388.5456629177,
    "maxx": 698684.3611674014,
    "maxy": 3127916.997089814
  },
  "polygon_utm": [
    [
      [
        698593.8493573626,
        3127758.606770961,
        0.0
      ],
      [
        698577.3128594024,
        3127739.9984289864,
        0.0
      ],
      [
        698484.0753743879,
        3127616.9255860825,
        0.0
      ],
      [
        698458.4406438958,
        3127575.6431038063,
        0.0
      ],
      [
        698438.4030449548,
        3127545.977043972,
        0.0
      ],
      [
        698429.2262820792,
        3127528.015472765,
        0.0
      ],
      [
        698415.4446153473,
        3127533.5464770407,
        0.0
      ],
      [
        698396.3468416652,
        3127542.1312182858,
        0.0
      ],
      [
        698370.9940657374,
        3127546.945043323,
        0.0
      ],
      [
        698326.9037073343,
        3127570.3013335704,
        0.0
      ],
      [
        698292.3579513901,
        3127589.627098462,
        0.0
      ],
      [
        698272.1901574258,
        3127599.2416313416,
        0.0
      ],
      [
        698260.4615899455,
        3127607.9496599794,
        0.0
      ],
      [
        698256.5933791619,
        3127618.884074829,
        0.0
      ],
      [
        698250.7072379463,
        3127624.5471315607,
        0.0
      ],
      [
        698242.6806908147,
        3127632.269481373,
        0.0
      ],
      [
        698237.9712275853,
        3127662.0452643884,
        0.0
      ],
      [
        698235.4109301214,
        3127689.238075344,
        0.0
      ],
      [
        698231.4028014902,
        3127708.550241894,
        0.0
      ],
      [
        698232.1230909235,
        3127728.465130887,
        0.0
      ],
      [
        698243.1939489123,
        3127727.602573431,
        0.0
      ],
      [
        698270.5204345329,
        3127730.677955519,
        0.0
      ],
      [
        698293.8023656151,
        3127723.734384627,
        0.0
      ],
      [
        698339.8049573444,
        3127711.9330186932,
        0.0
      ],
      [
        698371.8675121642,
        3127683.6621580655,
        0.0
      ],
      [
        698396.826029445,
        3127702.4110799204,
        0.0
      ],
      [
        698408.1868896396,
        3127715.695053242,
        0.0
      ],
      [
        698416.4596651108,
        3127724.737307696,
        0.0
      ],
      [
        698430.0046924327,
        3127733.3439705395,
        0.0
      ],
      [
        698445.6813743568,
        3127740.41501758,
        0.0
      ],
      [
        698463.4809559976,
        3127746.474072403,
        0.0
      ],
      [
        698483.3333683264,
        3127755.7100445763,
        0.0
      ],
      [
        698491.6848938939,
        3127760.0398199414,
        0.0
      ],
      [
        698511.0371953677,
        3127767.696190948,
        0.0
      ],
      [
        698535.7230562468,
        3127771.2517672256,
        0.0
      ],
      [
        698559.3386828447,
        3127775.8370017167,
        0.0
      ],
      [
        698580.3838916016,
        3127776.7129568,
        0.0
      ],
      [
        698597.7446548868,
        3127777.5272799665,
        0.0
      ],
      [
        698608.8681064162,
        3127773.523398063,
        0.0
      ],
      [
        698593.8493573626,
        3127758.606770961,
        0.0
      ]
    ]
  ]
}