{
  "code": "252246621",
  "epsg": 32639,
  "bbox_utm": {
    "minx": 627320.1410093829,
    "miny": 3278769.104710176,
    "maxx": 627527.9690243909,
    "maxy": 3278976.932725184
  },
  "polygon_utm": [
    [
      [
        627465.4351011674,
        3278925.836110215,
        0.0
      ],
      [
        627480.4231447984,
        3278886.731007668,
        0.0
      ],
      [
        627489.0616247052,
        3278857.8893023185,
        0.0
      ],
      [
        627486.2861889363,
        3278827.88421173,
        0.0
      ],
      [
        627473.111957368,
        3278798.7944266056,
        0.0
      ],
      [
        627443.781673511,
        3278820.166153343,
        0.0
      ],
      [
        627417.6028212518,
        3278838.473000773,
        0.0
      ],
      [
        627375.9022780226,
        3278851.435740622,
        0.0
      ],
      [
        627359.0484090686,
        3278871.9157057535,
        0.0
      ],
      [
        627378.5841026726,
        3278889.7081893804,
        0.0
      ],
      [
        627401.2123344875,
        3278909.6029396974,
        0.0
      ],
      [
        627422.8252782202,
        3278927.4190456043,
        0.0
      ],
      [
        627437.1908133394,
        3278943.0856940695,
        0.0
      ],
      [
        627439.2212212669,
        3278947.243008754,
        0.0
      ],
      [
        627465.4351011674,
        3278925.836110215,
        0.0
      ]
    ]
  ]
}