{
  "code": "252280876",
  "epsg": 32639,
  "bbox_utm": {
    "minx": 627195.2031230313,
    "miny": 3278260.111519028,
    "maxx": 627353.4695461475,
    "maxy": 3278418.3779421444
  },
  "polygon_utm": [
    [
      [
        627217.8126120478,
        3278318.3748509553,
        0.0
      ],
      [
        627233.7995742263,
        3278374.3713377803,
        0.0
      ],
      [
        627241.082488158,
        3278373.420333247,
        0.0
      ],
      [
        627296.4172676704,
        3278349.241410437,
        0.0
      ],
      [
        627330.8600571309,
        3278335.1616993537,
        0.0
      ],
      [
        627319.5159646972,
        3278327.797627763,
        0.0
      ],
      [
        627317.6965224426,
        3278305.0373926708,
        0.0
      ],
      [
        627311.440574821,
        3278307.0336294733,
        0.0
      ],
      [
        627286.5340747008,
        3278304.6837582733,
        0.0
      ],
      [
        627236.6741626157,
        3278304.118123392,
        0.0
      ],
      [
        627217.8126120478,
        3278318.3748509553,
        0.0
      ]
    ]
  ]
}