{
  "code": "252247929",
  "epsg": 32639,
  "bbox_utm": {
    "minx": 627062.3599107404,
    "miny": 3278678.118772882,
    "maxx": 627231.1763207709,
    "maxy": 3278846.9351829123
  },
  "polygon_utm": [
    [
      [
        627155.5618286513,
        3278769.350487965,
        0.0
      ],
      [
        627180.0027963431,
        3278721.0494497833,
        0.0
      ],
      [
        627161.5169251307,
        3278702.2354028863,
        0.0
      ],
      [
        627145.8659704482,
        3278708.259462576,
        0.0
      ],
      [
        627131.0077554652,
        3278735.997689746,
        0.0
      ],
      [
        627113.8028188671,
        3278787.481483553,
        0.0
      ],
      [
        627113.5334351681,
        3278811.250595888,
        0.0
      ],
      [
        627126.9194088494,
        3278821.738021414,
        0.0
      ],
      [
        627131.0624941168,
        3278822.818552908,
        0.0
      ],
      [
        627155.5618286513,
        3278769.350487965,
        0.0
      ]
    ]
  ]
}