{
  "code": "252279924",
  "epsg": 32639,
  "bbox_utm": {
    "minx": 627011.9189160916,
    "miny": 3278387.0944575467,
    "maxx": 627232.4685572914,
    "maxy": 3278607.644098746
  },
  "polygon_utm": [
    [
      [
        627122.6154759029,
        3278468.202646828,
        0.0
      ],
      [
        627068.4374869928,
        3278482.05921511,
        0.0
      ],
      [
        627043.4260076917,
        3278489.011117375,
        0.0
      ],
      [
        627053.2748417258,
        3278536.6681844257,
        0.0
      ],
      [
        627090.7041065112,
        3278533.991414658,
        0.0
      ],
      [
        627120.7803230259,
        3278538.4666102855,
        0.0
      ],
      [
        627176.953553215,
        3278531.8681792044,
        0.0
      ],
      [
        627200.9614656914,
        3278521.80442685,
        0.0
      ],
      [
        627186.4661487287,
        3278517.505666451,
        0.0
      ],
      [
        627164.3053703255,
        3278456.2719460074,
        0.0
      ],
      [
        627122.6154759029,
        3278468.202646828,
        0.0
      ]
    ]
  ]
}