{
  "code": "252281046",
  "epsg": 32639,
  "bbox_utm": {
    "minx": 698652.593968873,
    "miny": 3127426.567427366,
    "maxx": 698992.2297342931,
    "maxy": 3127766.2031927863
  },
  "polygon_utm": [
    [
      [
        698740.6557756885,
        3127480.8501739665,
        0.0
      ],
      [
        698702.0997732114,
        3127488.061081561,
        0.0
      ],
      [
        698705.5037327323,
        3127504.8787500565,
        0.0
      ],
      [
        698719.7595795997,
        3127533.9248220846,
        0.0
      ],
      [
        698743.8232389598,
        3127574.658004779,
        0.0
      ],
      [
        698771.8607569291,
        3127629.599354047,
        0.0
      ],
      [
        698783.1335817941,
        3127648.1199709927,
        0.0
      ],
      [
        698810.3548953321,
        3127688.9058419103,
        0.0
      ],
      [
        698825.2594274003,
        3127710.6298411028,
        0.0
      ],
      [
        698831.4966943574,
        3127715.448214671,
        0.0
      ],
      [
        698839.8832389314,
        3127717.6837977264,
        0.0
      ],
      [
        698857.8055533787,
        3127716.4128608643,
        0.0
      ],
      [
        698882.6494477682,
        3127710.544102531,
        0.0
      ],
      [
        698897.4048866192,
        3127709.743905491,
        0.0
      ],
      [
        698911.6603087218,
        3127707.3640567735,
        0.0
      ],
      [
        698928.5738399175,
        3127703.4574987204,
        0.0
      ],
      [
        698935.898894518,
        3127706.1991195115,
        0.0
      ],
      [
        698942.7239299546,
        3127707.361073022,
        0.0
      ],
      [
        698901.7391411182,
        3127639.632187131,
        0.0
      ],
      [
        698787.0458819119,
        3127477.4370194846,
        0.0
      ],
      [
        698771.8164358028,
        3127475.0868224264,
        0.0
      ],
      [
        698740.6557756885,
        3127480.8501739665,
        0.0
      ]
    ]
  ]
}