{
  "code": "252281174",
  "epsg": 32639,
  "bbox_utm": {
    "minx": 698330.986956241,
    "miny": 3127315.883057587,
    "maxx": 698566.3583014094,
    "maxy": 3127551.254402755
  },
  "polygon_utm": [
    [
      [
        698438.7574322268,
        3127516.9138272502,
        0.0
      ],
      [
        698452.5347521027,
        3127511.6446515145,
        0.0
      ],
      [
        698483.447282493,
        3127504.9598328075,
        0.0
      ],
      [
        698490.493825355,
        3127500.7565964134,
        0.0
      ],
      [
        698488.3135060174,
        3127489.4590690406,
        0.0
      ],
      [
        698499.1910974873,
        3127468.690184249,
        0.0
      ],
      [
        698505.9589535163,
        3127457.54230536,
        0.0
      ],
      [
        698497.4881277583,
        3127428.855012213,
        0.0
      ],
      [
        698494.8602583993,
        3127412.835967813,
        0.0
      ],
      [
        698491.9998516529,
        3127394.9798031705,
        0.0
      ],
      [
        698484.4809549677,
        3127372.3317185524,
        0.0
      ],
      [
        698478.909860496,
        3127359.1441472284,
        0.0
      ],
      [
        698466.4346673697,
        3127349.507535468,
        0.0
      ],
      [
        698450.9598423191,
        3127361.8193723434,
        0.0
      ],
      [
        698428.3796162524,
        3127389.7256483007,
        0.0
      ],
      [
        698416.5894420731,
        3127402.0990918237,
        0.0
      ],
      [
        698400.0357451177,
        3127415.9642111068,
        0.0
      ],
      [
        698391.386304134,
        3127429.4377023145,
        0.0
      ],
      [
        698398.6153339338,
        3127437.938918705,
        0.0
      ],
      [
        698400.5194371245,
        3127450.0175089864,
        0.0
      ],
      [
        698393.5191389981,
        3127459.3283607117,
        0.0
      ],
      [
        698394.4142887084,
        3127468.771206046,
        0.0
      ],
      [
        698413.7671297089,
        3127476.4275642033,
        0.0
      ],
      [
        698420.838515121,
        3127494.3539907634,
        0.0
      ],
      [
        698419.426819213,
        3127515.804932002,
        0.0
      ],
      [
        698426.7674094103,
        3127517.629924874,
        0.0
      ],
      [
        698438.7574322268,
        3127516.9138272502,
        0.0
      ]
    ]
  ]
}