{
  "code": "252246744",
  "epsg": 32639,
  "bbox_utm": {
    "minx": 627116.6170006751,
    "miny": 3278916.807763811,
    "maxx": 627417.5641645961,
    "maxy": 3279217.754927732
  },
  "polygon_utm": [
    [
      [
        627275.9491512822,
        3279145.8977999007,
        0.0
      ],
      [
        627281.6351143438,
        3279102.553497709,
        0.0
      ],
      [
        627285.173382978,
        3279065.3859504126,
        0.0
      ],
      [
        627296.9390092733,
        3279035.546529132,
        0.0
      ],
      [
        627319.1032607552,
        3279004.791529098,
        0.0
      ],
      [
        627291.539708875,
        3278962.102827021,
        0.0
      ],
      [
        627270.7894169933,
        3278959.8002158,
        0.0
      ],
      [
        627261.0425281604,
        3278994.830549424,
        0.0
      ],
      [
        627241.959291983,
        3279028.7212959635,
        0.0
      ],
      [
        627227.9640432418,
        3279071.971624551,
        0.0
      ],
      [
        627215.077904516,
        3279109.03311411,
        0.0
      ],
      [
        627248.803013596,
        3279157.9922364065,
        0.0
      ],
      [
        627268.3735371956,
        3279172.6838761307,
        0.0
      ],
      [
        627269.3887491568,
        3279174.7624757434,
        0.0
      ],
      [
        627275.9491512822,
        3279145.8977999007,
        0.0
      ]
    ]
  ]
}