{
  "code": "252266601",
  "epsg": 32639,
  "bbox_utm": {
    "minx": 684863.6225895806,
    "miny": 3146330.614320636,
    "maxx": 685645.5155012246,
    "maxy": 3147112.5072322804
  },
  "polygon_utm": [
    [
      [
        685114.7212144075,
        3147000.808244902,
        0.0
      ],
      [
        685132.6361601116,
        3146997.9526038617,
        0.0
      ],
      [
        685149.5659266469,
        3146990.898577329,
        0.0
      ],
      [
        685168.4254395522,
        3146961.3916353094,
        0.0
      ],
      [
        685184.9037808012,
        3146949.6247262186,
        0.0
      ],
      [
        685211.2673304421,
        3146944.287666435,
        0.0
      ],
      [
        685224.0510566556,
        3146933.5084368,
        0.0
      ],
      [
        685230.1352909212,
        3146914.257951528,
        0.0
      ],
      [
        685235.06175209,
        3146901.7865436673,
        0.0
      ],
      [
        685241.1213567166,
        3146884.104235351,
        0.0
      ],
      [
        685248.2976753758,
        3146862.256489416,
        0.0
      ],
      [
        685269.5712137764,
        3146846.382010581,
        0.0
      ],
      [
        685288.5867145119,
        3146840.4066177043,
        0.0
      ],
      [
        685291.1079249481,
        3146813.7797227334,
        0.0
      ],
      [
        685299.860782318,
        3146791.956665233,
        0.0
      ],
      [
        685308.7123454168,
        3146763.860609085,
        0.0
      ],
      [
        685314.2959864541,
        3146743.0333678266,
        0.0
      ],
      [
        685323.6484163234,
        3146716.5137161547,
        0.0
      ],
      [
        685342.065543029,
        3146681.77053895,
        0.0
      ],
      [
        685355.6054367711,
        3146656.362409528,
        0.0
      ],
      [
        685362.3553046992,
        3146628.232987411,
        0.0
      ],
      [
        685380.2307388012,
        3146594.526836466,
        0.0
      ],
      [
        685393.7132209355,
        3146572.7778422097,
        0.0
      ],
      [
        685409.7737948528,
        3146554.2067084387,
        0.0
      ],
      [
        685423.5597132957,
        3146546.580381513,
        0.0
      ],
      [
        685435.7692052445,
        3146538.9292516224,
        0.0
      ],
      [
        685452.6833658369,
        3146532.9208453237,
        0.0
      ],
      [
        685471.2398289659,
        3146522.755212987,
        0.0
      ],
      [
        685482.9568164233,
        3146513.0048065465,
        0.0
      ],
      [
        685480.9207245859,
        3146508.7896461925,
        0.0
      ],
      [
        685442.4134733279,
        3146484.1305965516,
        0.0
      ],
      [
        685409.1280111007,
        3146461.645369834,
        0.0
      ],
      [
        685376.8440461823,
        3146442.3133080136,
        0.0
      ],
      [
        685365.6278988156,
        3146453.640426664,
        0.0
      ],
      [
        685346.0286879466,
        3146463.266991497,
        0.0
      ],
      [
        685322.7428972467,
        3146473.3584779343,
        0.0
      ],
      [
        685301.033600551,
        3146483.4747933536,
        0.0
      ],
      [
        685289.2756411851,
        3146495.8391904733,
        0.0
      ],
      [
        685277.4930434702,
        3146509.7718592836,
        0.0
      ],
      [
        685272.5417389657,
        3146523.8119468843,
        0.0
      ],
      [
        685255.857233823,
        3146548.648118016,
        0.0
      ],
      [
        685247.1782888973,
        3146565.766861246,
        0.0
      ],
      [
        685236.173650641,
        3146580.494757804,
        0.0
      ],
      [
        685211.4780340521,
        3146596.578610783,
        0.0
      ],
      [
        685172.3625578773,
        3146610.604460609,
        0.0
      ],
      [
        685153.0017055584,
        3146638.535789756,
        0.0
      ],
      [
        685139.8644935377,
        3146671.7936819214,
        0.0
      ],
      [
        685128.5827985727,
        3146720.76698688,
        0.0
      ],
      [
        685119.5344996222,
        3146761.409179858,
        0.0
      ],
      [
        685112.5951656679,
        3146774.227315444,
        0.0
      ],
      [
        685104.3777590004,
        3146789.4062697263,
        0.0
      ],
      [
        685072.5374989968,
        3146808.775213964,
        0.0
      ],
      [
        685044.8518216811,
        3146831.3466994907,
        0.0
      ],
      [
        685031.8300527569,
        3146857.285748118,
        0.0
      ],
      [
        685026.1812743819,
        3146882.2948151184,
        0.0
      ],
      [
        685034.2438544389,
        3146904.381983736,
        0.0
      ],
      [
        685047.1895100818,
        3146929.2908852613,
        0.0
      ],
      [
        685048.5134215779,
        3146932.8410423533,
        0.0
      ],
      [
        685049.1825000794,
        3146936.8389998586,
        0.0
      ],
      [
        685049.9491000791,
        3146941.109899857,
        0.0
      ],
      [
        685064.9319866232,
        3146958.3273338354,
        0.0
      ],
      [
        685114.7212144075,
        3147000.808244902,
        0.0
      ]
    ]
  ]
}