{
  "code": "252267790",
  "epsg": 32639,
  "bbox_utm": {
    "minx": 698110.89684031,
    "miny": 3127710.0055046235,
    "maxx": 698988.812325624,
    "maxy": 3128587.9209899376
  },
  "polygon_utm": [
    [
      [
        698253.2785996322,
        3128037.832417362,
        0.0
      ],
      [
        698236.313338212,
        3128044.881370291,
        0.0
      ],
      [
        698239.9815951909,
        3128077.4148193467,
        0.0
      ],
      [
        698298.0584170417,
        3128193.608502279,
        0.0
      ],
      [
        698353.7135712715,
        3128328.615369528,
        0.0
      ],
      [
        698392.2956623805,
        3128414.105053613,
        0.0
      ],
      [
        698403.4368586802,
        3128440.4778452455,
        0.0
      ],
      [
        698423.7172519597,
        3128424.0577324387,
        0.0
      ],
      [
        698469.6465458068,
        3128385.022572018,
        0.0
      ],
      [
        698519.6640677906,
        3128353.3881108835,
        0.0
      ],
      [
        698581.2259590211,
        3128324.0419333074,
        0.0
      ],
      [
        698646.7091801766,
        3128280.620759049,
        0.0
      ],
      [
        698687.7099083947,
        3128253.025570284,
        0.0
      ],
      [
        698717.5614330737,
        3128231.004811929,
        0.0
      ],
      [
        698738.3251105435,
        3128217.2116708714,
        0.0
      ],
      [
        698760.3169446579,
        3128192.964310681,
        0.0
      ],
      [
        698774.9665326207,
        3128167.0226864633,
        0.0
      ],
      [
        698791.6776488203,
        3128143.7342773965,
        0.0
      ],
      [
        698825.6351834428,
        3128096.6426020656,
        0.0
      ],
      [
        698854.7506267426,
        3128055.7546230173,
        0.0
      ],
      [
        698863.395827722,
        3128042.543967493,
        0.0
      ],
      [
        698801.057805289,
        3127976.6853054687,
        0.0
      ],
      [
        698783.9758593697,
        3127959.246256828,
        0.0
      ],
      [
        698777.7759932067,
        3127952.202679457,
        0.0
      ],
      [
        698771.7318322007,
        3127951.577666512,
        0.0
      ],
      [
        698761.6589673084,
        3127955.7298642322,
        0.0
      ],
      [
        698748.4324459144,
        3127959.5673642,
        0.0
      ],
      [
        698735.7235049157,
        3127963.9372972427,
        0.0
      ],
      [
        698731.9755005087,
        3127959.81544878,
        0.0
      ],
      [
        698723.6526630245,
        3127945.927576496,
        0.0
      ],
      [
        698721.9047048151,
        3127932.411692891,
        0.0
      ],
      [
        698737.8440898547,
        3127927.360970504,
        0.0
      ],
      [
        698736.9032533402,
        3127924.9375683633,
        0.0
      ],
      [
        698710.1295311917,
        3127857.448649315,
        0.0
      ],
      [
        698686.9001607888,
        3127861.249676846,
        0.0
      ],
      [
        698666.2937692797,
        3127865.618420595,
        0.0
      ],
      [
        698634.3886990891,
        3127884.463151241,
        0.0
      ],
      [
        698703.3669470348,
        3128009.747193229,
        0.0
      ],
      [
        698667.8219218368,
        3128057.3366999514,
        0.0
      ],
      [
        698638.7334599327,
        3128096.654290362,
        0.0
      ],
      [
        698640.6108656336,
        3128110.3030739077,
        0.0
      ],
      [
        698633.1720491977,
        3128114.3684762516,
        0.0
      ],
      [
        698547.3100176149,
        3128148.5457241586,
        0.0
      ],
      [
        698516.1317527321,
        3128061.082524687,
        0.0
      ],
      [
        698501.1651344792,
        3128011.599924917,
        0.0
      ],
      [
        698474.813165548,
        3128013.25405083,
        0.0
      ],
      [
        698444.092859988,
        3128024.26261556,
        0.0
      ],
      [
        698402.8633810687,
        3128034.048004163,
        0.0
      ],
      [
        698366.914858035,
        3128042.874325668,
        0.0
      ],
      [
        698300.508896283,
        3128047.001668835,
        0.0
      ],
      [
        698253.2785996322,
        3128037.832417362,
        0.0
      ]
    ]
  ]
}