{
  "code": "252281101",
  "epsg": 32639,
  "bbox_utm": {
    "minx": 698429.8462808818,
    "miny": 3127341.8174662776,
    "maxx": 698940.4424629615,
    "maxy": 3127852.4136483576
  },
  "polygon_utm": [
    [
      [
        698564.1039126257,
        3127428.136272584,
        0.0
      ],
      [
        698548.8488019116,
        3127458.78361021,
        0.0
      ],
      [
        698542.243336922,
        3127475.9575541904,
        0.0
      ],
      [
        698556.0345772761,
        3127501.329296363,
        0.0
      ],
      [
        698577.0458391688,
        3127535.7258974905,
        0.0
      ],
      [
        698604.917162936,
        3127569.1897279522,
        0.0
      ],
      [
        698682.1788571196,
        3127671.569827041,
        0.0
      ],
      [
        698668.8446640525,
        3127681.8218250554,
        0.0
      ],
      [
        698737.7799146931,
        3127778.3006859417,
        0.0
      ],
      [
        698745.1312685995,
        3127779.4713366316,
        0.0
      ],
      [
        698758.3426354438,
        3127776.5500815483,
        0.0
      ],
      [
        698771.036431552,
        3127773.0964102484,
        0.0
      ],
      [
        698777.4754378324,
        3127765.871648692,
        0.0
      ],
      [
        698789.3621785083,
        3127747.7391916965,
        0.0
      ],
      [
        698809.1442337453,
        3127729.7390001453,
        0.0
      ],
      [
        698828.0454069212,
        3127712.7820481807,
        0.0
      ],
      [
        698825.2594274003,
        3127710.6298411028,
        0.0
      ],
      [
        698810.3548953321,
        3127688.9058419103,
        0.0
      ],
      [
        698783.1335817941,
        3127648.1199709927,
        0.0
      ],
      [
        698771.8607569291,
        3127629.599354047,
        0.0
      ],
      [
        698743.8232389598,
        3127574.658004779,
        0.0
      ],
      [
        698719.7595795997,
        3127533.9248220846,
        0.0
      ],
      [
        698705.5037327323,
        3127504.8787500565,
        0.0
      ],
      [
        698702.0997732114,
        3127488.061081561,
        0.0
      ],
      [
        698677.9747709092,
        3127482.4194300068,
        0.0
      ],
      [
        698657.4729276334,
        3127480.504881336,
        0.0
      ],
      [
        698643.5503894526,
        3127462.987346965,
        0.0
      ],
      [
        698628.6101392866,
        3127443.357680884,
        0.0
      ],
      [
        698614.6174026018,
        3127430.0291476543,
        0.0
      ],
      [
        698599.4316933441,
        3127425.0610349257,
        0.0
      ],
      [
        698578.5435786009,
        3127414.759778003,
        0.0
      ],
      [
        698564.1039126257,
        3127428.136272584,
        0.0
      ]
    ]
  ]
}