{
  "code": "252247776",
  "epsg": 32639,
  "bbox_utm": {
    "minx": 627190.5829422509,
    "miny": 3278717.096777706,
    "maxx": 627303.4348594404,
    "maxy": 3278829.9486948955
  },
  "polygon_utm": [
    [
      [
        627262.3256375453,
        3278790.1992970025,
        0.0
      ],
      [
        627279.2380763807,
        3278764.5518257366,
        0.0
      ],
      [
        627275.35297657,
        3278740.735455305,
        0.0
      ],
      [
        627250.5060631433,
        3278733.218480162,
        0.0
      ],
      [
        627222.308548653,
        3278746.335126685,
        0.0
      ],
      [
        627214.7797253105,
        3278768.9884196506,
        0.0
      ],
      [
        627227.0683445304,
        3278784.631432718,
        0.0
      ],
      [
        627237.3615908045,
        3278793.0167899984,
        0.0
      ],
      [
        627246.5223229345,
        3278809.657883165,
        0.0
      ],
      [
        627249.5915273041,
        3278813.82699244,
        0.0
      ],
      [
        627262.3256375453,
        3278790.1992970025,
        0.0
      ]
    ]
  ]
}