{
  "code": "252281114",
  "epsg": 32639,
  "bbox_utm": {
    "minx": 698361.613665189,
    "miny": 3127412.560573276,
    "maxx": 698805.3925315832,
    "maxy": 3127856.3394396696
  },
  "polygon_utm": [
    [
      [
        698687.5662722567,
        3127790.029943903,
        0.0
      ],
      [
        698713.9889524648,
        3127784.187328182,
        0.0
      ],
      [
        698737.7799146931,
        3127778.3006859417,
        0.0
      ],
      [
        698668.8446640525,
        3127681.8218250554,
        0.0
      ],
      [
        698682.1788571196,
        3127671.569827041,
        0.0
      ],
      [
        698604.917162936,
        3127569.1897279522,
        0.0
      ],
      [
        698577.0458391688,
        3127535.7258974905,
        0.0
      ],
      [
        698556.0345772761,
        3127501.329296363,
        0.0
      ],
      [
        698542.243336922,
        3127475.9575541895,
        0.0
      ],
      [
        698512.9868154312,
        3127493.8000724153,
        0.0
      ],
      [
        698500.7315940224,
        3127502.499155905,
        0.0
      ],
      [
        698485.3532594319,
        3127509.050927199,
        0.0
      ],
      [
        698469.5186437444,
        3127511.4049278735,
        0.0
      ],
      [
        698440.4111871518,
        3127520.3459803085,
        0.0
      ],
      [
        698429.2262820792,
        3127528.015472765,
        0.0
      ],
      [
        698438.4030449548,
        3127545.977043972,
        0.0
      ],
      [
        698458.4406438958,
        3127575.6431038063,
        0.0
      ],
      [
        698484.0753743879,
        3127616.9255860825,
        0.0
      ],
      [
        698577.3128594024,
        3127739.9984289864,
        0.0
      ],
      [
        698593.8493573626,
        3127758.606770961,
        0.0
      ],
      [
        698608.8681064162,
        3127773.523398063,
        0.0
      ],
      [
        698624.5534099014,
        3127780.0710579357,
        0.0
      ],
      [
        698641.2475656258,
        3127789.254415909,
        0.0
      ],
      [
        698658.0644307007,
        3127791.1072386433,
        0.0
      ],
      [
        698673.8285946572,
        3127792.9424587567,
        0.0
      ],
      [
        698687.5662722567,
        3127790.029943903,
        0.0
      ]
    ]
  ]
}