{
  "code": "252313376",
  "epsg": 32639,
  "bbox_utm": {
    "minx": 627525.8715505095,
    "miny": 3278346.148103637,
    "maxx": 627611.7866840453,
    "maxy": 3278432.063237173
  },
  "polygon_utm": [
    [
      [
        627588.5791425778,
        3278419.745420555,
        0.0
      ],
      [
        627593.7530638756,
        3278375.8757793927,
        0.0
      ],
      [
        627558.6297222987,
        3278358.4216941423,
        0.0
      ],
      [
        627546.0884129074,
        3278364.9975865865,
        0.0
      ],
      [
        627543.9051706792,
        3278374.2752878773,
        0.0
      ],
      [
        627544.2541574296,
        3278389.2666407754,
        0.0
      ],
      [
        627544.462133062,
        3278416.6596923154,
        0.0
      ],
      [
        627547.0237267262,
        3278419.789646668,
        0.0
      ],
      [
        627588.5791425778,
        3278419.745420555,
        0.0
      ]
    ]
  ]
}