{
  "code": "252331996",
  "epsg": 32639,
  "bbox_utm": {
    "minx": 681445.932626636,
    "miny": 3125134.0440747296,
    "maxx": 681633.553235851,
    "maxy": 3125321.664683945
  },
  "polygon_utm": [
    [
      [
        681557.7092871803,
        3125179.145124924,
        0.0
      ],
      [
        681540.6956345845,
        3125189.8868908063,
        0.0
      ],
      [
        681525.0220845025,
        3125199.077461634,
        0.0
      ],
      [
        681515.3783859595,
        3125209.9318910935,
        0.0
      ],
      [
        681501.1880881197,
        3125225.431892138,
        0.0
      ],
      [
        681472.7355708096,
        3125261.1458224403,
        0.0
      ],
      [
        681475.8260511799,
        3125265.646144392,
        0.0
      ],
      [
        681480.0373987562,
        3125265.7104983735,
        0.0
      ],
      [
        681487.8927226762,
        3125285.7384848897,
        0.0
      ],
      [
        681490.2255820408,
        3125288.1316535817,
        0.0
      ],
      [
        681497.0650070123,
        3125288.49812377,
        0.0
      ],
      [
        681505.2965235255,
        3125283.908891526,
        0.0
      ],
      [
        681517.196961042,
        3125280.423526068,
        0.0
      ],
      [
        681536.5032881465,
        3125274.6938551255,
        0.0
      ],
      [
        681550.2582207923,
        3125270.451025999,
        0.0
      ],
      [
        681566.6852959385,
        3125263.629593159,
        0.0
      ],
      [
        681580.4642791967,
        3125257.8154776655,
        0.0
      ],
      [
        681586.7532776673,
        3125259.7452664054,
        0.0
      ],
      [
        681606.7502916774,
        3125243.2864092886,
        0.0
      ],
      [
        681606.0848075463,
        3125235.155855571,
        0.0
      ],
      [
        681604.1112802472,
        3125226.481398631,
        0.0
      ],
      [
        681599.3665748838,
        3125209.644167372,
        0.0
      ],
      [
        681592.5281797841,
        3125191.9890562496,
        0.0
      ],
      [
        681584.6769587713,
        3125171.698948567,
        0.0
      ],
      [
        681582.3761253902,
        3125167.2106349044,
        0.0
      ],
      [
        681557.7092871803,
        3125179.145124924,
        0.0
      ]
    ]
  ]
}