{
  "code": "252368095",
  "epsg": 32639,
  "bbox_utm": {
    "minx": 681362.459845016,
    "miny": 3125346.3452098393,
    "maxx": 681539.4057519154,
    "maxy": 3125523.291116738
  },
  "polygon_utm": [
    [
      [
        681496.2612534863,
        3125495.8328078357,
        0.0
      ],
      [
        681492.0308907651,
        3125479.7924964037,
        0.0
      ],
      [
        681485.6548604866,
        3125466.3383386047,
        0.0
      ],
      [
        681478.2780131332,
        3125449.4642177145,
        0.0
      ],
      [
        681470.9411558565,
        3125429.9717187383,
        0.0
      ],
      [
        681462.0010305594,
        3125412.0260813395,
        0.0
      ],
      [
        681440.2406021128,
        3125371.623196539,
        0.0
      ],
      [
        681405.6043434452,
        3125381.6068001497,
        0.0
      ],
      [
        681431.0887831971,
        3125436.742336963,
        0.0
      ],
      [
        681436.835288363,
        3125439.7115072925,
        0.0
      ],
      [
        681442.2825736362,
        3125445.0335941277,
        0.0
      ],
      [
        681444.814591089,
        3125451.620851421,
        0.0
      ],
      [
        681444.6465326399,
        3125462.61987318,
        0.0
      ],
      [
        681445.0488985232,
        3125470.7462355522,
        0.0
      ],
      [
        681447.0384931684,
        3125478.372960507,
        0.0
      ],
      [
        681451.9073259744,
        3125487.0914439918,
        0.0
      ],
      [
        681465.737096441,
        3125495.1610305314,
        0.0
      ],
      [
        681480.9629134743,
        3125498.0131300385,
        0.0
      ],
      [
        681496.2612534863,
        3125495.8328078357,
        0.0
      ]
    ]
  ]
}