{
  "code": "252339309",
  "epsg": 32639,
  "bbox_utm": {
    "minx": 609338.4702040305,
    "miny": 3299381.803263419,
    "maxx": 609575.185668198,
    "maxy": 3299618.518727587
  },
  "polygon_utm": [
    [
      [
        609541.369173317,
        3299506.0428061816,
        0.0
      ],
      [
        609456.5797888912,
        3299429.902220697,
        0.0
      ],
      [
        609450.83719265,
        3299433.9721497763,
        0.0
      ],
      [
        609372.2866989115,
        3299514.1802508305,
        0.0
      ],
      [
        609422.868165262,
        3299536.8565665004,
        0.0
      ],
      [
        609440.5025819748,
        3299535.9983476195,
        0.0
      ],
      [
        609479.0448663377,
        3299570.4197703083,
        0.0
      ],
      [
        609541.369173317,
        3299506.0428061816,
        0.0
      ]
    ]
  ]
}