{
  "code": "252331950",
  "epsg": 32639,
  "bbox_utm": {
    "minx": 681591.6395676697,
    "miny": 3125122.6633480974,
    "maxx": 681705.9725422121,
    "maxy": 3125236.99632264
  },
  "polygon_utm": [
    [
      [
        681676.2652980541,
        3125138.996630175,
        0.0
      ],
      [
        681661.4409116899,
        3125144.582334568,
        0.0
      ],
      [
        681637.384472049,
        3125151.0250880104,
        0.0
      ],
      [
        681615.3856981832,
        3125160.642743184,
        0.0
      ],
      [
        681610.89107553,
        3125161.883758842,
        0.0
      ],
      [
        681634.7397970939,
        3125220.6630405625,
        0.0
      ],
      [
        681643.2226125444,
        3125216.8635574966,
        0.0
      ],
      [
        681655.66160421,
        3125212.6006941837,
        0.0
      ],
      [
        681666.5173352864,
        3125208.575571398,
        0.0
      ],
      [
        681675.972890049,
        3125210.029955466,
        0.0
      ],
      [
        681686.7210343519,
        3125212.751359957,
        0.0
      ],
      [
        681676.2652980541,
        3125138.996630175,
        0.0
      ]
    ]
  ]
}