{
  "code": "252344875",
  "epsg": 32639,
  "bbox_utm": {
    "minx": 694447.8626606386,
    "miny": 3244150.823020355,
    "maxx": 694616.7716834851,
    "maxy": 3244319.732043202
  },
  "polygon_utm": [
    [
      [
        694472.8562285469,
        3244211.746301984,
        0.0
      ],
      [
        694478.8162770035,
        3244219.9724499965,
        0.0
      ],
      [
        694516.9446966689,
        3244261.074314077,
        0.0
      ],
      [
        694549.7124671134,
        3244295.6021827953,
        0.0
      ],
      [
        694591.778115577,
        3244264.4947757293,
        0.0
      ],
      [
        694514.7705242662,
        3244174.952880762,
        0.0
      ],
      [
        694472.8562285469,
        3244211.746301984,
        0.0
      ]
    ]
  ]
}