{
  "code": "252313400",
  "epsg": 32639,
  "bbox_utm": {
    "minx": 627547.9307882198,
    "miny": 3278234.010613677,
    "maxx": 627763.6253214373,
    "maxy": 3278449.705146895
  },
  "polygon_utm": [
    [
      [
        627637.1862291911,
        3278393.4245027895,
        0.0
      ],
      [
        627642.2368730902,
        3278360.4063328337,
        0.0
      ],
      [
        627661.3223922831,
        3278326.514159876,
        0.0
      ],
      [
        627702.2159047145,
        3278293.3869567206,
        0.0
      ],
      [
        627703.9269762614,
        3278279.969345661,
        0.0
      ],
      [
        627690.0744001047,
        3278264.824118423,
        0.0
      ],
      [
        627659.8388283615,
        3278274.2994270264,
        0.0
      ],
      [
        627636.1258970948,
        3278304.004631759,
        0.0
      ],
      [
        627613.516499376,
        3278328.037457524,
        0.0
      ],
      [
        627610.4434866287,
        3278369.863951576,
        0.0
      ],
      [
        627607.6291333955,
        3278388.953782511,
        0.0
      ],
      [
        627622.5600041341,
        3278418.8916421495,
        0.0
      ],
      [
        627637.1862291911,
        3278393.4245027895,
        0.0
      ]
    ]
  ]
}