{
  "code": "252311534",
  "epsg": 32639,
  "bbox_utm": {
    "minx": 696366.6911328357,
    "miny": 3129373.544383003,
    "maxx": 696610.294588454,
    "maxy": 3129617.147838622
  },
  "polygon_utm": [
    [
      [
        696571.6855604884,
        3129515.7718137335,
        0.0
      ],
      [
        696573.0966974174,
        3129510.0347882165,
        0.0
      ],
      [
        696572.4650933078,
        3129484.6260728515,
        0.0
      ],
      [
        696575.4940947942,
        3129476.5593108227,
        0.0
      ],
      [
        696567.6868515089,
        3129471.1931241304,
        0.0
      ],
      [
        696556.7046301385,
        3129466.8216640227,
        0.0
      ],
      [
        696543.3498508865,
        3129462.6727258484,
        0.0
      ],
      [
        696533.5878386558,
        3129464.0819529076,
        0.0
      ],
      [
        696523.2952219003,
        3129465.744231825,
        0.0
      ],
      [
        696511.6565695183,
        3129469.217078566,
        0.0
      ],
      [
        696499.4829803377,
        3129473.204746301,
        0.0
      ],
      [
        696486.778794142,
        3129477.4454700504,
        0.0
      ],
      [
        696477.5300603281,
        3129479.648758315,
        0.0
      ],
      [
        696469.8557978255,
        3129482.13997813,
        0.0
      ],
      [
        696457.6562171365,
        3129487.6982767284,
        0.0
      ],
      [
        696442.864340096,
        3129490.8571009533,
        0.0
      ],
      [
        696429.396813764,
        3129493.514206043,
        0.0
      ],
      [
        696420.9721965446,
        3129493.6364867515,
        0.0
      ],
      [
        696401.4916264954,
        3129493.837482022,
        0.0
      ],
      [
        696410.1376366382,
        3129528.019495777,
        0.0
      ],
      [
        696481.2529547719,
        3129525.008295856,
        0.0
      ],
      [
        696520.2834317,
        3129520.4183671903,
        0.0
      ],
      [
        696530.3510504884,
        3129516.712611574,
        0.0
      ],
      [
        696535.1438646382,
        3129513.3875695127,
        0.0
      ],
      [
        696542.5289606621,
        3129512.4624450025,
        0.0
      ],
      [
        696552.5150147595,
        3129513.4136211923,
        0.0
      ],
      [
        696554.5341547747,
        3129518.367701338,
        0.0
      ],
      [
        696571.6855604884,
        3129515.7718137335,
        0.0
      ]
    ]
  ]
}