{
  "code": "252313365",
  "epsg": 32639,
  "bbox_utm": {
    "minx": 627398.0679754949,
    "miny": 3278378.484000479,
    "maxx": 627557.8652994853,
    "maxy": 3278538.2813244695
  },
  "polygon_utm": [
    [
      [
        627482.4131153818,
        3278483.138763034,
        0.0
      ],
      [
        627506.9231798785,
        3278474.6317129545,
        0.0
      ],
      [
        627515.2095490192,
        3278476.793115687,
        0.0
      ],
      [
        627525.8377384436,
        3278455.725038343,
        0.0
      ],
      [
        627535.0371103438,
        3278423.270992274,
        0.0
      ],
      [
        627526.8270738702,
        3278414.391973589,
        0.0
      ],
      [
        627510.4094341267,
        3278442.1127657834,
        0.0
      ],
      [
        627493.1234596368,
        3278454.83636564,
        0.0
      ],
      [
        627447.4073802297,
        3278455.350467293,
        0.0
      ],
      [
        627420.8961646362,
        3278457.116497633,
        0.0
      ],
      [
        627425.4413303987,
        3278468.537780572,
        0.0
      ],
      [
        627428.953624165,
        3278479.4305191734,
        0.0
      ],
      [
        627433.4811605739,
        3278492.401986854,
        0.0
      ],
      [
        627446.3772371514,
        3278500.300514585,
        0.0
      ],
      [
        627446.8731183272,
        3278502.373351359,
        0.0
      ],
      [
        627482.4131153818,
        3278483.138763034,
        0.0
      ]
    ]
  ]
}