{
  "code": "252457476",
  "epsg": 32639,
  "bbox_utm": {
    "minx": 686132.906163271,
    "miny": 3125164.4419276915,
    "maxx": 686355.9217513865,
    "maxy": 3125387.4575158064
  },
  "polygon_utm": [
    [
      [
        686182.3768243892,
        3125233.4855735456,
        0.0
      ],
      [
        686226.5321168693,
        3125271.899531752,
        0.0
      ],
      [
        686236.0078483124,
        3125272.048122139,
        0.0
      ],
      [
        686249.012515027,
        3125282.206371662,
        0.0
      ],
      [
        686262.9878676162,
        3125297.618955681,
        0.0
      ],
      [
        686295.9808888361,
        3125342.668753644,
        0.0
      ],
      [
        686298.6847391401,
        3125347.6948485384,
        0.0
      ],
      [
        686324.0623816558,
        3125331.5773259555,
        0.0
      ],
      [
        686309.1904144951,
        3125306.196352122,
        0.0
      ],
      [
        686288.930847174,
        3125288.5894997898,
        0.0
      ],
      [
        686269.7651557544,
        3125268.3802609965,
        0.0
      ],
      [
        686263.0776516368,
        3125258.3210519925,
        0.0
      ],
      [
        686244.3643716876,
        3125242.8341199453,
        0.0
      ],
      [
        686237.5371981648,
        3125241.6792326444,
        0.0
      ],
      [
        686186.5217873158,
        3125204.2045949595,
        0.0
      ],
      [
        686164.7655330019,
        3125214.8725426965,
        0.0
      ],
      [
        686182.3768243892,
        3125233.4855735456,
        0.0
      ]
    ]
  ]
}