{
  "code": "252441239",
  "epsg": 32639,
  "bbox_utm": {
    "minx": 708135.8720729483,
    "miny": 3120266.838478098,
    "maxx": 708401.1988626205,
    "maxy": 3120532.1652677697
  },
  "polygon_utm": [
    [
      [
        708333.8311799158,
        3120402.6685365434,
        0.0
      ],
      [
        708363.2950355244,
        3120373.438959153,
        0.0
      ],
      [
        708311.3881914325,
        3120345.408512231,
        0.0
      ],
      [
        708287.4932143575,
        3120386.13371394,
        0.0
      ],
      [
        708195.572829048,
        3120339.974762464,
        0.0
      ],
      [
        708180.0621542798,
        3120368.267981225,
        0.0
      ],
      [
        708173.7759000442,
        3120381.2610029415,
        0.0
      ],
      [
        708241.0923967857,
        3120418.3410773636,
        0.0
      ],
      [
        708274.5261239188,
        3120434.6497984594,
        0.0
      ],
      [
        708316.4194424232,
        3120459.028983404,
        0.0
      ],
      [
        708327.8853075979,
        3120441.3492153813,
        0.0
      ],
      [
        708333.8311799158,
        3120402.6685365434,
        0.0
      ]
    ]
  ]
}