{
  "code": "252439636",
  "epsg": 32639,
  "bbox_utm": {
    "minx": 678474.8751400637,
    "miny": 3275508.7575877607,
    "maxx": 678610.3157600653,
    "maxy": 3275644.198207762
  },
  "polygon_utm": [
    [
      [
        678583.0094000641,
        3275590.840399848,
        0.0
      ],
      [
        678569.412300064,
        3275570.0549998493,
        0.0
      ],
      [
        678549.5817000644,
        3275539.7407998485,
        0.0
      ],
      [
        678541.087897818,
        3275529.5393956774,
        0.0
      ],
      [
        678518.0683775679,
        3275538.08309302,
        0.0
      ],
      [
        678494.223800064,
        3275546.8176998505,
        0.0
      ],
      [
        678501.0371000643,
        3275583.8141998495,
        0.0
      ],
      [
        678507.2773000649,
        3275610.426699844,
        0.0
      ],
      [
        678534.4648000649,
        3275602.3377998495,
        0.0
      ],
      [
        678537.8714000634,
        3275604.466999848,
        0.0
      ],
      [
        678543.1943000637,
        3275623.416399846,
        0.0
      ],
      [
        678590.9671000651,
        3275604.046699849,
        0.0
      ],
      [
        678583.0094000641,
        3275590.840399848,
        0.0
      ]
    ]
  ]
}