{
  "code": "252443444",
  "epsg": 32639,
  "bbox_utm": {
    "minx": 643855.2961719646,
    "miny": 3192551.363497477,
    "maxx": 644108.2507405989,
    "maxy": 3192804.318066111
  },
  "polygon_utm": [
    [
      [
        644032.2116327096,
        3192636.3082700446,
        0.0
      ],
      [
        644003.1685288107,
        3192646.3612626875,
        0.0
      ],
      [
        643989.3092430786,
        3192650.7451285166,
        0.0
      ],
      [
        643938.2776834101,
        3192666.513014765,
        0.0
      ],
      [
        643912.7849607824,
        3192675.1783822626,
        0.0
      ],
      [
        643891.4325389123,
        3192684.112211821,
        0.0
      ],
      [
        643893.0995688492,
        3192690.359744829,
        0.0
      ],
      [
        643896.6160646203,
        3192699.5809434243,
        0.0
      ],
      [
        643900.1374073521,
        3192708.4116651136,
        0.0
      ],
      [
        643908.578759266,
        3192729.3448993787,
        0.0
      ],
      [
        643921.9533176486,
        3192727.1028686548,
        0.0
      ],
      [
        643927.8535982859,
        3192726.134796916,
        0.0
      ],
      [
        643928.6274757682,
        3192716.511319987,
        0.0
      ],
      [
        643928.9635053305,
        3192713.1634378983,
        0.0
      ],
      [
        643929.7291253168,
        3192712.098994282,
        0.0
      ],
      [
        643946.1492052528,
        3192706.96585982,
        0.0
      ],
      [
        643977.4162141975,
        3192696.940443508,
        0.0
      ],
      [
        643994.1012376603,
        3192691.5503073446,
        0.0
      ],
      [
        644010.2581003644,
        3192686.5441548717,
        0.0
      ],
      [
        644023.9292029254,
        3192681.5071015246,
        0.0
      ],
      [
        644032.0730619953,
        3192679.0048545036,
        0.0
      ],
      [
        644044.7402869875,
        3192675.777819725,
        0.0
      ],
      [
        644049.1388917554,
        3192674.5633105813,
        0.0
      ],
      [
        644057.2823571779,
        3192672.093618615,
        0.0
      ],
      [
        644064.1401080763,
        3192670.421544656,
        0.0
      ],
      [
        644072.1143736511,
        3192668.405378485,
        0.0
      ],
      [
        644070.9200704062,
        3192664.485186857,
        0.0
      ],
      [
        644065.8605391554,
        3192650.4606643002,
        0.0
      ],
      [
        644058.3425034903,
        3192628.952845608,
        0.0
      ],
      [
        644057.3282436554,
        3192626.336664209,
        0.0
      ],
      [
        644032.2116327096,
        3192636.3082700446,
        0.0
      ]
    ]
  ]
}