{
  "code": "252461831",
  "epsg": 32639,
  "bbox_utm": {
    "minx": 691001.5343450141,
    "miny": 3235223.2267471845,
    "maxx": 691428.0541071558,
    "maxy": 3235649.746509325
  },
  "polygon_utm": [
    [
      [
        691339.4383843474,
        3235335.67936164,
        0.0
      ],
      [
        691314.0291382312,
        3235334.4744071187,
        0.0
      ],
      [
        691280.0263003136,
        3235332.476586307,
        0.0
      ],
      [
        691254.223761345,
        3235331.394907371,
        0.0
      ],
      [
        691217.1224793983,
        3235327.528903484,
        0.0
      ],
      [
        691187.3134090299,
        3235316.5197956352,
        0.0
      ],
      [
        691153.1608516511,
        3235300.1185020185,
        0.0
      ],
      [
        691129.8246679084,
        3235284.158141776,
        0.0
      ],
      [
        691118.5516164192,
        3235303.1709309313,
        0.0
      ],
      [
        691115.539465422,
        3235342.8213603357,
        0.0
      ],
      [
        691101.5364415387,
        3235431.329342981,
        0.0
      ],
      [
        691096.7992170053,
        3235464.982367228,
        0.0
      ],
      [
        691096.4773733326,
        3235484.1784748626,
        0.0
      ],
      [
        691084.6656828297,
        3235504.219831317,
        0.0
      ],
      [
        691070.8029259685,
        3235522.1509479443,
        0.0
      ],
      [
        691146.8847732914,
        3235588.815114734,
        0.0
      ],
      [
        691163.869897151,
        3235568.301200529,
        0.0
      ],
      [
        691176.7485403714,
        3235549.875379269,
        0.0
      ],
      [
        691197.0344896226,
        3235522.191977276,
        0.0
      ],
      [
        691216.7914117061,
        3235504.384833596,
        0.0
      ],
      [
        691358.7855262014,
        3235332.890347829,
        0.0
      ],
      [
        691339.4383843474,
        3235335.67936164,
        0.0
      ]
    ]
  ]
}