{
  "code": "252462001",
  "epsg": 32639,
  "bbox_utm": {
    "minx": 691421.133053337,
    "miny": 3234419.7857778426,
    "maxx": 691999.1330987529,
    "maxy": 3234997.7858232586
  },
  "polygon_utm": [
    [
      [
        691854.085172993,
        3234913.8377770185,
        0.0
      ],
      [
        691867.797874629,
        3234908.813803686,
        0.0
      ],
      [
        691875.624017063,
        3234904.8584899367,
        0.0
      ],
      [
        691887.7758117386,
        3234895.72122811,
        0.0
      ],
      [
        691908.5374626282,
        3234878.684566433,
        0.0
      ],
      [
        691878.0106137036,
        3234840.5439324314,
        0.0
      ],
      [
        691828.2418308163,
        3234775.610831264,
        0.0
      ],
      [
        691784.8146416431,
        3234721.2939828853,
        0.0
      ],
      [
        691736.5242602491,
        3234661.445809242,
        0.0
      ],
      [
        691663.513233251,
        3234567.0576119376,
        0.0
      ],
      [
        691651.5671439902,
        3234548.432196238,
        0.0
      ],
      [
        691633.8450420431,
        3234532.045204124,
        0.0
      ],
      [
        691612.173066751,
        3234502.357212902,
        0.0
      ],
      [
        691511.7286894617,
        3234581.3746566074,
        0.0
      ],
      [
        691522.4568944069,
        3234625.9293975616,
        0.0
      ],
      [
        691530.833100244,
        3234686.2738831644,
        0.0
      ],
      [
        691612.7047761012,
        3234796.63841602,
        0.0
      ],
      [
        691650.7329295296,
        3234846.3222839455,
        0.0
      ],
      [
        691717.9220184246,
        3234821.502442319,
        0.0
      ],
      [
        691776.1781791872,
        3234893.5838843384,
        0.0
      ],
      [
        691781.875452425,
        3234896.015173252,
        0.0
      ],
      [
        691798.4544833947,
        3234902.7814399833,
        0.0
      ],
      [
        691826.7411439868,
        3234911.301685578,
        0.0
      ],
      [
        691843.3681511777,
        3234915.214388199,
        0.0
      ],
      [
        691854.085172993,
        3234913.8377770185,
        0.0
      ]
    ]
  ]
}