{
  "code": "252457546",
  "epsg": 32639,
  "bbox_utm": {
    "minx": 686136.8871373986,
    "miny": 3125138.5469853873,
    "maxx": 686396.7361963857,
    "maxy": 3125398.396044374
  },
  "polygon_utm": [
    [
      [
        686237.5371981648,
        3125241.6792326444,
        0.0
      ],
      [
        686244.3643716876,
        3125242.8341199453,
        0.0
      ],
      [
        686263.0776516368,
        3125258.3210519925,
        0.0
      ],
      [
        686269.7651557544,
        3125268.3802609965,
        0.0
      ],
      [
        686288.930847174,
        3125288.5894997898,
        0.0
      ],
      [
        686309.1904144951,
        3125306.196352122,
        0.0
      ],
      [
        686324.0623816558,
        3125331.5773259555,
        0.0
      ],
      [
        686332.1898337317,
        3125350.255915694,
        0.0
      ],
      [
        686337.4053097728,
        3125361.274750233,
        0.0
      ],
      [
        686356.9560176352,
        3125349.3849214823,
        0.0
      ],
      [
        686318.6737857738,
        3125272.2934182514,
        0.0
      ],
      [
        686296.1106696667,
        3125233.693864182,
        0.0
      ],
      [
        686279.7988738944,
        3125199.3836073433,
        0.0
      ],
      [
        686262.1465973381,
        3125183.389303974,
        0.0
      ],
      [
        686237.5192124135,
        3125175.668279528,
        0.0
      ],
      [
        686220.6486925273,
        3125176.9754889603,
        0.0
      ],
      [
        686205.2178723281,
        3125187.211848162,
        0.0
      ],
      [
        686194.2613148735,
        3125180.7530929474,
        0.0
      ],
      [
        686176.667316149,
        3125194.62297128,
        0.0
      ],
      [
        686186.5217873158,
        3125204.2045949595,
        0.0
      ],
      [
        686237.5371981648,
        3125241.6792326444,
        0.0
      ]
    ]
  ]
}