{
  "code": "252568824",
  "epsg": 32639,
  "bbox_utm": {
    "minx": 648406.0281418294,
    "miny": 3193993.4775900245,
    "maxx": 648611.4563119335,
    "maxy": 3194198.905760129
  },
  "polygon_utm": [
    [
      [
        648580.6918411986,
        3194060.4706303054,
        0.0
      ],
      [
        648548.0729527683,
        3194022.824471468,
        0.0
      ],
      [
        648436.7926125643,
        3194130.084667948,
        0.0
      ],
      [
        648465.3812861161,
        3194165.7259935625,
        0.0
      ],
      [
        648469.9114103251,
        3194169.5588786853,
        0.0
      ],
      [
        648580.6918411986,
        3194060.4706303054,
        0.0
      ]
    ]
  ]
}