{
  "code": "252522796",
  "epsg": 32639,
  "bbox_utm": {
    "minx": 649382.978760232,
    "miny": 3186892.4504499095,
    "maxx": 649626.9099956292,
    "maxy": 3187136.3816853077
  },
  "polygon_utm": [
    [
      [
        649483.9063501436,
        3186953.1812237077,
        0.0
      ],
      [
        649484.77261203,
        3187000.265084883,
        0.0
      ],
      [
        649484.7123657536,
        3187045.5893783574,
        0.0
      ],
      [
        649480.0640777329,
        3187101.534365965,
        0.0
      ],
      [
        649518.8293948711,
        3187100.4709262946,
        0.0
      ],
      [
        649529.0165215104,
        3186950.004141434,
        0.0
      ],
      [
        649529.8246781284,
        3186938.0674516824,
        0.0
      ],
      [
        649484.1312612598,
        3186928.1010345547,
        0.0
      ],
      [
        649482.4396551279,
        3186927.2977692527,
        0.0
      ],
      [
        649483.9063501436,
        3186953.1812237077,
        0.0
      ]
    ]
  ]
}