{
  "code": "252571644",
  "epsg": 32639,
  "bbox_utm": {
    "minx": 691839.4558143986,
    "miny": 3234743.19399449,
    "maxx": 692316.9396322153,
    "maxy": 3235220.6778123067
  },
  "polygon_utm": [
    [
      [
        691917.1766030856,
        3234884.5388816358,
        0.0
      ],
      [
        691945.8218157198,
        3234918.23641845,
        0.0
      ],
      [
        691936.1202733575,
        3234936.7566268113,
        0.0
      ],
      [
        692109.8464515918,
        3235152.465838333,
        0.0
      ],
      [
        692167.7180391346,
        3235123.340512735,
        0.0
      ],
      [
        692205.4231489054,
        3235114.634562113,
        0.0
      ],
      [
        692239.2188435284,
        3235090.293364339,
        0.0
      ],
      [
        692012.305936038,
        3234811.405968464,
        0.0
      ],
      [
        691917.1766030856,
        3234884.5388816358,
        0.0
      ]
    ]
  ]
}