{
  "code": "252558009",
  "epsg": 32639,
  "bbox_utm": {
    "minx": 636594.979208669,
    "miny": 3175191.5930708377,
    "maxx": 639873.4435611143,
    "maxy": 3178470.0574232824
  },
  "polygon_utm": [
    [
      [
        638116.2434807236,
        3175724.7557700626,
        0.0
      ],
      [
        638111.1930883529,
        3175752.853894231,
        0.0
      ],
      [
        638108.6363908169,
        3175791.6710736193,
        0.0
      ],
      [
        638102.0725324538,
        3175814.7974126237,
        0.0
      ],
      [
        638090.9830430638,
        3175843.8666258673,
        0.0
      ],
      [
        638083.6918413843,
        3175862.030581577,
        0.0
      ],
      [
        638100.6585851652,
        3175889.867895259,
        0.0
      ],
      [
        638042.0052741078,
        3175929.8448694153,
        0.0
      ],
      [
        637939.4291693255,
        3176005.2807286824,
        0.0
      ],
      [
        637908.2163694785,
        3176029.6792086926,
        0.0
      ],
      [
        637944.5052326978,
        3176085.641078233,
        0.0
      ],
      [
        637965.0137772146,
        3176124.2088571726,
        0.0
      ],
      [
        638021.8689178997,
        3176213.785249181,
        0.0
      ],
      [
        638081.7135756817,
        3176294.271888869,
        0.0
      ],
      [
        638099.2036895468,
        3176322.1144226654,
        0.0
      ],
      [
        637958.6338112077,
        3176419.5178570687,
        0.0
      ],
      [
        637992.7142560382,
        3176462.6773785558,
        0.0
      ],
      [
        637917.3497714791,
        3176542.0819595614,
        0.0
      ],
      [
        637911.397405239,
        3176535.7545848056,
        0.0
      ],
      [
        637902.7572394676,
        3176512.9710050146,
        0.0
      ],
      [
        637889.1111466518,
        3176470.3145205053,
        0.0
      ],
      [
        637820.3729596686,
        3176366.2611934794,
        0.0
      ],
      [
        637765.79203141,
        3176416.7141802334,
        0.0
      ],
      [
        637629.138478203,
        3176271.7094000536,
        0.0
      ],
      [
        637605.1621205483,
        3176304.79694576,
        0.0
      ],
      [
        637648.1776036305,
        3176345.9756614384,
        0.0
      ],
      [
        637678.5664233332,
        3176391.1764835296,
        0.0
      ],
      [
        637690.6873502005,
        3176407.7442822778,
        0.0
      ],
      [
        637726.0511498252,
        3176453.2645245153,
        0.0
      ],
      [
        637694.2389044472,
        3176484.1730858707,
        0.0
      ],
      [
        637707.5804376251,
        3176508.3156411313,
        0.0
      ],
      [
        637714.4669751584,
        3176524.3000215366,
        0.0
      ],
      [
        637714.2574127921,
        3176542.025414626,
        0.0
      ],
      [
        637718.9953791129,
        3176562.4163094503,
        0.0
      ],
      [
        637726.1993613201,
        3176573.7117247833,
        0.0
      ],
      [
        637801.7834872077,
        3176652.8163669943,
        0.0
      ],
      [
        637879.3639598736,
        3176740.287056157,
        0.0
      ],
      [
        637825.894173693,
        3176785.537249323,
        0.0
      ],
      [
        637780.7475291794,
        3176836.0998938163,
        0.0
      ],
      [
        637912.7687430065,
        3176973.2243533707,
        0.0
      ],
      [
        637827.5071983214,
        3177047.816165291,
        0.0
      ],
      [
        637765.5317640641,
        3177014.756932433,
        0.0
      ],
      [
        637659.4835348278,
        3177074.5050138636,
        0.0
      ],
      [
        637684.4882631635,
        3177087.313813718,
        0.0
      ],
      [
        637708.1428164671,
        3177081.3368935785,
        0.0
      ],
      [
        637747.6841830073,
        3177105.788151094,
        0.0
      ],
      [
        637756.4875596595,
        3177114.7557848655,
        0.0
      ],
      [
        637704.5672949811,
        3177162.1088075987,
        0.0
      ],
      [
        637740.409496039,
        3177189.1230437527,
        0.0
      ],
      [
        637790.4799168555,
        3177209.5277668913,
        0.0
      ],
      [
        637841.6902511821,
        3177266.4425409944,
        0.0
      ],
      [
        637850.9001862849,
        3177285.3210787117,
        0.0
      ],
      [
        637830.1987028073,
        3177307.495142047,
        0.0
      ],
      [
        637862.6431159519,
        3177355.8455210673,
        0.0
      ],
      [
        637912.7434880096,
        3177373.644037614,
        0.0
      ],
      [
        637962.7819541382,
        3177396.6557244617,
        0.0
      ],
      [
        637988.179945779,
        3177420.418313461,
        0.0
      ],
      [
        638052.1496943736,
        3177461.843299904,
        0.0
      ],
      [
        638061.5136464897,
        3177467.689365826,
        0.0
      ],
      [
        638112.5407235199,
        3177407.2943088473,
        0.0
      ],
      [
        638232.0353742188,
        3177517.156821729,
        0.0
      ],
      [
        638180.308723202,
        3177570.2434138856,
        0.0
      ],
      [
        638225.7764329889,
        3177625.004759554,
        0.0
      ],
      [
        638262.2245039571,
        3177689.043399087,
        0.0
      ],
      [
        638315.6068538274,
        3177739.2063808828,
        0.0
      ],
      [
        638349.9792416896,
        3177757.340867308,
        0.0
      ],
      [
        638385.8119499347,
        3177784.8771751104,
        0.0
      ],
      [
        638426.4532917325,
        3177804.6504078014,
        0.0
      ],
      [
        638453.6011705487,
        3177813.3148708516,
        0.0
      ],
      [
        638477.1369434252,
        3177817.244252043,
        0.0
      ],
      [
        638494.4345332929,
        3177816.9286471023,
        0.0
      ],
      [
        638696.8125734429,
        3177985.1271163626,
        0.0
      ],
      [
        638713.5300643352,
        3177989.4970635273,
        0.0
      ],
      [
        638766.5550202205,
        3177937.472863807,
        0.0
      ],
      [
        638819.2423259026,
        3178001.7053729333,
        0.0
      ],
      [
        638829.2164763571,
        3178000.2602713155,
        0.0
      ],
      [
        638863.260649235,
        3177957.915823882,
        0.0
      ],
      [
        638426.2525285666,
        3177468.891450499,
        0.0
      ],
      [
        638368.1409480313,
        3177419.7134029893,
        0.0
      ],
      [
        638377.7092202527,
        3177408.356945663,
        0.0
      ],
      [
        638373.4206519108,
        3177372.331322493,
        0.0
      ],
      [
        638369.1097862019,
        3177294.073935766,
        0.0
      ],
      [
        638366.1292937864,
        3177236.1656280677,
        0.0
      ],
      [
        638364.7554778748,
        3177219.4651748147,
        0.0
      ],
      [
        638398.5610025828,
        3177153.130120908,
        0.0
      ],
      [
        638457.6559361811,
        3177075.624916901,
        0.0
      ],
      [
        638446.08698302,
        3177034.8191994624,
        0.0
      ],
      [
        638445.144302114,
        3177025.9443966816,
        0.0
