{
  "code": "252537161",
  "epsg": 32639,
  "bbox_utm": {
    "minx": 690469.7060270401,
    "miny": 3245710.7305360744,
    "maxx": 690989.9576731484,
    "maxy": 3246230.9821821833
  },
  "polygon_utm": [
    [
      [
        690824.1957000934,
        3246114.723699807,
        0.0
      ],
      [
        690810.4903000938,
        3246078.793199804,
        0.0
      ],
      [
        690784.7462000932,
        3246004.524499803,
        0.0
      ],
      [
        690772.8929000937,
        3245966.556699805,
        0.0
      ],
      [
        690754.0016000948,
        3245909.882799802,
        0.0
      ],
      [
        690739.9257000932,
        3245872.8410998043,
        0.0
      ],
      [
        690720.664000094,
        3245827.0944998055,
        0.0
      ],
      [
        690701.5875000942,
        3245785.0521998047,
        0.0
      ],
      [
        690635.468000095,
        3245824.5015998036,
        0.0
      ],
      [
        690647.506600094,
        3245855.0610998045,
        0.0
      ],
      [
        690673.991400093,
        3245928.7740998045,
        0.0
      ],
      [
        690689.1786000927,
        3245972.298199804,
        0.0
      ],
      [
        690703.9952000949,
        3246015.6369998045,
        0.0
      ],
      [
        690711.0332000935,
        3246034.8986998047,
        0.0
      ],
      [
        690724.7386000939,
        3246077.311499802,
        0.0
      ],
      [
        690738.2570000939,
        3246119.585999803,
        0.0
      ],
      [
        690747.9041943416,
        3246156.6605184535,
        0.0
      ],
      [
        690776.7413282153,
        3246146.2570382464,
        0.0
      ],
      [
        690800.2989611613,
        3246139.9127133964,
        0.0
      ],
      [
        690816.0465000937,
        3246126.206599803,
        0.0
      ],
      [
        690824.1957000934,
        3246114.723699807,
        0.0
      ]
    ]
  ]
}