{
  "code": "252631674",
  "epsg": 32639,
  "bbox_utm": {
    "minx": 708415.9563644672,
    "miny": 3235264.6504178853,
    "maxx": 708743.4498627089,
    "maxy": 3235592.143916127
  },
  "polygon_utm": [
    [
      [
        708696.6650772457,
        3235487.1574684097,
        0.0
      ],
      [
        708629.2100376699,
        3235438.690627869,
        0.0
      ],
      [
        708606.0358658661,
        3235422.176434497,
        0.0
      ],
      [
        708581.818579884,
        3235405.6431832314,
        0.0
      ],
      [
        708557.915388404,
        3235386.196136359,
        0.0
      ],
      [
        708529.1715224378,
        3235360.432117244,
        0.0
      ],
      [
        708519.0493420329,
        3235350.5150025636,
        0.0
      ],
      [
        708492.7339199733,
        3235327.4555067793,
        0.0
      ],
      [
        708470.1658885026,
        3235334.8283229964,
        0.0
      ],
      [
        708462.7411499303,
        3235341.440028737,
        0.0
      ],
      [
        708512.7785419512,
        3235386.732851029,
        0.0
      ],
      [
        708527.1059789171,
        3235402.046971846,
        0.0
      ],
      [
        708563.0335797428,
        3235434.36538713,
        0.0
      ],
      [
        708581.9881288924,
        3235453.3974220683,
        0.0
      ],
      [
        708608.6514857935,
        3235478.798928565,
        0.0
      ],
      [
        708631.237533639,
        3235498.935511604,
        0.0
      ],
      [
        708666.5040083998,
        3235529.338827233,
        0.0
      ],
      [
        708696.6650772457,
        3235487.1574684097,
        0.0
      ]
    ]
  ]
}