{
  "code": "252657760",
  "epsg": 32639,
  "bbox_utm": {
    "minx": 612656.2856569146,
    "miny": 3278225.8027824415,
    "maxx": 612986.5435187987,
    "maxy": 3278556.060644326
  },
  "polygon_utm": [
    [
      [
        612761.9439809262,
        3278354.959200276,
        0.0
      ],
      [
        612723.3148090257,
        3278374.208207188,
        0.0
      ],
      [
        612703.4653514695,
        3278385.3776785,
        0.0
      ],
      [
        612707.464380663,
        3278400.9209155873,
        0.0
      ],
      [
        612711.4322457764,
        3278419.564424867,
        0.0
      ],
      [
        612739.4354039636,
        3278423.979978259,
        0.0
      ],
      [
        612776.9010628264,
        3278417.1218507607,
        0.0
      ],
      [
        612833.0320772982,
        3278413.5521881618,
        0.0
      ],
      [
        612841.3936065983,
        3278408.4686189396,
        0.0
      ],
      [
        612909.6561588848,
        3278438.0945152114,
        0.0
      ],
      [
        612931.8432395369,
        3278401.1105820923,
        0.0
      ],
      [
        612939.3638242438,
        3278376.3813728774,
        0.0
      ],
      [
        612892.7264494593,
        3278365.5765102333,
        0.0
      ],
      [
        612829.4698065921,
        3278354.60465966,
        0.0
      ],
      [
        612779.7161535983,
        3278343.7689115563,
        0.0
      ],
      [
        612761.9439809262,
        3278354.959200276,
        0.0
      ]
    ]
  ]
}