{
  "code": "252679360",
  "epsg": 32639,
  "bbox_utm": {
    "minx": 685366.0741800792,
    "miny": 3240388.8961798293,
    "maxx": 685812.9088200824,
    "maxy": 3240835.730819832
  },
  "polygon_utm": [
    [
      [
        685459.5411000804,
        3240492.29829983,
        0.0
      ],
      [
        685519.9191000798,
        3240553.9726998317,
        0.0
      ],
      [
        685542.5146000802,
        3240578.049899832,
        0.0
      ],
      [
        685574.1852000805,
        3240613.6099998304,
        0.0
      ],
      [
        685659.0589000796,
        3240699.0392998303,
        0.0
      ],
      [
        685690.3111000815,
        3240730.291399831,
        0.0
      ],
      [
        685708.646800081,
        3240749.1826998303,
        0.0
      ],
      [
        685718.6480000805,
        3240762.7029998284,
        0.0
      ],
      [
        685749.075300082,
        3240732.6214998313,
        0.0
      ],
      [
        685645.1936000817,
        3240631.252699832,
        0.0
      ],
      [
        685620.9313000811,
        3240607.545999831,
        0.0
      ],
      [
        685585.9268000801,
        3240570.318999829,
        0.0
      ],
      [
        685557.9603000821,
        3240541.796899831,
        0.0
      ],
      [
        685516.8440000804,
        3240500.124899831,
        0.0
      ],
      [
        685479.554900081,
        3240462.4684998286,
        0.0
      ],
      [
        685429.9077000796,
        3240461.9239998325,
        0.0
      ],
      [
        685459.5411000804,
        3240492.29829983,
        0.0
      ]
    ]
  ]
}