{
  "code": "252629141",
  "epsg": 32639,
  "bbox_utm": {
    "minx": 683286.6231401118,
    "miny": 3253823.916073991,
    "maxx": 683674.6317161988,
    "maxy": 3254211.9246500786
  },
  "polygon_utm": [
    [
      [
        683619.2019196149,
        3254001.615390574,
        0.0
      ],
      [
        683584.705609876,
        3253967.1477442267,
        0.0
      ],
      [
        683545.9193000749,
        3253906.9318998363,
        0.0
      ],
      [
        683537.9229000768,
        3253911.3457998345,
        0.0
      ],
      [
        683531.184100076,
        3253915.0656998344,
        0.0
      ],
      [
        683509.8408588956,
        3253925.9312848737,
        0.0
      ],
      [
        683418.4465277148,
        3253975.8507636115,
        0.0
      ],
      [
        683407.2676587005,
        3253981.82353761,
        0.0
      ],
      [
        683373.2714262456,
        3253999.9874335094,
        0.0
      ],
      [
        683351.8557000756,
        3254011.466899837,
        0.0
      ],
      [
        683342.0529366956,
        3254013.889786867,
        0.0
      ],
      [
        683408.1784807727,
        3254127.485338118,
        0.0
      ],
      [
        683490.6266515951,
        3254084.7839052714,
        0.0
      ],
      [
        683521.9817750206,
        3254128.9088242333,
        0.0
      ],
      [
        683534.306932335,
        3254120.722169498,
        0.0
      ],
      [
        683619.2019196149,
        3254001.615390574,
        0.0
      ]
    ]
  ]
}