{
  "code": "252679810",
  "epsg": 32639,
  "bbox_utm": {
    "minx": 686225.4654243535,
    "miny": 3240169.395355903,
    "maxx": 686967.6458544566,
    "maxy": 3240911.575786006
  },
  "polygon_utm": [
    [
      [
        686817.5055968246,
        3240803.9788380214,
        0.0
      ],
      [
        686820.6272000836,
        3240799.9919998264,
        0.0
      ],
      [
        686837.712700084,
        3240782.2119998243,
        0.0
      ],
      [
        686861.6200787275,
        3240755.6032570754,
        0.0
      ],
      [
        686859.4354814524,
        3240753.4854818704,
        0.0
      ],
      [
        686671.6651624084,
        3240571.642606458,
        0.0
      ],
      [
        686538.7322905433,
        3240443.4142983006,
        0.0
      ],
      [
        686416.8459669399,
        3240324.9637377127,
        0.0
      ],
      [
        686416.6873094441,
        3240318.736461196,
        0.0
      ],
      [
        686420.9634688977,
        3240312.322484581,
        0.0
      ],
      [
        686397.8516079386,
        3240290.935494093,
        0.0
      ],
      [
        686395.3414161484,
        3240288.0246691755,
        0.0
      ],
      [
        686385.8274970552,
        3240276.992303888,
        0.0
      ],
      [
        686331.4912000825,
        3240328.155599828,
        0.0
      ],
      [
        686441.7328000842,
        3240433.5849998267,
        0.0
      ],
      [
        686503.7777000831,
        3240495.6298998254,
        0.0
      ],
      [
        686656.5749000832,
        3240647.315899825,
        0.0
      ],
      [
        686729.361900083,
        3240717.509999825,
        0.0
      ],
      [
        686815.6434000849,
        3240802.129899825,
        0.0
      ],
      [
        686817.5055968246,
        3240803.9788380214,
        0.0
      ]
    ]
  ]
}