{
  "code": "252613551",
  "epsg": 32639,
  "bbox_utm": {
    "minx": 614688.766993057,
    "miny": 3295963.9555581515,
    "maxx": 615018.994748021,
    "maxy": 3296294.183313116
  },
  "polygon_utm": [
    [
      [
        614779.7592122885,
        3296056.9901233832,
        0.0
      ],
      [
        614735.9423866232,
        3296081.821287894,
        0.0
      ],
      [
        614772.936481449,
        3296115.2239387454,
        0.0
      ],
      [
        614788.3701060594,
        3296127.250054528,
        0.0
      ],
      [
        614778.3640003452,
        3296142.109928601,
        0.0
      ],
      [
        614829.2888441485,
        3296182.3635811913,
        0.0
      ],
      [
        614858.4938402899,
        3296216.717914974,
        0.0
      ],
      [
        614874.5787010791,
        3296215.8517832193,
        0.0
      ],
      [
        614890.9853006013,
        3296234.079483169,
        0.0
      ],
      [
        614912.9387984043,
        3296217.2791753556,
        0.0
      ],
      [
        614944.2311207611,
        3296200.059238079,
        0.0
      ],
      [
        614964.5440415518,
        3296191.497430719,
        0.0
      ],
      [
        614971.8193544548,
        3296190.0246004155,
        0.0
      ],
      [
        614901.6324959428,
        3296106.7467036326,
        0.0
      ],
      [
        614863.6601676415,
        3296067.657871714,
        0.0
      ],
      [
        614838.698718102,
        3296024.059388099,
        0.0
      ],
      [
        614779.7592122885,
        3296056.9901233832,
        0.0
      ]
    ]
  ]
}