{
  "code": "252614516",
  "epsg": 32639,
  "bbox_utm": {
    "minx": 615204.005605598,
    "miny": 3295713.017457874,
    "maxx": 615504.214695391,
    "maxy": 3296013.2265476673
  },
  "polygon_utm": [
    [
      [
        615267.8263054102,
        3295848.9306196515,
        0.0
      ],
      [
        615256.3383768531,
        3295856.5514785796,
        0.0
      ],
      [
        615246.8926184255,
        3295867.289318049,
        0.0
      ],
      [
        615248.812074383,
        3295882.2724725227,
        0.0
      ],
      [
        615271.1102469199,
        3295932.5526029603,
        0.0
      ],
      [
        615293.957905748,
        3295929.693081133,
        0.0
      ],
      [
        615302.7250062239,
        3295934.427536772,
        0.0
      ],
      [
        615323.9957071876,
        3295933.615657666,
        0.0
      ],
      [
        615410.8745710859,
        3295907.1682900083,
        0.0
      ],
      [
        615443.1629010447,
        3295894.0873126956,
        0.0
      ],
      [
        615453.6085044054,
        3295886.9718460385,
        0.0
      ],
      [
        615454.1804856941,
        3295881.818009142,
        0.0
      ],
      [
        615455.2923843282,
        3295874.6058563404,
        0.0
      ],
      [
        615461.3276825635,
        3295842.677778046,
        0.0
      ],
      [
        615432.8129702703,
        3295791.816468769,
        0.0
      ],
      [
        615267.8263054102,
        3295848.9306196515,
        0.0
      ]
    ]
  ]
}