{
  "code": "252632000",
  "epsg": 32639,
  "bbox_utm": {
    "minx": 708542.6741804384,
    "miny": 3235604.154866021,
    "maxx": 708719.2930681076,
    "maxy": 3235780.7737536896
  },
  "polygon_utm": [
    [
      [
        708668.888329266,
        3235736.3005735935,
        0.0
      ],
      [
        708674.8486564502,
        3235709.939614199,
        0.0
      ],
      [
        708675.8641424052,
        3235682.9690368855,
        0.0
      ],
      [
        708672.6927990841,
        3235670.9734366154,
        0.0
      ],
      [
        708658.6314149059,
        3235655.404797766,
        0.0
      ],
      [
        708645.9018317271,
        3235652.576641877,
        0.0
      ],
      [
        708633.7839827833,
        3235644.828964799,
        0.0
      ],
      [
        708621.9886048964,
        3235633.713536818,
        0.0
      ],
      [
        708612.4165658088,
        3235629.3861356876,
        0.0
      ],
      [
        708600.2603068583,
        3235637.9870727947,
        0.0
      ],
      [
        708588.8625982734,
        3235647.899457645,
        0.0
      ],
      [
        708586.1031061406,
        3235656.153342431,
        0.0
      ],
      [
        708598.5620606656,
        3235673.7686469243,
        0.0
      ],
      [
        708617.9094298428,
        3235699.8143800916,
        0.0
      ],
      [
        708628.7800105423,
        3235718.69814004,
        0.0
      ],
      [
        708642.243853489,
        3235738.4078860916,
        0.0
      ],
      [
        708648.6154951828,
        3235746.5693432335,
        0.0
      ],
      [
        708656.7981596554,
        3235755.5424840227,
        0.0
      ],
      [
        708668.888329266,
        3235736.3005735935,
        0.0
      ]
    ]
  ]
}