{
  "code": "252615074",
  "epsg": 32639,
  "bbox_utm": {
    "minx": 615263.3209492174,
    "miny": 3295807.801945139,
    "maxx": 615650.7004036483,
    "maxy": 3296195.1813995703
  },
  "polygon_utm": [
    [
      [
        615595.3604815869,
        3296070.063286179,
        0.0
      ],
      [
        615511.4975726074,
        3296005.729561624,
        0.0
      ],
      [
        615500.2395221938,
        3295991.16569777,
        0.0
      ],
      [
        615472.8052267651,
        3295936.188333462,
        0.0
      ],
      [
        615455.9126112643,
        3295914.8583861287,
        0.0
      ],
      [
        615453.5443746042,
        3295893.1628927244,
        0.0
      ],
      [
        615446.776644333,
        3295895.6726698573,
        0.0
      ],
      [
        615409.8000988173,
        3295910.7689888123,
        0.0
      ],
      [
        615333.8479148856,
        3295933.717602968,
        0.0
      ],
      [
        615318.660871279,
        3295948.007710744,
        0.0
      ],
      [
        615356.7602497174,
        3295974.7165673063,
        0.0
      ],
      [
        615392.6677985077,
        3296012.7541560824,
        0.0
      ],
      [
        615402.824791768,
        3296033.49810874,
        0.0
      ],
      [
        615420.3053048468,
        3296048.12625376,
        0.0
      ],
      [
        615434.1453655884,
        3296063.7486393084,
        0.0
      ],
      [
        615448.1136472848,
        3296066.989130202,
        0.0
      ],
      [
        615467.2351621722,
        3296073.3788321014,
        0.0
      ],
      [
        615477.4561061626,
        3296087.93181259,
        0.0
      ],
      [
        615498.9190162761,
        3296068.5474569816,
        0.0
      ],
      [
        615548.2754577898,
        3296109.820451985,
        0.0
      ],
      [
        615595.3604815869,
        3296070.063286179,
        0.0
      ]
    ]
  ]
}