{
  "code": "252734724",
  "epsg": 32639,
  "bbox_utm": {
    "minx": 676461.581694552,
    "miny": 3249740.257154553,
    "maxx": 676741.3259146744,
    "maxy": 3250020.001374676
  },
  "polygon_utm": [
    [
      [
        676501.5451545694,
        3249814.8695220384,
        0.0
      ],
      [
        676536.0867377204,
        3249837.9515138543,
        0.0
      ],
      [
        676578.0665459076,
        3249868.4050037605,
        0.0
      ],
      [
        676621.3279047713,
        3249900.1741871755,
        0.0
      ],
      [
        676651.7148706724,
        3249922.4142936524,
        0.0
      ],
      [
        676694.1825450602,
        3249954.948648672,
        0.0
      ],
      [
        676701.362454657,
        3249945.4728929317,
        0.0
      ],
      [
        676650.3866623773,
        3249907.3642440527,
        0.0
      ],
      [
        676600.6882757238,
        3249870.830389732,
        0.0
      ],
      [
        676558.4279678818,
        3249841.668090085,
        0.0
      ],
      [
        676508.8999157129,
        3249805.309880557,
        0.0
      ],
      [
        676501.5451545694,
        3249814.8695220384,
        0.0
      ]
    ]
  ]
}