{
  "code": "252742226",
  "epsg": 32639,
  "bbox_utm": {
    "minx": 685286.1286424148,
    "miny": 3241766.648438811,
    "maxx": 685759.4817805811,
    "maxy": 3242240.0015769773
  },
  "polygon_utm": [
    [
      [
        685628.4401109081,
        3242134.453179006,
        0.0
      ],
      [
        685666.8910660931,
        3242110.1863450003,
        0.0
      ],
      [
        685573.0542002451,
        3241982.6243406027,
        0.0
      ],
      [
        685600.467928662,
        3241963.881905485,
        0.0
      ],
      [
        685558.2654294868,
        3241930.518371951,
        0.0
      ],
      [
        685529.3423403846,
        3241913.9683306827,
        0.0
      ],
      [
        685516.1557433257,
        3241891.451296859,
        0.0
      ],
      [
        685513.2486777703,
        3241877.918988647,
        0.0
      ],
      [
        685492.7064073505,
        3241858.9124657647,
        0.0
      ],
      [
        685481.0662674234,
        3241837.4579061703,
        0.0
      ],
      [
        685476.4264726341,
        3241834.270315692,
        0.0
      ],
      [
        685455.9401101565,
        3241843.790540578,
        0.0
      ],
      [
        685378.7193569026,
        3241879.874132098,
        0.0
      ],
      [
        685600.713548581,
        3242172.3797000963,
        0.0
      ],
      [
        685628.4401109081,
        3242134.453179006,
        0.0
      ]
    ]
  ]
}