{
  "code": "252864654",
  "epsg": 32639,
  "bbox_utm": {
    "minx": 612529.5298159134,
    "miny": 3295699.8515248145,
    "maxx": 612668.420431522,
    "maxy": 3295838.742140424
  },
  "polygon_utm": [
    [
      [
        612619.0965054573,
        3295773.3516563126,
        0.0
      ],
      [
        612619.3793586649,
        3295719.69304133,
        0.0
      ],
      [
        612587.9788310714,
        3295722.2136991136,
        0.0
      ],
      [
        612587.1671435343,
        3295725.559348741,
        0.0
      ],
      [
        612583.086585335,
        3295770.1500182976,
        0.0
      ],
      [
        612578.5708887705,
        3295806.4805534747,
        0.0
      ],
      [
        612607.7458627232,
        3295818.900623908,
        0.0
      ],
      [
        612619.0965054573,
        3295773.3516563126,
        0.0
      ]
    ]
  ]
}