{
  "code": "252981591",
  "epsg": 32639,
  "bbox_utm": {
    "minx": 702897.8618006322,
    "miny": 3126239.8797272057,
    "maxx": 703381.7272486743,
    "maxy": 3126723.7451752475
  },
  "polygon_utm": [
    [
      [
        703008.5723754448,
        3126575.778356698,
        0.0
      ],
      [
        703042.3838231661,
        3126569.2836930426,
        0.0
      ],
      [
        703056.0929987581,
        3126568.2083817767,
        0.0
      ],
      [
        703059.1305350536,
        3126575.3332748055,
        0.0
      ],
      [
        703101.4094634315,
        3126566.3640127853,
        0.0
      ],
      [
        703127.9799682376,
        3126567.6045223637,
        0.0
      ],
      [
        703141.3363238804,
        3126571.762486463,
        0.0
      ],
      [
        703147.8089478952,
        3126578.1603067466,
        0.0
      ],
      [
        703165.22869288,
        3126591.0325281476,
        0.0
      ],
      [
        703176.1892562626,
        3126596.72128558,
        0.0
      ],
      [
        703190.0361183403,
        3126602.9833755074,
        0.0
      ],
      [
        703195.4392166871,
        3126594.9550933028,
        0.0
      ],
      [
        703174.3839115708,
        3126579.139037344,
        0.0
      ],
      [
        703156.4646329944,
        3126564.6864763177,
        0.0
      ],
      [
        703135.0922408418,
        3126552.008567445,
        0.0
      ],
      [
        703121.3393944533,
        3126540.246944568,
        0.0
      ],
      [
        703105.9938297374,
        3126529.2439630446,
        0.0
      ],
      [
        703097.7548655861,
        3126518.3625749387,
        0.0
      ],
      [
        703093.5446625937,
        3126502.8347905288,
        0.0
      ],
      [
        703094.5090229033,
        3126492.634761907,
        0.0
      ],
      [
        703099.6085645107,
        3126486.958833113,
        0.0
      ],
      [
        703111.6713786868,
        3126489.7848398197,
        0.0
      ],
      [
        703118.6469145747,
        3126512.956863144,
        0.0
      ],
      [
        703133.4448528748,
        3126509.804562042,
        0.0
      ],
      [
        703161.2968953522,
        3126497.706995986,
        0.0
      ],
      [
        703167.7516249209,
        3126505.152406434,
        0.0
      ],
      [
        703170.1461647277,
        3126519.0773773687,
        0.0
      ],
      [
        703163.1324302915,
        3126528.9118907354,
        0.0
      ],
      [
        703168.297991793,
        3126534.7634516163,
        0.0
      ],
      [
        703188.9223633056,
        3126529.6152508543,
        0.0
      ],
      [
        703203.2656144148,
        3126522.2638686444,
        0.0
      ],
      [
        703214.985763421,
        3126514.3436699314,
        0.0
      ],
      [
        703223.6447512929,
        3126516.06367316,
        0.0
      ],
      [
        703245.6991442513,
        3126535.0405414635,
        0.0
      ],
      [
        703253.6433724522,
        3126547.7507146983,
        0.0
      ],
      [
        703265.6060851245,
        3126571.7940157545,
        0.0
      ],
      [
        703276.506949656,
        3126596.3430230506,
        0.0
      ],
      [
        703289.585174647,
        3126616.7379222624,
        0.0
      ],
      [
        703300.408037921,
        3126615.089551086,
        0.0
      ],
      [
        703308.9172897782,
        3126594.8023788556,
        0.0
      ],
      [
        703312.6036132397,
        3126579.409830956,
        0.0
      ],
      [
        703305.7481803638,
        3126564.6226014253,
        0.0
      ],
      [
        703299.1514523923,
        3126550.101751258,
        0.0
      ],
      [
        703298.0596577371,
        3126536.9849709994,
        0.0
      ],
      [
        703279.3835874833,
        3126505.22969656,
        0.0
      ],
      [
        703276.1636671964,
        3126493.3862443687,
        0.0
      ],
      [
        703271.4317461993,
        3126477.587447232,
        0.0
      ],
      [
        703278.3707358146,
        3126456.749202533,
        0.0
      ],
      [
        703276.2229386221,
        3126428.4203342046,
        0.0
      ],
      [
        703278.9895754694,
        3126420.608781277,
        0.0
      ],
      [
        703286.016921479,
        3126409.98857215,
        0.0
      ],
      [
        703296.7606314574,
        3126397.5982431225,
        0.0
      ],
      [
        703299.3313472139,
        3126385.853842224,
        0.0
      ],
      [
        703297.1104365407,
        3126377.1709592664,
        0.0
      ],
      [
        703293.2340121018,
        3126372.9131336114,
        0.0
      ],
      [
        703287.8873089892,
        3126346.8869801904,
        0.0
      ],
      [
        703279.4376033038,
        3126348.3140909676,
        0.0
      ],
      [
        703267.2446344421,
        3126353.0826709834,
        0.0
      ],
      [
        703253.7131966151,
        3126359.138173216,
        0.0
      ],
      [
        703235.5412865689,
        3126374.8069611876,
        0.0
      ],
      [
        703220.8673849184,
        3126386.082227607,
        0.0
      ],
      [
        703198.5559020271,
        3126397.488734837,
        0.0
      ],
      [
        703178.5999169511,
        3126409.7214751937,
        0.0
      ],
      [
        703154.6958144582,
        3126421.886669298,
        0.0
      ],
      [
        703121.1772834833,
        3126442.0082598496,
        0.0
      ],
      [
        703096.2025501662,
        3126455.2030614205,
        0.0
      ],
      [
        703090.98917699,
        3126451.8857077495,
        0.0
      ],
      [
        703078.0321108281,
        3126455.416142689,
        0.0
      ],
      [
        703075.4896101479,
        3126450.133386467,
        0.0
      ],
      [
        703057.9475336882,
        3126459.787919115,
        0.0
      ],
      [
        703023.5948740756,
        3126482.5150525887,
        0.0
      ],
      [
        703007.6769292699,
        3126489.5777790532,
        0.0
      ],
      [
        702986.6416100133,
        3126503.3640287938,
        0.0
      ],
      [
        702966.9854360668,
        3126517.188318508,
        0.0
      ],
      [
        702988.8043283389,
        3126545.9992649658,
        0.0
      ],
      [
        703008.5723754448,
        3126575.778356698,
        0.0
      ]
    ]
  ]
}