{
  "code": "252921810",
  "epsg": 32639,
  "bbox_utm": {
    "minx": 606690.8952492242,
    "miny": 3299485.496515989,
    "maxx": 607047.3305607453,
    "maxy": 3299841.9318275102
  },
  "polygon_utm": [
    [
      [
        606741.8145794413,
        3299683.0956601882,
        0.0
      ],
      [
        606840.387352212,
        3299783.071141505,
        0.0
      ],
      [
        606996.411230528,
        3299622.6146093425,
        0.0
      ],
      [
        606967.9187143744,
        3299566.6358205606,
        0.0
      ],
      [
        606965.9840643175,
        3299552.1751649007,
        0.0
      ],
      [
        606920.4181997515,
        3299546.579489301,
        0.0
      ],
      [
        606903.8505860945,
        3299544.3572019935,
        0.0
      ],
      [
        606741.8145794413,
        3299683.0956601882,
        0.0
      ]
    ]
  ]
}