{
  "code": "252980770",
  "epsg": 32639,
  "bbox_utm": {
    "minx": 703180.0165667199,
    "miny": 3126085.4814157644,
    "maxx": 703462.406002424,
    "maxy": 3126367.870851469
  },
  "polygon_utm": [
    [
      [
        703284.2990782293,
        3126141.2722368296,
        0.0
      ],
      [
        703272.342215017,
        3126147.616777812,
        0.0
      ],
      [
        703257.3509922645,
        3126162.030447969,
        0.0
      ],
      [
        703245.0054180747,
        3126175.7034973814,
        0.0
      ],
      [
        703234.5068666353,
        3126189.146189114,
        0.0
      ],
      [
        703223.9769586899,
        3126204.422118468,
        0.0
      ],
      [
        703220.3579146776,
        3126215.8867967925,
        0.0
      ],
      [
        703221.2314642731,
        3126226.3804899342,
        0.0
      ],
      [
        703226.624493632,
        3126234.3318534037,
        0.0
      ],
      [
        703234.3640328299,
        3126243.6332228766,
        0.0
      ],
      [
        703240.1431640068,
        3126251.8434536187,
        0.0
      ],
      [
        703248.7905106877,
        3126261.944515119,
        0.0
      ],
      [
        703256.8845170795,
        3126273.6076309793,
        0.0
      ],
      [
        703264.367544398,
        3126282.5101093524,
        0.0
      ],
      [
        703269.1316478034,
        3126288.7468239316,
        0.0
      ],
      [
        703277.1814333377,
        3126295.301716112,
        0.0
      ],
      [
        703288.820461282,
        3126299.822702623,
        0.0
      ],
      [
        703302.0836008884,
        3126301.752302735,
        0.0
      ],
      [
        703313.1461863929,
        3126316.8712291257,
        0.0
      ],
      [
        703336.1072597799,
        3126298.554753408,
        0.0
      ],
      [
        703345.4632776483,
        3126290.332049209,
        0.0
      ],
      [
        703377.193980226,
        3126267.036520976,
        0.0
      ],
      [
        703392.3676929836,
        3126257.3416791875,
        0.0
      ],
      [
        703405.462633763,
        3126246.0394215523,
        0.0
      ],
      [
        703420.6588338963,
        3126235.0351364436,
        0.0
      ],
      [
        703422.0646544662,
        3126229.819849902,
        0.0
      ],
      [
        703396.9515278583,
        3126189.570281772,
        0.0
      ],
      [
        703375.3841935538,
        3126157.5024645193,
        0.0
      ],
      [
        703362.5014727493,
        3126141.039633273,
        0.0
      ],
      [
        703354.1188938135,
        3126138.538321547,
        0.0
      ],
      [
        703343.8265101133,
        3126139.933865417,
        0.0
      ],
      [
        703334.5600868996,
        3126142.918811167,
        0.0
      ],
      [
        703322.751197218,
        3126140.6208144203,
        0.0
      ],
      [
        703307.7881824395,
        3126138.006848141,
        0.0
      ],
      [
        703295.1761801214,
        3126136.4810381075,
        0.0
      ],
      [
        703284.2990782293,
        3126141.2722368296,
        0.0
      ]
    ]
  ]
}