{
  "code": "252981609",
  "epsg": 32639,
  "bbox_utm": {
    "minx": 702875.0583124375,
    "miny": 3126316.6571400436,
    "maxx": 703126.9776544154,
    "maxy": 3126568.5764820212
  },
  "polygon_utm": [
    [
      [
        702920.5886122597,
        3126470.448972348,
        0.0
      ],
      [
        702935.693613834,
        3126480.1361642326,
        0.0
      ],
      [
        702955.8478970241,
        3126502.481658014,
        0.0
      ],
      [
        702966.9854360668,
        3126517.188318508,
        0.0
      ],
      [
        702986.6416100133,
        3126503.3640287938,
        0.0
      ],
      [
        703007.6769292699,
        3126489.5777790532,
        0.0
      ],
      [
        703023.5948740756,
        3126482.5150525887,
        0.0
      ],
      [
        703057.9475336882,
        3126459.787919115,
        0.0
      ],
      [
        703075.4896101479,
        3126450.133386467,
        0.0
      ],
      [
        703078.0321108281,
        3126455.416142689,
        0.0
      ],
      [
        703090.98917699,
        3126451.8857077495,
        0.0
      ],
      [
        703057.5243035358,
        3126407.31109767,
        0.0
      ],
      [
        703028.1810037172,
        3126368.0453035566,
        0.0
      ],
      [
        703014.8511935052,
        3126377.8444157057,
        0.0
      ],
      [
        703002.9278086557,
        3126389.9528572774,
        0.0
      ],
      [
        702991.8366214269,
        3126399.5868666694,
        0.0
      ],
      [
        702975.7354934342,
        3126409.6591462577,
        0.0
      ],
      [
        702966.2795780302,
        3126416.046572819,
        0.0
      ],
      [
        702956.8147186592,
        3126422.957776807,
        0.0
      ],
      [
        702938.2910409155,
        3126436.1322253323,
        0.0
      ],
      [
        702928.674464853,
        3126444.219677408,
        0.0
      ],
      [
        702917.2087196753,
        3126452.668467141,
        0.0
      ],
      [
        702911.0467898629,
        3126458.761547792,
        0.0
      ],
      [
        702920.5886122597,
        3126470.448972348,
        0.0
      ]
    ]
  ]
}