{
  "code": "252981009",
  "epsg": 32639,
  "bbox_utm": {
    "minx": 703232.9290491819,
    "miny": 3126380.0811160165,
    "maxx": 703372.7905344636,
    "maxy": 3126519.9426012984
  },
  "polygon_utm": [
    [
      [
        703296.5601030926,
        3126486.181597134,
        0.0
      ],
      [
        703314.9233884931,
        3126474.7077451954,
        0.0
      ],
      [
        703319.9347660234,
        3126458.8138079937,
        0.0
      ],
      [
        703328.4710563284,
        3126436.9550514277,
        0.0
      ],
      [
        703319.4964039131,
        3126422.917241351,
        0.0
      ],
      [
        703318.699216562,
        3126407.971612629,
        0.0
      ],
      [
        703300.4044919171,
        3126400.0613281997,
        0.0
      ],
      [
        703296.1348095032,
        3126403.393753202,
        0.0
      ],
      [
        703285.3911049968,
        3126415.7840763624,
        0.0
      ],
      [
        703281.5267758328,
        3126426.1964772562,
        0.0
      ],
      [
        703279.7457150688,
        3126437.9543615943,
        0.0
      ],
      [
        703282.113238324,
        3126453.450762886,
        0.0
      ],
      [
        703284.3341411971,
        3126462.13358814,
        0.0
      ],
      [
        703279.2031047521,
        3126469.642662146,
        0.0
      ],
      [
        703277.2485273171,
        3126476.158271929,
        0.0
      ],
      [
        703279.9285804791,
        3126488.7783850003,
        0.0
      ],
      [
        703290.5318075242,
        3126499.9623891152,
        0.0
      ],
      [
        703296.5601030926,
        3126486.181597134,
        0.0
      ]
    ]
  ]
}