{
  "code": "252981445",
  "epsg": 32639,
  "bbox_utm": {
    "minx": 703281.977246581,
    "miny": 3126228.9198902096,
    "maxx": 703450.2283131109,
    "maxy": 3126397.1709567397
  },
  "polygon_utm": [
    [
      [
        703348.8211575926,
        3126355.6077266317,
        0.0
      ],
      [
        703350.9462508331,
        3126339.1402664254,
        0.0
      ],
      [
        703356.6980152172,
        3126326.1404693658,
        0.0
      ],
      [
        703365.0370640231,
        3126315.804646675,
        0.0
      ],
      [
        703387.737715545,
        3126297.069932258,
        0.0
      ],
      [
        703392.1181292965,
        3126302.6462862175,
        0.0
      ],
      [
        703424.1076287192,
        3126279.6173027577,
        0.0
      ],
      [
        703426.1924464637,
        3126265.506762777,
        0.0
      ],
      [
        703420.853406327,
        3126254.412622637,
        0.0
      ],
      [
        703418.224714575,
        3126254.037813365,
        0.0
      ],
      [
        703409.7322944824,
        3126257.952815688,
        0.0
      ],
      [
        703400.3186294403,
        3126261.8520391965,
        0.0
      ],
      [
        703387.2910080622,
        3126269.2259222544,
        0.0
      ],
      [
        703376.7886129839,
        3126275.2022493845,
        0.0
      ],
      [
        703370.4490410317,
        3126276.403489843,
        0.0
      ],
      [
        703361.3741519956,
        3126283.583132329,
        0.0
      ],
      [
        703353.8997752299,
        3126289.6791392043,
        0.0
      ],
      [
        703342.9689540829,
        3126297.612897849,
        0.0
      ],
      [
        703330.6861979135,
        3126307.619240707,
        0.0
      ],
      [
        703317.8456409934,
        3126319.449799391,
        0.0
      ],
      [
        703310.3680352082,
        3126325.6089381753,
        0.0
      ],
      [
        703306.013113228,
        3126333.9172828034,
        0.0
      ],
      [
        703306.9538436041,
        3126340.4825468287,
        0.0
      ],
      [
        703310.3966350212,
        3126354.6876660455,
        0.0
      ],
      [
        703310.4176602527,
        3126368.834170566,
        0.0
      ],
      [
        703330.1092257123,
        3126372.0530335843,
        0.0
      ],
      [
        703348.8211575926,
        3126355.6077266317,
        0.0
      ]
    ]
  ]
}