{
  "code": "253498991",
  "epsg": 32639,
  "bbox_utm": {
    "minx": 691018.7923856502,
    "miny": 3279317.395416354,
    "maxx": 691322.8254299354,
    "maxy": 3279621.428460639
  },
  "polygon_utm": [
    [
      [
        691247.2218638496,
        3279403.090516442,
        0.0
      ],
      [
        691227.7817686083,
        3279415.683333392,
        0.0
      ],
      [
        691206.9419629071,
        3279418.946819835,
        0.0
      ],
      [
        691186.5070907925,
        3279428.9378700303,
        0.0
      ],
      [
        691128.9050205462,
        3279439.84638907,
        0.0
      ],
      [
        691103.8348321841,
        3279447.4322034703,
        0.0
      ],
      [
        691062.2256776909,
        3279472.239894679,
        0.0
      ],
      [
        691109.3993419338,
        3279544.7261201343,
        0.0
      ],
      [
        691279.3921378946,
        3279436.2083605914,
        0.0
      ],
      [
        691265.561398096,
        3279394.0977568584,
        0.0
      ],
      [
        691247.2218638496,
        3279403.090516442,
        0.0
      ]
    ]
  ]
}