{
  "code": "254570009",
  "epsg": 32639,
  "bbox_utm": {
    "minx": 600228.8163016563,
    "miny": 3296071.9265661375,
    "maxx": 600839.5631523615,
    "maxy": 3296682.673416843
  },
  "polygon_utm": [
    [
      [
        600316.0658517571,
        3296204.279647051,
        0.0
      ],
      [
        600382.109077286,
        3296240.9891944667,
        0.0
      ],
      [
        600400.3289730281,
        3296290.682088349,
        0.0
      ],
      [
        600438.1772194444,
        3296348.8064304786,
        0.0
      ],
      [
        600449.3609531639,
        3296373.671411058,
        0.0
      ],
      [
        600404.2775756815,
        3296427.9524682406,
        0.0
      ],
      [
        600449.728306943,
        3296447.9669223824,
        0.0
      ],
      [
        600463.808911252,
        3296496.5898946472,
        0.0
      ],
      [
        600514.0346570165,
        3296562.0478414074,
        0.0
      ],
      [
        600542.9768647446,
        3296572.6271751653,
        0.0
      ],
      [
        600592.9285962523,
        3296553.473378452,
        0.0
      ],
      [
        600648.8600724705,
        3296561.20121042,
        0.0
      ],
      [
        600724.9230158953,
        3296521.6473337924,
        0.0
      ],
      [
        600752.3136022608,
        3296474.4308084226,
        0.0
      ],
      [
        600751.3699042362,
        3296464.1039555697,
        0.0
      ],
      [
        600675.0245328072,
        3296420.076901125,
        0.0
      ],
      [
        600699.2482163633,
        3296379.0222495175,
        0.0
      ],
      [
        600661.140450006,
        3296349.7863957803,
        0.0
      ],
      [
        600590.6061522362,
        3296351.2131637274,
        0.0
      ],
      [
        600552.5352559633,
        3296317.8505796716,
        0.0
      ],
      [
        600547.6109262933,
        3296288.914449269,
        0.0
      ],
      [
        600489.8924418592,
        3296249.183551278,
        0.0
      ],
      [
        600433.1361716763,
        3296217.7163351076,
        0.0
      ],
      [
        600412.4146266058,
        3296215.465901021,
        0.0
      ],
      [
        600383.5271305332,
        3296198.695981596,
        0.0
      ],
      [
        600359.824599656,
        3296181.9728078153,
        0.0
      ],
      [
        600316.0658517571,
        3296204.279647051,
        0.0
      ]
    ]
  ]
}