{
  "code": "255454375",
  "epsg": 32639,
  "bbox_utm": {
    "minx": 683539.7780374289,
    "miny": 3242835.7232533665,
    "maxx": 683834.1941627245,
    "maxy": 3243130.139378662
  },
  "polygon_utm": [
    [
      [
        683764.3164000765,
        3243059.5299998377,
        0.0
      ],
      [
        683761.4171000762,
        3243054.3721998367,
        0.0
      ],
      [
        683743.7965000754,
        3243023.026199839,
        0.0
      ],
      [
        683723.5162000766,
        3242989.827499839,
        0.0
      ],
      [
        683695.8738000763,
        3242945.3773998376,
        0.0
      ],
      [
        683661.5663000762,
        3242891.3843998383,
        0.0
      ],
      [
        683653.1150000764,
        3242877.7826998373,
        0.0
      ],
      [
        683609.6558000769,
        3242907.1190998387,
        0.0
      ],
      [
        683660.7798000751,
        3242992.0144998366,
        0.0
      ],
      [
        683708.9805000757,
        3243074.9420998376,
        0.0
      ],
      [
        683714.6158000774,
        3243085.4841998373,
        0.0
      ],
      [
        683716.0033335731,
        3243088.0799321914,
        0.0
      ],
      [
        683764.3164000765,
        3243059.5299998377,
        0.0
      ]
    ]
  ]
}