{
  "code": "255453189",
  "epsg": 32639,
  "bbox_utm": {
    "minx": 686390.7602162721,
    "miny": 3241189.0422750656,
    "maxx": 687793.8311762473,
    "maxy": 3242592.1132350415
  },
  "polygon_utm": [
    [
      [
        686635.3411924348,
        3241434.930225301,
        0.0
      ],
      [
        686702.6521621641,
        3241510.72387413,
        0.0
      ],
      [
        686926.939829685,
        3241757.403244714,
        0.0
      ],
      [
        687025.7789538451,
        3241865.3533957456,
        0.0
      ],
      [
        687204.531292824,
        3242058.899570356,
        0.0
      ],
      [
        687239.125044568,
        3242094.9965330153,
        0.0
      ],
      [
        687354.6096724556,
        3242220.5955079133,
        0.0
      ],
      [
        687443.7909381187,
        3242313.0866856547,
        0.0
      ],
      [
        687523.2955378676,
        3242391.674526473,
        0.0
      ],
      [
        687549.2502000846,
        3242315.107799822,
        0.0
      ],
      [
        687489.3205000856,
        3242258.084499821,
        0.0
      ],
      [
        687374.4911000851,
        3242138.6248998228,
        0.0
      ],
      [
        687286.3318000835,
        3242046.205799823,
        0.0
      ],
      [
        687202.061800085,
        3241954.527399825,
        0.0
      ],
      [
        687123.3481000841,
        3241870.6278998237,
        0.0
      ],
      [
        687065.9334000838,
        3241807.8421998224,
        0.0
      ],
      [
        686995.3689000837,
        3241733.5734998225,
        0.0
      ],
      [
        686904.9871000829,
        3241633.375599825,
        0.0
      ],
      [
        686828.3107000838,
        3241549.8463998255,
        0.0
      ],
      [
        686780.712000084,
        3241496.8766998257,
        0.0
      ],
      [
        686725.9644496515,
        3241434.7504511084,
        0.0
      ],
      [
        686683.6297005252,
        3241389.4809836335,
        0.0
      ],
      [
        686635.3411924348,
        3241434.930225301,
        0.0
      ]
    ]
  ]
}