{
  "code": "255456021",
  "epsg": 32639,
  "bbox_utm": {
    "minx": 683767.506366029,
    "miny": 3243092.047977368,
    "maxx": 684077.2803232885,
    "maxy": 3243401.821934627
  },
  "polygon_utm": [
    [
      [
        683885.8911000756,
        3243161.7302998384,
        0.0
      ],
      [
        683842.464500076,
        3243203.2403998366,
        0.0
      ],
      [
        683846.4746877794,
        3243210.980580847,
        0.0
      ],
      [
        683852.7414917063,
        3243223.0763230748,
        0.0
      ],
      [
        683863.379308253,
        3243243.608685072,
        0.0
      ],
      [
        683865.4053297909,
        3243247.5191687206,
        0.0
      ],
      [
        683866.7880364666,
        3243250.653026939,
        0.0
      ],
      [
        683885.5445487276,
        3243283.3677835534,
        0.0
      ],
      [
        683900.1235213841,
        3243308.4954957427,
        0.0
      ],
      [
        683919.1152133257,
        3243342.769697047,
        0.0
      ],
      [
        683927.4149022943,
        3243357.5685121617,
        0.0
      ],
      [
        684002.3221892415,
        3243289.356711792,
        0.0
      ],
      [
        683999.7449000768,
        3243282.530299837,
        0.0
      ],
      [
        683999.2389000773,
        3243281.189899836,
        0.0
      ],
      [
        683994.6087000777,
        3243272.114699837,
        0.0
      ],
      [
        683950.1585000765,
        3243208.5880998364,
        0.0
      ],
      [
        683917.5618000767,
        3243155.803599837,
        0.0
      ],
      [
        683909.2053000759,
        3243142.0056998343,
        0.0
      ],
      [
        683905.7506000764,
        3243136.3013998335,
        0.0
      ],
      [
        683885.8911000756,
        3243161.7302998384,
        0.0
      ]
    ]
  ]
}