{
  "code": "255439464",
  "epsg": 32639,
  "bbox_utm": {
    "minx": 683805.3035000764,
    "miny": 3242884.8404998365,
    "maxx": 684061.1437000762,
    "maxy": 3243140.680699836
  },
  "polygon_utm": [
    [
      [
        683975.7575000778,
        3243097.2252998333,
        0.0
      ],
      [
        684010.9293000767,
        3243087.859699838,
        0.0
      ],
      [
        683986.970700077,
        3243051.827599836,
        0.0
      ],
      [
        683967.8405000769,
        3243023.4928998365,
        0.0
      ],
      [
        683952.1533000774,
        3243000.2578998357,
        0.0
      ],
      [
        683939.1690000761,
        3242983.1575998347,
        0.0
      ],
      [
        683928.1035000768,
        3242968.584099838,
        0.0
      ],
      [
        683916.3858000768,
        3242953.2080998365,
        0.0
      ],
      [
        683914.636300077,
        3242950.912299835,
        0.0
      ],
      [
        683891.3861000774,
        3242921.3890998363,
        0.0
      ],
      [
        683855.517900076,
        3242938.2254998386,
        0.0
      ],
      [
        683857.2315000755,
        3242940.8514998355,
        0.0
      ],
      [
        683879.9565000776,
        3242979.734299837,
        0.0
      ],
      [
        683906.2639000771,
        3243018.0724998373,
        0.0
      ],
      [
        683911.2269000765,
        3243025.304899837,
        0.0
      ],
      [
        683924.9389000762,
        3243049.5042998386,
        0.0
      ],
      [
        683933.0883000764,
        3243066.8286998374,
        0.0
      ],
      [
        683938.0219000757,
        3243079.959499838,
        0.0
      ],
      [
        683946.2151000759,
        3243097.6660998357,
        0.0
      ],
      [
        683949.8194000779,
        3243104.132099836,
        0.0
      ],
      [
        683975.7575000778,
        3243097.2252998333,
        0.0
      ]
    ]
  ]
}