{
  "code": "255644680",
  "epsg": 32639,
  "bbox_utm": {
    "minx": 683137.195725691,
    "miny": 3244067.069971206,
    "maxx": 683553.4480446433,
    "maxy": 3244483.3222901574
  },
  "polygon_utm": [
    [
      [
        683307.6403701412,
        3244235.4354807665,
        0.0
      ],
      [
        683416.1333068237,
        3244423.8576731645,
        0.0
      ],
      [
        683440.2772926611,
        3244413.358455527,
        0.0
      ],
      [
        683274.9984923726,
        3244126.5345881986,
        0.0
      ],
      [
        683250.3664776733,
        3244134.952428584,
        0.0
      ],
      [
        683307.6403701412,
        3244235.4354807665,
        0.0
      ]
    ]
  ]
}