{
  "code": "255806989",
  "epsg": 32639,
  "bbox_utm": {
    "minx": 682928.1505038823,
    "miny": 3243780.336533186,
    "maxx": 683141.3177325608,
    "maxy": 3243993.5037618643
  },
  "polygon_utm": [
    [
      [
        682985.7998450648,
        3243831.228429786,
        0.0
      ],
      [
        683020.951155004,
        3243915.158866131,
        0.0
      ],
      [
        683041.0092159631,
        3243963.0513006244,
        0.0
      ],
      [
        683059.3134155899,
        3243959.1978276432,
        0.0
      ],
      [
        683083.6683913784,
        3243951.8120545596,
        0.0
      ],
      [
        683068.3772016437,
        3243914.230245885,
        0.0
      ],
      [
        683053.0984318057,
        3243875.870718464,
        0.0
      ],
      [
        683028.7379317706,
        3243810.7889944254,
        0.0
      ],
      [
        682985.7998450648,
        3243831.228429786,
        0.0
      ]
    ]
  ]
}