{
  "code": "255805269",
  "epsg": 32639,
  "bbox_utm": {
    "minx": 681985.3468530353,
    "miny": 3244652.2849975554,
    "maxx": 682449.8094924933,
    "maxy": 3245116.747637013
  },
  "polygon_utm": [
    [
      [
        682104.2277774408,
        3244738.490222389,
        0.0
      ],
      [
        682145.4115854779,
        3244819.000466626,
        0.0
      ],
      [
        682208.1353592584,
        3244937.447110487,
        0.0
      ],
      [
        682213.9940454599,
        3244945.8370807273,
        0.0
      ],
      [
        682267.5585101668,
        3245050.3958313763,
        0.0
      ],
      [
        682330.9285680879,
        3245047.265044827,
        0.0
      ],
      [
        682300.0368284037,
        3244991.2901197616,
        0.0
      ],
      [
        682229.5530066346,
        3244869.348651364,
        0.0
      ],
      [
        682174.3202269343,
        3244771.243106226,
        0.0
      ],
      [
        682145.6551684386,
        3244722.562214988,
        0.0
      ],
      [
        682143.3728721266,
        3244718.636803192,
        0.0
      ],
      [
        682104.2277774408,
        3244738.490222389,
        0.0
      ]
    ]
  ]
}