{
  "code": "255805375",
  "epsg": 32639,
  "bbox_utm": {
    "minx": 682093.4893931715,
    "miny": 3244589.9070679448,
    "maxx": 682595.8522892644,
    "maxy": 3245092.269964038
  },
  "polygon_utm": [
    [
      [
        682224.3060800955,
        3244676.639333835,
        0.0
      ],
      [
        682289.0948027879,
        3244780.084347743,
        0.0
      ],
      [
        682344.8159481506,
        3244863.939483125,
        0.0
      ],
      [
        682380.3304766574,
        3244924.137371668,
        0.0
      ],
      [
        682432.6885592823,
        3245006.382507348,
        0.0
      ],
      [
        682440.2790189893,
        3245020.5038360246,
        0.0
      ],
      [
        682465.0356023405,
        3245009.2766836886,
        0.0
      ],
      [
        682438.5398887817,
        3244966.5521815103,
        0.0
      ],
      [
        682410.56642368,
        3244923.585929002,
        0.0
      ],
      [
        682330.2669552218,
        3244796.300367764,
        0.0
      ],
      [
        682289.3391381201,
        3244732.385585914,
        0.0
      ],
      [
        682244.871730512,
        3244661.673195958,
        0.0
      ],
      [
        682224.3060800955,
        3244676.639333835,
        0.0
      ]
    ]
  ]
}