{
  "code": "256225855",
  "epsg": 32639,
  "bbox_utm": {
    "minx": 680141.7261375147,
    "miny": 3245049.4211651287,
    "maxx": 680288.4877707283,
    "maxy": 3245196.1827983423
  },
  "polygon_utm": [
    [
      [
        680233.8505962217,
        3245169.337606431,
        0.0
      ],
      [
        680241.7417841691,
        3245164.666892815,
        0.0
      ],
      [
        680248.9590964501,
        3245161.4113109484,
        0.0
      ],
      [
        680250.8340382949,
        3245158.200559533,
        0.0
      ],
      [
        680215.9950074105,
        3245087.6524446555,
        0.0
      ],
      [
        680207.2518989157,
        3245070.3871127306,
        0.0
      ],
      [
        680179.3798699481,
        3245082.8161937324,
        0.0
      ],
      [
        680184.1147256949,
        3245093.3684221148,
        0.0
      ],
      [
        680201.2450932019,
        3245130.452543733,
        0.0
      ],
      [
        680221.9565792822,
        3245171.7412572564,
        0.0
      ],
      [
        680224.6161854805,
        3245175.2168507404,
        0.0
      ],
      [
        680233.8505962217,
        3245169.337606431,
        0.0
      ]
    ]
  ]
}