{
  "code": "256632279",
  "epsg": 32639,
  "bbox_utm": {
    "minx": 689494.9169660485,
    "miny": 3237864.575831789,
    "maxx": 689897.8022043409,
    "maxy": 3238267.4610700817
  },
  "polygon_utm": [
    [
      [
        689651.6490000907,
        3238047.640299814,
        0.0
      ],
      [
        689801.112400091,
        3238175.804699813,
        0.0
      ],
      [
        689824.4992640082,
        3238195.351302057,
        0.0
      ],
      [
        689840.2471702992,
        3238168.9291407815,
        0.0
      ],
      [
        689797.5819000913,
        3238133.1123998147,
        0.0
      ],
      [
        689740.2909000912,
        3238084.5581998117,
        0.0
      ],
      [
        689692.324400093,
        3238045.104699813,
        0.0
      ],
      [
        689651.0536000909,
        3238010.2955998145,
        0.0
      ],
      [
        689606.9847000898,
        3237973.6161998133,
        0.0
      ],
      [
        689559.305175091,
        3237936.6855998132,
        0.0
      ],
      [
        689552.4720000903,
        3237964.531099811,
        0.0
      ],
      [
        689651.6490000907,
        3238047.640299814,
        0.0
      ]
    ]
  ]
}