{
  "code": "256772010",
  "epsg": 32639,
  "bbox_utm": {
    "minx": 689143.1589200898,
    "miny": 3236682.482119813,
    "maxx": 689805.1585800912,
    "maxy": 3237344.481779814
  },
  "polygon_utm": [
    [
      [
        689396.3977000898,
        3236985.541799813,
        0.0
      ],
      [
        689594.5710000925,
        3237125.1890998124,
        0.0
      ],
      [
        689700.6432000906,
        3237198.185599813,
        0.0
      ],
      [
        689710.5872000909,
        3237135.7522998126,
        0.0
      ],
      [
        689704.2146000897,
        3237132.2270998135,
        0.0
      ],
      [
        689692.0461000906,
        3237123.9354998134,
        0.0
      ],
      [
        689664.2985000899,
        3237105.0283998144,
        0.0
      ],
      [
        689626.7663000913,
        3237079.4540998116,
        0.0
      ],
      [
        689589.7556000911,
        3237053.3281998103,
        0.0
      ],
      [
        689583.1393000904,
        3237047.2575998143,
        0.0
      ],
      [
        689576.9762000918,
        3237043.5120998123,
        0.0
      ],
      [
        689564.2479000901,
        3237039.9646998136,
        0.0
      ],
      [
        689558.0625000906,
        3237035.625299814,
        0.0
      ],
      [
        689498.0637000905,
        3236993.3290998144,
        0.0
      ],
      [
        689454.7601000895,
        3236963.139199813,
        0.0
      ],
      [
        689411.0525000924,
        3236932.3772998126,
        0.0
      ],
      [
        689357.8120000897,
        3236894.6589998137,
        0.0
      ],
      [
        689310.0246000913,
        3236860.8383998135,
        0.0
      ],
      [
        689263.2195000891,
        3236828.778299815,
        0.0
      ],
      [
        689237.73030009,
        3236874.713699814,
        0.0
      ],
      [
        689396.3977000898,
        3236985.541799813,
        0.0
      ]
    ]
  ]
}