{
  "code": "256790001",
  "epsg": 32639,
  "bbox_utm": {
    "minx": 690588.5697966453,
    "miny": 3235742.3332716003,
    "maxx": 691185.1162940946,
    "maxy": 3236338.8797690496
  },
  "polygon_utm": [
    [
      [
        691016.7956000937,
        3235956.720099808,
        0.0
      ],
      [
        690956.5410000937,
        3235890.044899807,
        0.0
      ],
      [
        690902.4601000949,
        3235829.5433998047,
        0.0
      ],
      [
        690900.0783334278,
        3235827.5541998073,
        0.0
      ],
      [
        690895.7286000942,
        3235832.0128998077,
        0.0
      ],
      [
        690893.4874199752,
        3235831.4577876995,
        0.0
      ],
      [
        690891.9208690373,
        3235831.561282997,
        0.0
      ],
      [
        690890.9344425455,
        3235832.063702731,
        0.0
      ],
      [
        690888.9583311238,
        3235833.263091272,
        0.0
      ],
      [
        690886.2500064422,
        3235835.358364904,
        0.0
      ],
      [
        690879.1950996555,
        3235836.1483475994,
        0.0
      ],
      [
        690870.560610749,
        3235837.8200278715,
        0.0
      ],
      [
        690859.1341613857,
        3235842.688343805,
        0.0
      ],
      [
        690849.796800093,
        3235845.100899808,
        0.0
      ],
      [
        690833.2515000955,
        3235855.9664998045,
        0.0
      ],
      [
        690828.5595000936,
        3235859.9175998075,
        0.0
      ],
      [
        690818.1879000956,
        3235853.7439998076,
        0.0
      ],
      [
        690805.3467000935,
        3235841.3967998074,
        0.0
      ],
      [
        690802.1673000942,
        3235836.649899807,
        0.0
      ],
      [
        690793.7171356388,
        3235840.0361317564,
        0.0
      ],
      [
        690731.638944681,
        3235933.9629458473,
        0.0
      ],
      [
        690718.3030422666,
        3235951.6430784585,
        0.0
      ],
      [
        690699.1660886765,
        3235973.118135369,
        0.0
      ],
      [
        690689.6152906456,
        3235998.386126386,
        0.0
      ],
      [
        690692.1533807531,
        3236018.148088393,
        0.0
      ],
      [
        690739.858063931,
        3236066.16934423,
        0.0
      ],
      [
        690756.6229512945,
        3236092.915455859,
        0.0
      ],
      [
        690904.1488696944,
        3236253.6588408425,
        0.0
      ],
      [
        691062.3133795544,
        3236059.635859306,
        0.0
      ],
      [
        691084.0708000944,
        3236029.416699806,
        0.0
      ],
      [
        691016.7956000937,
        3235956.720099808,
        0.0
      ]
    ]
  ]
}