{
  "code": "256787906",
  "epsg": 32639,
  "bbox_utm": {
    "minx": 690753.2498016213,
    "miny": 3235436.959965012,
    "maxx": 691444.4493255476,
    "maxy": 3236128.1594889387
  },
  "polygon_utm": [
    [
      [
        690902.4601000949,
        3235829.5433998047,
        0.0
      ],
      [
        690956.5410000937,
        3235890.044899807,
        0.0
      ],
      [
        691016.7956000937,
        3235956.720099808,
        0.0
      ],
      [
        691084.0708000944,
        3236029.416699806,
        0.0
      ],
      [
        691300.4742004079,
        3235761.348578208,
        0.0
      ],
      [
        691058.8392918833,
        3235535.7027541446,
        0.0
      ],
      [
        691013.3749009443,
        3235618.4924147013,
        0.0
      ],
      [
        690950.889561641,
        3235728.760138354,
        0.0
      ],
      [
        690923.2019600119,
        3235777.985381974,
        0.0
      ],
      [
        690897.2249267611,
        3235824.833686475,
        0.0
      ],
      [
        690900.0783334278,
        3235827.5541998073,
        0.0
      ],
      [
        690902.4601000949,
        3235829.5433998047,
        0.0
      ]
    ]
  ]
}