{
  "code": "256985849",
  "epsg": 32639,
  "bbox_utm": {
    "minx": 676962.5165050948,
    "miny": 3248441.887591016,
    "maxx": 677414.4979482534,
    "maxy": 3248893.8690341753
  },
  "polygon_utm": [
    [
      [
        677027.085282689,
        3248558.959933547,
        0.0
      ],
      [
        677048.2174137514,
        3248573.5434592343,
        0.0
      ],
      [
        677069.8581992554,
        3248588.912423357,
        0.0
      ],
      [
        677169.9349574632,
        3248660.7067061085,
        0.0
      ],
      [
        677254.4212154825,
        3248721.63251398,
        0.0
      ],
      [
        677344.0419980292,
        3248787.3037498225,
        0.0
      ],
      [
        677349.9291706594,
        3248777.288815136,
        0.0
      ],
      [
        677280.1459085562,
        3248725.662746534,
        0.0
      ],
      [
        677074.6056762775,
        3248576.8061300702,
        0.0
      ],
      [
        677034.673099714,
        3248548.4528753688,
        0.0
      ],
      [
        677027.085282689,
        3248558.959933547,
        0.0
      ]
    ]
  ]
}