{
  "code": "257188090",
  "epsg": 32639,
  "bbox_utm": {
    "minx": 681816.3815017304,
    "miny": 3243778.293365147,
    "maxx": 682148.2137968243,
    "maxy": 3244110.1256602407
  },
  "polygon_utm": [
    [
      [
        681906.2758236303,
        3243837.747830173,
        0.0
      ],
      [
        681900.7672305735,
        3243839.993104591,
        0.0
      ],
      [
        681968.7226610116,
        3243957.7537991316,
        0.0
      ],
      [
        681994.0784184821,
        3244001.717388004,
        0.0
      ],
      [
        682031.1484561083,
        3244062.721046656,
        0.0
      ],
      [
        682063.8280679814,
        3244039.9104549615,
        0.0
      ],
      [
        682010.3456357869,
        3243962.3095637336,
        0.0
      ],
      [
        681930.9653807274,
        3243825.6979787317,
        0.0
      ],
      [
        681906.2758236303,
        3243837.747830173,
        0.0
      ]
    ]
  ]
}