{
  "code": "257188270",
  "epsg": 32639,
  "bbox_utm": {
    "minx": 681848.4313640508,
    "miny": 3243770.4929481945,
    "maxx": 682162.7517886132,
    "maxy": 3244084.813372756
  },
  "polygon_utm": [
    [
      [
        682010.3456357869,
        3243962.3095637336,
        0.0
      ],
      [
        682063.8280679814,
        3244039.9104549615,
        0.0
      ],
      [
        682072.2647538574,
        3244033.823183815,
        0.0
      ],
      [
        682080.2177719366,
        3244025.3947358066,
        0.0
      ],
      [
        682006.7677747767,
        3243909.1015552348,
        0.0
      ],
      [
        681951.4573591261,
        3243815.3958659885,
        0.0
      ],
      [
        681930.9653807274,
        3243825.6979787317,
        0.0
      ],
      [
        682010.3456357869,
        3243962.3095637336,
        0.0
      ]
    ]
  ]
}