{
  "code": "257194549",
  "epsg": 32639,
  "bbox_utm": {
    "minx": 681399.6570799766,
    "miny": 3242717.1593011376,
    "maxx": 682223.5525637887,
    "maxy": 3243541.05478495
  },
  "polygon_utm": [
    [
      [
        681557.0348622468,
        3242844.8074526177,
        0.0
      ],
      [
        681551.5383033016,
        3242846.275430075,
        0.0
      ],
      [
        681570.3064281058,
        3242862.392227397,
        0.0
      ],
      [
        681628.0329853233,
        3242919.5814164737,
        0.0
      ],
      [
        681726.3919922244,
        3243010.8689615596,
        0.0
      ],
      [
        681707.6025377323,
        3243028.7189792306,
        0.0
      ],
      [
        681843.2366318671,
        3243184.6471946216,
        0.0
      ],
      [
        681880.5302739238,
        3243231.9157672874,
        0.0
      ],
      [
        681933.7950098626,
        3243290.848550675,
        0.0
      ],
      [
        681980.8807827961,
        3243345.0152525133,
        0.0
      ],
      [
        682024.9039097378,
        3243395.113975634,
        0.0
      ],
      [
        682047.906639139,
        3243423.355430119,
        0.0
      ],
      [
        682071.6713404639,
        3243404.0306033315,
        0.0
      ],
      [
        681971.0667834149,
        3243274.332387094,
        0.0
      ],
      [
        681895.9673952045,
        3243179.268092314,
        0.0
      ],
      [
        681821.9918818127,
        3243079.0357791195,
        0.0
      ],
      [
        681776.4177837429,
        3243028.00431341,
        0.0
      ],
      [
        681731.3478045985,
        3242978.018069014,
        0.0
      ],
      [
        681583.5168608191,
        3242834.8586559677,
        0.0
      ],
      [
        681557.0348622468,
        3242844.8074526177,
        0.0
      ]
    ]
  ]
}