{
  "code": "257102289",
  "epsg": 32639,
  "bbox_utm": {
    "minx": 697268.1795201135,
    "miny": 3230499.1592299133,
    "maxx": 697562.4957801151,
    "maxy": 3230793.475489915
  },
  "polygon_utm": [
    [
      [
        697518.4193001136,
        3230636.0599997747,
        0.0
      ],
      [
        697516.0060001138,
        3230624.6763997744,
        0.0
      ],
      [
        697513.8364001137,
        3230613.0919997725,
        0.0
      ],
      [
        697513.3563001136,
        3230610.131599773,
        0.0
      ],
      [
        697512.0777001133,
        3230607.3419997725,
        0.0
      ],
      [
        697474.842400114,
        3230615.0937997736,
        0.0
      ],
      [
        697465.0493001133,
        3230617.813899773,
        0.0
      ],
      [
        697444.1666001144,
        3230623.6250997703,
        0.0
      ],
      [
        697413.2060001146,
        3230630.5324997753,
        0.0
      ],
      [
        697372.0310001145,
        3230638.131999773,
        0.0
      ],
      [
        697332.4894001134,
        3230646.633499776,
        0.0
      ],
      [
        697320.9812001142,
        3230649.8296997743,
        0.0
      ],
      [
        697310.2247001138,
        3230652.817099775,
        0.0
      ],
      [
        697315.9239001133,
        3230676.436299773,
        0.0
      ],
      [
        697318.8576323214,
        3230684.5463136905,
        0.0
      ],
      [
        697347.0255392513,
        3230685.2927200557,
        0.0
      ],
      [
        697520.4506001149,
        3230643.9711997737,
        0.0
      ],
      [
        697518.4193001136,
        3230636.0599997747,
        0.0
      ]
    ]
  ]
}