{
  "code": "257584856",
  "epsg": 32639,
  "bbox_utm": {
    "minx": 704169.003944829,
    "miny": 3124553.6908594673,
    "maxx": 704676.3056043916,
    "maxy": 3125060.99251903
  },
  "polygon_utm": [
    [
      [
        704537.5532948356,
        3124859.710552525,
        0.0
      ],
      [
        704427.304456698,
        3124717.094181891,
        0.0
      ],
      [
        704378.3098767392,
        3124626.162525119,
        0.0
      ],
      [
        704336.5220268712,
        3124667.3454391914,
        0.0
      ],
      [
        704307.756254385,
        3124685.2941890946,
        0.0
      ],
      [
        704338.6594101181,
        3124709.858930736,
        0.0
      ],
      [
        704338.823801143,
        3124716.2156584086,
        0.0
      ],
      [
        704343.3155729014,
        3124914.3312144,
        0.0
      ],
      [
        704343.2383867609,
        3124949.431571611,
        0.0
      ],
      [
        704343.3143344151,
        3124988.520853378,
        0.0
      ],
      [
        704537.5532948356,
        3124859.710552525,
        0.0
      ]
    ]
  ]
}