{
  "code": "257587729",
  "epsg": 32639,
  "bbox_utm": {
    "minx": 703722.0500085042,
    "miny": 3125254.7090934217,
    "maxx": 703918.2711780192,
    "maxy": 3125450.9302629363
  },
  "polygon_utm": [
    [
      [
        703796.9074320791,
        3125421.5028747097,
        0.0
      ],
      [
        703890.2395823741,
        3125353.1663293284,
        0.0
      ],
      [
        703884.8218177981,
        3125345.93885581,
        0.0
      ],
      [
        703868.3590408969,
        3125323.9769779122,
        0.0
      ],
      [
        703841.3423300271,
        3125284.136481648,
        0.0
      ],
      [
        703813.4379001389,
        3125305.904899778,
        0.0
      ],
      [
        703778.0630001384,
        3125333.315799778,
        0.0
      ],
      [
        703750.0816041492,
        3125354.82835396,
        0.0
      ],
      [
        703796.9074320791,
        3125421.5028747097,
        0.0
      ]
    ]
  ]
}