{
  "code": "257593810",
  "epsg": 32639,
  "bbox_utm": {
    "minx": 702212.2427061585,
    "miny": 3126563.6356464056,
    "maxx": 702422.9213529831,
    "maxy": 3126774.31429323
  },
  "polygon_utm": [
    [
      [
        702295.8579748836,
        3126730.9079437656,
        0.0
      ],
      [
        702310.7133203766,
        3126724.353374159,
        0.0
      ],
      [
        702327.2371351348,
        3126712.5905207563,
        0.0
      ],
      [
        702349.6942475658,
        3126692.550025331,
        0.0
      ],
      [
        702370.0636540349,
        3126671.426588654,
        0.0
      ],
      [
        702386.6768617729,
        3126654.428513862,
        0.0
      ],
      [
        702392.8244034367,
        3126633.586249125,
        0.0
      ],
      [
        702371.6878498327,
        3126607.04199587,
        0.0
      ],
      [
        702281.3148453975,
        3126688.242536806,
        0.0
      ],
      [
        702264.7820323587,
        3126669.632192576,
        0.0
      ],
      [
        702242.3396557049,
        3126683.716179399,
        0.0
      ],
      [
        702275.3156459851,
        3126730.777928786,
        0.0
      ],
      [
        702295.8579748836,
        3126730.9079437656,
        0.0
      ]
    ]
  ]
}