{
  "code": "257829289",
  "epsg": 32639,
  "bbox_utm": {
    "minx": 682782.0159284004,
    "miny": 3243154.999501559,
    "maxx": 683172.5686983827,
    "maxy": 3243545.552271541
  },
  "polygon_utm": [
    [
      [
        682910.9361403374,
        3243236.525483101,
        0.0
      ],
      [
        682937.4176882114,
        3243291.402317685,
        0.0
      ],
      [
        682949.1460570779,
        3243323.742779818,
        0.0
      ],
      [
        682968.444554049,
        3243371.5029428634,
        0.0
      ],
      [
        682997.1201203242,
        3243435.7489042603,
        0.0
      ],
      [
        683006.7411826821,
        3243453.2759081377,
        0.0
      ],
      [
        683022.559931058,
        3243489.7590186866,
        0.0
      ],
      [
        683043.6484864459,
        3243475.6502019824,
        0.0
      ],
      [
        682992.0047650945,
        3243348.80579093,
        0.0
      ],
      [
        682970.0531235177,
        3243287.779087108,
        0.0
      ],
      [
        682939.2364802713,
        3243210.7927544136,
        0.0
      ],
      [
        682910.9361403374,
        3243236.525483101,
        0.0
      ]
    ]
  ]
}