{
  "code": "257827029",
  "epsg": 32639,
  "bbox_utm": {
    "minx": 682616.6360652307,
    "miny": 3243146.4438983635,
    "maxx": 683356.7155643245,
    "maxy": 3243886.5233974573
  },
  "polygon_utm": [
    [
      [
        682993.6057467011,
        3243540.7021850757,
        0.0
      ],
      [
        683001.9281728526,
        3243557.948837351,
        0.0
      ],
      [
        683015.5591553854,
        3243585.3929502196,
        0.0
      ],
      [
        683029.871490933,
        3243619.070733761,
        0.0
      ],
      [
        683047.9373548578,
        3243662.402265162,
        0.0
      ],
      [
        683073.8391944295,
        3243736.973343294,
        0.0
      ],
      [
        683090.3330949356,
        3243780.7977547296,
        0.0
      ],
      [
        683114.709356002,
        3243772.1158556463,
        0.0
      ],
      [
        683100.2204866349,
        3243733.249966724,
        0.0
      ],
      [
        683075.9337794194,
        3243671.6688026604,
        0.0
      ],
      [
        683049.3269648082,
        3243608.4943224457,
        0.0
      ],
      [
        683021.7653334837,
        3243539.859272173,
        0.0
      ],
      [
        683003.0611735431,
        3243503.777000898,
        0.0
      ],
      [
        682982.9146608749,
        3243460.1521914755,
        0.0
      ],
      [
        682944.5552987949,
        3243382.267647296,
        0.0
      ],
      [
        682915.2664036178,
        3243323.716003642,
        0.0
      ],
      [
        682900.2175497905,
        3243287.173537935,
        0.0
      ],
      [
        682884.1013636524,
        3243252.169541091,
        0.0
      ],
      [
        682858.6422735531,
        3243279.503739123,
        0.0
      ],
      [
        682873.2911374251,
        3243308.5203920375,
        0.0
      ],
      [
        682900.5710002914,
        3243362.3724975223,
        0.0
      ],
      [
        682946.5760103113,
        3243451.0107442616,
        0.0
      ],
      [
        682964.3050381596,
        3243482.928827485,
        0.0
      ],
      [
        682984.2953800295,
        3243520.0689296112,
        0.0
      ],
      [
        682993.6057467011,
        3243540.7021850757,
        0.0
      ]
    ]
  ]
}