{
  "code": "257845720",
  "epsg": 32639,
  "bbox_utm": {
    "minx": 682036.6517818276,
    "miny": 3242603.4791014083,
    "maxx": 682474.7338681315,
    "maxy": 3243041.5611877125
  },
  "polygon_utm": [
    [
      [
        682321.1479911595,
        3242961.01574452,
        0.0
      ],
      [
        682302.8612407563,
        3242914.956905185,
        0.0
      ],
      [
        682292.075110218,
        3242888.724712321,
        0.0
      ],
      [
        682280.1628142735,
        3242851.454312435,
        0.0
      ],
      [
        682262.7301175077,
        3242800.871113722,
        0.0
      ],
      [
        682250.8716490912,
        3242760.230456893,
        0.0
      ],
      [
        682238.2202028496,
        3242704.0189807587,
        0.0
      ],
      [
        682232.0523483983,
        3242666.0622565947,
        0.0
      ],
      [
        682190.2376587997,
        3242673.171009283,
        0.0
      ],
      [
        682204.1120165662,
        3242750.664680412,
        0.0
      ],
      [
        682228.8880715751,
        3242830.925602417,
        0.0
      ],
      [
        682250.6617526774,
        3242903.3590464913,
        0.0
      ],
      [
        682277.075244558,
        3242978.978032526,
        0.0
      ],
      [
        682321.1479911595,
        3242961.01574452,
        0.0
      ]
    ]
  ]
}