{
  "code": "257832564",
  "epsg": 32639,
  "bbox_utm": {
    "minx": 683023.4281556099,
    "miny": 3243744.3752527214,
    "maxx": 683250.0083324108,
    "maxy": 3243970.955429523
  },
  "polygon_utm": [
    [
      [
        683143.4220596624,
        3243850.102323459,
        0.0
      ],
      [
        683112.2893198162,
        3243776.7438494074,
        0.0
      ],
      [
        683093.3927248066,
        3243784.9954908574,
        0.0
      ],
      [
        683107.8940705747,
        3243823.0835719667,
        0.0
      ],
      [
        683128.4643669697,
        3243872.677481714,
        0.0
      ],
      [
        683152.0146514965,
        3243931.393857276,
        0.0
      ],
      [
        683169.4078059815,
        3243935.563350941,
        0.0
      ],
      [
        683180.043763214,
        3243938.5868328367,
        0.0
      ],
      [
        683143.4220596624,
        3243850.102323459,
        0.0
      ]
    ]
  ]
}