{
  "code": "257848396",
  "epsg": 32639,
  "bbox_utm": {
    "minx": 681451.0902526645,
    "miny": 3242797.978185854,
    "maxx": 681772.2756154843,
    "maxy": 3243119.1635486735
  },
  "polygon_utm": [
    [
      [
        681726.3919922244,
        3243010.868961559,
        0.0
      ],
      [
        681628.0329853233,
        3242919.5814164737,
        0.0
      ],
      [
        681570.3064281058,
        3242862.392227397,
        0.0
      ],
      [
        681551.5383033016,
        3242846.275430075,
        0.0
      ],
      [
        681496.9738759245,
        3242868.481290198,
        0.0
      ],
      [
        681508.281092643,
        3242878.515044845,
        0.0
      ],
      [
        681501.398983842,
        3242885.1468039695,
        0.0
      ],
      [
        681560.8174411843,
        3242934.3244447843,
        0.0
      ],
      [
        681614.9000312857,
        3242991.195735114,
        0.0
      ],
      [
        681603.7827782225,
        3243001.90836679,
        0.0
      ],
      [
        681619.6389040574,
        3243020.8307346185,
        0.0
      ],
      [
        681623.1002522483,
        3243032.554160526,
        0.0
      ],
      [
        681625.0314116371,
        3243042.1787948855,
        0.0
      ],
      [
        681634.2787710673,
        3243050.623884743,
        0.0
      ],
      [
        681667.8357962582,
        3243070.866304452,
        0.0
      ],
      [
        681707.6025377323,
        3243028.7189792306,
        0.0
      ],
      [
        681726.3919922244,
        3243010.868961559,
        0.0
      ]
    ]
  ]
}