{
  "code": "257971180",
  "epsg": 32639,
  "bbox_utm": {
    "minx": 701180.043107045,
    "miny": 3127044.4550131876,
    "maxx": 701351.3771774335,
    "maxy": 3127215.789083576
  },
  "polygon_utm": [
    [
      [
        701245.4511540849,
        3127114.5584776066,
        0.0
      ],
      [
        701267.0086831646,
        3127147.4051741483,
        0.0
      ],
      [
        701282.3205556693,
        3127175.9548048237,
        0.0
      ],
      [
        701292.0642264151,
        3127191.312787806,
        0.0
      ],
      [
        701299.8255780265,
        3127183.848067151,
        0.0
      ],
      [
        701309.5136751259,
        3127171.439094871,
        0.0
      ],
      [
        701306.444211182,
        3127166.148151931,
        0.0
      ],
      [
        701291.5877019804,
        3127141.7972984496,
        0.0
      ],
      [
        701277.4096809742,
        3127124.0065494217,
        0.0
      ],
      [
        701266.3588471935,
        3127108.1024419363,
        0.0
      ],
      [
        701252.5016662211,
        3127086.911828334,
        0.0
      ],
      [
        701237.4443478632,
        3127068.9313089573,
        0.0
      ],
      [
        701221.9066093526,
        3127080.6128905145,
        0.0
      ],
      [
        701245.4511540849,
        3127114.5584776066,
        0.0
      ]
    ]
  ]
}