{
  "code": "257972569",
  "epsg": 32639,
  "bbox_utm": {
    "minx": 701219.0683094753,
    "miny": 3127136.3263129294,
    "maxx": 701510.8462345846,
    "maxy": 3127428.104238039
  },
  "polygon_utm": [
    [
      [
        701332.9520396102,
        3127186.5119784116,
        0.0
      ],
      [
        701327.4216768027,
        3127202.134766878,
        0.0
      ],
      [
        701318.8263241448,
        3127212.2047417816,
        0.0
      ],
      [
        701305.6590271846,
        3127227.9599018716,
        0.0
      ],
      [
        701284.4717058555,
        3127250.913407531,
        0.0
      ],
      [
        701344.6586506404,
        3127334.445872585,
        0.0
      ],
      [
        701337.1605476924,
        3127341.9149301006,
        0.0
      ],
      [
        701366.6806690143,
        3127386.421677309,
        0.0
      ],
      [
        701390.7995491074,
        3127376.8772589513,
        0.0
      ],
      [
        701415.0073596353,
        3127362.0955899307,
        0.0
      ],
      [
        701436.7265297264,
        3127354.344090398,
        0.0
      ],
      [
        701445.4428382043,
        3127352.658601057,
        0.0
      ],
      [
        701430.1271571642,
        3127324.37099872,
        0.0
      ],
      [
        701398.0951826379,
        3127272.7488013674,
        0.0
      ],
      [
        701381.9586008678,
        3127246.2807592736,
        0.0
      ],
      [
        701384.4517319753,
        3127238.988675169,
        0.0
      ],
      [
        701352.8657215468,
        3127192.0888244146,
        0.0
      ],
      [
        701341.2575727222,
        3127178.0088736597,
        0.0
      ],
      [
        701332.9520396102,
        3127186.5119784116,
        0.0
      ]
    ]
  ]
}