{
  "code": "257971946",
  "epsg": 32639,
  "bbox_utm": {
    "minx": 701221.8202703252,
    "miny": 3127021.6540755625,
    "maxx": 701331.1888130911,
    "maxy": 3127131.0226183287
  },
  "polygon_utm": [
    [
      [
        701252.5016662211,
        3127086.911828333,
        0.0
      ],
      [
        701266.3588471935,
        3127108.1024419363,
        0.0
      ],
      [
        701269.4613880106,
        3127112.5675477935,
        0.0
      ],
      [
        701301.1746146542,
        3127088.7893290794,
        0.0
      ],
      [
        701315.5647355531,
        3127078.5555749056,
        0.0
      ],
      [
        701300.2583837936,
        3127065.198655987,
        0.0
      ],
      [
        701283.4438903132,
        3127047.6250244817,
        0.0
      ],
      [
        701275.1423201552,
        3127040.1091460977,
        0.0
      ],
      [
        701255.6671796215,
        3127055.2310207696,
        0.0
      ],
      [
        701237.4443478632,
        3127068.9313089573,
        0.0
      ],
      [
        701252.5016662211,
        3127086.911828333,
        0.0
      ]
    ]
  ]
}