{
  "code": "258027295",
  "epsg": 32639,
  "bbox_utm": {
    "minx": 697305.8035872784,
    "miny": 3135406.6021621954,
    "maxx": 697967.5945515523,
    "maxy": 3136068.393126469
  },
  "polygon_utm": [
    [
      [
        697509.4736332556,
        3135954.3724013097,
        0.0
      ],
      [
        697694.8870164792,
        3135847.0323459003,
        0.0
      ],
      [
        697825.9962691087,
        3135778.041202691,
        0.0
      ],
      [
        697851.021457713,
        3135665.9268805366,
        0.0
      ],
      [
        697873.0529852274,
        3135520.622887355,
        0.0
      ],
      [
        697802.7752990678,
        3135562.007706589,
        0.0
      ],
      [
        697791.825501366,
        3135556.0670648855,
        0.0
      ],
      [
        697773.1617642074,
        3135570.934087563,
        0.0
      ],
      [
        697743.4083381959,
        3135588.232820389,
        0.0
      ],
      [
        697400.3451536032,
        3135796.13104588,
        0.0
      ],
      [
        697509.4736332556,
        3135954.3724013097,
        0.0
      ]
    ]
  ]
}