{
  "code": "258386316",
  "epsg": 32639,
  "bbox_utm": {
    "minx": 689919.7105668662,
    "miny": 3140887.734487538,
    "maxx": 690623.741213464,
    "maxy": 3141591.765134136
  },
  "polygon_utm": [
    [
      [
        690021.1538031404,
        3141032.382284285,
        0.0
      ],
      [
        690069.0454622406,
        3141095.407382331,
        0.0
      ],
      [
        690104.0164592343,
        3141144.3610907015,
        0.0
      ],
      [
        690177.7783628877,
        3141249.9153124504,
        0.0
      ],
      [
        690198.55637411,
        3141282.1613547546,
        0.0
      ],
      [
        690213.9700467793,
        3141304.6429368877,
        0.0
      ],
      [
        690222.3980285032,
        3141320.0804121434,
        0.0
      ],
      [
        690235.5427660092,
        3141336.509369453,
        0.0
      ],
      [
        690248.7662167469,
        3141356.2091671326,
        0.0
      ],
      [
        690261.22421782,
        3141374.458002276,
        0.0
      ],
      [
        690281.0809960414,
        3141398.580525125,
        0.0
      ],
      [
        690293.9205450683,
        3141417.620183269,
        0.0
      ],
      [
        690308.9050946437,
        3141434.0787658356,
        0.0
      ],
      [
        690324.863698208,
        3141439.044224543,
        0.0
      ],
      [
        690337.1928424877,
        3141440.812407166,
        0.0
      ],
      [
        690350.2768307428,
        3141444.685290063,
        0.0
      ],
      [
        690424.5424046018,
        3141486.163971184,
        0.0
      ],
      [
        690449.7516096014,
        3141488.1400617147,
        0.0
      ],
      [
        690478.7421168792,
        3141483.8996961396,
        0.0
      ],
      [
        690507.1225234256,
        3141484.8808283373,
        0.0
      ],
      [
        690523.1654068071,
        3141484.6166319638,
        0.0
      ],
      [
        690522.6174063178,
        3141469.6986404564,
        0.0
      ],
      [
        690510.5204278515,
        3141453.547973805,
        0.0
      ],
      [
        690505.2071520567,
        3141440.6455568364,
        0.0
      ],
      [
        690496.5357518897,
        3141424.027024765,
        0.0
      ],
      [
        690484.9517519162,
        3141408.669304402,
        0.0
      ],
      [
        690471.3787524423,
        3141386.2172080413,
        0.0
      ],
      [
        690461.2959084953,
        3141375.5918807513,
        0.0
      ],
      [
        690447.9350595446,
        3141356.281977481,
        0.0
      ],
      [
        690439.5263742307,
        3141339.667620874,
        0.0
      ],
      [
        690428.4974687581,
        3141322.487846188,
        0.0
      ],
      [
        690407.0461036335,
        3141291.2768579386,
        0.0
      ],
      [
        690370.240938962,
        3141242.031560237,
        0.0
      ],
      [
        690336.9251247657,
        3141196.5044367416,
        0.0
      ],
      [
        690318.908149568,
        3141172.411092222,
        0.0
      ],
      [
        690279.5620685522,
        3141117.6316919434,
        0.0
      ],
      [
        690234.3171143719,
        3141053.6021095016,
        0.0
      ],
      [
        690220.9428705896,
        3141035.0765102413,
        0.0
      ],
      [
        690209.1879340915,
        3141013.961255217,
        0.0
      ],
      [
        690197.0533933436,
        3140991.9243539935,
        0.0
      ],
      [
        690170.1112954932,
        3140991.35955996,
        0.0
      ],
      [
        690121.5157639098,
        3141004.701875007,
        0.0
      ],
      [
        690102.412277049,
        3141015.380335605,
        0.0
      ],
      [
        690064.7021876274,
        3141005.879689986,
        0.0
      ],
      [
        690020.2863735231,
        3141029.0986631154,
        0.0
      ],
      [
        690021.1538031404,
        3141032.382284285,
        0.0
      ]
    ]
  ]
}