{
  "code": "258666711",
  "epsg": 32639,
  "bbox_utm": {
    "minx": 610125.3488019578,
    "miny": 3296208.625765452,
    "maxx": 610522.8552508053,
    "maxy": 3296606.1322143003
  },
  "polygon_utm": [
    [
      [
        610466.0686152556,
        3296489.4039789126,
        0.0
      ],
      [
        610455.9847849382,
        3296460.4221882927,
        0.0
      ],
      [
        610440.6851634188,
        3296434.483134406,
        0.0
      ],
      [
        610441.2956681171,
        3296425.205702646,
        0.0
      ],
      [
        610447.2343655501,
        3296401.5400712923,
        0.0
      ],
      [
        610446.8640818017,
        3296386.5796318618,
        0.0
      ],
      [
        610429.109758323,
        3296346.6907845875,
        0.0
      ],
      [
        610377.5140606957,
        3296320.391955851,
        0.0
      ],
      [
        610337.7928714978,
        3296299.3684290093,
        0.0
      ],
      [
        610305.8696638426,
        3296276.359171799,
        0.0
      ],
      [
        610221.8193882265,
        3296280.68510437,
        0.0
      ],
      [
        610182.1354375074,
        3296360.7502117176,
        0.0
      ],
      [
        610196.7354284675,
        3296509.9458052986,
        0.0
      ],
      [
        610302.9643706155,
        3296465.095430016,
        0.0
      ],
      [
        610361.8723307337,
        3296538.3988079536,
        0.0
      ],
      [
        610466.0686152556,
        3296489.4039789126,
        0.0
      ]
    ]
  ]
}