{
  "code": "258651816",
  "epsg": 32639,
  "bbox_utm": {
    "minx": 610028.017242497,
    "miny": 3296358.246236133,
    "maxx": 610416.9268028372,
    "maxy": 3296747.1557964734
  },
  "polygon_utm": [
    [
      [
        610277.4245217998,
        3296583.9826326543,
        0.0
      ],
      [
        610320.2174725544,
        3296556.5561383283,
        0.0
      ],
      [
        610345.711001274,
        3296548.0409297384,
        0.0
      ],
      [
        610361.3682942172,
        3296537.8811166584,
        0.0
      ],
      [
        610356.2343134109,
        3296532.67283074,
        0.0
      ],
      [
        610311.1163357848,
        3296480.651572498,
        0.0
      ],
      [
        610231.4581478195,
        3296512.8710066113,
        0.0
      ],
      [
        610096.1217316437,
        3296564.6545979255,
        0.0
      ],
      [
        610083.575751117,
        3296574.8454823145,
        0.0
      ],
      [
        610167.5069907937,
        3296582.3796159257,
        0.0
      ],
      [
        610191.8664302521,
        3296583.651962367,
        0.0
      ],
      [
        610227.7586278644,
        3296624.750460108,
        0.0
      ],
      [
        610277.4245217998,
        3296583.9826326543,
        0.0
      ]
    ]
  ]
}