{
  "code": "258664159",
  "epsg": 32639,
  "bbox_utm": {
    "minx": 610212.3500838012,
    "miny": 3296836.700563339,
    "maxx": 610649.586247931,
    "maxy": 3297273.9367274684
  },
  "polygon_utm": [
    [
      [
        610430.4301589165,
        3296998.292224306,
        0.0
      ],
      [
        610414.9779516216,
        3296987.8246108117,
        0.0
      ],
      [
        610382.282989443,
        3296990.594975961,
        0.0
      ],
      [
        610351.0464448393,
        3297003.17861359,
        0.0
      ],
      [
        610282.1272302747,
        3297050.974000754,
        0.0
      ],
      [
        610274.8123929626,
        3297056.5745159695,
        0.0
      ],
      [
        610376.5895942487,
        3297198.8888151445,
        0.0
      ],
      [
        610481.4549134624,
        3297081.8292005262,
        0.0
      ],
      [
        610477.5525501841,
        3297057.035950902,
        0.0
      ],
      [
        610468.9429504097,
        3297036.3217447493,
        0.0
      ],
      [
        610535.7533627548,
        3296992.1165483403,
        0.0
      ],
      [
        610587.1239387696,
        3296988.5005415427,
        0.0
      ],
      [
        610544.3287495238,
        3296911.748475663,
        0.0
      ],
      [
        610430.4301589165,
        3296998.292224306,
        0.0
      ]
    ]
  ]
}