{
  "code": "258958384",
  "epsg": 32639,
  "bbox_utm": {
    "minx": 616536.9915479788,
    "miny": 3294430.683139314,
    "maxx": 617043.5645083432,
    "maxy": 3294937.2560996786
  },
  "polygon_utm": [
    [
      [
        616666.9619136064,
        3294763.5522673936,
        0.0
      ],
      [
        616696.0897142073,
        3294755.603624144,
        0.0
      ],
      [
        616709.1248312532,
        3294749.0341224596,
        0.0
      ],
      [
        616714.4133861441,
        3294739.2884962843,
        0.0
      ],
      [
        616734.228112394,
        3294729.1790856584,
        0.0
      ],
      [
        616756.0092581678,
        3294729.4071318735,
        0.0
      ],
      [
        616785.7098401582,
        3294716.3062633476,
        0.0
      ],
      [
        616971.1969425769,
        3294635.7153294627,
        0.0
      ],
      [
        616961.8945420776,
        3294632.522672379,
        0.0
      ],
      [
        616914.507491729,
        3294601.074885103,
        0.0
      ],
      [
        616887.8964418389,
        3294616.2713436503,
        0.0
      ],
      [
        616780.0862428278,
        3294658.9886962115,
        0.0
      ],
      [
        616609.3591137453,
        3294717.039863116,
        0.0
      ],
      [
        616623.5238440485,
        3294751.233531827,
        0.0
      ],
      [
        616638.4013121413,
        3294766.8643538896,
        0.0
      ],
      [
        616666.9619136064,
        3294763.5522673936,
        0.0
      ]
    ]
  ]
}