{
  "code": "258956780",
  "epsg": 32639,
  "bbox_utm": {
    "minx": 616900.5889103239,
    "miny": 3294820.3579639215,
    "maxx": 617118.0873604362,
    "maxy": 3295037.856414033
  },
  "polygon_utm": [
    [
      [
        617025.853852173,
        3294962.815114924,
        0.0
      ],
      [
        617060.8429488986,
        3294939.969952081,
        0.0
      ],
      [
        617087.0161532774,
        3294917.032263535,
        0.0
      ],
      [
        617034.6775516472,
        3294863.3517350294,
        0.0
      ],
      [
        616931.6601174829,
        3294943.7727356916,
        0.0
      ],
      [
        616982.9886852291,
        3294994.862642925,
        0.0
      ],
      [
        617025.853852173,
        3294962.815114924,
        0.0
      ]
    ]
  ]
}