{
  "code": "258961849",
  "epsg": 32639,
  "bbox_utm": {
    "minx": 617114.7297905339,
    "miny": 3293315.0981760533,
    "maxx": 617415.4784081746,
    "maxy": 3293615.846793694
  },
  "polygon_utm": [
    [
      [
        617372.5143199401,
        3293414.8277024063,
        0.0
      ],
      [
        617366.3175255298,
        3293412.1829890544,
        0.0
      ],
      [
        617326.051855942,
        3293393.7028057696,
        0.0
      ],
      [
        617259.4427109911,
        3293364.6277154344,
        0.0
      ],
      [
        617157.764306138,
        3293513.68692464,
        0.0
      ],
      [
        617157.6938787682,
        3293520.392863564,
        0.0
      ],
      [
        617162.8154214352,
        3293526.6374292523,
        0.0
      ],
      [
        617208.3866287174,
        3293533.8228166965,
        0.0
      ],
      [
        617256.8040289786,
        3293566.3172543123,
        0.0
      ],
      [
        617372.5143199401,
        3293414.8277024063,
        0.0
      ]
    ]
  ]
}