{
  "code": "258963454",
  "epsg": 32639,
  "bbox_utm": {
    "minx": 615787.3890275566,
    "miny": 3293722.8487635567,
    "maxx": 616022.142022792,
    "maxy": 3293957.6017587916
  },
  "polygon_utm": [
    [
      [
        615860.463726947,
        3293914.014311692,
        0.0
      ],
      [
        615895.8381234006,
        3293904.0642720964,
        0.0
      ],
      [
        615988.6058806155,
        3293861.6947580427,
        0.0
      ],
      [
        615986.093148102,
        3293853.9304305227,
        0.0
      ],
      [
        615945.0271280134,
        3293762.7082359605,
        0.0
      ],
      [
        615850.2484724531,
        3293798.867047517,
        0.0
      ],
      [
        615856.9522299898,
        3293852.588304816,
        0.0
      ],
      [
        615853.0860252177,
        3293875.2468365096,
        0.0
      ],
      [
        615820.9251697332,
        3293875.4287173473,
        0.0
      ],
      [
        615822.0418649848,
        3293917.7422863874,
        0.0
      ],
      [
        615860.463726947,
        3293914.014311692,
        0.0
      ]
    ]
  ]
}