{
  "code": "258961164",
  "epsg": 32639,
  "bbox_utm": {
    "minx": 617641.5795254406,
    "miny": 3293490.4653287185,
    "maxx": 617795.5236936224,
    "maxy": 3293644.4094969006
  },
  "polygon_utm": [
    [
      [
        617765.7640250595,
        3293531.07085293,
        0.0
      ],
      [
        617737.4314035553,
        3293512.457352745,
        0.0
      ],
      [
        617734.7973049605,
        3293516.29880154,
        0.0
      ],
      [
        617728.7729093775,
        3293521.9101182967,
        0.0
      ],
      [
        617722.2461979701,
        3293525.9684364083,
        0.0
      ],
      [
        617710.6943159994,
        3293539.2599110347,
        0.0
      ],
      [
        617706.9467277285,
        3293550.3121839385,
        0.0
      ],
      [
        617690.077765867,
        3293575.929080312,
        0.0
      ],
      [
        617671.3391940034,
        3293606.6851742836,
        0.0
      ],
      [
        617695.5524211705,
        3293622.4174728747,
        0.0
      ],
      [
        617765.7640250595,
        3293531.07085293,
        0.0
      ]
    ]
  ]
}