{
  "code": "258956050",
  "epsg": 32639,
  "bbox_utm": {
    "minx": 616570.242826106,
    "miny": 3294414.3062961623,
    "maxx": 616933.9894530005,
    "maxy": 3294778.052923057
  },
  "polygon_utm": [
    [
      [
        616741.1820125578,
        3294609.0361096053,
        0.0
      ],
      [
        616759.5924126278,
        3294633.989513198,
        0.0
      ],
      [
        616827.307607197,
        3294606.3271644902,
        0.0
      ],
      [
        616882.0256491584,
        3294581.623996859,
        0.0
      ],
      [
        616817.659627748,
        3294537.102286548,
        0.0
      ],
      [
        616807.2713308843,
        3294538.5410195095,
        0.0
      ],
      [
        616778.6238583634,
        3294550.1055416074,
        0.0
      ],
      [
        616754.1252733495,
        3294561.7135605537,
        0.0
      ],
      [
        616731.3337302217,
        3294558.895707153,
        0.0
      ],
      [
        616712.6100276769,
        3294563.8582179705,
        0.0
      ],
      [
        616694.3455718353,
        3294574.49990167,
        0.0
      ],
      [
        616671.829800056,
        3294594.898235442,
        0.0
      ],
      [
        616640.5896203117,
        3294606.4359121597,
        0.0
      ],
      [
        616622.2066299481,
        3294628.425048527,
        0.0
      ],
      [
        616622.96331878,
        3294655.256932671,
        0.0
      ],
      [
        616741.1820125578,
        3294609.0361096053,
        0.0
      ]
    ]
  ]
}