{
  "code": "259713889",
  "epsg": 32639,
  "bbox_utm": {
    "minx": 697262.5250981337,
    "miny": 3268573.1234045075,
    "maxx": 697464.8595092582,
    "maxy": 3268775.4578156313
  },
  "polygon_utm": [
    [
      [
        697296.907242684,
        3268728.197037049,
        0.0
      ],
      [
        697301.2025001111,
        3268730.4396997583,
        0.0
      ],
      [
        697327.8726001123,
        3268745.997199756,
        0.0
      ],
      [
        697330.465500111,
        3268746.552899757,
        0.0
      ],
      [
        697340.8445978252,
        3268730.5296193883,
        0.0
      ],
      [
        697389.0027464035,
        3268664.8124025795,
        0.0
      ],
      [
        697430.477364708,
        3268615.6086284127,
        0.0
      ],
      [
        697429.3670001109,
        3268614.8694997584,
        0.0
      ],
      [
        697425.6628001119,
        3268612.2765997555,
        0.0
      ],
      [
        697416.7728001119,
        3268608.5723997597,
        0.0
      ],
      [
        697401.4005001131,
        3268604.68299976,
        0.0
      ],
      [
        697394.3213444856,
        3268602.0283203823,
        0.0
      ],
      [
        697296.907242684,
        3268728.197037049,
        0.0
      ]
    ]
  ]
}