{
  "code": "260070041",
  "epsg": 32639,
  "bbox_utm": {
    "minx": 698059.1357801134,
    "miny": 3268826.610052395,
    "maxx": 698213.0001201144,
    "maxy": 3268980.474392396
  },
  "polygon_utm": [
    [
      [
        698084.6301001143,
        3268901.6843997533,
        0.0
      ],
      [
        698081.1164001136,
        3268904.7210997557,
        0.0
      ],
      [
        698082.9767001136,
        3268908.4835997545,
        0.0
      ],
      [
        698088.331500116,
        3268915.435999752,
        0.0
      ],
      [
        698090.8967001148,
        3268919.377199754,
        0.0
      ],
      [
        698088.6172001148,
        3268920.8607997536,
        0.0
      ],
      [
        698108.9980667826,
        3268952.498845039,
        0.0
      ],
      [
        698145.512739694,
        3268931.6661746614,
        0.0
      ],
      [
        698165.5032365266,
        3268918.8223542385,
        0.0
      ],
      [
        698183.92935697,
        3268906.2097522337,
        0.0
      ],
      [
        698191.0195001144,
        3268895.282299748,
        0.0
      ],
      [
        698187.3153001145,
        3268892.504199751,
        0.0
      ],
      [
        698170.8317001131,
        3268880.835999752,
        0.0
      ],
      [
        698147.6806001143,
        3268863.611599754,
        0.0
      ],
      [
        698133.9420001145,
        3268854.585599752,
        0.0
      ],
      [
        698084.6301001143,
        3268901.6843997533,
        0.0
      ]
    ]
  ]
}