{
  "code": "262424785",
  "epsg": 32639,
  "bbox_utm": {
    "minx": 681248.20873385,
    "miny": 3243634.066205797,
    "maxx": 681695.2339337958,
    "maxy": 3244081.091405743
  },
  "polygon_utm": [
    [
      [
        681312.0694766995,
        3243741.9122628397,
        0.0
      ],
      [
        681326.8001310573,
        3243749.6662901426,
        0.0
      ],
      [
        681383.1667035752,
        3243793.864717602,
        0.0
      ],
      [
        681403.7488672051,
        3243810.527527442,
        0.0
      ],
      [
        681412.9626078819,
        3243821.045560158,
        0.0
      ],
      [
        681423.9628282108,
        3243833.9255728526,
        0.0
      ],
      [
        681437.8123494796,
        3243847.8881724724,
        0.0
      ],
      [
        681449.8298167915,
        3243862.34006225,
        0.0
      ],
      [
        681464.4360353926,
        3243877.8703812687,
        0.0
      ],
      [
        681485.640282074,
        3243896.358076387,
        0.0
      ],
      [
        681499.5351978501,
        3243907.4694283945,
        0.0
      ],
      [
        681506.1208308489,
        3243911.2044286653,
        0.0
      ],
      [
        681514.2427434954,
        3243916.6492373548,
        0.0
      ],
      [
        681524.7817370457,
        3243925.762460453,
        0.0
      ],
      [
        681541.5981590748,
        3243941.587390384,
        0.0
      ],
      [
        681598.4586988795,
        3244003.683787519,
        0.0
      ],
      [
        681606.5931752257,
        3244000.1840351145,
        0.0
      ],
      [
        681631.3731909465,
        3243982.431268791,
        0.0
      ],
      [
        681583.1719958242,
        3243932.9179848847,
        0.0
      ],
      [
        681549.0843852607,
        3243897.1123651783,
        0.0
      ],
      [
        681526.7036904475,
        3243878.8650210775,
        0.0
      ],
      [
        681507.1515384191,
        3243862.9963338613,
        0.0
      ],
      [
        681488.6497524229,
        3243846.625894715,
        0.0
      ],
      [
        681470.325789135,
        3243827.2766664117,
        0.0
      ],
      [
        681450.479942566,
        3243805.3104014304,
        0.0
      ],
      [
        681388.7623969913,
        3243753.5072751893,
        0.0
      ],
      [
        681338.0943723167,
        3243711.473824021,
        0.0
      ],
      [
        681312.0694766995,
        3243741.9122628397,
        0.0
      ]
    ]
  ]
}