{
  "code": "264969916",
  "epsg": 32639,
  "bbox_utm": {
    "minx": 709040.481232772,
    "miny": 3175506.293154926,
    "maxx": 709232.5062791301,
    "maxy": 3175698.318201284
  },
  "polygon_utm": [
    [
      [
        709080.6844450914,
        3175569.7678085305,
        0.0
      ],
      [
        709082.1264771915,
        3175606.3129296144,
        0.0
      ],
      [
        709087.7434102612,
        3175614.7609395473,
        0.0
      ],
      [
        709088.6141144045,
        3175624.6889025657,
        0.0
      ],
      [
        709084.5701852677,
        3175645.4844145156,
        0.0
      ],
      [
        709087.8755512314,
        3175670.8860518043,
        0.0
      ],
      [
        709194.802958742,
        3175652.9055077587,
        0.0
      ],
      [
        709193.4806381048,
        3175625.5273240926,
        0.0
      ],
      [
        709191.6457749847,
        3175581.6713054837,
        0.0
      ],
      [
        709183.0050856546,
        3175537.1712665106,
        0.0
      ],
      [
        709163.4770559566,
        3175544.1246790322,
        0.0
      ],
      [
        709147.2255316767,
        3175543.833034926,
        0.0
      ],
      [
        709123.6907585022,
        3175540.280493509,
        0.0
      ],
      [
        709078.1845531601,
        3175533.7253044057,
        0.0
      ],
      [
        709080.6844450914,
        3175569.7678085305,
        0.0
      ]
    ]
  ]
}