{
  "code": "264969905",
  "epsg": 32639,
  "bbox_utm": {
    "minx": 708939.6872743154,
    "miny": 3175495.983763756,
    "maxx": 709157.1724592508,
    "maxy": 3175713.468948692
  },
  "polygon_utm": [
    [
      [
        709084.5701852677,
        3175645.4844145156,
        0.0
      ],
      [
        709088.6141144045,
        3175624.6889025657,
        0.0
      ],
      [
        709087.7434102612,
        3175614.7609395473,
        0.0
      ],
      [
        709082.1264771915,
        3175606.3129296144,
        0.0
      ],
      [
        709080.6844450914,
        3175569.7678085305,
        0.0
      ],
      [
        709078.1845531601,
        3175533.7253044057,
        0.0
      ],
      [
        709055.2301211453,
        3175527.05307589,
        0.0
      ],
      [
        709029.504790449,
        3175528.678494532,
        0.0
      ],
      [
        709016.2864771523,
        3175534.701904563,
        0.0
      ],
      [
        709011.2409411917,
        3175552.8711045133,
        0.0
      ],
      [
        709008.2456191618,
        3175573.685563785,
        0.0
      ],
      [
        709010.923415314,
        3175599.8187530334,
        0.0
      ],
      [
        709012.0796889192,
        3175608.4475819417,
        0.0
      ],
      [
        709022.105933158,
        3175619.5831408114,
        0.0
      ],
      [
        709024.8629723482,
        3175626.6755621885,
        0.0
      ],
      [
        709026.0145546396,
        3175635.565140583,
        0.0
      ],
      [
        709025.0411219316,
        3175645.9817023966,
        0.0
      ],
      [
        709020.7024560795,
        3175668.5978505393,
        0.0
      ],
      [
        709019.406111933,
        3175682.3996365583,
        0.0
      ],
      [
        709087.8755512314,
        3175670.8860518043,
        0.0
      ],
      [
        709084.5701852677,
        3175645.4844145156,
        0.0
      ]
    ]
  ]
}