{
  "code": "265315109",
  "epsg": 32639,
  "bbox_utm": {
    "minx": 683211.3477431653,
    "miny": 3276391.977766452,
    "maxx": 683315.6908915226,
    "maxy": 3276496.320914809
  },
  "polygon_utm": [
    [
      [
        683288.2716035293,
        3276449.38284915,
        0.0
      ],
      [
        683279.9107261475,
        3276433.600580741,
        0.0
      ],
      [
        683262.7338680197,
        3276406.883930503,
        0.0
      ],
      [
        683257.4818922799,
        3276409.2980210017,
        0.0
      ],
      [
        683251.0290515027,
        3276412.2640976156,
        0.0
      ],
      [
        683249.1346782835,
        3276409.4414095967,
        0.0
      ],
      [
        683247.8715480507,
        3276407.5592982206,
        0.0
      ],
      [
        683244.4598554795,
        3276409.5170062934,
        0.0
      ],
      [
        683242.8251434914,
        3276411.3810734856,
        0.0
      ],
      [
        683241.0990586431,
        3276412.9206750286,
        0.0
      ],
      [
        683238.1210947451,
        3276414.1215593936,
        0.0
      ],
      [
        683234.5117168657,
        3276416.4344373588,
        0.0
      ],
      [
        683230.2615298128,
        3276417.3100530934,
        0.0
      ],
      [
        683231.1293440231,
        3276418.5835575936,
        0.0
      ],
      [
        683231.5136000753,
        3276418.371499831,
        0.0
      ],
      [
        683272.9769000746,
        3276479.6720998297,
        0.0
      ],
      [
        683274.7559537162,
        3276481.414750758,
        0.0
      ],
      [
        683278.2297506507,
        3276479.5324310446,
        0.0
      ],
      [
        683285.7660843228,
        3276475.518867806,
        0.0
      ],
      [
        683296.1246538535,
        3276469.7416226924,
        0.0
      ],
      [
        683296.7771048751,
        3276462.6052636555,
        0.0
      ],
      [
        683288.2716035293,
        3276449.38284915,
        0.0
      ]
    ]
  ]
}