{
  "code": "265354434",
  "epsg": 32639,
  "bbox_utm": {
    "minx": 707079.6089475184,
    "miny": 3178828.5538550373,
    "maxx": 707452.6907738404,
    "maxy": 3179201.635681359
  },
  "polygon_utm": [
    [
      [
        707386.5106779792,
        3179010.686517612,
        0.0
      ],
      [
        707342.1168698234,
        3179001.295427508,
        0.0
      ],
      [
        707277.9424112872,
        3178983.994476393,
        0.0
      ],
      [
        707221.844699189,
        3178969.443784922,
        0.0
      ],
      [
        707173.828432302,
        3178957.3827106655,
        0.0
      ],
      [
        707159.8126369822,
        3178949.5754785105,
        0.0
      ],
      [
        707152.9323917411,
        3178967.9565565316,
        0.0
      ],
      [
        707144.846361497,
        3178995.1769677536,
        0.0
      ],
      [
        707137.6299390483,
        3179017.721783958,
        0.0
      ],
      [
        707132.9063512787,
        3179032.753193103,
        0.0
      ],
      [
        707137.6718419704,
        3179044.826114148,
        0.0
      ],
      [
        707145.9829325017,
        3179049.1437973483,
        0.0
      ],
      [
        707151.8939301693,
        3179055.7642684877,
        0.0
      ],
      [
        707163.8594691022,
        3179058.736450855,
        0.0
      ],
      [
        707171.7973807518,
        3179050.8774724547,
        0.0
      ],
      [
        707188.5772058872,
        3179050.654604,
        0.0
      ],
      [
        707221.0051651644,
        3179054.882673902,
        0.0
      ],
      [
        707235.0810484658,
        3179059.30561561,
        0.0
      ],
      [
        707253.3402717058,
        3179064.324603351,
        0.0
      ],
      [
        707258.7017527998,
        3179057.6400215514,
        0.0
      ],
      [
        707274.5541195081,
        3179050.6207087594,
        0.0
      ],
      [
        707284.0432654858,
        3179047.660435041,
        0.0
      ],
      [
        707294.010069997,
        3179047.316389956,
        0.0
      ],
      [
        707300.7395386179,
        3179052.1301256525,
        0.0
      ],
      [
        707316.9210074692,
        3179056.069127595,
        0.0
      ],
      [
        707326.2244252323,
        3179063.5364341554,
        0.0
      ],
      [
        707340.8057718204,
        3179069.011592951,
        0.0
      ],
      [
        707351.6999773509,
        3179075.464167765,
        0.0
      ],
      [
        707365.2517190815,
        3179079.87792856,
        0.0
      ],
      [
        707377.2962404875,
        3179080.614057886,
        0.0
      ],
      [
        707399.3933700802,
        3179017.910390905,
        0.0
      ],
      [
        707386.5106779792,
        3179010.686517612,
        0.0
      ]
    ]
  ]
}